complaint_id,customer_id,complaint_date,category,title,priority,status
CP000001,C000568,2025-11-17,SIM,SIM replacement request,CRITICAL,OPEN
CP000002,C000894,2026-05-26,OTHER,Service related issue,HIGH,OPEN
CP000003,C000681,2026-05-09,NETWORK,Network issue,LOW,IN_PROGRESS
CP000004,C000790,2026-06-07,BILLING,Incorrect bill amount,HIGH,IN_PROGRESS
CP000005,C000545,2026-06-17,BILLING,Billing issue,MEDIUM,IN_PROGRESS
CP000006,C000282,2025-11-11,NETWORK,Network issue,LOW,IN_PROGRESS
CP000007,C000530,2026-09-15,NETWORK,Slow internet,MEDIUM,CLOSED
CP000008,C000889,2026-08-24,SIM,SIM not working,CRITICAL,OPEN
CP000009,C000336,2026-01-08,RECHARGE,Recharge amount not reflected,MEDIUM,RESOLVED
CP000010,C000318,2025-12-04,NETWORK,Poor network coverage,MEDIUM,CLOSED
CP000011,C000350,2026-01-12,NETWORK,Network issue,MEDIUM,OPEN
CP000012,C000563,2026-08-08,PLAN,Plan related query,MEDIUM,IN_PROGRESS
CP000013,C000864,2026-02-26,RECHARGE,Recharge failed,LOW,IN_PROGRESS
CP000014,C000863,2026-04-17,SIM,SIM activation issue,HIGH,CLOSED
CP000015,C000141,2026-04-13,RECHARGE,Recharge failed,CRITICAL,OPEN
CP000016,C000644,2025-10-07,OTHER,Other issue,HIGH,CLOSED
CP000017,C000003,2025-10-20,OTHER,General complaint,HIGH,IN_PROGRESS
CP000018,C000644,2026-01-02,OTHER,General complaint,HIGH,OPEN
CP000019,C000871,2026-01-26,SIM,SIM not working,CRITICAL,OPEN
CP000020,C000784,2025-12-17,RECHARGE,Recharge amount not reflected,MEDIUM,CLOSED
CP000021,C000923,2026-07-26,OTHER,Service related issue,HIGH,OPEN
CP000022,C000883,2026-04-13,PLAN,Plan activation issue,MEDIUM,IN_PROGRESS
CP000023,C000406,2026-01-12,BILLING,Incorrect bill amount,MEDIUM,OPEN
CP000024,C000094,2025-09-30,PLAN,Plan benefits not received,CRITICAL,IN_PROGRESS
CP000025,C000970,2026-06-21,BILLING,Incorrect bill amount,LOW,CLOSED
CP000026,C000137,2026-08-10,PLAN,Plan benefits not received,CRITICAL,CLOSED
CP000027,C000339,2026-03-29,NETWORK,Internet not working,MEDIUM,RESOLVED
CP000028,C000474,2026-03-05,BILLING,Unexpected charge,LOW,RESOLVED
CP000029,C000424,2026-09-05,NETWORK,Poor network coverage,MEDIUM,OPEN
CP000030,C000272,2026-06-05,BILLING,Unexpected charge,MEDIUM,CLOSED
CP000031,C000777,2026-07-07,SIM,SIM activation issue,HIGH,OPEN
CP000032,C000657,2026-03-08,RECHARGE,Recharge amount not reflected,CRITICAL,IN_PROGRESS
CP000033,C000637,2025-12-29,NETWORK,Network issue,CRITICAL,CLOSED
CP000034,C000088,2026-07-19,RECHARGE,Recharge issue,HIGH,RESOLVED
CP000035,C000746,2026-01-12,RECHARGE,Recharge amount not reflected,MEDIUM,RESOLVED
CP000036,C000542,2026-02-01,OTHER,General complaint,CRITICAL,IN_PROGRESS
CP000037,C000675,2026-06-18,BILLING,Incorrect bill amount,MEDIUM,IN_PROGRESS
CP000038,C000843,2026-01-15,BILLING,Incorrect bill amount,CRITICAL,CLOSED
CP000039,C000461,2025-12-08,SIM,SIM replacement request,CRITICAL,RESOLVED
CP000040,C000917,2026-09-08,OTHER,Service related issue,MEDIUM,CLOSED
CP000041,C000377,2026-06-08,OTHER,General complaint,LOW,IN_PROGRESS
CP000042,C000039,2025-10-02,SIM,SIM replacement request,MEDIUM,CLOSED
CP000043,C000204,2026-07-25,BILLING,Billing issue,MEDIUM,IN_PROGRESS
CP000044,C000419,2026-04-09,OTHER,General complaint,LOW,RESOLVED
CP000045,C000055,2025-11-09,OTHER,Service related issue,MEDIUM,CLOSED
CP000046,C000113,2026-08-06,NETWORK,Slow internet,HIGH,RESOLVED
CP000047,C000348,2025-12-02,NETWORK,Network issue,LOW,RESOLVED
CP000048,C000332,2026-05-14,SIM,SIM replacement request,HIGH,RESOLVED
CP000049,C000643,2026-09-20,NETWORK,Poor network coverage,CRITICAL,OPEN
CP000050,C000438,2026-09-22,BILLING,Billing issue,LOW,CLOSED
CP000051,C000956,2026-08-21,OTHER,Service related issue,MEDIUM,IN_PROGRESS
CP000052,C000439,2025-09-29,SIM,SIM activation issue,CRITICAL,RESOLVED
CP000053,C000618,2026-08-07,PLAN,Plan related query,HIGH,OPEN
CP000054,C000827,2026-09-15,SIM,SIM not working,LOW,CLOSED
CP000055,C000531,2025-11-23,BILLING,Unexpected charge,LOW,IN_PROGRESS
CP000056,C000146,2026-05-08,SIM,SIM replacement request,MEDIUM,IN_PROGRESS
CP000057,C000040,2026-05-29,BILLING,Billing issue,MEDIUM,RESOLVED
CP000058,C000766,2026-08-23,NETWORK,Poor network coverage,MEDIUM,OPEN
CP000059,C000663,2026-07-28,BILLING,Unexpected charge,MEDIUM,IN_PROGRESS
CP000060,C000130,2026-08-09,RECHARGE,Recharge amount not reflected,HIGH,CLOSED
CP000061,C000796,2025-12-05,SIM,SIM activation issue,MEDIUM,OPEN
CP000062,C000417,2026-08-27,NETWORK,Internet not working,MEDIUM,IN_PROGRESS
CP000063,C000175,2025-10-11,BILLING,Unexpected charge,MEDIUM,CLOSED
CP000064,C000077,2026-06-03,SIM,SIM not working,MEDIUM,RESOLVED
CP000065,C000308,2026-03-10,BILLING,Billing issue,LOW,CLOSED
CP000066,C000020,2026-05-30,SIM,SIM not working,HIGH,CLOSED
CP000067,C000436,2026-05-24,BILLING,Incorrect bill amount,MEDIUM,IN_PROGRESS
CP000068,C000938,2025-10-06,BILLING,Unexpected charge,CRITICAL,RESOLVED
CP000069,C000262,2026-04-11,NETWORK,Poor network coverage,MEDIUM,IN_PROGRESS
CP000070,C000356,2026-07-24,NETWORK,Internet not working,CRITICAL,RESOLVED
CP000071,C000113,2025-11-03,OTHER,Service related issue,LOW,IN_PROGRESS
CP000072,C000846,2026-05-15,SIM,SIM not working,LOW,IN_PROGRESS
CP000073,C000434,2026-03-24,SIM,SIM replacement request,LOW,RESOLVED
CP000074,C000619,2026-07-14,OTHER,General complaint,CRITICAL,OPEN
CP000075,C000263,2026-04-06,SIM,SIM activation issue,HIGH,IN_PROGRESS
CP000076,C000474,2025-10-21,RECHARGE,Recharge failed,CRITICAL,IN_PROGRESS
CP000077,C000845,2026-08-02,NETWORK,Internet not working,MEDIUM,OPEN
CP000078,C000892,2026-04-02,OTHER,Other issue,CRITICAL,RESOLVED
CP000079,C000957,2025-11-12,BILLING,Billing issue,MEDIUM,CLOSED
CP000080,C000870,2026-06-01,BILLING,Incorrect bill amount,LOW,OPEN
CP000081,C000889,2026-08-16,PLAN,Plan related query,CRITICAL,CLOSED
CP000082,C000421,2026-01-29,OTHER,Other issue,MEDIUM,OPEN
CP000083,C000263,2026-05-23,PLAN,Plan activation issue,HIGH,OPEN
CP000084,C000083,2025-12-24,NETWORK,Internet not working,HIGH,IN_PROGRESS
CP000085,C000741,2025-12-18,RECHARGE,Recharge failed,HIGH,OPEN
CP000086,C000080,2026-09-10,BILLING,Billing issue,MEDIUM,OPEN
CP000087,C000574,2026-08-10,OTHER,Other issue,MEDIUM,CLOSED
CP000088,C000462,2026-04-13,OTHER,Other issue,MEDIUM,RESOLVED
CP000089,C000467,2026-02-10,BILLING,Incorrect bill amount,MEDIUM,RESOLVED
CP000090,C000699,2025-11-03,BILLING,Billing issue,MEDIUM,RESOLVED
CP000091,C000972,2025-12-26,OTHER,Other issue,MEDIUM,OPEN
CP000092,C000299,2026-04-25,OTHER,Other issue,CRITICAL,CLOSED
CP000093,C000234,2026-05-24,OTHER,Other issue,HIGH,IN_PROGRESS
CP000094,C000058,2025-11-07,PLAN,Plan benefits not received,MEDIUM,IN_PROGRESS
CP000095,C000718,2026-07-12,NETWORK,Internet not working,MEDIUM,OPEN
CP000096,C000726,2026-03-29,BILLING,Incorrect bill amount,LOW,RESOLVED
CP000097,C000455,2025-12-18,OTHER,General complaint,HIGH,IN_PROGRESS
CP000098,C000294,2026-01-05,OTHER,Other issue,MEDIUM,RESOLVED
CP000099,C000730,2026-07-14,RECHARGE,Recharge issue,MEDIUM,OPEN
CP000100,C000711,2026-04-29,SIM,SIM not working,HIGH,CLOSED
CP000101,C000975,2026-04-02,BILLING,Unexpected charge,LOW,CLOSED
CP000102,C000183,2026-05-18,PLAN,Plan benefits not received,MEDIUM,OPEN
CP000103,C000454,2026-01-08,OTHER,General complaint,MEDIUM,CLOSED
CP000104,C000400,2026-06-17,SIM,SIM replacement request,MEDIUM,IN_PROGRESS
CP000105,C000108,2026-07-15,OTHER,General complaint,HIGH,IN_PROGRESS
CP000106,C000074,2025-10-29,NETWORK,Poor network coverage,MEDIUM,IN_PROGRESS
CP000107,C000685,2026-04-11,PLAN,Plan activation issue,HIGH,IN_PROGRESS
CP000108,C000340,2026-07-30,NETWORK,Slow internet,CRITICAL,CLOSED
CP000109,C000253,2026-01-13,NETWORK,Internet not working,HIGH,CLOSED
CP000110,C000032,2025-10-13,BILLING,Billing issue,MEDIUM,IN_PROGRESS
CP000111,C000062,2025-11-15,SIM,SIM replacement request,HIGH,RESOLVED
CP000112,C000735,2026-09-18,RECHARGE,Recharge failed,MEDIUM,RESOLVED
CP000113,C000798,2026-09-10,PLAN,Plan activation issue,HIGH,CLOSED
CP000114,C000816,2026-02-25,OTHER,Other issue,HIGH,RESOLVED
CP000115,C000266,2026-07-10,BILLING,Billing issue,LOW,CLOSED
CP000116,C000471,2026-05-23,BILLING,Incorrect bill amount,MEDIUM,RESOLVED
CP000117,C000313,2026-07-10,BILLING,Incorrect bill amount,CRITICAL,IN_PROGRESS
CP000118,C000510,2026-07-09,NETWORK,Poor network coverage,LOW,CLOSED
CP000119,C000192,2025-10-20,RECHARGE,Recharge failed,MEDIUM,IN_PROGRESS
CP000120,C000581,2026-06-10,NETWORK,Poor network coverage,CRITICAL,OPEN
CP000121,C000102,2026-06-20,PLAN,Plan activation issue,HIGH,CLOSED
CP000122,C000536,2026-09-09,OTHER,General complaint,MEDIUM,OPEN
CP000123,C000154,2026-06-05,BILLING,Incorrect bill amount,MEDIUM,CLOSED
CP000124,C000462,2025-10-04,BILLING,Billing issue,CRITICAL,CLOSED
CP000125,C000355,2025-11-03,NETWORK,Slow internet,CRITICAL,CLOSED
CP000126,C000152,2026-05-09,OTHER,Service related issue,HIGH,CLOSED
CP000127,C000455,2026-06-13,RECHARGE,Recharge amount not reflected,MEDIUM,IN_PROGRESS
CP000128,C000528,2026-05-05,NETWORK,Slow internet,MEDIUM,CLOSED
CP000129,C000054,2026-08-19,PLAN,Plan related query,CRITICAL,IN_PROGRESS
CP000130,C000807,2025-10-09,NETWORK,Network issue,LOW,RESOLVED
CP000131,C000815,2026-05-31,OTHER,Service related issue,LOW,OPEN
CP000132,C000279,2026-03-15,SIM,SIM activation issue,MEDIUM,IN_PROGRESS
CP000133,C000559,2025-11-14,OTHER,Other issue,LOW,IN_PROGRESS
CP000134,C000366,2025-12-22,PLAN,Plan related query,CRITICAL,OPEN
CP000135,C000009,2026-07-03,SIM,SIM not working,MEDIUM,RESOLVED
CP000136,C000533,2026-07-04,RECHARGE,Recharge amount not reflected,CRITICAL,OPEN
CP000137,C000778,2025-11-19,PLAN,Plan activation issue,LOW,IN_PROGRESS
CP000138,C000141,2026-04-06,NETWORK,Internet not working,HIGH,IN_PROGRESS
CP000139,C000956,2026-05-22,RECHARGE,Recharge issue,MEDIUM,CLOSED
CP000140,C000734,2025-11-02,RECHARGE,Recharge amount not reflected,MEDIUM,OPEN
CP000141,C000309,2026-05-31,OTHER,General complaint,HIGH,CLOSED
CP000142,C000302,2025-10-31,BILLING,Incorrect bill amount,MEDIUM,RESOLVED
CP000143,C000896,2026-04-20,RECHARGE,Recharge amount not reflected,LOW,RESOLVED
CP000144,C000737,2026-09-19,OTHER,Other issue,CRITICAL,OPEN
CP000145,C000225,2026-02-19,PLAN,Plan activation issue,LOW,OPEN
CP000146,C000559,2026-02-18,PLAN,Plan related query,HIGH,CLOSED
CP000147,C000556,2025-11-14,OTHER,Other issue,MEDIUM,CLOSED
CP000148,C000564,2026-06-08,PLAN,Plan benefits not received,LOW,CLOSED
CP000149,C000148,2026-04-05,NETWORK,Poor network coverage,CRITICAL,RESOLVED
CP000150,C000859,2026-06-30,RECHARGE,Recharge failed,MEDIUM,IN_PROGRESS
CP000151,C000983,2026-03-20,RECHARGE,Recharge issue,HIGH,OPEN
CP000152,C000290,2026-06-04,SIM,SIM replacement request,MEDIUM,IN_PROGRESS
CP000153,C000191,2025-12-11,BILLING,Incorrect bill amount,CRITICAL,CLOSED
CP000154,C000077,2026-04-21,SIM,SIM not working,LOW,RESOLVED
CP000155,C000929,2026-03-04,SIM,SIM not working,LOW,IN_PROGRESS
CP000156,C000230,2026-02-28,NETWORK,Slow internet,MEDIUM,CLOSED
CP000157,C000033,2025-11-14,SIM,SIM activation issue,CRITICAL,OPEN
CP000158,C000243,2026-05-01,OTHER,General complaint,MEDIUM,RESOLVED
CP000159,C000280,2026-01-15,RECHARGE,Recharge issue,LOW,OPEN
CP000160,C000906,2026-03-12,SIM,SIM activation issue,LOW,IN_PROGRESS
CP000161,C000052,2026-01-04,SIM,SIM activation issue,HIGH,CLOSED
CP000162,C000126,2026-04-02,SIM,SIM replacement request,MEDIUM,RESOLVED
CP000163,C000264,2025-12-15,BILLING,Incorrect bill amount,MEDIUM,RESOLVED
CP000164,C000323,2025-11-10,BILLING,Billing issue,HIGH,RESOLVED
CP000165,C000195,2025-10-31,RECHARGE,Recharge amount not reflected,CRITICAL,CLOSED
CP000166,C000170,2026-02-15,OTHER,Other issue,HIGH,CLOSED
CP000167,C000640,2026-01-27,PLAN,Plan benefits not received,CRITICAL,IN_PROGRESS
CP000168,C000964,2026-02-12,BILLING,Unexpected charge,MEDIUM,OPEN
CP000169,C000544,2026-07-31,PLAN,Plan activation issue,LOW,CLOSED
CP000170,C000549,2026-04-15,RECHARGE,Recharge issue,HIGH,IN_PROGRESS
CP000171,C000837,2026-01-02,BILLING,Billing issue,MEDIUM,CLOSED
CP000172,C000300,2025-10-20,BILLING,Billing issue,LOW,OPEN
CP000173,C000789,2025-12-02,BILLING,Billing issue,LOW,IN_PROGRESS
CP000174,C000753,2026-03-10,NETWORK,Network issue,MEDIUM,CLOSED
CP000175,C000063,2026-03-08,BILLING,Billing issue,MEDIUM,OPEN
CP000176,C000391,2026-02-08,RECHARGE,Recharge failed,LOW,OPEN
CP000177,C000686,2026-06-30,NETWORK,Network issue,HIGH,OPEN
CP000178,C000213,2026-07-05,BILLING,Unexpected charge,LOW,OPEN
CP000179,C000963,2026-06-17,OTHER,Other issue,MEDIUM,CLOSED
CP000180,C000802,2025-12-17,RECHARGE,Recharge failed,MEDIUM,CLOSED
CP000181,C000822,2025-09-29,SIM,SIM not working,MEDIUM,CLOSED
CP000182,C000120,2026-07-04,RECHARGE,Recharge failed,HIGH,RESOLVED
CP000183,C000419,2026-07-30,BILLING,Incorrect bill amount,LOW,OPEN
CP000184,C000690,2025-10-03,NETWORK,Slow internet,MEDIUM,OPEN
CP000185,C000519,2026-09-22,SIM,SIM activation issue,MEDIUM,RESOLVED
CP000186,C000095,2026-09-11,SIM,SIM not working,HIGH,OPEN
CP000187,C000775,2026-03-07,NETWORK,Internet not working,CRITICAL,OPEN
CP000188,C000541,2026-05-14,SIM,SIM replacement request,CRITICAL,CLOSED
CP000189,C000400,2026-01-18,RECHARGE,Recharge amount not reflected,HIGH,IN_PROGRESS
CP000190,C000239,2026-08-19,RECHARGE,Recharge issue,MEDIUM,IN_PROGRESS
CP000191,C000604,2026-07-28,RECHARGE,Recharge issue,LOW,IN_PROGRESS
CP000192,C000838,2026-03-17,RECHARGE,Recharge issue,MEDIUM,IN_PROGRESS
CP000193,C000045,2026-03-25,NETWORK,Slow internet,MEDIUM,IN_PROGRESS
CP000194,C000916,2026-07-31,NETWORK,Network issue,MEDIUM,RESOLVED
CP000195,C000094,2026-01-26,NETWORK,Internet not working,MEDIUM,OPEN
CP000196,C000808,2025-12-10,BILLING,Incorrect bill amount,LOW,OPEN
CP000197,C000525,2026-06-20,OTHER,Other issue,HIGH,IN_PROGRESS
CP000198,C000355,2026-09-19,OTHER,Other issue,MEDIUM,IN_PROGRESS
CP000199,C000016,2026-08-05,NETWORK,Poor network coverage,MEDIUM,CLOSED
CP000200,C000280,2026-03-30,RECHARGE,Recharge failed,MEDIUM,IN_PROGRESS
CP000201,C000992,2025-10-28,SIM,SIM not working,CRITICAL,IN_PROGRESS
CP000202,C000516,2026-03-19,PLAN,Plan activation issue,HIGH,IN_PROGRESS
CP000203,C000572,2025-12-08,PLAN,Plan activation issue,HIGH,IN_PROGRESS
CP000204,C000579,2026-04-26,SIM,SIM replacement request,LOW,CLOSED
CP000205,C000007,2026-01-06,NETWORK,Internet not working,CRITICAL,CLOSED
CP000206,C000718,2026-07-20,SIM,SIM not working,HIGH,RESOLVED
CP000207,C000767,2025-12-30,NETWORK,Slow internet,MEDIUM,IN_PROGRESS
CP000208,C000582,2025-12-03,OTHER,Other issue,MEDIUM,OPEN
CP000209,C000242,2025-11-24,BILLING,Unexpected charge,CRITICAL,RESOLVED
CP000210,C000949,2026-02-06,NETWORK,Internet not working,LOW,OPEN
CP000211,C000181,2026-05-11,OTHER,General complaint,HIGH,OPEN
CP000212,C000173,2026-01-24,PLAN,Plan activation issue,CRITICAL,OPEN
CP000213,C000408,2026-05-21,BILLING,Incorrect bill amount,LOW,CLOSED
CP000214,C000228,2026-07-20,OTHER,General complaint,MEDIUM,OPEN
CP000215,C000863,2026-01-23,RECHARGE,Recharge amount not reflected,MEDIUM,IN_PROGRESS
CP000216,C000135,2026-01-03,NETWORK,Poor network coverage,HIGH,RESOLVED
CP000217,C000749,2026-03-16,PLAN,Plan benefits not received,LOW,OPEN
CP000218,C000566,2026-05-07,PLAN,Plan activation issue,CRITICAL,RESOLVED
CP000219,C000645,2026-09-11,NETWORK,Slow internet,MEDIUM,RESOLVED
CP000220,C000195,2026-09-12,PLAN,Plan benefits not received,MEDIUM,IN_PROGRESS
CP000221,C000502,2026-06-21,PLAN,Plan related query,HIGH,OPEN
CP000222,C000346,2025-10-18,OTHER,Other issue,HIGH,RESOLVED
CP000223,C000122,2026-01-20,NETWORK,Slow internet,MEDIUM,CLOSED
CP000224,C000781,2025-09-29,BILLING,Billing issue,HIGH,IN_PROGRESS
CP000225,C000043,2026-07-02,SIM,SIM not working,MEDIUM,CLOSED
CP000226,C000115,2025-11-04,SIM,SIM activation issue,MEDIUM,CLOSED
CP000227,C000268,2025-09-24,NETWORK,Poor network coverage,MEDIUM,CLOSED
CP000228,C000232,2026-01-01,PLAN,Plan activation issue,MEDIUM,IN_PROGRESS
CP000229,C000262,2026-02-23,SIM,SIM not working,HIGH,OPEN
CP000230,C000844,2026-09-19,BILLING,Unexpected charge,MEDIUM,CLOSED
CP000231,C000879,2026-06-21,RECHARGE,Recharge amount not reflected,LOW,OPEN
CP000232,C000639,2026-06-11,PLAN,Plan related query,MEDIUM,IN_PROGRESS
CP000233,C000127,2025-10-20,PLAN,Plan related query,CRITICAL,CLOSED
CP000234,C000345,2026-02-12,NETWORK,Slow internet,HIGH,RESOLVED
CP000235,C000982,2026-02-07,SIM,SIM replacement request,LOW,IN_PROGRESS
CP000236,C000150,2026-04-28,SIM,SIM replacement request,LOW,IN_PROGRESS
CP000237,C000245,2025-12-20,SIM,SIM activation issue,MEDIUM,IN_PROGRESS
CP000238,C000282,2026-07-29,SIM,SIM not working,CRITICAL,CLOSED
CP000239,C000281,2025-12-22,OTHER,General complaint,MEDIUM,RESOLVED
CP000240,C000955,2026-03-14,PLAN,Plan related query,LOW,OPEN
CP000241,C000014,2025-12-08,OTHER,General complaint,HIGH,OPEN
CP000242,C000131,2026-06-19,RECHARGE,Recharge amount not reflected,HIGH,IN_PROGRESS
CP000243,C000916,2026-03-24,BILLING,Unexpected charge,MEDIUM,RESOLVED
CP000244,C000745,2025-11-06,SIM,SIM replacement request,MEDIUM,RESOLVED
CP000245,C000288,2026-04-29,NETWORK,Poor network coverage,MEDIUM,CLOSED
CP000246,C000364,2025-12-07,OTHER,Other issue,CRITICAL,IN_PROGRESS
CP000247,C000470,2025-12-20,SIM,SIM replacement request,HIGH,CLOSED
CP000248,C000644,2026-01-25,RECHARGE,Recharge failed,HIGH,CLOSED
CP000249,C000143,2026-05-08,SIM,SIM replacement request,LOW,IN_PROGRESS
CP000250,C000863,2026-05-10,BILLING,Incorrect bill amount,CRITICAL,CLOSED
CP000251,C000999,2026-09-20,BILLING,Unexpected charge,HIGH,RESOLVED
CP000252,C000626,2026-05-07,RECHARGE,Recharge issue,MEDIUM,IN_PROGRESS
CP000253,C000027,2026-08-10,OTHER,Service related issue,MEDIUM,OPEN
CP000254,C000129,2026-01-03,OTHER,Other issue,LOW,CLOSED
CP000255,C000643,2025-10-09,NETWORK,Internet not working,MEDIUM,IN_PROGRESS
CP000256,C000431,2025-10-20,RECHARGE,Recharge failed,CRITICAL,CLOSED
CP000257,C000439,2026-03-23,SIM,SIM replacement request,MEDIUM,IN_PROGRESS
CP000258,C000780,2026-09-12,RECHARGE,Recharge issue,CRITICAL,RESOLVED
CP000259,C000833,2025-12-02,PLAN,Plan benefits not received,CRITICAL,OPEN
CP000260,C000493,2026-03-27,SIM,SIM replacement request,HIGH,RESOLVED
CP000261,C000112,2025-11-17,BILLING,Unexpected charge,CRITICAL,CLOSED
CP000262,C000265,2025-10-27,OTHER,General complaint,HIGH,CLOSED
CP000263,C000193,2026-01-06,PLAN,Plan benefits not received,CRITICAL,IN_PROGRESS
CP000264,C000560,2026-01-07,PLAN,Plan related query,CRITICAL,OPEN
CP000265,C000968,2025-10-31,BILLING,Billing issue,CRITICAL,IN_PROGRESS
CP000266,C000110,2026-08-18,BILLING,Unexpected charge,MEDIUM,OPEN
CP000267,C000152,2025-12-22,OTHER,Other issue,HIGH,RESOLVED
CP000268,C000004,2026-09-22,NETWORK,Network issue,MEDIUM,IN_PROGRESS
CP000269,C000233,2026-02-21,OTHER,General complaint,CRITICAL,OPEN
CP000270,C000974,2025-10-24,RECHARGE,Recharge issue,LOW,RESOLVED
CP000271,C000849,2026-06-06,SIM,SIM activation issue,MEDIUM,CLOSED
CP000272,C000242,2026-05-17,BILLING,Unexpected charge,MEDIUM,RESOLVED
CP000273,C000281,2025-10-26,SIM,SIM replacement request,CRITICAL,CLOSED
CP000274,C000562,2025-12-27,OTHER,General complaint,HIGH,IN_PROGRESS
CP000275,C000265,2026-04-18,SIM,SIM activation issue,MEDIUM,IN_PROGRESS
CP000276,C000332,2026-01-05,BILLING,Incorrect bill amount,CRITICAL,CLOSED
CP000277,C000251,2025-12-08,NETWORK,Poor network coverage,HIGH,RESOLVED
CP000278,C000709,2026-02-24,NETWORK,Internet not working,MEDIUM,RESOLVED
CP000279,C000355,2026-02-07,BILLING,Incorrect bill amount,MEDIUM,CLOSED
CP000280,C000042,2026-08-03,NETWORK,Poor network coverage,CRITICAL,CLOSED
CP000281,C000134,2026-09-22,BILLING,Incorrect bill amount,LOW,CLOSED
CP000282,C000853,2026-01-17,NETWORK,Internet not working,MEDIUM,RESOLVED
CP000283,C000801,2025-09-23,PLAN,Plan related query,MEDIUM,OPEN
CP000284,C000395,2025-10-26,NETWORK,Poor network coverage,LOW,IN_PROGRESS
CP000285,C000996,2025-11-14,PLAN,Plan related query,MEDIUM,OPEN
CP000286,C000434,2026-01-13,RECHARGE,Recharge issue,MEDIUM,IN_PROGRESS
CP000287,C000134,2026-02-26,BILLING,Incorrect bill amount,LOW,IN_PROGRESS
CP000288,C000260,2026-08-30,PLAN,Plan activation issue,HIGH,IN_PROGRESS
CP000289,C000397,2026-04-10,NETWORK,Network issue,HIGH,OPEN
CP000290,C000757,2026-04-16,RECHARGE,Recharge amount not reflected,LOW,CLOSED
CP000291,C000791,2025-09-28,NETWORK,Network issue,MEDIUM,RESOLVED
CP000292,C000570,2026-05-22,BILLING,Incorrect bill amount,LOW,RESOLVED
CP000293,C000195,2026-02-21,RECHARGE,Recharge issue,MEDIUM,RESOLVED
CP000294,C000272,2025-11-01,BILLING,Incorrect bill amount,HIGH,RESOLVED
CP000295,C000198,2026-03-23,BILLING,Incorrect bill amount,CRITICAL,IN_PROGRESS
CP000296,C000085,2026-07-05,OTHER,General complaint,HIGH,OPEN
CP000297,C000543,2026-08-23,OTHER,General complaint,CRITICAL,RESOLVED
CP000298,C000994,2026-09-03,OTHER,General complaint,MEDIUM,RESOLVED
CP000299,C000540,2025-12-26,SIM,SIM replacement request,LOW,RESOLVED
CP000300,C000248,2026-03-05,NETWORK,Internet not working,HIGH,CLOSED
CP000301,C000243,2026-06-30,PLAN,Plan activation issue,LOW,CLOSED
CP000302,C000604,2026-07-18,RECHARGE,Recharge amount not reflected,MEDIUM,RESOLVED
CP000303,C000276,2026-05-28,NETWORK,Slow internet,CRITICAL,OPEN
CP000304,C000608,2025-12-06,PLAN,Plan activation issue,MEDIUM,IN_PROGRESS
CP000305,C000495,2026-05-29,BILLING,Unexpected charge,LOW,CLOSED
CP000306,C000064,2026-06-08,RECHARGE,Recharge amount not reflected,CRITICAL,RESOLVED
CP000307,C000281,2025-12-07,SIM,SIM replacement request,LOW,CLOSED
CP000308,C000052,2026-08-11,OTHER,Other issue,MEDIUM,IN_PROGRESS
CP000309,C000432,2025-10-14,OTHER,Service related issue,LOW,IN_PROGRESS
CP000310,C000259,2026-01-26,PLAN,Plan benefits not received,MEDIUM,IN_PROGRESS
CP000311,C000812,2025-10-22,RECHARGE,Recharge issue,LOW,CLOSED
CP000312,C000153,2026-09-02,SIM,SIM activation issue,HIGH,OPEN
CP000313,C000289,2025-10-21,BILLING,Unexpected charge,MEDIUM,OPEN
CP000314,C000018,2025-10-02,BILLING,Incorrect bill amount,MEDIUM,RESOLVED
CP000315,C000361,2026-04-07,OTHER,General complaint,LOW,OPEN
CP000316,C000697,2025-12-05,BILLING,Unexpected charge,MEDIUM,OPEN
CP000317,C000832,2026-03-11,BILLING,Unexpected charge,MEDIUM,IN_PROGRESS
CP000318,C000469,2026-06-02,OTHER,Service related issue,CRITICAL,RESOLVED
CP000319,C000315,2025-10-16,SIM,SIM not working,HIGH,IN_PROGRESS
CP000320,C000503,2026-03-01,OTHER,General complaint,CRITICAL,IN_PROGRESS
CP000321,C000448,2025-10-07,BILLING,Unexpected charge,HIGH,IN_PROGRESS
CP000322,C000886,2025-10-20,RECHARGE,Recharge amount not reflected,CRITICAL,CLOSED
CP000323,C000384,2026-01-28,OTHER,Service related issue,LOW,OPEN
CP000324,C000735,2026-05-08,SIM,SIM not working,CRITICAL,OPEN
CP000325,C000861,2025-10-28,OTHER,Other issue,MEDIUM,RESOLVED
CP000326,C000503,2026-07-18,PLAN,Plan benefits not received,MEDIUM,OPEN
CP000327,C000163,2026-08-30,PLAN,Plan activation issue,HIGH,CLOSED
CP000328,C000161,2025-10-09,SIM,SIM replacement request,HIGH,CLOSED
CP000329,C000394,2026-01-02,RECHARGE,Recharge failed,MEDIUM,OPEN
CP000330,C000912,2026-04-22,NETWORK,Slow internet,HIGH,RESOLVED
CP000331,C000046,2026-09-21,BILLING,Incorrect bill amount,HIGH,RESOLVED
CP000332,C000001,2026-02-01,SIM,SIM activation issue,LOW,IN_PROGRESS
CP000333,C000541,2026-03-07,BILLING,Unexpected charge,MEDIUM,CLOSED
CP000334,C000041,2026-02-17,PLAN,Plan benefits not received,LOW,CLOSED
CP000335,C000097,2026-08-17,RECHARGE,Recharge failed,CRITICAL,CLOSED
CP000336,C000404,2025-11-25,OTHER,Service related issue,CRITICAL,RESOLVED
CP000337,C000968,2025-12-28,PLAN,Plan related query,CRITICAL,RESOLVED
CP000338,C000717,2026-02-26,SIM,SIM not working,MEDIUM,IN_PROGRESS
CP000339,C000571,2026-09-08,PLAN,Plan related query,LOW,RESOLVED
CP000340,C000631,2026-03-17,BILLING,Incorrect bill amount,CRITICAL,RESOLVED
CP000341,C000995,2026-02-14,PLAN,Plan related query,HIGH,IN_PROGRESS
CP000342,C000686,2026-08-23,OTHER,General complaint,CRITICAL,OPEN
CP000343,C000062,2026-01-31,RECHARGE,Recharge issue,LOW,RESOLVED
CP000344,C000704,2025-10-11,PLAN,Plan activation issue,MEDIUM,IN_PROGRESS
CP000345,C000828,2025-10-24,OTHER,Service related issue,LOW,CLOSED
CP000346,C000315,2026-04-08,RECHARGE,Recharge failed,MEDIUM,RESOLVED
CP000347,C000517,2025-10-09,OTHER,Other issue,MEDIUM,CLOSED
CP000348,C000129,2026-02-15,BILLING,Unexpected charge,HIGH,RESOLVED
CP000349,C000701,2025-10-18,SIM,SIM not working,LOW,OPEN
CP000350,C000279,2026-09-06,BILLING,Billing issue,MEDIUM,CLOSED
CP000351,C000187,2026-08-25,RECHARGE,Recharge issue,LOW,IN_PROGRESS
CP000352,C000014,2026-01-14,SIM,SIM replacement request,MEDIUM,CLOSED
CP000353,C000304,2026-02-21,OTHER,General complaint,CRITICAL,IN_PROGRESS
CP000354,C000786,2026-04-28,OTHER,Service related issue,MEDIUM,OPEN
CP000355,C000805,2026-01-08,BILLING,Billing issue,MEDIUM,RESOLVED
CP000356,C000830,2025-10-12,RECHARGE,Recharge issue,LOW,OPEN
CP000357,C000880,2026-03-12,BILLING,Incorrect bill amount,MEDIUM,RESOLVED
CP000358,C000140,2025-11-14,BILLING,Billing issue,MEDIUM,IN_PROGRESS
CP000359,C000158,2025-10-20,PLAN,Plan benefits not received,CRITICAL,IN_PROGRESS
CP000360,C000839,2026-06-19,OTHER,Other issue,HIGH,OPEN
CP000361,C000688,2026-08-17,RECHARGE,Recharge amount not reflected,MEDIUM,IN_PROGRESS
CP000362,C000754,2026-08-29,SIM,SIM not working,MEDIUM,CLOSED
CP000363,C000313,2025-10-14,BILLING,Incorrect bill amount,CRITICAL,IN_PROGRESS
CP000364,C000584,2026-02-09,OTHER,General complaint,MEDIUM,IN_PROGRESS
CP000365,C000166,2025-10-15,PLAN,Plan related query,MEDIUM,OPEN
CP000366,C000261,2026-02-07,SIM,SIM replacement request,MEDIUM,IN_PROGRESS
CP000367,C000343,2026-04-03,OTHER,Service related issue,LOW,IN_PROGRESS
CP000368,C000389,2025-11-21,NETWORK,Internet not working,MEDIUM,RESOLVED
CP000369,C000651,2026-03-07,SIM,SIM activation issue,MEDIUM,RESOLVED
CP000370,C000250,2025-10-02,BILLING,Unexpected charge,LOW,RESOLVED
CP000371,C000572,2025-10-05,SIM,SIM activation issue,CRITICAL,IN_PROGRESS
CP000372,C000260,2026-08-13,NETWORK,Network issue,HIGH,IN_PROGRESS
CP000373,C000627,2026-08-18,SIM,SIM not working,MEDIUM,CLOSED
CP000374,C000631,2026-01-13,BILLING,Unexpected charge,HIGH,CLOSED
CP000375,C000637,2026-08-15,NETWORK,Poor network coverage,CRITICAL,IN_PROGRESS
CP000376,C000176,2026-07-14,SIM,SIM activation issue,CRITICAL,CLOSED
CP000377,C000798,2026-07-04,NETWORK,Network issue,LOW,CLOSED
CP000378,C000223,2025-12-27,BILLING,Incorrect bill amount,HIGH,OPEN
CP000379,C000474,2025-11-30,OTHER,Service related issue,MEDIUM,RESOLVED
CP000380,C000191,2026-03-15,NETWORK,Internet not working,MEDIUM,RESOLVED
CP000381,C000113,2026-07-10,BILLING,Unexpected charge,HIGH,IN_PROGRESS
CP000382,C000549,2026-09-17,PLAN,Plan activation issue,LOW,IN_PROGRESS
CP000383,C000482,2025-12-26,PLAN,Plan activation issue,HIGH,RESOLVED
CP000384,C000669,2026-03-10,OTHER,Service related issue,LOW,IN_PROGRESS
CP000385,C000238,2026-04-18,SIM,SIM activation issue,MEDIUM,OPEN
CP000386,C000058,2025-11-13,OTHER,Service related issue,HIGH,IN_PROGRESS
CP000387,C000460,2026-07-26,NETWORK,Network issue,MEDIUM,IN_PROGRESS
CP000388,C000624,2026-03-06,OTHER,Service related issue,HIGH,CLOSED
CP000389,C000139,2026-02-08,RECHARGE,Recharge issue,LOW,CLOSED
CP000390,C000673,2026-07-16,NETWORK,Poor network coverage,MEDIUM,OPEN
CP000391,C000328,2025-10-04,RECHARGE,Recharge issue,CRITICAL,CLOSED
CP000392,C000506,2026-05-03,BILLING,Billing issue,HIGH,CLOSED
CP000393,C000668,2026-02-02,BILLING,Unexpected charge,CRITICAL,IN_PROGRESS
CP000394,C000097,2026-04-12,SIM,SIM not working,MEDIUM,OPEN
CP000395,C000368,2025-10-16,SIM,SIM replacement request,CRITICAL,RESOLVED
CP000396,C000960,2026-01-04,NETWORK,Network issue,MEDIUM,IN_PROGRESS
CP000397,C000598,2026-07-10,RECHARGE,Recharge failed,HIGH,CLOSED
CP000398,C000007,2026-09-22,PLAN,Plan related query,MEDIUM,CLOSED
CP000399,C000510,2026-05-09,BILLING,Unexpected charge,MEDIUM,OPEN
CP000400,C000285,2026-03-24,RECHARGE,Recharge failed,HIGH,IN_PROGRESS
CP000401,C000436,2025-11-07,NETWORK,Network issue,MEDIUM,RESOLVED
CP000402,C000551,2025-12-11,SIM,SIM replacement request,LOW,RESOLVED
CP000403,C000246,2026-03-02,PLAN,Plan benefits not received,MEDIUM,CLOSED
CP000404,C000417,2026-03-09,NETWORK,Internet not working,CRITICAL,CLOSED
CP000405,C000633,2026-08-28,RECHARGE,Recharge failed,LOW,IN_PROGRESS
CP000406,C000570,2026-02-03,PLAN,Plan benefits not received,MEDIUM,OPEN
CP000407,C000242,2026-01-05,OTHER,Service related issue,LOW,RESOLVED
CP000408,C000865,2026-02-01,RECHARGE,Recharge issue,MEDIUM,IN_PROGRESS
CP000409,C000579,2026-05-13,BILLING,Incorrect bill amount,HIGH,OPEN
CP000410,C000486,2026-06-03,RECHARGE,Recharge failed,HIGH,OPEN
CP000411,C000751,2026-09-19,NETWORK,Internet not working,MEDIUM,IN_PROGRESS
CP000412,C000428,2026-03-01,NETWORK,Slow internet,CRITICAL,RESOLVED
CP000413,C000542,2025-12-12,BILLING,Unexpected charge,MEDIUM,IN_PROGRESS
CP000414,C000629,2026-06-04,PLAN,Plan activation issue,MEDIUM,IN_PROGRESS
CP000415,C000281,2026-03-06,RECHARGE,Recharge amount not reflected,MEDIUM,RESOLVED
CP000416,C000107,2025-11-04,RECHARGE,Recharge amount not reflected,HIGH,RESOLVED
CP000417,C000628,2025-10-26,BILLING,Unexpected charge,MEDIUM,OPEN
CP000418,C000647,2026-04-06,SIM,SIM not working,HIGH,OPEN
CP000419,C000128,2026-08-30,OTHER,Service related issue,HIGH,CLOSED
CP000420,C000596,2026-07-16,RECHARGE,Recharge issue,MEDIUM,RESOLVED
CP000421,C000915,2026-03-15,PLAN,Plan activation issue,CRITICAL,CLOSED
CP000422,C000477,2025-09-24,BILLING,Incorrect bill amount,LOW,IN_PROGRESS
CP000423,C000571,2025-09-25,OTHER,Service related issue,LOW,CLOSED
CP000424,C000786,2026-09-15,RECHARGE,Recharge issue,CRITICAL,CLOSED
CP000425,C000934,2026-08-16,OTHER,Other issue,HIGH,RESOLVED
CP000426,C000516,2026-06-17,SIM,SIM not working,LOW,CLOSED
CP000427,C000492,2026-09-19,RECHARGE,Recharge issue,LOW,CLOSED
CP000428,C000497,2026-01-10,OTHER,General complaint,MEDIUM,CLOSED
CP000429,C000956,2026-02-03,NETWORK,Network issue,HIGH,RESOLVED
CP000430,C000636,2026-04-23,RECHARGE,Recharge failed,CRITICAL,OPEN
CP000431,C000001,2026-02-10,SIM,SIM activation issue,CRITICAL,CLOSED
CP000432,C000979,2026-08-20,OTHER,Other issue,MEDIUM,RESOLVED
CP000433,C000760,2025-12-15,RECHARGE,Recharge amount not reflected,MEDIUM,CLOSED
CP000434,C000972,2025-11-16,PLAN,Plan activation issue,MEDIUM,IN_PROGRESS
CP000435,C000761,2026-08-07,PLAN,Plan benefits not received,HIGH,IN_PROGRESS
CP000436,C000110,2026-06-10,BILLING,Billing issue,CRITICAL,CLOSED
CP000437,C000624,2026-08-09,RECHARGE,Recharge failed,LOW,OPEN
CP000438,C000632,2026-05-12,OTHER,Other issue,CRITICAL,IN_PROGRESS
CP000439,C000762,2026-03-17,RECHARGE,Recharge issue,CRITICAL,CLOSED
CP000440,C000012,2025-10-30,OTHER,Service related issue,MEDIUM,IN_PROGRESS
CP000441,C000318,2026-06-14,RECHARGE,Recharge failed,LOW,IN_PROGRESS
CP000442,C000920,2026-01-15,PLAN,Plan activation issue,HIGH,CLOSED
CP000443,C000483,2026-06-10,OTHER,Other issue,LOW,OPEN
CP000444,C000325,2025-10-17,PLAN,Plan activation issue,HIGH,CLOSED
CP000445,C000429,2026-05-31,SIM,SIM replacement request,LOW,RESOLVED
CP000446,C000446,2026-05-23,OTHER,General complaint,LOW,CLOSED
CP000447,C000058,2026-09-08,PLAN,Plan activation issue,HIGH,RESOLVED
CP000448,C000784,2026-01-23,BILLING,Incorrect bill amount,HIGH,RESOLVED
CP000449,C000234,2025-12-22,RECHARGE,Recharge amount not reflected,LOW,RESOLVED
CP000450,C000972,2026-02-24,NETWORK,Internet not working,MEDIUM,RESOLVED
CP000451,C000784,2025-11-06,RECHARGE,Recharge issue,MEDIUM,RESOLVED
CP000452,C000054,2025-11-15,BILLING,Billing issue,MEDIUM,RESOLVED
CP000453,C000807,2026-06-23,OTHER,Service related issue,CRITICAL,OPEN
CP000454,C000058,2025-11-01,OTHER,Service related issue,MEDIUM,IN_PROGRESS
CP000455,C000526,2026-05-06,SIM,SIM activation issue,HIGH,OPEN
CP000456,C000924,2026-08-02,BILLING,Incorrect bill amount,MEDIUM,OPEN
CP000457,C000507,2026-01-11,SIM,SIM activation issue,LOW,CLOSED
CP000458,C000944,2025-11-11,NETWORK,Internet not working,LOW,RESOLVED
CP000459,C000588,2026-07-15,RECHARGE,Recharge amount not reflected,LOW,RESOLVED
CP000460,C000897,2026-01-21,SIM,SIM activation issue,LOW,RESOLVED
CP000461,C000724,2026-06-27,SIM,SIM activation issue,CRITICAL,IN_PROGRESS
CP000462,C000429,2026-01-18,RECHARGE,Recharge issue,HIGH,CLOSED
CP000463,C000480,2026-04-07,PLAN,Plan activation issue,HIGH,RESOLVED
CP000464,C000280,2026-03-14,SIM,SIM activation issue,CRITICAL,IN_PROGRESS
CP000465,C000916,2026-04-22,BILLING,Unexpected charge,LOW,IN_PROGRESS
CP000466,C000030,2025-12-25,BILLING,Incorrect bill amount,LOW,OPEN
CP000467,C000131,2026-07-04,BILLING,Billing issue,MEDIUM,IN_PROGRESS
CP000468,C000774,2026-05-15,PLAN,Plan activation issue,LOW,OPEN
CP000469,C000180,2026-04-14,NETWORK,Internet not working,CRITICAL,CLOSED
CP000470,C000303,2026-03-05,BILLING,Billing issue,MEDIUM,OPEN
CP000471,C000304,2026-03-31,OTHER,General complaint,MEDIUM,RESOLVED
CP000472,C000790,2026-04-26,OTHER,Other issue,LOW,CLOSED
CP000473,C000429,2025-11-27,BILLING,Unexpected charge,MEDIUM,IN_PROGRESS
CP000474,C000316,2026-08-15,BILLING,Unexpected charge,CRITICAL,IN_PROGRESS
CP000475,C000654,2026-05-03,RECHARGE,Recharge amount not reflected,MEDIUM,RESOLVED
CP000476,C000155,2026-06-29,BILLING,Unexpected charge,CRITICAL,CLOSED
CP000477,C000761,2026-05-17,RECHARGE,Recharge failed,CRITICAL,IN_PROGRESS
CP000478,C000003,2026-06-19,BILLING,Billing issue,HIGH,IN_PROGRESS
CP000479,C000268,2026-08-21,NETWORK,Poor network coverage,HIGH,RESOLVED
CP000480,C000778,2025-10-10,RECHARGE,Recharge failed,MEDIUM,IN_PROGRESS
CP000481,C000818,2026-02-27,BILLING,Incorrect bill amount,CRITICAL,IN_PROGRESS
CP000482,C000345,2026-02-11,BILLING,Unexpected charge,MEDIUM,RESOLVED
CP000483,C000060,2025-10-07,SIM,SIM activation issue,MEDIUM,IN_PROGRESS
CP000484,C000093,2026-05-15,OTHER,General complaint,CRITICAL,OPEN
CP000485,C000761,2026-05-07,OTHER,Service related issue,CRITICAL,OPEN
CP000486,C000512,2025-12-06,SIM,SIM activation issue,MEDIUM,OPEN
CP000487,C000275,2025-11-29,BILLING,Billing issue,MEDIUM,CLOSED
CP000488,C000441,2026-01-24,PLAN,Plan related query,LOW,RESOLVED
CP000489,C000667,2026-05-26,OTHER,General complaint,HIGH,CLOSED
CP000490,C000962,2025-12-16,NETWORK,Poor network coverage,MEDIUM,IN_PROGRESS
CP000491,C000969,2026-08-12,PLAN,Plan activation issue,MEDIUM,IN_PROGRESS
CP000492,C000987,2025-12-22,NETWORK,Network issue,CRITICAL,IN_PROGRESS
CP000493,C000079,2026-08-31,SIM,SIM activation issue,CRITICAL,RESOLVED
CP000494,C000927,2025-10-04,OTHER,Other issue,MEDIUM,OPEN
CP000495,C000076,2025-11-11,SIM,SIM not working,LOW,CLOSED
CP000496,C000964,2026-09-11,NETWORK,Network issue,HIGH,CLOSED
CP000497,C000966,2026-04-12,SIM,SIM activation issue,HIGH,RESOLVED
CP000498,C000789,2025-11-19,BILLING,Incorrect bill amount,HIGH,CLOSED
CP000499,C000973,2026-05-18,OTHER,General complaint,HIGH,IN_PROGRESS
CP000500,C000477,2026-06-16,BILLING,Incorrect bill amount,MEDIUM,CLOSED
CP000501,C000037,2025-10-20,BILLING,Billing issue,LOW,CLOSED
CP000502,C000858,2025-12-25,SIM,SIM replacement request,CRITICAL,RESOLVED
CP000503,C000037,2025-12-19,NETWORK,Network issue,HIGH,OPEN
CP000504,C000852,2026-05-10,BILLING,Unexpected charge,LOW,RESOLVED
CP000505,C000378,2026-07-17,NETWORK,Slow internet,CRITICAL,IN_PROGRESS
CP000506,C000518,2026-01-09,SIM,SIM activation issue,MEDIUM,CLOSED
CP000507,C000162,2025-12-21,PLAN,Plan related query,LOW,IN_PROGRESS
CP000508,C000823,2026-04-18,BILLING,Incorrect bill amount,MEDIUM,IN_PROGRESS
CP000509,C000801,2026-04-30,SIM,SIM replacement request,CRITICAL,CLOSED
CP000510,C000363,2026-01-25,BILLING,Incorrect bill amount,CRITICAL,RESOLVED
CP000511,C000085,2025-12-16,OTHER,General complaint,LOW,IN_PROGRESS
CP000512,C000691,2026-08-25,NETWORK,Internet not working,LOW,CLOSED
CP000513,C000234,2025-12-23,BILLING,Billing issue,LOW,IN_PROGRESS
CP000514,C000059,2025-10-29,SIM,SIM not working,MEDIUM,IN_PROGRESS
CP000515,C000137,2025-10-15,NETWORK,Slow internet,CRITICAL,CLOSED
CP000516,C000155,2026-09-01,NETWORK,Network issue,MEDIUM,RESOLVED
CP000517,C000255,2026-07-11,OTHER,Service related issue,MEDIUM,RESOLVED
CP000518,C000288,2025-12-12,RECHARGE,Recharge issue,MEDIUM,OPEN
CP000519,C000620,2026-04-01,BILLING,Billing issue,MEDIUM,CLOSED
CP000520,C000531,2026-01-01,NETWORK,Internet not working,LOW,CLOSED
CP000521,C000360,2026-05-21,RECHARGE,Recharge failed,MEDIUM,IN_PROGRESS
CP000522,C000061,2026-02-25,BILLING,Unexpected charge,MEDIUM,CLOSED
CP000523,C000374,2025-12-27,RECHARGE,Recharge failed,CRITICAL,RESOLVED
CP000524,C000379,2026-06-24,OTHER,Other issue,MEDIUM,IN_PROGRESS
CP000525,C000059,2025-12-24,SIM,SIM not working,LOW,OPEN
CP000526,C000865,2025-11-09,PLAN,Plan activation issue,HIGH,CLOSED
CP000527,C000476,2026-09-21,RECHARGE,Recharge issue,LOW,CLOSED
CP000528,C000598,2026-07-29,SIM,SIM activation issue,MEDIUM,CLOSED
CP000529,C000418,2025-10-11,PLAN,Plan related query,HIGH,IN_PROGRESS
CP000530,C000578,2026-09-15,PLAN,Plan activation issue,HIGH,OPEN
CP000531,C000766,2025-12-07,PLAN,Plan related query,MEDIUM,RESOLVED
CP000532,C000387,2026-06-11,RECHARGE,Recharge issue,MEDIUM,OPEN
CP000533,C000658,2026-05-25,SIM,SIM not working,HIGH,RESOLVED
CP000534,C000173,2026-02-04,PLAN,Plan benefits not received,HIGH,CLOSED
CP000535,C000870,2026-07-07,PLAN,Plan related query,CRITICAL,OPEN
CP000536,C000192,2026-07-17,OTHER,General complaint,MEDIUM,CLOSED
CP000537,C000468,2026-03-17,SIM,SIM not working,LOW,IN_PROGRESS
CP000538,C000722,2026-05-10,PLAN,Plan activation issue,MEDIUM,OPEN
CP000539,C000377,2026-07-15,OTHER,Other issue,HIGH,CLOSED
CP000540,C000437,2025-10-16,SIM,SIM activation issue,LOW,CLOSED
CP000541,C000130,2026-03-24,OTHER,General complaint,LOW,RESOLVED
CP000542,C000104,2026-09-21,NETWORK,Poor network coverage,LOW,CLOSED
CP000543,C000214,2025-12-08,NETWORK,Network issue,MEDIUM,CLOSED
CP000544,C000281,2026-02-21,RECHARGE,Recharge amount not reflected,MEDIUM,OPEN
CP000545,C000854,2026-08-27,PLAN,Plan benefits not received,LOW,OPEN
CP000546,C000429,2025-10-17,NETWORK,Internet not working,LOW,CLOSED
CP000547,C000551,2026-09-18,NETWORK,Slow internet,MEDIUM,RESOLVED
CP000548,C000547,2026-04-09,NETWORK,Internet not working,LOW,IN_PROGRESS
CP000549,C000221,2025-11-10,RECHARGE,Recharge issue,LOW,IN_PROGRESS
CP000550,C000260,2025-11-26,BILLING,Billing issue,MEDIUM,CLOSED
CP000551,C000974,2025-10-21,BILLING,Incorrect bill amount,CRITICAL,CLOSED
CP000552,C000232,2025-10-17,OTHER,Other issue,LOW,IN_PROGRESS
CP000553,C000531,2025-09-29,NETWORK,Poor network coverage,MEDIUM,RESOLVED
CP000554,C000235,2026-07-27,NETWORK,Internet not working,HIGH,CLOSED
CP000555,C000739,2025-11-22,RECHARGE,Recharge failed,LOW,CLOSED
CP000556,C000187,2026-01-13,BILLING,Billing issue,HIGH,CLOSED
CP000557,C000121,2025-11-30,BILLING,Unexpected charge,HIGH,OPEN
CP000558,C000662,2026-06-15,PLAN,Plan activation issue,MEDIUM,CLOSED
CP000559,C000392,2026-07-28,PLAN,Plan benefits not received,CRITICAL,CLOSED
CP000560,C000881,2026-05-21,RECHARGE,Recharge amount not reflected,HIGH,IN_PROGRESS
CP000561,C000746,2026-09-19,NETWORK,Network issue,MEDIUM,IN_PROGRESS
CP000562,C000606,2026-05-19,BILLING,Unexpected charge,MEDIUM,OPEN
CP000563,C000907,2026-04-05,NETWORK,Poor network coverage,CRITICAL,OPEN
CP000564,C000680,2026-08-29,BILLING,Unexpected charge,MEDIUM,CLOSED
CP000565,C000527,2026-08-03,NETWORK,Internet not working,MEDIUM,CLOSED
CP000566,C000572,2026-05-30,SIM,SIM activation issue,LOW,RESOLVED
CP000567,C000966,2026-02-22,NETWORK,Poor network coverage,LOW,OPEN
CP000568,C000484,2026-08-21,NETWORK,Slow internet,HIGH,OPEN
CP000569,C000220,2026-02-02,RECHARGE,Recharge failed,HIGH,RESOLVED
CP000570,C000939,2026-09-08,PLAN,Plan benefits not received,MEDIUM,RESOLVED
CP000571,C000692,2025-11-12,PLAN,Plan activation issue,MEDIUM,IN_PROGRESS
CP000572,C000513,2026-02-25,SIM,SIM activation issue,MEDIUM,RESOLVED
CP000573,C000346,2026-06-10,SIM,SIM not working,MEDIUM,OPEN
CP000574,C000083,2025-12-15,OTHER,Service related issue,CRITICAL,IN_PROGRESS
CP000575,C000960,2026-08-20,RECHARGE,Recharge failed,CRITICAL,CLOSED
CP000576,C000883,2026-04-01,OTHER,Other issue,CRITICAL,RESOLVED
CP000577,C000824,2026-03-30,BILLING,Billing issue,MEDIUM,OPEN
CP000578,C000517,2026-05-13,PLAN,Plan benefits not received,LOW,OPEN
CP000579,C000980,2026-04-15,NETWORK,Poor network coverage,MEDIUM,OPEN
CP000580,C000170,2026-07-26,BILLING,Billing issue,MEDIUM,OPEN
CP000581,C000964,2026-09-21,RECHARGE,Recharge failed,MEDIUM,CLOSED
CP000582,C000723,2026-08-07,NETWORK,Poor network coverage,CRITICAL,IN_PROGRESS
CP000583,C000086,2026-03-31,NETWORK,Slow internet,MEDIUM,CLOSED
CP000584,C000385,2026-01-22,OTHER,Service related issue,LOW,RESOLVED
CP000585,C000692,2026-08-22,PLAN,Plan benefits not received,CRITICAL,CLOSED
CP000586,C000582,2026-01-19,NETWORK,Network issue,LOW,RESOLVED
CP000587,C000944,2026-04-19,OTHER,Service related issue,HIGH,IN_PROGRESS
CP000588,C000604,2026-04-07,SIM,SIM activation issue,LOW,CLOSED
CP000589,C000915,2025-10-18,PLAN,Plan activation issue,MEDIUM,IN_PROGRESS
CP000590,C000268,2026-08-07,OTHER,Service related issue,MEDIUM,CLOSED
CP000591,C000626,2026-08-13,RECHARGE,Recharge issue,CRITICAL,RESOLVED
CP000592,C000642,2026-06-11,RECHARGE,Recharge issue,MEDIUM,CLOSED
CP000593,C000672,2026-08-29,RECHARGE,Recharge failed,MEDIUM,RESOLVED
CP000594,C000867,2026-07-02,BILLING,Billing issue,HIGH,OPEN
CP000595,C000259,2026-08-26,SIM,SIM activation issue,MEDIUM,CLOSED
CP000596,C000008,2026-02-27,RECHARGE,Recharge amount not reflected,MEDIUM,OPEN
CP000597,C000115,2026-03-23,PLAN,Plan benefits not received,HIGH,OPEN
CP000598,C000976,2025-12-11,NETWORK,Network issue,LOW,RESOLVED
CP000599,C000035,2026-01-17,NETWORK,Poor network coverage,MEDIUM,CLOSED
CP000600,C000387,2026-02-24,SIM,SIM not working,CRITICAL,IN_PROGRESS
CP000601,C000968,2026-09-08,SIM,SIM replacement request,LOW,OPEN
CP000602,C000778,2026-05-25,PLAN,Plan benefits not received,MEDIUM,CLOSED
CP000603,C000964,2025-09-25,BILLING,Billing issue,CRITICAL,IN_PROGRESS
CP000604,C000016,2026-02-10,RECHARGE,Recharge issue,MEDIUM,CLOSED
CP000605,C000381,2025-10-01,BILLING,Billing issue,CRITICAL,CLOSED
CP000606,C000793,2025-11-08,SIM,SIM not working,MEDIUM,OPEN
CP000607,C000948,2026-03-13,RECHARGE,Recharge issue,LOW,OPEN
CP000608,C000794,2025-12-06,NETWORK,Internet not working,HIGH,OPEN
CP000609,C000646,2026-07-14,RECHARGE,Recharge amount not reflected,MEDIUM,RESOLVED
CP000610,C000159,2025-12-31,SIM,SIM not working,HIGH,RESOLVED
CP000611,C000090,2026-02-28,OTHER,Service related issue,MEDIUM,IN_PROGRESS
CP000612,C000846,2026-08-18,NETWORK,Slow internet,CRITICAL,RESOLVED
CP000613,C000547,2025-11-23,RECHARGE,Recharge failed,MEDIUM,RESOLVED
CP000614,C000920,2025-10-16,SIM,SIM replacement request,MEDIUM,OPEN
CP000615,C000423,2025-12-06,BILLING,Unexpected charge,LOW,OPEN
CP000616,C000430,2026-04-27,RECHARGE,Recharge failed,LOW,OPEN
CP000617,C000769,2026-08-04,PLAN,Plan activation issue,LOW,OPEN
CP000618,C000001,2025-11-30,SIM,SIM activation issue,MEDIUM,CLOSED
CP000619,C000789,2026-02-25,SIM,SIM replacement request,CRITICAL,RESOLVED
CP000620,C000687,2026-04-03,OTHER,General complaint,MEDIUM,OPEN
CP000621,C000382,2025-10-27,NETWORK,Poor network coverage,MEDIUM,CLOSED
CP000622,C000686,2026-06-15,SIM,SIM replacement request,LOW,OPEN
CP000623,C000942,2026-03-18,BILLING,Billing issue,LOW,IN_PROGRESS
CP000624,C000536,2026-05-16,SIM,SIM not working,CRITICAL,OPEN
CP000625,C000243,2026-05-13,SIM,SIM replacement request,MEDIUM,IN_PROGRESS
CP000626,C000434,2025-12-15,BILLING,Unexpected charge,CRITICAL,CLOSED
CP000627,C000953,2026-02-10,OTHER,Service related issue,LOW,IN_PROGRESS
CP000628,C000706,2026-07-19,PLAN,Plan activation issue,HIGH,IN_PROGRESS
CP000629,C000003,2026-07-28,PLAN,Plan benefits not received,LOW,CLOSED
CP000630,C000605,2026-03-02,NETWORK,Internet not working,HIGH,CLOSED
CP000631,C000959,2026-05-29,OTHER,General complaint,CRITICAL,CLOSED
CP000632,C000842,2026-02-08,NETWORK,Poor network coverage,MEDIUM,IN_PROGRESS
CP000633,C000579,2026-03-31,RECHARGE,Recharge amount not reflected,HIGH,CLOSED
CP000634,C000908,2025-10-21,RECHARGE,Recharge failed,MEDIUM,IN_PROGRESS
CP000635,C000233,2025-11-13,BILLING,Incorrect bill amount,LOW,RESOLVED
CP000636,C000507,2026-06-23,OTHER,Service related issue,MEDIUM,RESOLVED
CP000637,C000883,2026-06-09,NETWORK,Internet not working,MEDIUM,IN_PROGRESS
CP000638,C000842,2026-02-24,SIM,SIM not working,MEDIUM,RESOLVED
CP000639,C000035,2025-10-30,SIM,SIM not working,CRITICAL,CLOSED
CP000640,C000444,2026-04-17,OTHER,General complaint,HIGH,CLOSED
CP000641,C000171,2026-08-12,NETWORK,Slow internet,CRITICAL,IN_PROGRESS
CP000642,C000648,2026-05-27,PLAN,Plan related query,MEDIUM,OPEN
CP000643,C000481,2026-07-13,RECHARGE,Recharge failed,CRITICAL,CLOSED
CP000644,C000160,2026-01-14,NETWORK,Network issue,LOW,CLOSED
CP000645,C000240,2026-05-06,BILLING,Unexpected charge,LOW,OPEN
CP000646,C000126,2026-09-19,RECHARGE,Recharge amount not reflected,HIGH,CLOSED
CP000647,C000061,2025-12-10,RECHARGE,Recharge amount not reflected,LOW,IN_PROGRESS
CP000648,C000802,2025-11-13,SIM,SIM replacement request,HIGH,CLOSED
CP000649,C000330,2025-12-17,PLAN,Plan benefits not received,MEDIUM,RESOLVED
CP000650,C000915,2026-06-14,NETWORK,Slow internet,HIGH,IN_PROGRESS
CP000651,C000509,2026-03-01,BILLING,Billing issue,LOW,OPEN
CP000652,C000151,2026-07-28,NETWORK,Internet not working,LOW,OPEN
CP000653,C000391,2025-10-22,NETWORK,Network issue,HIGH,CLOSED
CP000654,C000252,2026-01-09,PLAN,Plan related query,CRITICAL,IN_PROGRESS
CP000655,C000286,2025-11-01,PLAN,Plan related query,CRITICAL,RESOLVED
CP000656,C000207,2026-07-28,PLAN,Plan benefits not received,MEDIUM,IN_PROGRESS
CP000657,C000177,2026-07-30,NETWORK,Poor network coverage,MEDIUM,RESOLVED
CP000658,C000197,2026-07-23,RECHARGE,Recharge issue,MEDIUM,IN_PROGRESS
CP000659,C000702,2026-01-15,RECHARGE,Recharge issue,CRITICAL,OPEN
CP000660,C000934,2026-05-12,NETWORK,Network issue,MEDIUM,RESOLVED
CP000661,C000216,2026-09-17,NETWORK,Internet not working,HIGH,CLOSED
CP000662,C000410,2026-04-02,NETWORK,Internet not working,LOW,RESOLVED
CP000663,C000834,2026-04-04,SIM,SIM activation issue,HIGH,IN_PROGRESS
CP000664,C000939,2026-01-31,BILLING,Billing issue,CRITICAL,IN_PROGRESS
CP000665,C000599,2026-01-01,SIM,SIM replacement request,LOW,IN_PROGRESS
CP000666,C000710,2026-04-17,OTHER,Service related issue,MEDIUM,RESOLVED
CP000667,C000107,2026-06-11,RECHARGE,Recharge failed,HIGH,CLOSED
CP000668,C000101,2026-04-06,NETWORK,Internet not working,LOW,CLOSED
CP000669,C000823,2025-11-04,OTHER,Service related issue,HIGH,CLOSED
CP000670,C000575,2025-12-19,SIM,SIM activation issue,MEDIUM,IN_PROGRESS
CP000671,C000283,2026-07-28,RECHARGE,Recharge issue,HIGH,OPEN
CP000672,C000805,2026-08-30,BILLING,Unexpected charge,MEDIUM,RESOLVED
CP000673,C000458,2026-09-07,SIM,SIM activation issue,LOW,IN_PROGRESS
CP000674,C000470,2025-09-26,SIM,SIM activation issue,LOW,OPEN
CP000675,C000849,2026-06-24,PLAN,Plan activation issue,LOW,IN_PROGRESS
CP000676,C000269,2026-08-15,BILLING,Incorrect bill amount,MEDIUM,CLOSED
CP000677,C000218,2025-11-20,BILLING,Unexpected charge,MEDIUM,IN_PROGRESS
CP000678,C000065,2025-10-15,SIM,SIM activation issue,MEDIUM,OPEN
CP000679,C000067,2025-12-30,NETWORK,Network issue,MEDIUM,IN_PROGRESS
CP000680,C000963,2026-04-22,OTHER,Service related issue,MEDIUM,IN_PROGRESS
CP000681,C000629,2026-02-10,OTHER,Other issue,CRITICAL,OPEN
CP000682,C000531,2025-12-15,BILLING,Billing issue,CRITICAL,OPEN
CP000683,C000934,2026-08-29,BILLING,Unexpected charge,CRITICAL,OPEN
CP000684,C000633,2026-09-18,SIM,SIM not working,LOW,CLOSED
CP000685,C000156,2026-08-27,RECHARGE,Recharge amount not reflected,HIGH,RESOLVED
CP000686,C000569,2025-12-13,SIM,SIM not working,MEDIUM,OPEN
CP000687,C000907,2025-10-20,PLAN,Plan benefits not received,MEDIUM,RESOLVED
CP000688,C000320,2026-07-23,RECHARGE,Recharge amount not reflected,HIGH,OPEN
CP000689,C000498,2026-02-25,NETWORK,Poor network coverage,HIGH,IN_PROGRESS
CP000690,C000623,2025-11-18,OTHER,Other issue,MEDIUM,RESOLVED
CP000691,C000202,2025-09-28,OTHER,Other issue,HIGH,OPEN
CP000692,C000694,2026-08-12,RECHARGE,Recharge amount not reflected,CRITICAL,IN_PROGRESS
CP000693,C000417,2026-05-21,OTHER,Other issue,HIGH,OPEN
CP000694,C000568,2026-04-05,SIM,SIM activation issue,CRITICAL,IN_PROGRESS
CP000695,C000165,2026-01-05,NETWORK,Network issue,CRITICAL,CLOSED
CP000696,C000621,2025-12-17,OTHER,General complaint,HIGH,IN_PROGRESS
CP000697,C000597,2025-11-03,PLAN,Plan benefits not received,MEDIUM,CLOSED
CP000698,C000536,2026-08-12,RECHARGE,Recharge failed,LOW,CLOSED
CP000699,C000044,2026-05-06,PLAN,Plan benefits not received,LOW,RESOLVED
CP000700,C000905,2026-01-10,BILLING,Incorrect bill amount,CRITICAL,IN_PROGRESS
CP000701,C000570,2025-11-11,SIM,SIM not working,HIGH,RESOLVED
CP000702,C000686,2026-05-31,NETWORK,Network issue,MEDIUM,IN_PROGRESS
CP000703,C000613,2026-07-25,PLAN,Plan activation issue,LOW,IN_PROGRESS
CP000704,C000886,2026-03-20,SIM,SIM replacement request,LOW,OPEN
CP000705,C000394,2026-08-31,OTHER,Other issue,MEDIUM,IN_PROGRESS
CP000706,C000683,2025-10-21,RECHARGE,Recharge issue,MEDIUM,RESOLVED
CP000707,C000745,2026-02-21,SIM,SIM activation issue,HIGH,CLOSED
CP000708,C000265,2026-08-21,OTHER,Service related issue,HIGH,OPEN
CP000709,C000260,2025-09-30,NETWORK,Internet not working,CRITICAL,RESOLVED
CP000710,C000460,2026-01-27,OTHER,General complaint,LOW,RESOLVED
CP000711,C000230,2026-01-21,RECHARGE,Recharge issue,MEDIUM,RESOLVED
CP000712,C000712,2026-05-01,NETWORK,Slow internet,MEDIUM,IN_PROGRESS
CP000713,C000351,2025-10-16,SIM,SIM not working,HIGH,OPEN
CP000714,C000466,2026-03-30,OTHER,Service related issue,MEDIUM,CLOSED
CP000715,C000150,2026-05-09,BILLING,Unexpected charge,LOW,IN_PROGRESS
CP000716,C000398,2026-02-22,NETWORK,Poor network coverage,MEDIUM,IN_PROGRESS
CP000717,C000355,2025-11-23,RECHARGE,Recharge failed,MEDIUM,CLOSED
CP000718,C000759,2026-08-19,RECHARGE,Recharge failed,HIGH,OPEN
CP000719,C000712,2026-05-31,OTHER,Service related issue,LOW,CLOSED
CP000720,C000733,2025-11-23,SIM,SIM not working,HIGH,IN_PROGRESS
CP000721,C000718,2025-10-12,NETWORK,Internet not working,MEDIUM,RESOLVED
CP000722,C000823,2026-03-26,SIM,SIM not working,MEDIUM,IN_PROGRESS
CP000723,C000335,2026-04-29,PLAN,Plan related query,HIGH,RESOLVED
CP000724,C000227,2026-07-17,RECHARGE,Recharge issue,CRITICAL,RESOLVED
CP000725,C000321,2025-12-07,NETWORK,Slow internet,MEDIUM,RESOLVED
CP000726,C000410,2026-05-15,NETWORK,Internet not working,HIGH,IN_PROGRESS
CP000727,C000797,2026-07-30,OTHER,General complaint,MEDIUM,CLOSED
CP000728,C000300,2026-09-15,BILLING,Billing issue,CRITICAL,RESOLVED
CP000729,C000161,2026-06-07,SIM,SIM replacement request,HIGH,RESOLVED
CP000730,C000768,2026-03-05,OTHER,Other issue,HIGH,RESOLVED
CP000731,C000510,2025-12-18,PLAN,Plan benefits not received,LOW,CLOSED
CP000732,C000951,2026-06-13,RECHARGE,Recharge amount not reflected,HIGH,OPEN
CP000733,C000302,2026-09-22,OTHER,General complaint,HIGH,IN_PROGRESS
CP000734,C000740,2026-08-02,PLAN,Plan activation issue,HIGH,IN_PROGRESS
CP000735,C000292,2026-05-07,RECHARGE,Recharge issue,MEDIUM,CLOSED
CP000736,C000158,2026-09-09,SIM,SIM activation issue,CRITICAL,CLOSED
CP000737,C000933,2026-01-01,OTHER,General complaint,LOW,RESOLVED
CP000738,C000779,2026-02-25,PLAN,Plan benefits not received,CRITICAL,OPEN
CP000739,C000871,2026-06-30,RECHARGE,Recharge issue,LOW,RESOLVED
CP000740,C000453,2026-01-30,SIM,SIM replacement request,CRITICAL,RESOLVED
CP000741,C000414,2025-12-18,OTHER,General complaint,LOW,OPEN
CP000742,C000132,2025-10-03,SIM,SIM activation issue,MEDIUM,RESOLVED
CP000743,C000446,2026-02-28,PLAN,Plan activation issue,CRITICAL,OPEN
CP000744,C000794,2026-09-12,PLAN,Plan benefits not received,MEDIUM,OPEN
CP000745,C000950,2025-12-12,SIM,SIM replacement request,CRITICAL,CLOSED
CP000746,C000902,2026-06-15,SIM,SIM not working,HIGH,IN_PROGRESS
CP000747,C000864,2026-05-26,PLAN,Plan activation issue,MEDIUM,RESOLVED
CP000748,C000277,2026-03-18,SIM,SIM replacement request,HIGH,OPEN
CP000749,C000056,2026-02-28,NETWORK,Poor network coverage,HIGH,IN_PROGRESS
CP000750,C000203,2025-12-01,OTHER,Other issue,MEDIUM,OPEN
CP000751,C000588,2026-08-31,NETWORK,Poor network coverage,MEDIUM,OPEN
CP000752,C000032,2025-12-05,RECHARGE,Recharge failed,HIGH,CLOSED
CP000753,C000835,2025-12-11,OTHER,General complaint,HIGH,IN_PROGRESS
CP000754,C000293,2026-09-04,OTHER,General complaint,MEDIUM,OPEN
CP000755,C000551,2026-01-08,BILLING,Billing issue,CRITICAL,IN_PROGRESS
CP000756,C000004,2026-03-10,SIM,SIM replacement request,CRITICAL,CLOSED
CP000757,C000045,2026-05-21,NETWORK,Slow internet,MEDIUM,CLOSED
CP000758,C000045,2025-09-28,BILLING,Unexpected charge,CRITICAL,CLOSED
CP000759,C000421,2026-01-18,SIM,SIM not working,MEDIUM,RESOLVED
CP000760,C000394,2025-11-14,BILLING,Unexpected charge,HIGH,CLOSED
CP000761,C000455,2026-07-18,BILLING,Incorrect bill amount,HIGH,CLOSED
CP000762,C000635,2026-08-30,RECHARGE,Recharge amount not reflected,LOW,RESOLVED
CP000763,C000918,2026-07-07,SIM,SIM not working,CRITICAL,IN_PROGRESS
CP000764,C000613,2026-01-07,BILLING,Billing issue,MEDIUM,IN_PROGRESS
CP000765,C000696,2025-10-25,SIM,SIM replacement request,MEDIUM,IN_PROGRESS
CP000766,C000822,2026-06-09,PLAN,Plan benefits not received,MEDIUM,RESOLVED
CP000767,C000024,2025-10-22,NETWORK,Network issue,MEDIUM,CLOSED
CP000768,C000356,2025-10-27,PLAN,Plan related query,CRITICAL,OPEN
CP000769,C000751,2026-08-22,BILLING,Incorrect bill amount,LOW,OPEN
CP000770,C000453,2026-04-30,PLAN,Plan benefits not received,MEDIUM,CLOSED
CP000771,C000958,2026-07-13,SIM,SIM not working,CRITICAL,IN_PROGRESS
CP000772,C000298,2026-04-24,RECHARGE,Recharge issue,LOW,RESOLVED
CP000773,C000226,2025-12-04,SIM,SIM not working,MEDIUM,CLOSED
CP000774,C000719,2026-08-06,BILLING,Billing issue,MEDIUM,CLOSED
CP000775,C000062,2025-10-27,RECHARGE,Recharge failed,LOW,OPEN
CP000776,C000590,2025-12-05,OTHER,General complaint,LOW,OPEN
CP000777,C000449,2026-02-27,OTHER,Other issue,MEDIUM,RESOLVED
CP000778,C000716,2026-06-26,OTHER,Service related issue,CRITICAL,RESOLVED
CP000779,C000216,2025-10-10,NETWORK,Internet not working,CRITICAL,OPEN
CP000780,C000114,2026-06-16,OTHER,General complaint,MEDIUM,OPEN
CP000781,C000405,2026-05-25,PLAN,Plan activation issue,CRITICAL,CLOSED
CP000782,C000776,2026-05-04,PLAN,Plan related query,CRITICAL,CLOSED
CP000783,C000962,2026-07-31,RECHARGE,Recharge amount not reflected,CRITICAL,CLOSED
CP000784,C000859,2026-03-27,SIM,SIM replacement request,MEDIUM,CLOSED
CP000785,C000833,2026-03-04,OTHER,Service related issue,CRITICAL,IN_PROGRESS
CP000786,C000202,2026-07-02,NETWORK,Network issue,CRITICAL,OPEN
CP000787,C000698,2026-01-03,BILLING,Billing issue,MEDIUM,IN_PROGRESS
CP000788,C000900,2026-07-23,PLAN,Plan benefits not received,CRITICAL,IN_PROGRESS
CP000789,C000805,2025-09-29,OTHER,Service related issue,CRITICAL,RESOLVED
CP000790,C000916,2025-09-24,BILLING,Unexpected charge,MEDIUM,CLOSED
CP000791,C000402,2025-10-18,PLAN,Plan benefits not received,MEDIUM,CLOSED
CP000792,C000551,2026-03-27,NETWORK,Internet not working,MEDIUM,CLOSED
CP000793,C000013,2026-08-14,BILLING,Unexpected charge,HIGH,CLOSED
CP000794,C000489,2025-10-31,RECHARGE,Recharge amount not reflected,LOW,RESOLVED
CP000795,C000566,2026-06-28,PLAN,Plan benefits not received,MEDIUM,CLOSED
CP000796,C000265,2026-04-14,NETWORK,Internet not working,CRITICAL,CLOSED
CP000797,C000639,2026-01-28,BILLING,Unexpected charge,CRITICAL,OPEN
CP000798,C000193,2026-09-05,BILLING,Incorrect bill amount,CRITICAL,OPEN
CP000799,C000027,2026-03-30,OTHER,Other issue,LOW,IN_PROGRESS
CP000800,C000968,2026-02-04,SIM,SIM not working,LOW,IN_PROGRESS
CP000801,C000085,2026-04-29,SIM,SIM not working,LOW,OPEN
CP000802,C000690,2025-11-29,RECHARGE,Recharge issue,LOW,OPEN
CP000803,C000258,2026-05-16,NETWORK,Poor network coverage,HIGH,OPEN
CP000804,C000625,2026-03-12,PLAN,Plan benefits not received,LOW,CLOSED
CP000805,C000316,2026-07-31,PLAN,Plan benefits not received,LOW,IN_PROGRESS
CP000806,C000203,2026-07-18,OTHER,Service related issue,HIGH,CLOSED
CP000807,C000646,2025-12-16,SIM,SIM not working,MEDIUM,OPEN
CP000808,C000559,2026-02-02,BILLING,Incorrect bill amount,MEDIUM,RESOLVED
CP000809,C000669,2026-08-27,OTHER,Other issue,LOW,IN_PROGRESS
CP000810,C000674,2026-06-26,SIM,SIM activation issue,MEDIUM,RESOLVED
CP000811,C000168,2026-01-11,OTHER,Service related issue,LOW,OPEN
CP000812,C000261,2026-05-16,RECHARGE,Recharge amount not reflected,LOW,CLOSED
CP000813,C000927,2026-02-24,PLAN,Plan benefits not received,MEDIUM,CLOSED
CP000814,C000397,2026-07-19,PLAN,Plan related query,LOW,OPEN
CP000815,C000243,2025-12-08,RECHARGE,Recharge amount not reflected,HIGH,RESOLVED
CP000816,C000673,2026-07-09,PLAN,Plan activation issue,HIGH,IN_PROGRESS
CP000817,C000440,2026-08-08,SIM,SIM activation issue,LOW,OPEN
CP000818,C000147,2026-08-05,NETWORK,Internet not working,HIGH,IN_PROGRESS
CP000819,C000169,2026-06-09,SIM,SIM replacement request,MEDIUM,OPEN
CP000820,C000458,2026-09-20,SIM,SIM replacement request,MEDIUM,RESOLVED
CP000821,C000445,2026-04-19,RECHARGE,Recharge amount not reflected,MEDIUM,IN_PROGRESS
CP000822,C000515,2026-01-25,OTHER,Other issue,MEDIUM,CLOSED
CP000823,C000920,2026-05-31,RECHARGE,Recharge amount not reflected,CRITICAL,IN_PROGRESS
CP000824,C000428,2025-11-28,RECHARGE,Recharge failed,MEDIUM,OPEN
CP000825,C000372,2026-01-17,NETWORK,Internet not working,MEDIUM,OPEN
CP000826,C000866,2026-05-18,RECHARGE,Recharge amount not reflected,HIGH,OPEN
CP000827,C000680,2026-06-30,RECHARGE,Recharge issue,MEDIUM,CLOSED
CP000828,C000680,2026-08-06,BILLING,Billing issue,CRITICAL,OPEN
CP000829,C000367,2025-10-21,SIM,SIM not working,CRITICAL,CLOSED
CP000830,C000555,2026-02-17,PLAN,Plan activation issue,CRITICAL,OPEN
CP000831,C000569,2025-09-24,NETWORK,Poor network coverage,MEDIUM,CLOSED
CP000832,C000767,2026-01-17,NETWORK,Slow internet,MEDIUM,OPEN
CP000833,C000115,2025-12-15,PLAN,Plan activation issue,HIGH,RESOLVED
CP000834,C000404,2026-07-28,RECHARGE,Recharge issue,MEDIUM,OPEN
CP000835,C000448,2026-02-06,OTHER,Service related issue,LOW,IN_PROGRESS
CP000836,C000492,2026-08-23,BILLING,Unexpected charge,LOW,RESOLVED
CP000837,C000597,2026-07-14,OTHER,Other issue,CRITICAL,IN_PROGRESS
CP000838,C000345,2026-05-16,RECHARGE,Recharge amount not reflected,CRITICAL,CLOSED
CP000839,C000403,2026-02-06,NETWORK,Slow internet,MEDIUM,RESOLVED
CP000840,C000952,2026-08-13,NETWORK,Poor network coverage,MEDIUM,RESOLVED
CP000841,C000487,2026-09-11,SIM,SIM replacement request,CRITICAL,CLOSED
CP000842,C000653,2026-03-05,BILLING,Billing issue,CRITICAL,OPEN
CP000843,C000853,2026-02-06,SIM,SIM activation issue,HIGH,CLOSED
CP000844,C000061,2026-03-18,BILLING,Billing issue,LOW,CLOSED
CP000845,C000315,2026-09-22,SIM,SIM replacement request,MEDIUM,RESOLVED
CP000846,C000161,2025-11-20,RECHARGE,Recharge failed,CRITICAL,CLOSED
CP000847,C000624,2025-10-29,OTHER,General complaint,CRITICAL,OPEN
CP000848,C000122,2025-12-24,BILLING,Billing issue,HIGH,IN_PROGRESS
CP000849,C000582,2026-06-01,OTHER,Other issue,LOW,CLOSED
CP000850,C000636,2026-05-17,OTHER,Other issue,CRITICAL,IN_PROGRESS
CP000851,C000946,2025-12-16,BILLING,Unexpected charge,MEDIUM,RESOLVED
CP000852,C000903,2026-03-23,NETWORK,Slow internet,LOW,IN_PROGRESS
CP000853,C000542,2026-09-08,BILLING,Unexpected charge,MEDIUM,OPEN
CP000854,C000573,2026-09-13,SIM,SIM replacement request,CRITICAL,RESOLVED
CP000855,C000719,2025-12-26,SIM,SIM replacement request,MEDIUM,RESOLVED
CP000856,C000449,2026-03-15,OTHER,Other issue,MEDIUM,CLOSED
CP000857,C000470,2025-12-10,BILLING,Unexpected charge,CRITICAL,CLOSED
CP000858,C000019,2026-05-14,OTHER,Service related issue,LOW,IN_PROGRESS
CP000859,C000831,2026-03-31,PLAN,Plan activation issue,HIGH,CLOSED
CP000860,C000055,2026-01-07,PLAN,Plan activation issue,MEDIUM,RESOLVED
CP000861,C000083,2025-10-09,NETWORK,Network issue,MEDIUM,RESOLVED
CP000862,C000786,2025-10-18,PLAN,Plan related query,MEDIUM,CLOSED
CP000863,C000629,2026-02-11,SIM,SIM activation issue,CRITICAL,CLOSED
CP000864,C000923,2026-03-02,OTHER,General complaint,LOW,CLOSED
CP000865,C000066,2026-05-13,PLAN,Plan activation issue,HIGH,RESOLVED
CP000866,C000135,2026-07-07,OTHER,Other issue,LOW,IN_PROGRESS
CP000867,C000107,2026-02-22,PLAN,Plan activation issue,LOW,CLOSED
CP000868,C000621,2026-02-09,NETWORK,Internet not working,HIGH,IN_PROGRESS
CP000869,C000468,2025-12-06,SIM,SIM activation issue,HIGH,IN_PROGRESS
CP000870,C000101,2026-08-10,NETWORK,Poor network coverage,HIGH,RESOLVED
CP000871,C000126,2026-07-13,SIM,SIM replacement request,HIGH,RESOLVED
CP000872,C000724,2026-03-31,SIM,SIM activation issue,HIGH,RESOLVED
CP000873,C000823,2026-06-08,OTHER,Other issue,MEDIUM,CLOSED
CP000874,C000871,2025-10-24,RECHARGE,Recharge failed,CRITICAL,CLOSED
CP000875,C000796,2025-11-18,BILLING,Incorrect bill amount,MEDIUM,RESOLVED
CP000876,C000142,2026-08-04,OTHER,Other issue,CRITICAL,IN_PROGRESS
CP000877,C000375,2026-05-01,OTHER,Service related issue,CRITICAL,CLOSED
CP000878,C000397,2026-05-17,BILLING,Incorrect bill amount,LOW,RESOLVED
CP000879,C000070,2026-08-16,NETWORK,Poor network coverage,MEDIUM,IN_PROGRESS
CP000880,C000205,2026-01-03,PLAN,Plan activation issue,MEDIUM,CLOSED
CP000881,C000818,2026-01-02,OTHER,Service related issue,MEDIUM,CLOSED
CP000882,C000840,2026-04-06,SIM,SIM not working,MEDIUM,OPEN
CP000883,C000607,2026-02-06,SIM,SIM activation issue,MEDIUM,IN_PROGRESS
CP000884,C000371,2026-02-14,RECHARGE,Recharge issue,MEDIUM,IN_PROGRESS
CP000885,C000689,2026-05-29,SIM,SIM not working,MEDIUM,OPEN
CP000886,C000174,2025-10-13,OTHER,Other issue,MEDIUM,OPEN
CP000887,C000379,2026-08-02,BILLING,Incorrect bill amount,HIGH,OPEN
CP000888,C000193,2026-08-14,BILLING,Unexpected charge,HIGH,OPEN
CP000889,C000155,2025-10-23,RECHARGE,Recharge issue,CRITICAL,RESOLVED
CP000890,C000299,2026-03-09,PLAN,Plan related query,CRITICAL,OPEN
CP000891,C000367,2026-01-29,RECHARGE,Recharge failed,MEDIUM,OPEN
CP000892,C000225,2025-12-28,OTHER,Service related issue,HIGH,OPEN
CP000893,C000947,2025-11-04,PLAN,Plan activation issue,HIGH,CLOSED
CP000894,C000184,2026-06-30,NETWORK,Network issue,HIGH,OPEN
CP000895,C000372,2025-12-18,OTHER,Other issue,LOW,OPEN
CP000896,C000166,2026-05-28,SIM,SIM not working,MEDIUM,CLOSED
CP000897,C000062,2026-02-26,SIM,SIM not working,HIGH,CLOSED
CP000898,C000935,2026-07-17,SIM,SIM not working,MEDIUM,OPEN
CP000899,C000849,2026-03-29,OTHER,Service related issue,LOW,OPEN
CP000900,C000425,2025-10-16,PLAN,Plan benefits not received,HIGH,OPEN
CP000901,C000579,2026-07-12,PLAN,Plan related query,CRITICAL,OPEN
CP000902,C000123,2025-12-13,OTHER,Service related issue,MEDIUM,RESOLVED
CP000903,C000469,2026-07-03,RECHARGE,Recharge issue,MEDIUM,RESOLVED
CP000904,C000892,2026-08-20,BILLING,Billing issue,MEDIUM,IN_PROGRESS
CP000905,C000661,2025-10-24,SIM,SIM not working,HIGH,IN_PROGRESS
CP000906,C000797,2026-03-22,NETWORK,Network issue,MEDIUM,RESOLVED
CP000907,C000329,2026-06-28,RECHARGE,Recharge issue,HIGH,IN_PROGRESS
CP000908,C000906,2026-04-20,BILLING,Billing issue,HIGH,OPEN
CP000909,C000797,2026-05-06,SIM,SIM activation issue,MEDIUM,RESOLVED
CP000910,C000300,2026-08-29,BILLING,Unexpected charge,MEDIUM,OPEN
CP000911,C000394,2026-06-08,NETWORK,Poor network coverage,CRITICAL,CLOSED
CP000912,C000369,2026-01-08,RECHARGE,Recharge failed,MEDIUM,OPEN
CP000913,C000031,2026-08-09,OTHER,Service related issue,MEDIUM,CLOSED
CP000914,C000512,2025-11-26,SIM,SIM activation issue,MEDIUM,RESOLVED
CP000915,C000195,2026-01-05,SIM,SIM not working,LOW,OPEN
CP000916,C000972,2026-07-26,PLAN,Plan activation issue,MEDIUM,OPEN
CP000917,C000611,2026-06-25,PLAN,Plan activation issue,HIGH,OPEN
CP000918,C000835,2026-08-10,PLAN,Plan related query,CRITICAL,IN_PROGRESS
CP000919,C000040,2025-09-26,RECHARGE,Recharge issue,MEDIUM,OPEN
CP000920,C000804,2026-09-03,RECHARGE,Recharge issue,MEDIUM,IN_PROGRESS
CP000921,C000513,2026-01-24,BILLING,Incorrect bill amount,HIGH,IN_PROGRESS
CP000922,C000178,2026-09-12,NETWORK,Poor network coverage,MEDIUM,OPEN
CP000923,C000507,2026-06-03,NETWORK,Internet not working,MEDIUM,CLOSED
CP000924,C000784,2026-02-26,NETWORK,Internet not working,HIGH,OPEN
CP000925,C000668,2026-04-19,RECHARGE,Recharge failed,LOW,OPEN
CP000926,C000692,2026-06-26,SIM,SIM activation issue,MEDIUM,RESOLVED
CP000927,C000145,2025-12-15,BILLING,Billing issue,MEDIUM,CLOSED
CP000928,C000936,2025-09-26,SIM,SIM not working,MEDIUM,IN_PROGRESS
CP000929,C000304,2026-03-01,NETWORK,Network issue,HIGH,IN_PROGRESS
CP000930,C000208,2026-09-16,OTHER,Other issue,MEDIUM,RESOLVED
CP000931,C000746,2026-03-17,PLAN,Plan benefits not received,CRITICAL,CLOSED
CP000932,C000251,2026-05-24,BILLING,Incorrect bill amount,MEDIUM,IN_PROGRESS
CP000933,C000505,2026-06-19,NETWORK,Network issue,CRITICAL,IN_PROGRESS
CP000934,C000333,2026-01-27,SIM,SIM replacement request,MEDIUM,CLOSED
CP000935,C000434,2025-12-03,RECHARGE,Recharge issue,HIGH,OPEN
CP000936,C000554,2026-08-03,OTHER,Service related issue,MEDIUM,CLOSED
CP000937,C000311,2026-04-03,BILLING,Incorrect bill amount,MEDIUM,OPEN
CP000938,C000960,2026-07-25,RECHARGE,Recharge failed,MEDIUM,RESOLVED
CP000939,C000155,2025-11-27,OTHER,Service related issue,CRITICAL,OPEN
CP000940,C000039,2026-03-08,PLAN,Plan activation issue,HIGH,IN_PROGRESS
CP000941,C000239,2025-12-17,PLAN,Plan benefits not received,MEDIUM,OPEN
CP000942,C000199,2025-10-10,OTHER,Service related issue,LOW,CLOSED
CP000943,C000570,2026-08-24,OTHER,Other issue,MEDIUM,CLOSED
CP000944,C000134,2026-07-04,NETWORK,Internet not working,MEDIUM,CLOSED
CP000945,C000168,2026-03-01,OTHER,General complaint,HIGH,OPEN
CP000946,C000198,2025-12-20,SIM,SIM activation issue,MEDIUM,RESOLVED
CP000947,C000740,2026-05-16,OTHER,Service related issue,MEDIUM,CLOSED
CP000948,C000527,2026-01-10,RECHARGE,Recharge amount not reflected,CRITICAL,IN_PROGRESS
CP000949,C000672,2026-07-20,RECHARGE,Recharge issue,LOW,RESOLVED
CP000950,C000207,2026-01-07,OTHER,Other issue,HIGH,OPEN
CP000951,C000677,2026-01-02,SIM,SIM replacement request,CRITICAL,IN_PROGRESS
CP000952,C000282,2025-10-24,SIM,SIM replacement request,CRITICAL,OPEN
CP000953,C000247,2025-11-30,BILLING,Unexpected charge,MEDIUM,RESOLVED
CP000954,C000524,2026-08-13,PLAN,Plan related query,MEDIUM,OPEN
CP000955,C000638,2025-09-23,OTHER,Other issue,MEDIUM,IN_PROGRESS
CP000956,C000704,2025-10-03,OTHER,General complaint,HIGH,CLOSED
CP000957,C000932,2026-08-01,RECHARGE,Recharge failed,HIGH,IN_PROGRESS
CP000958,C000533,2026-09-16,OTHER,Other issue,CRITICAL,OPEN
CP000959,C000476,2026-02-19,OTHER,General complaint,CRITICAL,IN_PROGRESS
CP000960,C000090,2025-12-29,SIM,SIM activation issue,LOW,OPEN
CP000961,C000796,2026-02-18,PLAN,Plan activation issue,MEDIUM,OPEN
CP000962,C000144,2026-07-08,PLAN,Plan benefits not received,HIGH,CLOSED
CP000963,C000936,2026-07-09,OTHER,Service related issue,MEDIUM,OPEN
CP000964,C000528,2025-10-04,BILLING,Unexpected charge,HIGH,CLOSED
CP000965,C000873,2025-11-17,PLAN,Plan benefits not received,MEDIUM,RESOLVED
CP000966,C000205,2026-02-07,BILLING,Unexpected charge,MEDIUM,CLOSED
CP000967,C000418,2025-09-29,BILLING,Incorrect bill amount,LOW,IN_PROGRESS
CP000968,C000363,2026-08-20,SIM,SIM activation issue,MEDIUM,OPEN
CP000969,C000759,2026-04-17,PLAN,Plan related query,MEDIUM,RESOLVED
CP000970,C000002,2026-08-08,NETWORK,Network issue,MEDIUM,CLOSED
CP000971,C000932,2026-09-14,SIM,SIM replacement request,CRITICAL,OPEN
CP000972,C000620,2026-01-18,SIM,SIM activation issue,MEDIUM,IN_PROGRESS
CP000973,C000031,2025-11-13,RECHARGE,Recharge issue,LOW,OPEN
CP000974,C000444,2026-05-20,BILLING,Unexpected charge,MEDIUM,IN_PROGRESS
CP000975,C000964,2026-01-10,OTHER,General complaint,HIGH,RESOLVED
CP000976,C000819,2026-08-02,NETWORK,Slow internet,MEDIUM,IN_PROGRESS
CP000977,C000028,2026-05-11,BILLING,Incorrect bill amount,HIGH,IN_PROGRESS
CP000978,C000326,2025-12-28,NETWORK,Poor network coverage,MEDIUM,OPEN
CP000979,C000426,2026-05-13,RECHARGE,Recharge issue,MEDIUM,RESOLVED
CP000980,C000153,2025-12-29,NETWORK,Slow internet,HIGH,IN_PROGRESS
CP000981,C000612,2026-01-21,NETWORK,Poor network coverage,CRITICAL,IN_PROGRESS
CP000982,C000777,2026-03-27,NETWORK,Internet not working,MEDIUM,RESOLVED
CP000983,C000170,2026-02-25,OTHER,Other issue,MEDIUM,OPEN
CP000984,C000877,2026-04-10,PLAN,Plan activation issue,LOW,CLOSED
CP000985,C000392,2025-10-14,SIM,SIM activation issue,HIGH,OPEN
CP000986,C000487,2026-08-20,BILLING,Incorrect bill amount,MEDIUM,RESOLVED
CP000987,C000269,2026-05-03,SIM,SIM activation issue,MEDIUM,IN_PROGRESS
CP000988,C000538,2025-10-21,PLAN,Plan benefits not received,HIGH,CLOSED
CP000989,C000271,2025-12-04,PLAN,Plan related query,HIGH,CLOSED
CP000990,C000556,2025-12-21,NETWORK,Slow internet,HIGH,CLOSED
CP000991,C000660,2026-03-23,NETWORK,Poor network coverage,HIGH,OPEN
CP000992,C000401,2025-12-01,PLAN,Plan activation issue,MEDIUM,IN_PROGRESS
CP000993,C000680,2026-05-18,RECHARGE,Recharge failed,MEDIUM,RESOLVED
CP000994,C000480,2025-12-14,PLAN,Plan related query,HIGH,OPEN
CP000995,C000578,2026-03-04,OTHER,Service related issue,MEDIUM,IN_PROGRESS
CP000996,C000298,2026-07-20,BILLING,Incorrect bill amount,MEDIUM,CLOSED
CP000997,C000863,2025-11-06,SIM,SIM activation issue,LOW,IN_PROGRESS
CP000998,C000339,2026-01-21,NETWORK,Poor network coverage,LOW,RESOLVED
CP000999,C000234,2026-01-21,BILLING,Billing issue,MEDIUM,CLOSED
CP001000,C000073,2025-12-28,NETWORK,Network issue,MEDIUM,OPEN
CP001001,C000607,2025-11-08,OTHER,General complaint,CRITICAL,RESOLVED
CP001002,C000268,2026-05-20,RECHARGE,Recharge issue,LOW,RESOLVED
CP001003,C000819,2025-12-21,BILLING,Unexpected charge,HIGH,IN_PROGRESS
CP001004,C000418,2026-02-18,NETWORK,Poor network coverage,MEDIUM,IN_PROGRESS
CP001005,C000700,2026-04-30,BILLING,Billing issue,LOW,OPEN
CP001006,C000170,2025-12-11,RECHARGE,Recharge issue,LOW,IN_PROGRESS
CP001007,C000372,2026-07-20,PLAN,Plan benefits not received,CRITICAL,OPEN
CP001008,C000254,2026-09-16,RECHARGE,Recharge issue,LOW,OPEN
CP001009,C000550,2026-07-09,RECHARGE,Recharge issue,MEDIUM,RESOLVED
CP001010,C000907,2026-03-09,PLAN,Plan activation issue,HIGH,OPEN
CP001011,C000970,2026-02-13,OTHER,General complaint,CRITICAL,IN_PROGRESS
CP001012,C000425,2026-08-25,SIM,SIM activation issue,MEDIUM,IN_PROGRESS
CP001013,C000105,2025-12-06,NETWORK,Internet not working,LOW,IN_PROGRESS
CP001014,C000962,2026-07-17,PLAN,Plan related query,LOW,RESOLVED
CP001015,C000898,2026-03-14,SIM,SIM activation issue,MEDIUM,RESOLVED
CP001016,C000135,2025-11-12,RECHARGE,Recharge failed,CRITICAL,OPEN
CP001017,C000467,2025-10-30,OTHER,General complaint,MEDIUM,OPEN
CP001018,C000850,2026-08-27,SIM,SIM replacement request,CRITICAL,CLOSED
CP001019,C000522,2026-01-20,BILLING,Billing issue,HIGH,IN_PROGRESS
CP001020,C000706,2026-05-23,PLAN,Plan related query,LOW,OPEN
CP001021,C000108,2026-01-16,NETWORK,Internet not working,MEDIUM,IN_PROGRESS
CP001022,C000809,2026-07-03,NETWORK,Poor network coverage,LOW,IN_PROGRESS
CP001023,C000646,2026-08-30,BILLING,Unexpected charge,LOW,IN_PROGRESS
CP001024,C000055,2026-01-07,NETWORK,Network issue,MEDIUM,OPEN
CP001025,C000865,2026-09-03,SIM,SIM not working,LOW,CLOSED
CP001026,C000909,2026-07-17,RECHARGE,Recharge issue,MEDIUM,IN_PROGRESS
CP001027,C000638,2026-07-30,PLAN,Plan benefits not received,MEDIUM,CLOSED
CP001028,C000629,2026-09-12,PLAN,Plan activation issue,CRITICAL,OPEN
CP001029,C000914,2025-10-26,RECHARGE,Recharge failed,LOW,CLOSED
CP001030,C000288,2026-01-13,BILLING,Billing issue,MEDIUM,IN_PROGRESS
CP001031,C000457,2026-01-17,OTHER,Service related issue,MEDIUM,RESOLVED
CP001032,C000507,2026-05-24,OTHER,Service related issue,HIGH,IN_PROGRESS
CP001033,C000892,2026-04-03,SIM,SIM activation issue,CRITICAL,RESOLVED
CP001034,C000836,2026-03-31,SIM,SIM not working,HIGH,RESOLVED
CP001035,C000968,2026-07-19,BILLING,Unexpected charge,LOW,OPEN
CP001036,C000282,2026-06-20,PLAN,Plan benefits not received,LOW,RESOLVED
CP001037,C000163,2025-12-31,BILLING,Incorrect bill amount,HIGH,RESOLVED
CP001038,C000960,2026-02-06,SIM,SIM not working,CRITICAL,RESOLVED
CP001039,C000066,2026-06-24,RECHARGE,Recharge failed,HIGH,CLOSED
CP001040,C000091,2025-10-14,NETWORK,Poor network coverage,MEDIUM,OPEN
CP001041,C000577,2026-05-30,RECHARGE,Recharge amount not reflected,CRITICAL,RESOLVED
CP001042,C000851,2026-08-05,NETWORK,Slow internet,LOW,IN_PROGRESS
CP001043,C000709,2026-01-13,PLAN,Plan related query,MEDIUM,OPEN
CP001044,C000709,2025-11-16,PLAN,Plan benefits not received,LOW,CLOSED
CP001045,C000231,2025-12-07,OTHER,Service related issue,HIGH,IN_PROGRESS
CP001046,C000206,2026-03-11,RECHARGE,Recharge issue,CRITICAL,IN_PROGRESS
CP001047,C000425,2026-01-26,NETWORK,Poor network coverage,MEDIUM,CLOSED
CP001048,C000483,2026-02-14,NETWORK,Network issue,MEDIUM,IN_PROGRESS
CP001049,C000521,2026-05-19,SIM,SIM activation issue,MEDIUM,CLOSED
CP001050,C000748,2025-12-05,OTHER,General complaint,MEDIUM,RESOLVED
CP001051,C000499,2026-02-09,OTHER,Service related issue,LOW,OPEN
CP001052,C000215,2026-01-05,PLAN,Plan benefits not received,MEDIUM,CLOSED
CP001053,C000274,2026-02-24,NETWORK,Internet not working,LOW,CLOSED
CP001054,C000720,2026-02-23,RECHARGE,Recharge amount not reflected,CRITICAL,OPEN
CP001055,C000726,2026-01-08,NETWORK,Network issue,MEDIUM,RESOLVED
CP001056,C000072,2026-03-29,OTHER,General complaint,CRITICAL,CLOSED
CP001057,C000640,2026-08-22,RECHARGE,Recharge failed,HIGH,OPEN
CP001058,C000995,2026-02-25,BILLING,Unexpected charge,LOW,RESOLVED
CP001059,C000591,2026-05-24,SIM,SIM activation issue,LOW,IN_PROGRESS
CP001060,C000240,2026-03-26,OTHER,General complaint,MEDIUM,OPEN
CP001061,C000956,2026-03-20,NETWORK,Slow internet,MEDIUM,OPEN
CP001062,C000490,2026-03-07,SIM,SIM replacement request,MEDIUM,CLOSED
CP001063,C000505,2026-09-19,RECHARGE,Recharge issue,LOW,CLOSED
CP001064,C000739,2026-05-04,OTHER,Other issue,MEDIUM,CLOSED
CP001065,C000786,2026-01-15,RECHARGE,Recharge issue,LOW,IN_PROGRESS
CP001066,C000875,2026-09-12,OTHER,General complaint,CRITICAL,IN_PROGRESS
CP001067,C000426,2026-07-17,NETWORK,Network issue,HIGH,IN_PROGRESS
CP001068,C000517,2026-05-07,BILLING,Incorrect bill amount,LOW,CLOSED
CP001069,C000894,2026-08-02,RECHARGE,Recharge failed,LOW,IN_PROGRESS
CP001070,C000910,2026-07-01,PLAN,Plan benefits not received,MEDIUM,IN_PROGRESS
CP001071,C000130,2026-03-17,PLAN,Plan activation issue,MEDIUM,CLOSED
CP001072,C000084,2025-10-25,OTHER,Other issue,MEDIUM,RESOLVED
CP001073,C000814,2026-02-03,BILLING,Billing issue,MEDIUM,RESOLVED
CP001074,C000909,2026-03-02,SIM,SIM activation issue,MEDIUM,OPEN
CP001075,C000019,2025-11-01,NETWORK,Slow internet,CRITICAL,CLOSED
CP001076,C000447,2026-09-21,SIM,SIM not working,HIGH,IN_PROGRESS
CP001077,C000622,2025-10-09,RECHARGE,Recharge failed,MEDIUM,CLOSED
CP001078,C000897,2026-03-05,RECHARGE,Recharge issue,HIGH,RESOLVED
CP001079,C000502,2026-01-16,RECHARGE,Recharge failed,MEDIUM,IN_PROGRESS
CP001080,C000698,2026-04-05,NETWORK,Internet not working,MEDIUM,CLOSED
CP001081,C000590,2026-01-15,OTHER,Service related issue,CRITICAL,IN_PROGRESS
CP001082,C000436,2026-08-17,SIM,SIM not working,MEDIUM,RESOLVED
CP001083,C000985,2025-12-26,SIM,SIM activation issue,LOW,OPEN
CP001084,C000256,2025-12-08,SIM,SIM activation issue,CRITICAL,IN_PROGRESS
CP001085,C000171,2026-05-16,NETWORK,Internet not working,MEDIUM,CLOSED
CP001086,C000236,2026-01-04,RECHARGE,Recharge amount not reflected,LOW,OPEN
CP001087,C000307,2025-11-04,PLAN,Plan benefits not received,HIGH,OPEN
CP001088,C000621,2026-08-07,NETWORK,Network issue,LOW,OPEN
CP001089,C000504,2026-01-04,BILLING,Incorrect bill amount,LOW,CLOSED
CP001090,C000624,2026-08-01,PLAN,Plan related query,MEDIUM,IN_PROGRESS
CP001091,C000443,2026-03-29,SIM,SIM not working,MEDIUM,CLOSED
CP001092,C000204,2026-02-19,BILLING,Incorrect bill amount,LOW,CLOSED
CP001093,C000255,2025-09-30,OTHER,General complaint,MEDIUM,RESOLVED
CP001094,C000771,2026-04-19,BILLING,Incorrect bill amount,LOW,IN_PROGRESS
CP001095,C000275,2026-01-19,PLAN,Plan related query,LOW,IN_PROGRESS
CP001096,C000686,2025-10-31,SIM,SIM replacement request,CRITICAL,RESOLVED
CP001097,C000734,2026-03-26,OTHER,Other issue,CRITICAL,IN_PROGRESS
CP001098,C000679,2026-01-21,OTHER,Other issue,HIGH,RESOLVED
CP001099,C000887,2026-06-02,NETWORK,Network issue,LOW,CLOSED
CP001100,C000215,2025-11-21,RECHARGE,Recharge amount not reflected,CRITICAL,CLOSED
CP001101,C000713,2025-12-11,BILLING,Billing issue,CRITICAL,IN_PROGRESS
CP001102,C000414,2026-06-27,BILLING,Incorrect bill amount,CRITICAL,RESOLVED
CP001103,C000811,2026-09-08,PLAN,Plan activation issue,HIGH,OPEN
CP001104,C000308,2025-10-31,NETWORK,Slow internet,MEDIUM,IN_PROGRESS
CP001105,C000530,2026-09-20,NETWORK,Slow internet,LOW,OPEN
CP001106,C000457,2026-06-26,RECHARGE,Recharge issue,CRITICAL,RESOLVED
CP001107,C000487,2026-05-02,NETWORK,Slow internet,MEDIUM,IN_PROGRESS
CP001108,C000534,2026-05-06,OTHER,Service related issue,MEDIUM,IN_PROGRESS
CP001109,C000024,2026-03-21,PLAN,Plan benefits not received,CRITICAL,RESOLVED
CP001110,C000438,2026-04-21,OTHER,Other issue,CRITICAL,CLOSED
CP001111,C000362,2026-06-21,NETWORK,Network issue,LOW,IN_PROGRESS
CP001112,C000901,2026-07-02,RECHARGE,Recharge amount not reflected,HIGH,CLOSED
CP001113,C000162,2025-10-02,BILLING,Billing issue,MEDIUM,CLOSED
CP001114,C000230,2026-04-17,OTHER,Service related issue,MEDIUM,OPEN
CP001115,C000779,2026-07-23,SIM,SIM activation issue,HIGH,IN_PROGRESS
CP001116,C000940,2026-06-20,RECHARGE,Recharge amount not reflected,CRITICAL,RESOLVED
CP001117,C000510,2026-08-13,BILLING,Unexpected charge,MEDIUM,CLOSED
CP001118,C000907,2026-05-24,PLAN,Plan activation issue,MEDIUM,OPEN
CP001119,C000413,2026-07-10,OTHER,Other issue,HIGH,RESOLVED
CP001120,C000979,2025-10-26,SIM,SIM activation issue,CRITICAL,IN_PROGRESS
CP001121,C000569,2026-03-20,RECHARGE,Recharge issue,HIGH,CLOSED
CP001122,C000207,2026-01-27,PLAN,Plan activation issue,LOW,OPEN
CP001123,C000828,2026-04-12,NETWORK,Internet not working,HIGH,RESOLVED
CP001124,C000697,2026-02-20,BILLING,Incorrect bill amount,LOW,CLOSED
CP001125,C000471,2026-06-08,NETWORK,Internet not working,CRITICAL,IN_PROGRESS
CP001126,C000429,2026-01-28,RECHARGE,Recharge issue,MEDIUM,OPEN
CP001127,C000598,2026-09-07,SIM,SIM activation issue,MEDIUM,OPEN
CP001128,C000395,2026-07-19,NETWORK,Network issue,MEDIUM,RESOLVED
CP001129,C000118,2026-06-07,PLAN,Plan activation issue,MEDIUM,OPEN
CP001130,C000597,2025-12-11,PLAN,Plan related query,MEDIUM,IN_PROGRESS
CP001131,C000858,2026-05-11,BILLING,Billing issue,MEDIUM,OPEN
CP001132,C000033,2026-04-10,RECHARGE,Recharge issue,LOW,IN_PROGRESS
CP001133,C000874,2025-10-24,SIM,SIM not working,CRITICAL,RESOLVED
CP001134,C000243,2026-03-18,NETWORK,Internet not working,MEDIUM,CLOSED
CP001135,C000202,2026-02-18,SIM,SIM replacement request,HIGH,RESOLVED
CP001136,C000187,2025-12-21,RECHARGE,Recharge issue,LOW,RESOLVED
CP001137,C000745,2026-02-25,NETWORK,Network issue,CRITICAL,IN_PROGRESS
CP001138,C000864,2025-12-14,NETWORK,Internet not working,CRITICAL,RESOLVED
CP001139,C000456,2025-10-22,RECHARGE,Recharge issue,CRITICAL,RESOLVED
CP001140,C000090,2026-08-26,OTHER,Other issue,CRITICAL,OPEN
CP001141,C000496,2025-10-17,RECHARGE,Recharge amount not reflected,LOW,OPEN
CP001142,C000078,2025-10-16,RECHARGE,Recharge issue,CRITICAL,CLOSED
CP001143,C000095,2026-08-17,NETWORK,Internet not working,LOW,CLOSED
CP001144,C000527,2026-04-28,OTHER,Other issue,MEDIUM,IN_PROGRESS
CP001145,C000966,2025-12-05,OTHER,Service related issue,MEDIUM,OPEN
CP001146,C000837,2025-09-27,OTHER,Other issue,LOW,CLOSED
CP001147,C000528,2026-08-17,PLAN,Plan related query,MEDIUM,RESOLVED
CP001148,C000287,2026-09-02,SIM,SIM not working,LOW,IN_PROGRESS
CP001149,C000432,2025-10-18,BILLING,Billing issue,HIGH,CLOSED
CP001150,C000954,2025-12-14,RECHARGE,Recharge issue,MEDIUM,OPEN
CP001151,C000375,2025-11-02,RECHARGE,Recharge issue,CRITICAL,IN_PROGRESS
CP001152,C000679,2025-11-03,PLAN,Plan activation issue,CRITICAL,OPEN
CP001153,C000324,2026-02-08,BILLING,Billing issue,MEDIUM,OPEN
CP001154,C000465,2026-07-09,NETWORK,Internet not working,HIGH,CLOSED
CP001155,C000819,2026-04-07,SIM,SIM not working,MEDIUM,OPEN
CP001156,C000943,2025-11-25,PLAN,Plan related query,MEDIUM,IN_PROGRESS
CP001157,C000820,2026-02-20,BILLING,Billing issue,MEDIUM,IN_PROGRESS
CP001158,C000955,2026-09-19,NETWORK,Internet not working,MEDIUM,RESOLVED
CP001159,C000324,2026-09-10,NETWORK,Network issue,LOW,RESOLVED
CP001160,C000849,2026-03-22,PLAN,Plan related query,MEDIUM,CLOSED
CP001161,C000821,2025-10-01,NETWORK,Internet not working,MEDIUM,IN_PROGRESS
CP001162,C000882,2026-07-24,NETWORK,Poor network coverage,CRITICAL,OPEN
CP001163,C000216,2025-12-21,PLAN,Plan benefits not received,HIGH,OPEN
CP001164,C000185,2026-08-06,NETWORK,Network issue,CRITICAL,CLOSED
CP001165,C000865,2026-05-16,BILLING,Unexpected charge,MEDIUM,CLOSED
CP001166,C000383,2026-07-04,OTHER,Other issue,HIGH,OPEN
CP001167,C000815,2025-10-12,OTHER,Service related issue,MEDIUM,IN_PROGRESS
CP001168,C000235,2026-01-28,SIM,SIM activation issue,MEDIUM,OPEN
CP001169,C000202,2026-07-12,OTHER,Service related issue,CRITICAL,IN_PROGRESS
CP001170,C000732,2026-05-27,PLAN,Plan activation issue,MEDIUM,OPEN
CP001171,C000079,2026-06-10,BILLING,Unexpected charge,MEDIUM,OPEN
CP001172,C000215,2026-09-19,RECHARGE,Recharge failed,LOW,IN_PROGRESS
CP001173,C000893,2026-07-08,OTHER,Other issue,HIGH,IN_PROGRESS
CP001174,C000190,2025-11-02,BILLING,Billing issue,MEDIUM,RESOLVED
CP001175,C000428,2026-08-20,SIM,SIM replacement request,LOW,CLOSED
CP001176,C000193,2025-11-06,PLAN,Plan benefits not received,CRITICAL,RESOLVED
CP001177,C000958,2025-10-22,OTHER,Other issue,HIGH,IN_PROGRESS
CP001178,C000886,2025-09-26,NETWORK,Slow internet,HIGH,IN_PROGRESS
CP001179,C000374,2025-11-05,RECHARGE,Recharge failed,LOW,IN_PROGRESS
CP001180,C000796,2026-07-12,NETWORK,Poor network coverage,HIGH,IN_PROGRESS
CP001181,C000983,2026-08-06,NETWORK,Network issue,MEDIUM,RESOLVED
CP001182,C000158,2025-12-15,NETWORK,Network issue,LOW,OPEN
CP001183,C000396,2025-12-24,BILLING,Unexpected charge,CRITICAL,RESOLVED
CP001184,C000741,2026-06-15,SIM,SIM activation issue,CRITICAL,OPEN
CP001185,C000510,2026-02-19,NETWORK,Internet not working,MEDIUM,OPEN
CP001186,C000991,2026-09-20,NETWORK,Poor network coverage,LOW,CLOSED
CP001187,C000981,2026-03-13,PLAN,Plan benefits not received,HIGH,OPEN
CP001188,C000916,2026-02-03,RECHARGE,Recharge amount not reflected,MEDIUM,OPEN
CP001189,C000900,2026-03-13,SIM,SIM not working,CRITICAL,RESOLVED
CP001190,C000991,2026-07-11,RECHARGE,Recharge issue,LOW,IN_PROGRESS
CP001191,C000539,2026-05-06,BILLING,Billing issue,HIGH,IN_PROGRESS
CP001192,C000074,2026-01-27,BILLING,Unexpected charge,MEDIUM,CLOSED
CP001193,C000434,2026-02-02,NETWORK,Network issue,HIGH,CLOSED
CP001194,C000555,2026-09-05,NETWORK,Internet not working,MEDIUM,CLOSED
CP001195,C000980,2026-06-28,BILLING,Unexpected charge,MEDIUM,IN_PROGRESS
CP001196,C000855,2026-09-03,PLAN,Plan benefits not received,MEDIUM,OPEN
CP001197,C000844,2025-10-09,OTHER,Service related issue,MEDIUM,CLOSED
CP001198,C000300,2026-06-24,OTHER,Other issue,LOW,CLOSED
CP001199,C000594,2025-11-24,SIM,SIM replacement request,MEDIUM,OPEN
CP001200,C000045,2025-09-26,OTHER,Service related issue,LOW,IN_PROGRESS
CP001201,C000312,2025-11-30,NETWORK,Internet not working,MEDIUM,CLOSED
CP001202,C000721,2025-12-16,RECHARGE,Recharge amount not reflected,LOW,OPEN
CP001203,C000704,2025-11-15,OTHER,Other issue,MEDIUM,CLOSED
CP001204,C000116,2026-08-15,RECHARGE,Recharge failed,LOW,RESOLVED
CP001205,C000856,2026-04-08,BILLING,Incorrect bill amount,MEDIUM,IN_PROGRESS
CP001206,C000449,2026-01-11,PLAN,Plan related query,CRITICAL,OPEN
CP001207,C000774,2026-04-05,PLAN,Plan activation issue,MEDIUM,CLOSED
CP001208,C000462,2026-08-26,OTHER,Service related issue,MEDIUM,CLOSED
CP001209,C000031,2026-03-26,SIM,SIM not working,CRITICAL,RESOLVED
CP001210,C000514,2025-11-19,PLAN,Plan related query,LOW,OPEN
CP001211,C000313,2026-06-29,OTHER,General complaint,CRITICAL,IN_PROGRESS
CP001212,C000048,2025-12-16,SIM,SIM activation issue,CRITICAL,IN_PROGRESS
CP001213,C000242,2026-02-23,RECHARGE,Recharge amount not reflected,HIGH,OPEN
CP001214,C000652,2026-08-06,OTHER,Other issue,LOW,IN_PROGRESS
CP001215,C000171,2026-07-01,RECHARGE,Recharge failed,LOW,CLOSED
CP001216,C000111,2025-12-02,BILLING,Incorrect bill amount,LOW,OPEN
CP001217,C000796,2026-06-03,NETWORK,Poor network coverage,HIGH,OPEN
CP001218,C000879,2026-05-26,BILLING,Incorrect bill amount,MEDIUM,CLOSED
CP001219,C000629,2026-05-25,RECHARGE,Recharge failed,MEDIUM,OPEN
CP001220,C000975,2025-12-23,BILLING,Billing issue,CRITICAL,OPEN
CP001221,C000949,2025-10-04,OTHER,Service related issue,HIGH,IN_PROGRESS
CP001222,C000573,2026-02-07,RECHARGE,Recharge failed,CRITICAL,IN_PROGRESS
CP001223,C000781,2025-12-20,SIM,SIM activation issue,MEDIUM,CLOSED
CP001224,C000900,2026-07-25,RECHARGE,Recharge issue,MEDIUM,OPEN
CP001225,C000184,2026-05-22,RECHARGE,Recharge amount not reflected,HIGH,CLOSED
CP001226,C000610,2026-01-05,SIM,SIM not working,LOW,CLOSED
CP001227,C000187,2026-02-27,RECHARGE,Recharge failed,MEDIUM,RESOLVED
CP001228,C000910,2025-12-08,NETWORK,Poor network coverage,CRITICAL,OPEN
CP001229,C000584,2025-12-17,NETWORK,Slow internet,CRITICAL,OPEN
CP001230,C000593,2025-10-07,BILLING,Unexpected charge,LOW,RESOLVED
CP001231,C000419,2025-11-30,RECHARGE,Recharge amount not reflected,MEDIUM,IN_PROGRESS
CP001232,C000501,2026-06-16,RECHARGE,Recharge issue,LOW,OPEN
CP001233,C000934,2026-06-26,PLAN,Plan benefits not received,CRITICAL,CLOSED
CP001234,C000191,2026-08-14,PLAN,Plan activation issue,CRITICAL,IN_PROGRESS
CP001235,C000294,2025-12-15,BILLING,Billing issue,MEDIUM,OPEN
CP001236,C000186,2026-09-01,OTHER,Other issue,MEDIUM,CLOSED
CP001237,C000838,2026-03-02,BILLING,Billing issue,MEDIUM,IN_PROGRESS
CP001238,C000463,2025-12-03,BILLING,Billing issue,LOW,CLOSED
CP001239,C000610,2025-11-10,OTHER,Service related issue,LOW,CLOSED
CP001240,C000893,2026-09-19,PLAN,Plan related query,HIGH,RESOLVED
CP001241,C000626,2025-12-29,OTHER,Other issue,CRITICAL,OPEN
CP001242,C000979,2026-07-29,PLAN,Plan activation issue,LOW,CLOSED
CP001243,C000655,2026-01-18,BILLING,Incorrect bill amount,CRITICAL,CLOSED
CP001244,C000852,2026-01-22,RECHARGE,Recharge issue,LOW,IN_PROGRESS
CP001245,C000596,2026-07-08,OTHER,Other issue,CRITICAL,OPEN
CP001246,C000533,2026-03-25,PLAN,Plan benefits not received,HIGH,CLOSED
CP001247,C000703,2026-03-23,PLAN,Plan related query,MEDIUM,RESOLVED
CP001248,C000254,2026-07-14,SIM,SIM replacement request,MEDIUM,RESOLVED
CP001249,C000813,2026-07-02,SIM,SIM activation issue,CRITICAL,RESOLVED
CP001250,C000217,2026-04-14,OTHER,Service related issue,MEDIUM,IN_PROGRESS
CP001251,C000910,2026-08-10,SIM,SIM activation issue,HIGH,IN_PROGRESS
CP001252,C000691,2025-10-30,RECHARGE,Recharge failed,HIGH,CLOSED
CP001253,C000103,2025-12-04,OTHER,Other issue,MEDIUM,RESOLVED
CP001254,C000726,2026-04-02,PLAN,Plan activation issue,HIGH,OPEN
CP001255,C000872,2026-05-29,PLAN,Plan benefits not received,MEDIUM,OPEN
CP001256,C000193,2026-07-04,RECHARGE,Recharge amount not reflected,LOW,CLOSED
CP001257,C000110,2026-04-10,NETWORK,Internet not working,HIGH,IN_PROGRESS
CP001258,C000500,2026-06-24,OTHER,General complaint,MEDIUM,CLOSED
CP001259,C000009,2025-11-15,BILLING,Billing issue,LOW,CLOSED
CP001260,C000454,2026-07-24,OTHER,Other issue,CRITICAL,OPEN
CP001261,C000913,2026-02-23,PLAN,Plan related query,MEDIUM,CLOSED
CP001262,C000435,2026-04-24,BILLING,Unexpected charge,CRITICAL,OPEN
CP001263,C000165,2026-05-02,RECHARGE,Recharge failed,MEDIUM,CLOSED
CP001264,C000992,2026-08-19,PLAN,Plan related query,MEDIUM,IN_PROGRESS
CP001265,C000445,2026-03-26,NETWORK,Slow internet,HIGH,RESOLVED
CP001266,C000443,2026-04-23,NETWORK,Poor network coverage,HIGH,OPEN
CP001267,C000575,2025-10-05,BILLING,Billing issue,LOW,OPEN
CP001268,C000886,2026-08-03,PLAN,Plan benefits not received,LOW,OPEN
CP001269,C000513,2026-05-22,PLAN,Plan benefits not received,HIGH,OPEN
CP001270,C000903,2026-06-27,NETWORK,Internet not working,HIGH,OPEN
CP001271,C000158,2026-03-21,BILLING,Billing issue,LOW,IN_PROGRESS
CP001272,C000661,2025-10-24,SIM,SIM not working,CRITICAL,CLOSED
CP001273,C000938,2026-03-21,OTHER,Service related issue,MEDIUM,OPEN
CP001274,C000463,2026-05-10,OTHER,Other issue,CRITICAL,RESOLVED
CP001275,C000953,2026-08-18,OTHER,General complaint,MEDIUM,IN_PROGRESS
CP001276,C000052,2026-06-02,BILLING,Unexpected charge,MEDIUM,IN_PROGRESS
CP001277,C000660,2025-12-11,NETWORK,Slow internet,HIGH,IN_PROGRESS
CP001278,C000123,2026-03-18,BILLING,Billing issue,LOW,OPEN
CP001279,C000909,2026-03-12,OTHER,General complaint,MEDIUM,OPEN
CP001280,C000776,2026-04-19,RECHARGE,Recharge failed,CRITICAL,RESOLVED
CP001281,C000498,2026-07-19,RECHARGE,Recharge failed,LOW,RESOLVED
CP001282,C000476,2026-04-22,OTHER,Service related issue,HIGH,IN_PROGRESS
CP001283,C000704,2026-07-08,PLAN,Plan activation issue,LOW,IN_PROGRESS
CP001284,C000947,2026-02-24,OTHER,Service related issue,HIGH,IN_PROGRESS
CP001285,C000714,2026-09-21,BILLING,Billing issue,MEDIUM,RESOLVED
CP001286,C000085,2026-04-13,SIM,SIM not working,MEDIUM,RESOLVED
CP001287,C000377,2025-11-15,BILLING,Incorrect bill amount,LOW,OPEN
CP001288,C000194,2026-07-07,PLAN,Plan benefits not received,CRITICAL,IN_PROGRESS
CP001289,C000661,2026-01-12,PLAN,Plan activation issue,MEDIUM,IN_PROGRESS
CP001290,C000140,2026-01-17,SIM,SIM not working,CRITICAL,IN_PROGRESS
CP001291,C000626,2025-10-09,PLAN,Plan related query,MEDIUM,IN_PROGRESS
CP001292,C000583,2026-06-09,NETWORK,Internet not working,LOW,RESOLVED
CP001293,C000208,2026-01-04,PLAN,Plan related query,CRITICAL,IN_PROGRESS
CP001294,C000607,2026-04-13,RECHARGE,Recharge amount not reflected,CRITICAL,IN_PROGRESS
CP001295,C000334,2026-01-05,RECHARGE,Recharge failed,MEDIUM,OPEN
CP001296,C000940,2025-12-09,SIM,SIM replacement request,CRITICAL,CLOSED
CP001297,C000501,2026-02-26,OTHER,General complaint,MEDIUM,IN_PROGRESS
CP001298,C000278,2026-05-03,RECHARGE,Recharge issue,HIGH,OPEN
CP001299,C000925,2025-12-11,BILLING,Unexpected charge,HIGH,RESOLVED
CP001300,C000106,2026-04-22,RECHARGE,Recharge issue,MEDIUM,CLOSED
CP001301,C000590,2026-01-12,SIM,SIM replacement request,LOW,IN_PROGRESS
CP001302,C000617,2026-07-07,OTHER,Other issue,CRITICAL,OPEN
CP001303,C000574,2025-12-21,BILLING,Unexpected charge,LOW,OPEN
CP001304,C000830,2026-04-22,PLAN,Plan benefits not received,HIGH,CLOSED
CP001305,C000929,2025-10-10,SIM,SIM replacement request,CRITICAL,CLOSED
CP001306,C000202,2026-01-17,RECHARGE,Recharge amount not reflected,MEDIUM,CLOSED
CP001307,C000494,2025-11-25,RECHARGE,Recharge failed,LOW,OPEN
CP001308,C000919,2025-11-18,NETWORK,Poor network coverage,LOW,RESOLVED
CP001309,C000524,2026-08-15,OTHER,General complaint,CRITICAL,OPEN
CP001310,C000644,2026-02-26,BILLING,Unexpected charge,MEDIUM,CLOSED
CP001311,C000425,2026-06-15,BILLING,Unexpected charge,MEDIUM,OPEN
CP001312,C000507,2026-01-03,OTHER,General complaint,MEDIUM,CLOSED
CP001313,C000210,2025-10-27,RECHARGE,Recharge issue,HIGH,OPEN
CP001314,C000584,2026-02-25,PLAN,Plan activation issue,LOW,RESOLVED
CP001315,C000554,2025-11-23,NETWORK,Network issue,CRITICAL,CLOSED
CP001316,C000372,2026-04-25,OTHER,General complaint,MEDIUM,IN_PROGRESS
CP001317,C000215,2026-07-21,BILLING,Billing issue,MEDIUM,RESOLVED
CP001318,C000055,2026-07-06,PLAN,Plan activation issue,LOW,CLOSED
CP001319,C000640,2025-09-26,RECHARGE,Recharge amount not reflected,MEDIUM,IN_PROGRESS
CP001320,C000667,2026-03-05,OTHER,Other issue,CRITICAL,IN_PROGRESS
CP001321,C000023,2026-05-04,RECHARGE,Recharge failed,HIGH,OPEN
CP001322,C000630,2025-11-06,BILLING,Billing issue,HIGH,RESOLVED
CP001323,C000990,2026-05-16,RECHARGE,Recharge failed,LOW,RESOLVED
CP001324,C000645,2026-05-26,NETWORK,Poor network coverage,CRITICAL,CLOSED
CP001325,C000913,2026-04-19,BILLING,Incorrect bill amount,LOW,IN_PROGRESS
CP001326,C000392,2026-03-22,NETWORK,Slow internet,CRITICAL,IN_PROGRESS
CP001327,C000661,2026-04-02,BILLING,Billing issue,CRITICAL,RESOLVED
CP001328,C000354,2025-12-03,RECHARGE,Recharge failed,LOW,IN_PROGRESS
CP001329,C000713,2026-03-25,PLAN,Plan benefits not received,LOW,RESOLVED
CP001330,C000444,2026-01-02,RECHARGE,Recharge failed,CRITICAL,OPEN
CP001331,C000427,2025-09-29,SIM,SIM activation issue,HIGH,RESOLVED
CP001332,C000728,2026-06-04,OTHER,General complaint,MEDIUM,IN_PROGRESS
CP001333,C000249,2025-12-03,PLAN,Plan activation issue,CRITICAL,IN_PROGRESS
CP001334,C000480,2026-08-18,SIM,SIM activation issue,MEDIUM,IN_PROGRESS
CP001335,C000006,2026-05-31,RECHARGE,Recharge amount not reflected,CRITICAL,OPEN
CP001336,C000507,2026-03-13,SIM,SIM replacement request,MEDIUM,CLOSED
CP001337,C000573,2025-11-11,BILLING,Billing issue,MEDIUM,RESOLVED
CP001338,C000070,2026-04-10,SIM,SIM activation issue,LOW,RESOLVED
CP001339,C000589,2025-11-08,SIM,SIM replacement request,MEDIUM,IN_PROGRESS
CP001340,C000757,2026-06-02,RECHARGE,Recharge failed,MEDIUM,CLOSED
CP001341,C000899,2026-09-18,SIM,SIM replacement request,CRITICAL,OPEN
CP001342,C000257,2025-11-26,NETWORK,Poor network coverage,HIGH,OPEN
CP001343,C000427,2025-11-22,OTHER,Other issue,MEDIUM,OPEN
CP001344,C000411,2026-08-05,NETWORK,Slow internet,HIGH,OPEN
CP001345,C000979,2026-04-20,BILLING,Unexpected charge,LOW,CLOSED
CP001346,C000242,2026-03-19,PLAN,Plan related query,LOW,OPEN
CP001347,C000536,2026-03-14,RECHARGE,Recharge amount not reflected,HIGH,IN_PROGRESS
CP001348,C000650,2026-03-30,RECHARGE,Recharge amount not reflected,HIGH,RESOLVED
CP001349,C000860,2025-12-16,RECHARGE,Recharge failed,LOW,OPEN
CP001350,C000216,2026-08-24,SIM,SIM not working,HIGH,CLOSED
CP001351,C000479,2026-04-17,BILLING,Unexpected charge,MEDIUM,IN_PROGRESS
CP001352,C000977,2025-12-05,BILLING,Incorrect bill amount,CRITICAL,RESOLVED
CP001353,C000376,2025-10-02,NETWORK,Internet not working,CRITICAL,CLOSED
CP001354,C000218,2026-01-27,SIM,SIM not working,HIGH,IN_PROGRESS
CP001355,C000874,2026-02-07,OTHER,Service related issue,MEDIUM,RESOLVED
CP001356,C000547,2025-12-30,NETWORK,Poor network coverage,HIGH,IN_PROGRESS
CP001357,C000220,2026-03-04,PLAN,Plan related query,MEDIUM,CLOSED
CP001358,C000250,2026-06-01,PLAN,Plan activation issue,HIGH,OPEN
CP001359,C000659,2026-09-19,RECHARGE,Recharge amount not reflected,MEDIUM,CLOSED
CP001360,C000076,2026-06-19,SIM,SIM replacement request,MEDIUM,CLOSED
CP001361,C000018,2026-01-24,PLAN,Plan activation issue,LOW,RESOLVED
CP001362,C000476,2025-12-23,OTHER,Service related issue,LOW,CLOSED
CP001363,C000902,2026-09-09,OTHER,Service related issue,MEDIUM,IN_PROGRESS
CP001364,C000245,2026-03-24,NETWORK,Network issue,MEDIUM,IN_PROGRESS
CP001365,C000220,2026-08-28,PLAN,Plan benefits not received,MEDIUM,RESOLVED
CP001366,C000026,2025-12-13,RECHARGE,Recharge issue,LOW,IN_PROGRESS
CP001367,C000543,2026-03-21,PLAN,Plan benefits not received,CRITICAL,IN_PROGRESS
CP001368,C000955,2026-02-01,RECHARGE,Recharge failed,LOW,CLOSED
CP001369,C000941,2026-04-01,RECHARGE,Recharge failed,MEDIUM,RESOLVED
CP001370,C000124,2026-06-13,SIM,SIM activation issue,MEDIUM,CLOSED
CP001371,C000913,2026-09-14,RECHARGE,Recharge amount not reflected,LOW,IN_PROGRESS
CP001372,C000426,2026-09-12,RECHARGE,Recharge issue,MEDIUM,IN_PROGRESS
CP001373,C000287,2026-01-13,BILLING,Billing issue,CRITICAL,RESOLVED
CP001374,C000034,2026-09-10,NETWORK,Slow internet,LOW,CLOSED
CP001375,C000577,2025-12-07,BILLING,Unexpected charge,MEDIUM,CLOSED
CP001376,C000893,2025-12-04,RECHARGE,Recharge failed,CRITICAL,CLOSED
CP001377,C000916,2026-05-09,PLAN,Plan benefits not received,CRITICAL,RESOLVED
CP001378,C000960,2026-04-22,RECHARGE,Recharge amount not reflected,LOW,OPEN
CP001379,C000421,2026-05-08,SIM,SIM replacement request,MEDIUM,OPEN
CP001380,C000915,2026-01-18,SIM,SIM activation issue,MEDIUM,RESOLVED
CP001381,C000573,2025-12-16,SIM,SIM activation issue,MEDIUM,RESOLVED
CP001382,C000515,2026-03-01,SIM,SIM not working,LOW,IN_PROGRESS
CP001383,C000174,2025-11-30,SIM,SIM replacement request,MEDIUM,OPEN
CP001384,C000825,2026-06-10,SIM,SIM activation issue,HIGH,IN_PROGRESS
CP001385,C000545,2026-03-28,SIM,SIM activation issue,HIGH,OPEN
CP001386,C000977,2025-10-13,BILLING,Unexpected charge,MEDIUM,CLOSED
CP001387,C000427,2026-04-17,RECHARGE,Recharge failed,MEDIUM,CLOSED
CP001388,C000126,2026-07-26,RECHARGE,Recharge amount not reflected,HIGH,RESOLVED
CP001389,C000440,2026-02-25,SIM,SIM activation issue,MEDIUM,RESOLVED
CP001390,C000506,2026-01-24,BILLING,Unexpected charge,LOW,IN_PROGRESS
CP001391,C000824,2026-04-30,NETWORK,Poor network coverage,CRITICAL,CLOSED
CP001392,C000577,2026-01-23,OTHER,General complaint,MEDIUM,OPEN
CP001393,C000107,2025-12-01,OTHER,General complaint,HIGH,OPEN
CP001394,C000790,2026-03-19,NETWORK,Internet not working,MEDIUM,OPEN
CP001395,C000809,2025-09-24,PLAN,Plan benefits not received,HIGH,OPEN
CP001396,C000842,2025-12-06,BILLING,Unexpected charge,MEDIUM,CLOSED
CP001397,C000569,2026-02-20,NETWORK,Slow internet,MEDIUM,RESOLVED
CP001398,C000645,2026-06-14,OTHER,Other issue,CRITICAL,RESOLVED
CP001399,C000370,2026-09-20,OTHER,General complaint,LOW,OPEN
CP001400,C000173,2026-01-29,PLAN,Plan related query,LOW,OPEN
CP001401,C000576,2026-05-08,BILLING,Billing issue,MEDIUM,IN_PROGRESS
CP001402,C000888,2026-08-27,RECHARGE,Recharge failed,MEDIUM,RESOLVED
CP001403,C000357,2026-01-18,PLAN,Plan activation issue,CRITICAL,IN_PROGRESS
CP001404,C000216,2026-05-07,RECHARGE,Recharge issue,LOW,IN_PROGRESS
CP001405,C000794,2026-02-14,PLAN,Plan activation issue,CRITICAL,IN_PROGRESS
CP001406,C000859,2026-06-13,OTHER,Service related issue,LOW,OPEN
CP001407,C000910,2026-06-14,BILLING,Unexpected charge,MEDIUM,OPEN
CP001408,C000997,2025-10-01,PLAN,Plan benefits not received,MEDIUM,IN_PROGRESS
CP001409,C000128,2025-11-30,NETWORK,Poor network coverage,HIGH,OPEN
CP001410,C000692,2026-04-22,NETWORK,Internet not working,MEDIUM,CLOSED
CP001411,C000166,2026-02-28,PLAN,Plan activation issue,LOW,IN_PROGRESS
CP001412,C000379,2025-12-01,SIM,SIM replacement request,MEDIUM,OPEN
CP001413,C000910,2026-06-22,RECHARGE,Recharge issue,MEDIUM,CLOSED
CP001414,C000287,2025-12-20,RECHARGE,Recharge amount not reflected,LOW,IN_PROGRESS
CP001415,C000943,2026-04-17,PLAN,Plan activation issue,LOW,CLOSED
CP001416,C000318,2026-09-08,OTHER,Other issue,MEDIUM,IN_PROGRESS
CP001417,C000226,2025-09-29,NETWORK,Network issue,MEDIUM,RESOLVED
CP001418,C000616,2025-12-17,OTHER,Service related issue,MEDIUM,RESOLVED
CP001419,C000446,2025-10-07,NETWORK,Network issue,CRITICAL,IN_PROGRESS
CP001420,C000682,2026-06-21,OTHER,General complaint,HIGH,OPEN
CP001421,C000965,2025-12-13,BILLING,Unexpected charge,LOW,OPEN
CP001422,C000474,2026-02-22,PLAN,Plan activation issue,CRITICAL,RESOLVED
CP001423,C000884,2026-06-12,SIM,SIM not working,MEDIUM,OPEN
CP001424,C000079,2026-04-27,RECHARGE,Recharge failed,MEDIUM,RESOLVED
CP001425,C000597,2026-05-27,OTHER,Service related issue,CRITICAL,OPEN
CP001426,C000876,2025-11-22,OTHER,Service related issue,CRITICAL,RESOLVED
CP001427,C000215,2026-08-08,BILLING,Billing issue,LOW,RESOLVED
CP001428,C000452,2026-06-20,BILLING,Incorrect bill amount,CRITICAL,IN_PROGRESS
CP001429,C000237,2026-01-04,RECHARGE,Recharge issue,CRITICAL,OPEN
CP001430,C000763,2026-03-29,OTHER,Other issue,HIGH,OPEN
CP001431,C000563,2026-02-15,PLAN,Plan related query,CRITICAL,IN_PROGRESS
CP001432,C000932,2026-05-01,OTHER,Service related issue,HIGH,IN_PROGRESS
CP001433,C000560,2026-05-27,BILLING,Billing issue,HIGH,RESOLVED
CP001434,C000382,2026-01-14,RECHARGE,Recharge amount not reflected,HIGH,RESOLVED
CP001435,C000522,2025-12-23,RECHARGE,Recharge issue,LOW,OPEN
CP001436,C000505,2026-07-08,PLAN,Plan related query,LOW,OPEN
CP001437,C000012,2026-04-29,PLAN,Plan benefits not received,HIGH,RESOLVED
CP001438,C000103,2026-04-29,OTHER,Other issue,HIGH,IN_PROGRESS
CP001439,C000638,2025-11-29,SIM,SIM not working,LOW,CLOSED
CP001440,C000264,2025-09-27,SIM,SIM replacement request,CRITICAL,OPEN
CP001441,C000534,2026-07-16,BILLING,Incorrect bill amount,MEDIUM,OPEN
CP001442,C000546,2026-05-12,BILLING,Billing issue,MEDIUM,RESOLVED
CP001443,C000210,2026-05-11,NETWORK,Internet not working,LOW,CLOSED
CP001444,C000243,2026-06-24,RECHARGE,Recharge amount not reflected,MEDIUM,RESOLVED
CP001445,C000248,2025-10-11,PLAN,Plan activation issue,CRITICAL,IN_PROGRESS
CP001446,C000951,2026-07-06,NETWORK,Poor network coverage,LOW,OPEN
CP001447,C000898,2026-03-17,NETWORK,Network issue,LOW,RESOLVED
CP001448,C000512,2025-09-25,OTHER,General complaint,MEDIUM,RESOLVED
CP001449,C000159,2026-05-04,BILLING,Unexpected charge,HIGH,CLOSED
CP001450,C000993,2025-09-30,PLAN,Plan activation issue,MEDIUM,IN_PROGRESS
CP001451,C000960,2026-05-15,RECHARGE,Recharge amount not reflected,MEDIUM,OPEN
CP001452,C000294,2026-05-18,OTHER,General complaint,MEDIUM,CLOSED
CP001453,C000306,2026-06-22,OTHER,General complaint,MEDIUM,RESOLVED
CP001454,C000794,2025-09-25,PLAN,Plan activation issue,CRITICAL,IN_PROGRESS
CP001455,C000928,2025-10-24,PLAN,Plan activation issue,LOW,IN_PROGRESS
CP001456,C000619,2026-04-01,NETWORK,Network issue,CRITICAL,IN_PROGRESS
CP001457,C000610,2025-11-22,OTHER,Service related issue,MEDIUM,RESOLVED
CP001458,C000052,2026-06-04,PLAN,Plan related query,HIGH,CLOSED
CP001459,C000939,2026-05-02,BILLING,Billing issue,HIGH,OPEN
CP001460,C000934,2025-10-23,NETWORK,Internet not working,MEDIUM,OPEN
CP001461,C000076,2025-12-24,SIM,SIM not working,MEDIUM,RESOLVED
CP001462,C000628,2026-09-02,PLAN,Plan activation issue,HIGH,CLOSED
CP001463,C000564,2026-03-29,NETWORK,Poor network coverage,LOW,IN_PROGRESS
CP001464,C000865,2025-12-11,NETWORK,Slow internet,MEDIUM,OPEN
CP001465,C000697,2026-03-09,OTHER,General complaint,LOW,CLOSED
CP001466,C000087,2026-05-27,NETWORK,Poor network coverage,LOW,OPEN
CP001467,C000431,2026-02-10,BILLING,Incorrect bill amount,MEDIUM,CLOSED
CP001468,C000308,2026-08-27,BILLING,Incorrect bill amount,HIGH,OPEN
CP001469,C000567,2025-11-18,OTHER,Other issue,LOW,IN_PROGRESS
CP001470,C000918,2026-02-03,BILLING,Billing issue,LOW,IN_PROGRESS
CP001471,C000023,2026-02-14,RECHARGE,Recharge failed,MEDIUM,RESOLVED
CP001472,C000322,2026-05-08,PLAN,Plan activation issue,LOW,OPEN
CP001473,C000507,2026-04-02,PLAN,Plan benefits not received,LOW,CLOSED
CP001474,C000194,2026-08-18,SIM,SIM replacement request,MEDIUM,CLOSED
CP001475,C000173,2025-12-13,BILLING,Unexpected charge,CRITICAL,IN_PROGRESS
CP001476,C000996,2026-03-29,OTHER,General complaint,MEDIUM,RESOLVED
CP001477,C000024,2026-07-31,PLAN,Plan benefits not received,MEDIUM,IN_PROGRESS
CP001478,C000784,2025-10-08,BILLING,Incorrect bill amount,LOW,CLOSED
CP001479,C000689,2026-05-07,SIM,SIM not working,CRITICAL,IN_PROGRESS
CP001480,C000731,2025-11-29,OTHER,General complaint,MEDIUM,OPEN
CP001481,C000387,2025-11-20,PLAN,Plan related query,CRITICAL,IN_PROGRESS
CP001482,C000451,2026-04-17,RECHARGE,Recharge amount not reflected,HIGH,RESOLVED
CP001483,C000022,2025-10-31,OTHER,Other issue,MEDIUM,OPEN
CP001484,C000817,2026-01-15,BILLING,Unexpected charge,CRITICAL,RESOLVED
CP001485,C000741,2026-05-23,SIM,SIM replacement request,HIGH,CLOSED
CP001486,C000900,2026-01-11,PLAN,Plan activation issue,LOW,OPEN
CP001487,C000571,2025-10-28,SIM,SIM activation issue,MEDIUM,IN_PROGRESS
CP001488,C000876,2026-01-31,SIM,SIM not working,LOW,RESOLVED
CP001489,C000799,2026-04-20,RECHARGE,Recharge issue,HIGH,CLOSED
CP001490,C000703,2026-09-10,SIM,SIM not working,CRITICAL,IN_PROGRESS
CP001491,C000360,2026-01-11,BILLING,Billing issue,HIGH,CLOSED
CP001492,C000136,2026-03-17,NETWORK,Network issue,LOW,RESOLVED
CP001493,C000441,2026-06-27,OTHER,Service related issue,LOW,IN_PROGRESS
CP001494,C000056,2026-07-07,SIM,SIM replacement request,MEDIUM,IN_PROGRESS
CP001495,C000265,2025-11-29,OTHER,Service related issue,LOW,RESOLVED
CP001496,C000710,2026-06-11,BILLING,Unexpected charge,MEDIUM,IN_PROGRESS
CP001497,C000301,2026-01-23,RECHARGE,Recharge issue,CRITICAL,OPEN
CP001498,C000050,2025-10-04,RECHARGE,Recharge amount not reflected,CRITICAL,OPEN
CP001499,C000624,2026-05-19,OTHER,General complaint,MEDIUM,CLOSED
CP001500,C000066,2026-03-29,RECHARGE,Recharge failed,MEDIUM,IN_PROGRESS
CP001501,C000103,2025-11-26,RECHARGE,Recharge issue,CRITICAL,CLOSED
CP001502,C000270,2025-09-30,PLAN,Plan activation issue,MEDIUM,RESOLVED
CP001503,C000909,2026-05-16,RECHARGE,Recharge failed,LOW,OPEN
CP001504,C000386,2026-05-15,OTHER,General complaint,LOW,CLOSED
CP001505,C000643,2026-09-18,PLAN,Plan related query,LOW,IN_PROGRESS
CP001506,C000941,2026-02-12,SIM,SIM replacement request,MEDIUM,IN_PROGRESS
CP001507,C000563,2026-05-13,BILLING,Unexpected charge,LOW,OPEN
CP001508,C000637,2026-04-08,NETWORK,Network issue,CRITICAL,RESOLVED
CP001509,C000475,2026-01-09,BILLING,Unexpected charge,MEDIUM,IN_PROGRESS
CP001510,C000156,2026-03-08,SIM,SIM replacement request,HIGH,IN_PROGRESS
CP001511,C000837,2026-05-16,OTHER,Service related issue,LOW,OPEN
CP001512,C000203,2026-02-02,PLAN,Plan activation issue,HIGH,RESOLVED
CP001513,C000547,2026-03-18,PLAN,Plan benefits not received,CRITICAL,IN_PROGRESS
CP001514,C000277,2026-06-11,RECHARGE,Recharge issue,MEDIUM,IN_PROGRESS
CP001515,C000080,2026-07-11,RECHARGE,Recharge failed,LOW,IN_PROGRESS
CP001516,C000346,2026-09-07,PLAN,Plan related query,CRITICAL,RESOLVED
CP001517,C000121,2026-06-03,SIM,SIM activation issue,CRITICAL,IN_PROGRESS
CP001518,C000303,2026-05-05,PLAN,Plan related query,LOW,OPEN
CP001519,C000992,2026-09-03,NETWORK,Network issue,MEDIUM,IN_PROGRESS
CP001520,C000933,2026-01-18,BILLING,Billing issue,MEDIUM,OPEN
CP001521,C000996,2025-10-23,BILLING,Unexpected charge,CRITICAL,OPEN
CP001522,C000523,2026-01-26,PLAN,Plan activation issue,HIGH,IN_PROGRESS
CP001523,C000917,2025-12-19,RECHARGE,Recharge issue,CRITICAL,CLOSED
CP001524,C000454,2025-09-23,OTHER,General complaint,MEDIUM,IN_PROGRESS
CP001525,C000334,2026-08-13,RECHARGE,Recharge issue,LOW,CLOSED
CP001526,C000110,2025-12-24,NETWORK,Network issue,HIGH,IN_PROGRESS
CP001527,C000521,2026-06-12,BILLING,Incorrect bill amount,HIGH,RESOLVED
CP001528,C000217,2025-12-25,OTHER,Other issue,MEDIUM,CLOSED
CP001529,C000726,2025-10-18,PLAN,Plan benefits not received,CRITICAL,CLOSED
CP001530,C000941,2025-10-07,BILLING,Billing issue,HIGH,OPEN
CP001531,C000070,2025-12-29,NETWORK,Poor network coverage,MEDIUM,IN_PROGRESS
CP001532,C000648,2026-02-15,RECHARGE,Recharge failed,MEDIUM,RESOLVED
CP001533,C000384,2026-08-13,PLAN,Plan benefits not received,CRITICAL,RESOLVED
CP001534,C000663,2026-04-15,SIM,SIM activation issue,MEDIUM,CLOSED
CP001535,C000875,2025-10-31,PLAN,Plan activation issue,HIGH,IN_PROGRESS
CP001536,C000959,2026-01-03,SIM,SIM not working,MEDIUM,CLOSED
CP001537,C000066,2026-09-10,RECHARGE,Recharge issue,CRITICAL,OPEN
CP001538,C000378,2026-03-26,NETWORK,Network issue,LOW,RESOLVED
CP001539,C000716,2026-05-16,BILLING,Billing issue,HIGH,IN_PROGRESS
CP001540,C000974,2026-07-22,NETWORK,Network issue,CRITICAL,RESOLVED
CP001541,C000775,2026-09-11,OTHER,Other issue,MEDIUM,CLOSED
CP001542,C000721,2026-02-16,NETWORK,Poor network coverage,HIGH,IN_PROGRESS
CP001543,C000920,2026-03-30,OTHER,Service related issue,MEDIUM,OPEN
CP001544,C000618,2026-02-08,SIM,SIM not working,HIGH,IN_PROGRESS
CP001545,C000378,2026-08-20,SIM,SIM replacement request,MEDIUM,OPEN
CP001546,C000307,2026-05-25,NETWORK,Network issue,LOW,OPEN
CP001547,C000581,2025-09-23,OTHER,General complaint,MEDIUM,OPEN
CP001548,C000081,2026-01-22,BILLING,Billing issue,LOW,OPEN
CP001549,C000519,2025-12-04,OTHER,Service related issue,HIGH,CLOSED
CP001550,C000805,2026-03-11,RECHARGE,Recharge amount not reflected,LOW,CLOSED
CP001551,C000098,2026-05-08,BILLING,Unexpected charge,HIGH,CLOSED
CP001552,C000184,2026-01-28,NETWORK,Slow internet,CRITICAL,CLOSED
CP001553,C000770,2025-12-07,PLAN,Plan related query,MEDIUM,IN_PROGRESS
CP001554,C000701,2026-06-02,NETWORK,Internet not working,LOW,CLOSED
CP001555,C000299,2026-03-01,SIM,SIM not working,HIGH,OPEN
CP001556,C000420,2025-10-13,BILLING,Billing issue,MEDIUM,RESOLVED
CP001557,C000021,2026-04-28,PLAN,Plan benefits not received,HIGH,CLOSED
CP001558,C000934,2026-08-02,BILLING,Unexpected charge,MEDIUM,OPEN
CP001559,C000958,2026-09-16,BILLING,Unexpected charge,HIGH,CLOSED
CP001560,C000557,2026-04-21,NETWORK,Internet not working,CRITICAL,OPEN
CP001561,C000238,2026-06-10,NETWORK,Internet not working,MEDIUM,CLOSED
CP001562,C000920,2026-09-15,OTHER,Other issue,MEDIUM,CLOSED
CP001563,C000805,2025-12-22,RECHARGE,Recharge failed,CRITICAL,RESOLVED
CP001564,C000632,2026-03-11,NETWORK,Poor network coverage,HIGH,RESOLVED
CP001565,C000913,2026-03-27,RECHARGE,Recharge failed,MEDIUM,CLOSED
CP001566,C000075,2026-09-03,SIM,SIM replacement request,MEDIUM,RESOLVED
CP001567,C000070,2026-03-04,RECHARGE,Recharge amount not reflected,CRITICAL,OPEN
CP001568,C000327,2026-02-23,OTHER,Service related issue,LOW,IN_PROGRESS
CP001569,C000424,2025-12-08,OTHER,Service related issue,MEDIUM,RESOLVED
CP001570,C000487,2026-01-18,NETWORK,Poor network coverage,MEDIUM,IN_PROGRESS
CP001571,C000551,2026-04-07,NETWORK,Internet not working,LOW,RESOLVED
CP001572,C000206,2026-03-13,SIM,SIM replacement request,HIGH,IN_PROGRESS
CP001573,C000842,2025-10-18,PLAN,Plan related query,LOW,OPEN
CP001574,C000842,2026-05-21,PLAN,Plan activation issue,MEDIUM,OPEN
CP001575,C000753,2026-08-01,BILLING,Unexpected charge,CRITICAL,CLOSED
CP001576,C000044,2026-04-12,OTHER,General complaint,MEDIUM,CLOSED
CP001577,C000283,2026-07-18,BILLING,Incorrect bill amount,LOW,RESOLVED
CP001578,C000563,2026-07-22,OTHER,Service related issue,MEDIUM,RESOLVED
CP001579,C000944,2026-01-29,BILLING,Incorrect bill amount,CRITICAL,IN_PROGRESS
CP001580,C000664,2025-12-03,BILLING,Incorrect bill amount,CRITICAL,IN_PROGRESS
CP001581,C000622,2026-07-17,SIM,SIM activation issue,CRITICAL,IN_PROGRESS
CP001582,C000269,2026-01-16,NETWORK,Internet not working,HIGH,OPEN
CP001583,C000412,2026-04-24,OTHER,General complaint,MEDIUM,CLOSED
CP001584,C000741,2026-05-23,PLAN,Plan benefits not received,MEDIUM,OPEN
CP001585,C000520,2026-08-20,PLAN,Plan benefits not received,MEDIUM,CLOSED
CP001586,C000150,2026-04-02,BILLING,Incorrect bill amount,LOW,CLOSED
CP001587,C000031,2025-09-24,SIM,SIM not working,MEDIUM,CLOSED
CP001588,C000113,2025-11-28,OTHER,Other issue,MEDIUM,OPEN
CP001589,C000861,2025-12-26,RECHARGE,Recharge failed,LOW,OPEN
CP001590,C000116,2026-09-01,RECHARGE,Recharge amount not reflected,CRITICAL,CLOSED
CP001591,C000354,2025-12-25,SIM,SIM activation issue,HIGH,OPEN
CP001592,C000781,2026-05-21,PLAN,Plan activation issue,CRITICAL,CLOSED
CP001593,C000458,2026-05-17,SIM,SIM replacement request,MEDIUM,IN_PROGRESS
CP001594,C000270,2026-07-04,PLAN,Plan benefits not received,MEDIUM,IN_PROGRESS
CP001595,C000699,2025-12-30,RECHARGE,Recharge amount not reflected,MEDIUM,OPEN
CP001596,C000212,2026-01-17,BILLING,Incorrect bill amount,MEDIUM,CLOSED
CP001597,C000589,2026-02-21,BILLING,Unexpected charge,LOW,OPEN
CP001598,C000384,2026-02-14,BILLING,Incorrect bill amount,HIGH,RESOLVED
CP001599,C000964,2025-11-04,PLAN,Plan benefits not received,MEDIUM,CLOSED
CP001600,C000106,2026-07-12,RECHARGE,Recharge amount not reflected,MEDIUM,OPEN
CP001601,C000236,2025-10-01,PLAN,Plan activation issue,HIGH,CLOSED
CP001602,C000103,2025-10-18,SIM,SIM not working,MEDIUM,CLOSED
CP001603,C000247,2026-07-08,OTHER,Service related issue,LOW,RESOLVED
CP001604,C000326,2026-03-07,PLAN,Plan benefits not received,CRITICAL,CLOSED
CP001605,C000337,2025-12-19,SIM,SIM activation issue,LOW,OPEN
CP001606,C000556,2026-03-28,RECHARGE,Recharge issue,MEDIUM,OPEN
CP001607,C000142,2025-10-26,OTHER,Service related issue,MEDIUM,OPEN
CP001608,C000416,2026-05-29,RECHARGE,Recharge issue,MEDIUM,CLOSED
CP001609,C000410,2026-07-15,BILLING,Billing issue,HIGH,IN_PROGRESS
CP001610,C000588,2026-05-23,PLAN,Plan activation issue,HIGH,CLOSED
CP001611,C000992,2026-06-24,SIM,SIM replacement request,LOW,OPEN
CP001612,C000750,2026-09-06,PLAN,Plan activation issue,MEDIUM,OPEN
CP001613,C000900,2025-10-20,SIM,SIM replacement request,LOW,CLOSED
CP001614,C000882,2026-06-16,PLAN,Plan activation issue,MEDIUM,OPEN
CP001615,C000726,2025-12-08,PLAN,Plan benefits not received,MEDIUM,RESOLVED
CP001616,C000782,2026-01-19,NETWORK,Network issue,MEDIUM,OPEN
CP001617,C000991,2026-02-19,SIM,SIM activation issue,CRITICAL,OPEN
CP001618,C000612,2025-11-11,NETWORK,Poor network coverage,MEDIUM,OPEN
CP001619,C000937,2026-07-05,NETWORK,Slow internet,MEDIUM,IN_PROGRESS
CP001620,C000085,2025-12-23,RECHARGE,Recharge amount not reflected,HIGH,RESOLVED
CP001621,C000428,2025-12-22,RECHARGE,Recharge issue,CRITICAL,IN_PROGRESS
CP001622,C000494,2025-10-05,PLAN,Plan related query,LOW,OPEN
CP001623,C000820,2026-01-24,RECHARGE,Recharge issue,MEDIUM,IN_PROGRESS
CP001624,C000879,2026-08-11,OTHER,Other issue,CRITICAL,RESOLVED
CP001625,C000506,2026-03-01,RECHARGE,Recharge failed,LOW,OPEN
CP001626,C000972,2026-05-02,NETWORK,Slow internet,LOW,CLOSED
CP001627,C000851,2025-11-25,PLAN,Plan benefits not received,LOW,CLOSED
CP001628,C000705,2025-11-07,OTHER,Service related issue,LOW,CLOSED
CP001629,C000315,2025-12-20,NETWORK,Poor network coverage,LOW,OPEN
CP001630,C000831,2026-06-13,BILLING,Incorrect bill amount,MEDIUM,IN_PROGRESS
CP001631,C000418,2026-03-11,SIM,SIM not working,MEDIUM,OPEN
CP001632,C000918,2026-01-11,SIM,SIM activation issue,LOW,IN_PROGRESS
CP001633,C000478,2026-03-01,SIM,SIM activation issue,MEDIUM,IN_PROGRESS
CP001634,C000225,2026-04-28,PLAN,Plan benefits not received,LOW,RESOLVED
CP001635,C000380,2026-03-03,RECHARGE,Recharge amount not reflected,MEDIUM,OPEN
CP001636,C000405,2025-10-05,PLAN,Plan benefits not received,HIGH,RESOLVED
CP001637,C000131,2026-06-28,SIM,SIM replacement request,LOW,OPEN
CP001638,C000032,2026-05-04,PLAN,Plan related query,LOW,CLOSED
CP001639,C000954,2026-02-11,NETWORK,Internet not working,MEDIUM,IN_PROGRESS
CP001640,C000209,2025-12-14,BILLING,Unexpected charge,LOW,RESOLVED
CP001641,C000439,2026-08-16,PLAN,Plan benefits not received,MEDIUM,IN_PROGRESS
CP001642,C000778,2025-10-23,BILLING,Unexpected charge,CRITICAL,CLOSED
CP001643,C000352,2026-05-14,PLAN,Plan benefits not received,MEDIUM,RESOLVED
CP001644,C000925,2026-01-14,PLAN,Plan related query,MEDIUM,CLOSED
CP001645,C000167,2026-08-22,OTHER,Other issue,CRITICAL,IN_PROGRESS
CP001646,C000546,2026-08-03,OTHER,General complaint,LOW,CLOSED
CP001647,C000777,2026-08-06,SIM,SIM not working,HIGH,OPEN
CP001648,C000886,2026-02-08,PLAN,Plan benefits not received,LOW,RESOLVED
CP001649,C000624,2026-06-29,PLAN,Plan related query,LOW,IN_PROGRESS
CP001650,C000396,2026-06-15,RECHARGE,Recharge failed,LOW,CLOSED
CP001651,C000838,2026-08-29,OTHER,General complaint,MEDIUM,CLOSED
CP001652,C000591,2025-10-09,OTHER,Service related issue,MEDIUM,IN_PROGRESS
CP001653,C000904,2025-12-16,PLAN,Plan activation issue,LOW,OPEN
CP001654,C000692,2026-09-21,RECHARGE,Recharge amount not reflected,LOW,IN_PROGRESS
CP001655,C000080,2026-09-17,SIM,SIM not working,LOW,IN_PROGRESS
CP001656,C000681,2025-11-20,OTHER,General complaint,LOW,IN_PROGRESS
CP001657,C000126,2026-02-01,BILLING,Unexpected charge,CRITICAL,IN_PROGRESS
CP001658,C000858,2026-06-18,OTHER,Service related issue,CRITICAL,CLOSED
CP001659,C000787,2026-03-07,NETWORK,Slow internet,CRITICAL,CLOSED
CP001660,C000666,2026-04-05,BILLING,Unexpected charge,CRITICAL,RESOLVED
CP001661,C000685,2026-08-31,RECHARGE,Recharge failed,MEDIUM,OPEN
CP001662,C000287,2026-05-08,NETWORK,Poor network coverage,HIGH,RESOLVED
CP001663,C000162,2026-01-29,BILLING,Unexpected charge,HIGH,CLOSED
CP001664,C000458,2026-07-13,OTHER,General complaint,LOW,CLOSED
CP001665,C000501,2026-07-16,NETWORK,Network issue,LOW,CLOSED
CP001666,C000918,2025-09-30,SIM,SIM replacement request,CRITICAL,RESOLVED
CP001667,C000741,2025-10-10,OTHER,Other issue,MEDIUM,CLOSED
CP001668,C000980,2026-05-17,RECHARGE,Recharge failed,MEDIUM,CLOSED
CP001669,C000912,2025-12-10,RECHARGE,Recharge amount not reflected,LOW,CLOSED
CP001670,C000051,2026-06-10,OTHER,Other issue,MEDIUM,RESOLVED
CP001671,C000126,2026-04-14,RECHARGE,Recharge failed,CRITICAL,RESOLVED
CP001672,C000320,2026-07-30,NETWORK,Internet not working,HIGH,IN_PROGRESS
CP001673,C000495,2026-08-16,SIM,SIM replacement request,LOW,IN_PROGRESS
CP001674,C000387,2026-03-16,NETWORK,Internet not working,MEDIUM,RESOLVED
CP001675,C000244,2025-12-07,BILLING,Incorrect bill amount,MEDIUM,RESOLVED
CP001676,C000015,2026-08-09,RECHARGE,Recharge amount not reflected,MEDIUM,CLOSED
CP001677,C000610,2026-06-23,SIM,SIM activation issue,CRITICAL,OPEN
CP001678,C000005,2026-09-17,BILLING,Incorrect bill amount,CRITICAL,RESOLVED
CP001679,C000333,2026-05-18,BILLING,Billing issue,LOW,OPEN
CP001680,C000203,2026-01-01,PLAN,Plan activation issue,CRITICAL,CLOSED
CP001681,C000099,2026-05-11,OTHER,General complaint,MEDIUM,IN_PROGRESS
CP001682,C000733,2026-09-19,RECHARGE,Recharge issue,MEDIUM,CLOSED
CP001683,C000700,2026-01-11,RECHARGE,Recharge issue,LOW,OPEN
CP001684,C000813,2026-09-02,NETWORK,Slow internet,CRITICAL,OPEN
CP001685,C000314,2026-02-13,BILLING,Billing issue,CRITICAL,OPEN
CP001686,C000352,2026-08-03,RECHARGE,Recharge issue,HIGH,IN_PROGRESS
CP001687,C000420,2026-05-04,BILLING,Incorrect bill amount,MEDIUM,IN_PROGRESS
CP001688,C000425,2026-05-08,NETWORK,Poor network coverage,LOW,RESOLVED
CP001689,C000423,2025-12-19,SIM,SIM not working,CRITICAL,OPEN
CP001690,C000345,2025-10-29,NETWORK,Internet not working,HIGH,RESOLVED
CP001691,C000111,2026-05-24,PLAN,Plan benefits not received,HIGH,RESOLVED
CP001692,C000205,2025-12-29,NETWORK,Poor network coverage,MEDIUM,RESOLVED
CP001693,C000964,2025-12-01,OTHER,Service related issue,HIGH,RESOLVED
CP001694,C000119,2026-07-26,SIM,SIM activation issue,MEDIUM,OPEN
CP001695,C000041,2026-04-22,NETWORK,Network issue,MEDIUM,RESOLVED
CP001696,C000654,2026-01-17,BILLING,Unexpected charge,MEDIUM,RESOLVED
CP001697,C000897,2026-04-22,RECHARGE,Recharge amount not reflected,HIGH,CLOSED
CP001698,C000004,2026-01-04,BILLING,Unexpected charge,HIGH,CLOSED
CP001699,C000602,2026-02-04,BILLING,Unexpected charge,HIGH,RESOLVED
CP001700,C000131,2026-04-24,PLAN,Plan benefits not received,CRITICAL,CLOSED
CP001701,C000601,2026-08-30,RECHARGE,Recharge amount not reflected,MEDIUM,CLOSED
CP001702,C000232,2026-04-18,SIM,SIM replacement request,MEDIUM,RESOLVED
CP001703,C000028,2025-11-04,RECHARGE,Recharge failed,MEDIUM,RESOLVED
CP001704,C000608,2025-12-13,BILLING,Billing issue,MEDIUM,RESOLVED
CP001705,C000085,2025-09-23,SIM,SIM activation issue,MEDIUM,IN_PROGRESS
CP001706,C000826,2025-12-04,PLAN,Plan related query,HIGH,RESOLVED
CP001707,C000741,2025-11-14,SIM,SIM replacement request,LOW,IN_PROGRESS
CP001708,C000001,2025-11-08,OTHER,General complaint,HIGH,RESOLVED
CP001709,C000023,2026-08-22,BILLING,Unexpected charge,MEDIUM,RESOLVED
CP001710,C000720,2026-07-02,SIM,SIM activation issue,MEDIUM,CLOSED
CP001711,C000058,2025-12-22,BILLING,Billing issue,MEDIUM,IN_PROGRESS
CP001712,C000211,2026-07-16,NETWORK,Network issue,CRITICAL,RESOLVED
CP001713,C000899,2026-06-13,PLAN,Plan benefits not received,CRITICAL,RESOLVED
CP001714,C000382,2026-07-27,OTHER,Service related issue,MEDIUM,OPEN
CP001715,C000612,2026-04-12,NETWORK,Poor network coverage,MEDIUM,IN_PROGRESS
CP001716,C000887,2026-01-09,BILLING,Unexpected charge,MEDIUM,IN_PROGRESS
CP001717,C000076,2026-05-27,PLAN,Plan related query,MEDIUM,CLOSED
CP001718,C000424,2025-12-09,RECHARGE,Recharge failed,CRITICAL,IN_PROGRESS
CP001719,C000548,2026-04-14,BILLING,Incorrect bill amount,MEDIUM,OPEN
CP001720,C000325,2026-01-27,NETWORK,Internet not working,HIGH,IN_PROGRESS
CP001721,C000300,2026-05-30,OTHER,Service related issue,LOW,RESOLVED
CP001722,C000478,2026-07-21,BILLING,Incorrect bill amount,MEDIUM,OPEN
CP001723,C000741,2026-03-25,NETWORK,Slow internet,MEDIUM,CLOSED
CP001724,C000288,2025-11-29,SIM,SIM activation issue,LOW,RESOLVED
CP001725,C000146,2026-08-09,OTHER,Service related issue,MEDIUM,IN_PROGRESS
CP001726,C000078,2026-08-07,SIM,SIM replacement request,LOW,CLOSED
CP001727,C000801,2025-11-21,BILLING,Incorrect bill amount,CRITICAL,OPEN
CP001728,C000222,2026-05-07,RECHARGE,Recharge failed,LOW,CLOSED
CP001729,C000843,2026-01-11,NETWORK,Network issue,HIGH,IN_PROGRESS
CP001730,C000663,2025-11-04,NETWORK,Internet not working,MEDIUM,IN_PROGRESS
CP001731,C000183,2025-12-02,NETWORK,Slow internet,MEDIUM,CLOSED
CP001732,C000743,2026-01-27,OTHER,Other issue,MEDIUM,OPEN
CP001733,C000156,2025-12-10,NETWORK,Network issue,HIGH,IN_PROGRESS
CP001734,C000261,2026-02-24,SIM,SIM not working,CRITICAL,OPEN
CP001735,C000621,2026-08-16,BILLING,Billing issue,MEDIUM,RESOLVED
CP001736,C000733,2026-05-15,NETWORK,Network issue,MEDIUM,IN_PROGRESS
CP001737,C000257,2026-07-09,SIM,SIM not working,MEDIUM,CLOSED
CP001738,C000204,2026-03-18,RECHARGE,Recharge failed,MEDIUM,CLOSED
CP001739,C000056,2026-02-16,OTHER,Service related issue,MEDIUM,OPEN
CP001740,C000026,2026-09-20,PLAN,Plan benefits not received,HIGH,RESOLVED
CP001741,C000190,2026-08-08,PLAN,Plan related query,CRITICAL,IN_PROGRESS
CP001742,C000271,2025-09-25,NETWORK,Poor network coverage,MEDIUM,CLOSED
CP001743,C000805,2025-11-14,BILLING,Unexpected charge,CRITICAL,RESOLVED
CP001744,C000966,2026-04-15,OTHER,General complaint,LOW,IN_PROGRESS
CP001745,C000335,2026-04-24,NETWORK,Slow internet,MEDIUM,OPEN
CP001746,C000590,2026-01-20,OTHER,Other issue,LOW,CLOSED
CP001747,C000778,2026-06-17,SIM,SIM not working,MEDIUM,RESOLVED
CP001748,C000212,2025-12-31,BILLING,Unexpected charge,MEDIUM,OPEN
CP001749,C000076,2026-06-11,PLAN,Plan benefits not received,MEDIUM,RESOLVED
CP001750,C000913,2026-05-29,SIM,SIM activation issue,HIGH,IN_PROGRESS
CP001751,C000384,2026-06-28,OTHER,Other issue,CRITICAL,OPEN
CP001752,C000934,2026-08-09,OTHER,Other issue,MEDIUM,IN_PROGRESS
CP001753,C000126,2026-04-05,RECHARGE,Recharge failed,MEDIUM,RESOLVED
CP001754,C000367,2026-08-05,BILLING,Incorrect bill amount,MEDIUM,OPEN
CP001755,C000681,2026-06-12,NETWORK,Internet not working,MEDIUM,OPEN
CP001756,C000333,2026-08-26,PLAN,Plan activation issue,CRITICAL,IN_PROGRESS
CP001757,C000557,2026-01-01,NETWORK,Poor network coverage,HIGH,CLOSED
CP001758,C000530,2026-01-12,NETWORK,Internet not working,MEDIUM,RESOLVED
CP001759,C000962,2026-03-13,SIM,SIM activation issue,MEDIUM,RESOLVED
CP001760,C000629,2026-02-23,NETWORK,Internet not working,MEDIUM,IN_PROGRESS
CP001761,C000809,2026-01-31,OTHER,Other issue,CRITICAL,CLOSED
CP001762,C000783,2026-05-30,NETWORK,Internet not working,LOW,RESOLVED
CP001763,C000025,2026-09-01,RECHARGE,Recharge failed,CRITICAL,RESOLVED
CP001764,C000075,2026-02-04,OTHER,Other issue,CRITICAL,RESOLVED
CP001765,C000392,2026-06-24,NETWORK,Internet not working,LOW,CLOSED
CP001766,C000975,2026-03-13,OTHER,Other issue,MEDIUM,CLOSED
CP001767,C000106,2025-11-04,NETWORK,Network issue,HIGH,CLOSED
CP001768,C000478,2025-09-23,SIM,SIM not working,LOW,IN_PROGRESS
CP001769,C000005,2025-10-14,RECHARGE,Recharge issue,HIGH,OPEN
CP001770,C000440,2026-03-17,PLAN,Plan benefits not received,LOW,IN_PROGRESS
CP001771,C000928,2026-08-17,OTHER,General complaint,MEDIUM,CLOSED
CP001772,C000697,2026-03-29,OTHER,Other issue,HIGH,CLOSED
CP001773,C000203,2026-08-18,SIM,SIM replacement request,MEDIUM,IN_PROGRESS
CP001774,C000779,2026-03-12,SIM,SIM replacement request,MEDIUM,RESOLVED
CP001775,C000104,2025-12-13,SIM,SIM not working,HIGH,OPEN
CP001776,C000755,2025-12-09,BILLING,Unexpected charge,MEDIUM,RESOLVED
CP001777,C000528,2025-11-08,PLAN,Plan activation issue,HIGH,RESOLVED
CP001778,C000748,2026-09-03,BILLING,Incorrect bill amount,CRITICAL,OPEN
CP001779,C000921,2026-07-20,PLAN,Plan benefits not received,CRITICAL,IN_PROGRESS
CP001780,C000690,2025-12-19,PLAN,Plan activation issue,MEDIUM,RESOLVED
CP001781,C000985,2026-08-17,BILLING,Billing issue,MEDIUM,RESOLVED
CP001782,C000660,2026-07-18,PLAN,Plan benefits not received,CRITICAL,IN_PROGRESS
CP001783,C000537,2026-01-22,SIM,SIM not working,CRITICAL,OPEN
CP001784,C000050,2026-05-13,PLAN,Plan related query,HIGH,OPEN
CP001785,C000290,2025-12-24,NETWORK,Poor network coverage,MEDIUM,CLOSED
CP001786,C000106,2026-01-16,OTHER,General complaint,MEDIUM,IN_PROGRESS
CP001787,C000855,2025-12-05,RECHARGE,Recharge issue,MEDIUM,IN_PROGRESS
CP001788,C000131,2026-08-16,SIM,SIM not working,CRITICAL,RESOLVED
CP001789,C000739,2026-04-19,PLAN,Plan related query,HIGH,CLOSED
CP001790,C000884,2026-03-18,PLAN,Plan benefits not received,HIGH,RESOLVED
CP001791,C000075,2026-04-21,PLAN,Plan related query,MEDIUM,OPEN
CP001792,C000440,2026-02-02,BILLING,Unexpected charge,LOW,RESOLVED
CP001793,C000480,2026-05-28,SIM,SIM not working,CRITICAL,RESOLVED
CP001794,C000056,2026-02-15,BILLING,Billing issue,LOW,RESOLVED
CP001795,C000389,2025-10-24,NETWORK,Internet not working,MEDIUM,IN_PROGRESS
CP001796,C000680,2026-04-08,SIM,SIM not working,CRITICAL,IN_PROGRESS
CP001797,C001000,2025-11-16,RECHARGE,Recharge failed,LOW,IN_PROGRESS
CP001798,C000934,2026-01-03,PLAN,Plan related query,MEDIUM,OPEN
CP001799,C000673,2026-08-19,PLAN,Plan related query,HIGH,IN_PROGRESS
CP001800,C000442,2026-07-14,OTHER,Other issue,CRITICAL,OPEN
CP001801,C000311,2026-08-13,OTHER,Other issue,HIGH,IN_PROGRESS
CP001802,C000616,2025-12-14,NETWORK,Slow internet,MEDIUM,IN_PROGRESS
CP001803,C000307,2026-07-26,OTHER,General complaint,MEDIUM,CLOSED
CP001804,C000058,2026-05-28,NETWORK,Poor network coverage,LOW,IN_PROGRESS
CP001805,C000592,2025-11-03,BILLING,Billing issue,MEDIUM,IN_PROGRESS
CP001806,C000309,2026-02-06,BILLING,Unexpected charge,MEDIUM,RESOLVED
CP001807,C000212,2026-06-08,NETWORK,Slow internet,MEDIUM,IN_PROGRESS
CP001808,C000586,2026-01-29,RECHARGE,Recharge failed,HIGH,IN_PROGRESS
CP001809,C000429,2026-02-22,RECHARGE,Recharge failed,LOW,OPEN
CP001810,C000644,2026-03-14,NETWORK,Internet not working,MEDIUM,RESOLVED
CP001811,C000722,2026-03-31,PLAN,Plan activation issue,HIGH,IN_PROGRESS
CP001812,C000557,2026-08-14,OTHER,General complaint,MEDIUM,RESOLVED
CP001813,C000213,2026-01-26,BILLING,Billing issue,CRITICAL,OPEN
CP001814,C000255,2025-10-14,BILLING,Billing issue,HIGH,IN_PROGRESS
CP001815,C000311,2026-02-27,RECHARGE,Recharge amount not reflected,MEDIUM,CLOSED
CP001816,C000630,2025-12-14,RECHARGE,Recharge issue,MEDIUM,CLOSED
CP001817,C000096,2026-01-27,RECHARGE,Recharge failed,CRITICAL,IN_PROGRESS
CP001818,C000895,2025-11-04,NETWORK,Network issue,MEDIUM,CLOSED
CP001819,C000339,2026-08-16,NETWORK,Network issue,CRITICAL,RESOLVED
CP001820,C000117,2026-05-06,NETWORK,Internet not working,MEDIUM,IN_PROGRESS
CP001821,C000498,2026-01-28,OTHER,Other issue,HIGH,RESOLVED
CP001822,C000771,2026-03-03,BILLING,Incorrect bill amount,CRITICAL,RESOLVED
CP001823,C000088,2025-12-11,RECHARGE,Recharge failed,MEDIUM,RESOLVED
CP001824,C000843,2026-02-03,BILLING,Unexpected charge,MEDIUM,RESOLVED
CP001825,C000904,2026-02-21,SIM,SIM activation issue,LOW,OPEN
CP001826,C000028,2025-10-01,NETWORK,Slow internet,CRITICAL,IN_PROGRESS
CP001827,C000434,2026-05-14,PLAN,Plan activation issue,HIGH,RESOLVED
CP001828,C000397,2026-01-02,SIM,SIM replacement request,MEDIUM,IN_PROGRESS
CP001829,C000306,2025-11-13,PLAN,Plan activation issue,HIGH,IN_PROGRESS
CP001830,C000857,2026-04-04,RECHARGE,Recharge issue,MEDIUM,CLOSED
CP001831,C000873,2026-06-16,BILLING,Billing issue,MEDIUM,IN_PROGRESS
CP001832,C000593,2026-03-22,OTHER,Other issue,LOW,IN_PROGRESS
CP001833,C000460,2026-04-08,SIM,SIM replacement request,CRITICAL,CLOSED
CP001834,C000501,2026-03-03,NETWORK,Internet not working,MEDIUM,OPEN
CP001835,C000555,2026-03-02,RECHARGE,Recharge failed,CRITICAL,CLOSED
CP001836,C000565,2026-01-17,PLAN,Plan related query,LOW,RESOLVED
CP001837,C000323,2026-03-01,PLAN,Plan activation issue,MEDIUM,IN_PROGRESS
CP001838,C000475,2025-10-23,BILLING,Billing issue,CRITICAL,RESOLVED
CP001839,C000459,2026-05-08,PLAN,Plan benefits not received,CRITICAL,OPEN
CP001840,C000620,2026-08-23,OTHER,Service related issue,MEDIUM,OPEN
CP001841,C000806,2026-09-22,SIM,SIM not working,LOW,OPEN
CP001842,C000317,2026-01-22,RECHARGE,Recharge amount not reflected,HIGH,IN_PROGRESS
CP001843,C000883,2026-02-15,BILLING,Incorrect bill amount,LOW,OPEN
CP001844,C000176,2025-10-19,OTHER,Service related issue,MEDIUM,IN_PROGRESS
CP001845,C000434,2026-01-19,OTHER,Service related issue,MEDIUM,CLOSED
CP001846,C000938,2025-11-24,SIM,SIM activation issue,MEDIUM,OPEN
CP001847,C000432,2025-10-15,PLAN,Plan related query,MEDIUM,OPEN
CP001848,C000715,2025-12-27,SIM,SIM activation issue,MEDIUM,OPEN
CP001849,C000575,2026-02-27,OTHER,Other issue,CRITICAL,OPEN
CP001850,C000567,2026-05-21,SIM,SIM not working,CRITICAL,CLOSED
CP001851,C000093,2026-04-14,SIM,SIM not working,HIGH,CLOSED
CP001852,C000851,2026-05-03,RECHARGE,Recharge issue,MEDIUM,OPEN
CP001853,C000845,2025-12-02,NETWORK,Network issue,HIGH,CLOSED
CP001854,C000015,2026-07-27,RECHARGE,Recharge failed,MEDIUM,OPEN
CP001855,C000240,2026-07-12,PLAN,Plan related query,LOW,RESOLVED
CP001856,C000379,2026-09-02,NETWORK,Internet not working,CRITICAL,IN_PROGRESS
CP001857,C000980,2026-02-25,BILLING,Billing issue,CRITICAL,OPEN
CP001858,C000853,2026-01-24,PLAN,Plan activation issue,LOW,CLOSED
CP001859,C000908,2026-06-05,SIM,SIM not working,MEDIUM,IN_PROGRESS
CP001860,C000705,2026-08-25,SIM,SIM not working,HIGH,IN_PROGRESS
CP001861,C000487,2025-09-25,SIM,SIM replacement request,HIGH,OPEN
CP001862,C000230,2026-05-02,PLAN,Plan benefits not received,HIGH,CLOSED
CP001863,C000139,2025-11-26,SIM,SIM activation issue,CRITICAL,IN_PROGRESS
CP001864,C000917,2026-02-10,BILLING,Incorrect bill amount,MEDIUM,RESOLVED
CP001865,C000810,2026-02-26,BILLING,Billing issue,LOW,CLOSED
CP001866,C000375,2025-11-28,PLAN,Plan related query,LOW,CLOSED
CP001867,C000501,2026-05-11,RECHARGE,Recharge amount not reflected,LOW,OPEN
CP001868,C000261,2026-03-30,SIM,SIM replacement request,CRITICAL,IN_PROGRESS
CP001869,C000230,2026-02-01,BILLING,Billing issue,MEDIUM,RESOLVED
CP001870,C000692,2026-05-27,SIM,SIM not working,MEDIUM,CLOSED
CP001871,C000532,2025-09-28,PLAN,Plan benefits not received,MEDIUM,OPEN
CP001872,C000249,2026-09-01,RECHARGE,Recharge failed,LOW,IN_PROGRESS
CP001873,C000127,2026-09-01,BILLING,Unexpected charge,MEDIUM,OPEN
CP001874,C000230,2025-10-25,SIM,SIM not working,LOW,CLOSED
CP001875,C000665,2026-08-16,PLAN,Plan activation issue,HIGH,OPEN
CP001876,C000504,2025-12-29,OTHER,General complaint,CRITICAL,OPEN
CP001877,C000081,2025-11-21,SIM,SIM replacement request,HIGH,RESOLVED
CP001878,C000805,2026-05-12,PLAN,Plan activation issue,MEDIUM,RESOLVED
CP001879,C000549,2025-11-30,RECHARGE,Recharge amount not reflected,CRITICAL,OPEN
CP001880,C000447,2025-10-10,PLAN,Plan benefits not received,MEDIUM,RESOLVED
CP001881,C000983,2026-03-26,SIM,SIM not working,MEDIUM,RESOLVED
CP001882,C000041,2026-06-16,BILLING,Billing issue,CRITICAL,IN_PROGRESS
CP001883,C000895,2025-11-27,BILLING,Incorrect bill amount,LOW,OPEN
CP001884,C000019,2026-08-09,NETWORK,Internet not working,MEDIUM,RESOLVED
CP001885,C000169,2026-05-06,OTHER,Service related issue,HIGH,IN_PROGRESS
CP001886,C000045,2026-07-15,PLAN,Plan benefits not received,MEDIUM,IN_PROGRESS
CP001887,C000062,2026-03-24,BILLING,Billing issue,MEDIUM,RESOLVED
CP001888,C000075,2025-10-10,PLAN,Plan activation issue,MEDIUM,RESOLVED
CP001889,C000027,2025-11-23,OTHER,Service related issue,LOW,IN_PROGRESS
CP001890,C000178,2025-11-18,NETWORK,Slow internet,MEDIUM,RESOLVED
CP001891,C000852,2026-05-29,BILLING,Incorrect bill amount,CRITICAL,IN_PROGRESS
CP001892,C000840,2026-07-09,BILLING,Unexpected charge,LOW,RESOLVED
CP001893,C000928,2026-02-10,BILLING,Incorrect bill amount,MEDIUM,CLOSED
CP001894,C000671,2026-09-02,OTHER,Service related issue,CRITICAL,OPEN
CP001895,C000908,2026-05-04,OTHER,General complaint,HIGH,IN_PROGRESS
CP001896,C000181,2026-01-19,OTHER,General complaint,MEDIUM,IN_PROGRESS
CP001897,C000506,2025-11-30,RECHARGE,Recharge issue,HIGH,RESOLVED
CP001898,C000771,2026-09-15,BILLING,Unexpected charge,LOW,RESOLVED
CP001899,C000107,2025-10-13,NETWORK,Slow internet,MEDIUM,CLOSED
CP001900,C000746,2025-11-18,PLAN,Plan activation issue,MEDIUM,IN_PROGRESS
CP001901,C000001,2026-02-26,BILLING,Incorrect bill amount,MEDIUM,RESOLVED
CP001902,C000197,2026-09-02,PLAN,Plan related query,LOW,OPEN
CP001903,C000357,2025-11-06,OTHER,Service related issue,LOW,OPEN
CP001904,C000978,2026-07-11,RECHARGE,Recharge amount not reflected,MEDIUM,CLOSED
CP001905,C000482,2026-03-21,NETWORK,Internet not working,CRITICAL,RESOLVED
CP001906,C000690,2025-12-26,RECHARGE,Recharge amount not reflected,HIGH,CLOSED
CP001907,C000862,2026-08-19,RECHARGE,Recharge issue,CRITICAL,OPEN
CP001908,C000675,2026-01-07,PLAN,Plan activation issue,HIGH,CLOSED
CP001909,C000857,2026-03-20,NETWORK,Internet not working,MEDIUM,OPEN
CP001910,C000934,2026-07-08,PLAN,Plan activation issue,MEDIUM,IN_PROGRESS
CP001911,C000805,2026-04-09,SIM,SIM replacement request,MEDIUM,OPEN
CP001912,C000941,2026-01-17,SIM,SIM activation issue,MEDIUM,CLOSED
CP001913,C000250,2026-09-08,PLAN,Plan benefits not received,MEDIUM,IN_PROGRESS
CP001914,C000729,2025-11-21,NETWORK,Internet not working,MEDIUM,OPEN
CP001915,C000366,2026-07-04,BILLING,Incorrect bill amount,HIGH,CLOSED
CP001916,C000754,2026-02-12,PLAN,Plan activation issue,MEDIUM,RESOLVED
CP001917,C000785,2026-09-07,NETWORK,Poor network coverage,MEDIUM,IN_PROGRESS
CP001918,C000847,2025-12-23,NETWORK,Internet not working,HIGH,IN_PROGRESS
CP001919,C000382,2025-11-08,RECHARGE,Recharge failed,MEDIUM,IN_PROGRESS
CP001920,C000580,2026-05-12,BILLING,Unexpected charge,HIGH,CLOSED
CP001921,C000948,2026-01-09,RECHARGE,Recharge amount not reflected,MEDIUM,OPEN
CP001922,C000578,2026-03-05,RECHARGE,Recharge amount not reflected,HIGH,RESOLVED
CP001923,C000094,2026-02-07,PLAN,Plan related query,CRITICAL,OPEN
CP001924,C000483,2026-03-26,PLAN,Plan benefits not received,CRITICAL,OPEN
CP001925,C000879,2025-11-14,RECHARGE,Recharge amount not reflected,CRITICAL,IN_PROGRESS
CP001926,C000701,2025-12-02,PLAN,Plan benefits not received,LOW,RESOLVED
CP001927,C000781,2026-08-24,NETWORK,Internet not working,HIGH,RESOLVED
CP001928,C000269,2026-09-11,PLAN,Plan related query,LOW,RESOLVED
CP001929,C000600,2026-09-19,OTHER,Service related issue,MEDIUM,IN_PROGRESS
CP001930,C000520,2025-12-09,OTHER,Service related issue,HIGH,CLOSED
CP001931,C000653,2026-01-22,BILLING,Unexpected charge,LOW,OPEN
CP001932,C000354,2026-04-18,SIM,SIM replacement request,CRITICAL,CLOSED
CP001933,C000663,2026-04-28,OTHER,General complaint,LOW,CLOSED
CP001934,C000939,2026-03-20,PLAN,Plan related query,MEDIUM,CLOSED
CP001935,C000694,2026-04-30,PLAN,Plan activation issue,HIGH,CLOSED
CP001936,C000134,2025-12-22,RECHARGE,Recharge failed,LOW,RESOLVED
CP001937,C000440,2025-12-07,RECHARGE,Recharge failed,MEDIUM,OPEN
CP001938,C000354,2026-02-04,SIM,SIM replacement request,HIGH,IN_PROGRESS
CP001939,C000285,2026-03-10,PLAN,Plan activation issue,MEDIUM,OPEN
CP001940,C000830,2026-08-25,OTHER,General complaint,CRITICAL,IN_PROGRESS
CP001941,C000723,2025-10-05,SIM,SIM replacement request,MEDIUM,IN_PROGRESS
CP001942,C000487,2026-03-20,PLAN,Plan benefits not received,HIGH,IN_PROGRESS
CP001943,C000445,2026-06-16,OTHER,General complaint,MEDIUM,RESOLVED
CP001944,C000844,2026-01-09,PLAN,Plan benefits not received,HIGH,IN_PROGRESS
CP001945,C000236,2026-01-02,BILLING,Billing issue,HIGH,RESOLVED
CP001946,C000098,2026-03-13,PLAN,Plan activation issue,LOW,CLOSED
CP001947,C000077,2025-11-28,BILLING,Billing issue,MEDIUM,CLOSED
CP001948,C000083,2026-08-31,RECHARGE,Recharge issue,LOW,RESOLVED
CP001949,C000474,2026-04-30,NETWORK,Internet not working,HIGH,IN_PROGRESS
CP001950,C000763,2026-05-02,RECHARGE,Recharge issue,MEDIUM,IN_PROGRESS
CP001951,C000642,2025-09-25,RECHARGE,Recharge issue,HIGH,CLOSED
CP001952,C000384,2026-07-10,NETWORK,Poor network coverage,LOW,CLOSED
CP001953,C000914,2026-03-04,BILLING,Unexpected charge,MEDIUM,OPEN
CP001954,C000077,2026-03-09,RECHARGE,Recharge amount not reflected,HIGH,OPEN
CP001955,C000907,2026-08-03,RECHARGE,Recharge issue,HIGH,IN_PROGRESS
CP001956,C000688,2025-10-31,RECHARGE,Recharge amount not reflected,MEDIUM,OPEN
CP001957,C000677,2025-11-28,PLAN,Plan activation issue,HIGH,OPEN
CP001958,C000738,2025-12-16,NETWORK,Internet not working,MEDIUM,OPEN
CP001959,C000918,2026-01-21,NETWORK,Internet not working,MEDIUM,RESOLVED
CP001960,C000349,2026-04-21,PLAN,Plan related query,HIGH,RESOLVED
CP001961,C000842,2026-03-13,PLAN,Plan benefits not received,LOW,OPEN
CP001962,C000791,2026-08-10,SIM,SIM replacement request,MEDIUM,OPEN
CP001963,C000830,2025-12-25,SIM,SIM activation issue,LOW,IN_PROGRESS
CP001964,C000890,2026-02-10,OTHER,Service related issue,CRITICAL,IN_PROGRESS
CP001965,C000012,2025-11-25,NETWORK,Poor network coverage,MEDIUM,OPEN
CP001966,C000135,2026-07-09,RECHARGE,Recharge amount not reflected,CRITICAL,OPEN
CP001967,C000697,2025-11-28,BILLING,Billing issue,HIGH,OPEN
CP001968,C000427,2026-02-05,BILLING,Unexpected charge,HIGH,CLOSED
CP001969,C000036,2026-04-13,PLAN,Plan related query,LOW,OPEN
CP001970,C000731,2025-10-05,NETWORK,Slow internet,MEDIUM,IN_PROGRESS
CP001971,C000560,2025-10-11,RECHARGE,Recharge amount not reflected,LOW,RESOLVED
CP001972,C000510,2026-08-10,SIM,SIM replacement request,CRITICAL,OPEN
CP001973,C000931,2026-01-19,NETWORK,Poor network coverage,HIGH,CLOSED
CP001974,C000734,2026-05-30,NETWORK,Internet not working,MEDIUM,IN_PROGRESS
CP001975,C000060,2025-10-22,SIM,SIM activation issue,CRITICAL,RESOLVED
CP001976,C000730,2026-02-25,SIM,SIM activation issue,MEDIUM,IN_PROGRESS
CP001977,C000878,2026-05-14,BILLING,Incorrect bill amount,LOW,OPEN
CP001978,C000042,2025-12-06,NETWORK,Network issue,HIGH,IN_PROGRESS
CP001979,C000951,2026-08-07,NETWORK,Internet not working,MEDIUM,OPEN
CP001980,C000190,2025-12-17,BILLING,Incorrect bill amount,HIGH,CLOSED
CP001981,C000655,2026-07-03,PLAN,Plan activation issue,MEDIUM,CLOSED
CP001982,C000050,2025-10-13,PLAN,Plan activation issue,LOW,OPEN
CP001983,C000826,2025-11-11,PLAN,Plan activation issue,LOW,IN_PROGRESS
CP001984,C000743,2025-09-26,PLAN,Plan benefits not received,CRITICAL,CLOSED
CP001985,C000584,2026-01-13,BILLING,Billing issue,CRITICAL,IN_PROGRESS
CP001986,C000626,2025-12-09,NETWORK,Slow internet,MEDIUM,CLOSED
CP001987,C000193,2025-10-13,BILLING,Billing issue,CRITICAL,RESOLVED
CP001988,C000922,2025-10-26,SIM,SIM replacement request,MEDIUM,IN_PROGRESS
CP001989,C000839,2025-11-08,OTHER,Other issue,CRITICAL,OPEN
CP001990,C000299,2026-06-19,PLAN,Plan activation issue,MEDIUM,CLOSED
CP001991,C000181,2025-12-27,PLAN,Plan related query,HIGH,IN_PROGRESS
CP001992,C000549,2026-05-26,OTHER,General complaint,CRITICAL,RESOLVED
CP001993,C000758,2026-06-02,NETWORK,Network issue,MEDIUM,OPEN
CP001994,C000936,2026-01-08,OTHER,Other issue,LOW,IN_PROGRESS
CP001995,C000782,2026-09-21,OTHER,General complaint,MEDIUM,RESOLVED
CP001996,C000023,2025-11-26,NETWORK,Network issue,HIGH,IN_PROGRESS
CP001997,C000838,2025-12-16,NETWORK,Slow internet,LOW,RESOLVED
CP001998,C000681,2025-11-15,BILLING,Unexpected charge,LOW,OPEN
CP001999,C000767,2025-10-02,NETWORK,Network issue,LOW,IN_PROGRESS
CP002000,C000667,2026-04-29,OTHER,Service related issue,HIGH,RESOLVED
CP002001,C000657,2025-10-14,RECHARGE,Recharge amount not reflected,MEDIUM,RESOLVED
CP002002,C000155,2025-11-03,SIM,SIM not working,MEDIUM,CLOSED
CP002003,C000303,2026-04-25,RECHARGE,Recharge failed,HIGH,IN_PROGRESS
CP002004,C000036,2025-12-06,NETWORK,Internet not working,LOW,IN_PROGRESS
CP002005,C000985,2025-09-26,SIM,SIM replacement request,HIGH,RESOLVED
CP002006,C000503,2026-03-19,PLAN,Plan activation issue,LOW,IN_PROGRESS
CP002007,C000436,2026-01-13,OTHER,Other issue,HIGH,IN_PROGRESS
CP002008,C000391,2026-01-26,PLAN,Plan activation issue,CRITICAL,IN_PROGRESS
CP002009,C000332,2026-03-28,SIM,SIM not working,HIGH,OPEN
CP002010,C000480,2026-07-24,NETWORK,Poor network coverage,LOW,OPEN
CP002011,C000393,2026-05-25,SIM,SIM not working,CRITICAL,CLOSED
CP002012,C000238,2025-11-20,RECHARGE,Recharge failed,LOW,CLOSED
CP002013,C000577,2025-12-07,OTHER,Service related issue,LOW,IN_PROGRESS
CP002014,C000739,2026-03-28,NETWORK,Network issue,LOW,CLOSED
CP002015,C000714,2026-07-18,OTHER,Service related issue,MEDIUM,CLOSED
CP002016,C000189,2026-04-19,PLAN,Plan benefits not received,LOW,CLOSED
CP002017,C000205,2026-05-05,BILLING,Unexpected charge,LOW,IN_PROGRESS
CP002018,C000792,2026-08-07,NETWORK,Network issue,HIGH,RESOLVED
CP002019,C000687,2026-02-01,RECHARGE,Recharge amount not reflected,MEDIUM,CLOSED
CP002020,C000181,2026-02-14,PLAN,Plan related query,MEDIUM,OPEN
CP002021,C000907,2026-09-22,RECHARGE,Recharge amount not reflected,LOW,RESOLVED
CP002022,C000826,2026-03-02,OTHER,Other issue,MEDIUM,CLOSED
CP002023,C000042,2025-09-27,RECHARGE,Recharge failed,MEDIUM,CLOSED
CP002024,C000181,2026-07-28,PLAN,Plan benefits not received,MEDIUM,OPEN
CP002025,C000179,2026-07-12,NETWORK,Poor network coverage,LOW,IN_PROGRESS
CP002026,C000252,2026-02-12,PLAN,Plan related query,HIGH,CLOSED
CP002027,C000508,2025-10-03,OTHER,Service related issue,LOW,CLOSED
CP002028,C000963,2026-05-16,OTHER,General complaint,MEDIUM,RESOLVED
CP002029,C000767,2026-05-10,BILLING,Billing issue,MEDIUM,RESOLVED
CP002030,C000667,2026-02-08,BILLING,Incorrect bill amount,CRITICAL,OPEN
CP002031,C000489,2025-11-29,BILLING,Billing issue,HIGH,RESOLVED
CP002032,C000859,2026-06-01,OTHER,Service related issue,MEDIUM,RESOLVED
CP002033,C000515,2026-03-13,OTHER,Service related issue,MEDIUM,IN_PROGRESS
CP002034,C000055,2026-05-12,SIM,SIM replacement request,CRITICAL,OPEN
CP002035,C000569,2026-07-20,BILLING,Billing issue,LOW,CLOSED
CP002036,C000790,2026-03-25,RECHARGE,Recharge issue,MEDIUM,OPEN
CP002037,C000986,2026-05-16,PLAN,Plan benefits not received,LOW,CLOSED
CP002038,C000872,2026-03-10,PLAN,Plan related query,MEDIUM,CLOSED
CP002039,C000508,2026-07-26,OTHER,Other issue,CRITICAL,RESOLVED
CP002040,C000462,2026-09-04,PLAN,Plan activation issue,LOW,CLOSED
CP002041,C000368,2026-02-07,BILLING,Billing issue,MEDIUM,OPEN
CP002042,C000200,2026-06-24,SIM,SIM activation issue,MEDIUM,RESOLVED
CP002043,C000824,2026-03-27,NETWORK,Network issue,LOW,OPEN
CP002044,C000386,2025-11-08,PLAN,Plan related query,CRITICAL,OPEN
CP002045,C000080,2026-01-22,NETWORK,Slow internet,MEDIUM,OPEN
CP002046,C000202,2026-02-18,NETWORK,Poor network coverage,CRITICAL,IN_PROGRESS
CP002047,C000461,2025-11-01,SIM,SIM not working,MEDIUM,CLOSED
CP002048,C000456,2026-09-20,OTHER,Other issue,MEDIUM,RESOLVED
CP002049,C000119,2025-10-24,PLAN,Plan activation issue,LOW,OPEN
CP002050,C000625,2026-06-05,OTHER,General complaint,LOW,RESOLVED
CP002051,C000020,2026-01-06,SIM,SIM replacement request,MEDIUM,RESOLVED
CP002052,C000520,2025-12-07,BILLING,Incorrect bill amount,HIGH,OPEN
CP002053,C000782,2026-06-01,SIM,SIM not working,LOW,IN_PROGRESS
CP002054,C000437,2025-12-15,PLAN,Plan activation issue,HIGH,CLOSED
CP002055,C000079,2026-03-19,SIM,SIM activation issue,MEDIUM,CLOSED
CP002056,C000671,2026-07-19,SIM,SIM activation issue,MEDIUM,IN_PROGRESS
CP002057,C000264,2026-07-19,OTHER,Other issue,LOW,RESOLVED
CP002058,C000654,2026-02-26,OTHER,Other issue,CRITICAL,IN_PROGRESS
CP002059,C000838,2025-10-17,OTHER,Service related issue,HIGH,CLOSED
CP002060,C000954,2026-07-16,RECHARGE,Recharge issue,HIGH,OPEN
CP002061,C000032,2025-11-20,NETWORK,Poor network coverage,HIGH,CLOSED
CP002062,C000982,2026-05-16,SIM,SIM activation issue,CRITICAL,RESOLVED
CP002063,C000270,2026-06-15,SIM,SIM activation issue,MEDIUM,IN_PROGRESS
CP002064,C000978,2026-03-21,SIM,SIM activation issue,MEDIUM,RESOLVED
CP002065,C000562,2026-01-25,PLAN,Plan activation issue,MEDIUM,CLOSED
CP002066,C000848,2026-06-05,OTHER,Other issue,LOW,CLOSED
CP002067,C000187,2026-04-13,OTHER,Service related issue,HIGH,OPEN
CP002068,C000518,2026-07-16,BILLING,Incorrect bill amount,MEDIUM,OPEN
CP002069,C000984,2025-12-18,OTHER,General complaint,MEDIUM,CLOSED
CP002070,C000636,2026-07-17,SIM,SIM activation issue,MEDIUM,CLOSED
CP002071,C000485,2026-08-15,RECHARGE,Recharge issue,MEDIUM,OPEN
CP002072,C000196,2026-07-29,PLAN,Plan activation issue,HIGH,RESOLVED
CP002073,C000929,2026-05-14,RECHARGE,Recharge amount not reflected,HIGH,OPEN
CP002074,C000644,2026-01-15,OTHER,Service related issue,LOW,IN_PROGRESS
CP002075,C000710,2025-10-19,PLAN,Plan benefits not received,CRITICAL,CLOSED
CP002076,C000495,2026-07-01,NETWORK,Network issue,LOW,CLOSED
CP002077,C000064,2026-08-04,NETWORK,Slow internet,MEDIUM,OPEN
CP002078,C000463,2026-03-02,RECHARGE,Recharge amount not reflected,HIGH,OPEN
CP002079,C000150,2025-12-31,SIM,SIM replacement request,HIGH,RESOLVED
CP002080,C000387,2026-04-03,NETWORK,Slow internet,MEDIUM,OPEN
CP002081,C000902,2026-04-24,NETWORK,Network issue,HIGH,OPEN
CP002082,C000786,2025-10-03,OTHER,Service related issue,MEDIUM,RESOLVED
CP002083,C000957,2026-09-14,NETWORK,Poor network coverage,LOW,CLOSED
CP002084,C000377,2026-07-22,OTHER,General complaint,LOW,OPEN
CP002085,C000780,2026-05-15,OTHER,General complaint,MEDIUM,IN_PROGRESS
CP002086,C000939,2026-07-27,SIM,SIM replacement request,MEDIUM,RESOLVED
CP002087,C000809,2026-04-11,NETWORK,Slow internet,CRITICAL,OPEN
CP002088,C000708,2025-10-04,PLAN,Plan activation issue,LOW,CLOSED
CP002089,C000100,2026-08-25,NETWORK,Slow internet,CRITICAL,RESOLVED
CP002090,C000534,2026-04-13,BILLING,Billing issue,MEDIUM,RESOLVED
CP002091,C000643,2026-08-11,SIM,SIM replacement request,LOW,CLOSED
CP002092,C000669,2025-11-02,NETWORK,Network issue,HIGH,IN_PROGRESS
CP002093,C000152,2026-03-12,NETWORK,Internet not working,CRITICAL,CLOSED
CP002094,C000590,2026-07-04,SIM,SIM activation issue,HIGH,OPEN
CP002095,C000273,2025-10-13,SIM,SIM not working,MEDIUM,RESOLVED
CP002096,C000931,2026-09-10,NETWORK,Poor network coverage,LOW,OPEN
CP002097,C000823,2026-03-16,BILLING,Unexpected charge,MEDIUM,OPEN
CP002098,C000429,2026-03-21,SIM,SIM replacement request,LOW,IN_PROGRESS
CP002099,C000530,2026-01-19,BILLING,Unexpected charge,LOW,RESOLVED
CP002100,C000026,2026-03-09,BILLING,Unexpected charge,MEDIUM,CLOSED
CP002101,C000813,2026-08-14,PLAN,Plan benefits not received,LOW,OPEN
CP002102,C000158,2025-12-26,SIM,SIM not working,LOW,IN_PROGRESS
CP002103,C000383,2026-03-13,BILLING,Incorrect bill amount,MEDIUM,RESOLVED
CP002104,C000115,2026-07-25,BILLING,Unexpected charge,HIGH,IN_PROGRESS
CP002105,C000954,2025-12-13,PLAN,Plan related query,HIGH,IN_PROGRESS
CP002106,C000616,2026-01-07,OTHER,Other issue,LOW,CLOSED
CP002107,C000105,2026-06-12,OTHER,General complaint,HIGH,OPEN
CP002108,C000150,2026-08-14,NETWORK,Network issue,HIGH,RESOLVED
CP002109,C000698,2025-12-10,OTHER,Service related issue,LOW,OPEN
CP002110,C000312,2026-03-19,SIM,SIM not working,HIGH,CLOSED
CP002111,C000198,2026-06-03,BILLING,Billing issue,HIGH,IN_PROGRESS
CP002112,C000582,2026-02-04,SIM,SIM replacement request,MEDIUM,RESOLVED
CP002113,C000273,2026-06-05,SIM,SIM replacement request,HIGH,CLOSED
CP002114,C000206,2026-03-04,PLAN,Plan activation issue,MEDIUM,RESOLVED
CP002115,C000375,2026-01-26,PLAN,Plan activation issue,HIGH,OPEN
CP002116,C000691,2025-11-03,PLAN,Plan activation issue,MEDIUM,IN_PROGRESS
CP002117,C000665,2026-07-28,PLAN,Plan related query,MEDIUM,RESOLVED
CP002118,C000922,2025-09-29,BILLING,Unexpected charge,HIGH,OPEN
CP002119,C000958,2026-01-02,OTHER,General complaint,HIGH,OPEN
CP002120,C000759,2026-08-26,PLAN,Plan related query,LOW,RESOLVED
CP002121,C000757,2026-09-21,RECHARGE,Recharge issue,MEDIUM,IN_PROGRESS
CP002122,C000364,2025-11-30,SIM,SIM not working,MEDIUM,IN_PROGRESS
CP002123,C000333,2025-10-29,OTHER,General complaint,LOW,RESOLVED
CP002124,C000881,2026-04-05,BILLING,Billing issue,MEDIUM,RESOLVED
CP002125,C000813,2026-09-19,OTHER,Service related issue,MEDIUM,IN_PROGRESS
CP002126,C000894,2025-12-31,RECHARGE,Recharge failed,LOW,RESOLVED
CP002127,C000074,2026-07-14,BILLING,Unexpected charge,HIGH,RESOLVED
CP002128,C000399,2025-11-16,NETWORK,Slow internet,MEDIUM,RESOLVED
CP002129,C000256,2026-02-02,SIM,SIM replacement request,MEDIUM,OPEN
CP002130,C000018,2026-07-17,SIM,SIM replacement request,CRITICAL,IN_PROGRESS
CP002131,C000344,2026-09-12,OTHER,General complaint,CRITICAL,OPEN
CP002132,C000168,2026-09-09,OTHER,Service related issue,MEDIUM,CLOSED
CP002133,C000428,2025-12-01,NETWORK,Internet not working,MEDIUM,RESOLVED
CP002134,C000363,2026-05-27,PLAN,Plan related query,HIGH,OPEN
CP002135,C000008,2025-12-04,BILLING,Incorrect bill amount,LOW,RESOLVED
CP002136,C000097,2026-02-04,SIM,SIM not working,HIGH,RESOLVED
CP002137,C000881,2026-04-18,RECHARGE,Recharge failed,CRITICAL,IN_PROGRESS
CP002138,C000435,2025-10-28,OTHER,Other issue,MEDIUM,RESOLVED
CP002139,C000838,2026-03-08,SIM,SIM not working,HIGH,OPEN
CP002140,C000002,2026-03-10,PLAN,Plan related query,MEDIUM,CLOSED
CP002141,C000014,2026-05-13,BILLING,Billing issue,MEDIUM,IN_PROGRESS
CP002142,C000056,2026-04-22,NETWORK,Network issue,MEDIUM,CLOSED
CP002143,C000718,2025-11-22,OTHER,Service related issue,CRITICAL,OPEN
CP002144,C000328,2026-08-25,RECHARGE,Recharge amount not reflected,MEDIUM,CLOSED
CP002145,C000402,2025-11-21,SIM,SIM not working,CRITICAL,IN_PROGRESS
CP002146,C000043,2026-08-07,SIM,SIM replacement request,LOW,OPEN
CP002147,C000961,2026-06-13,PLAN,Plan benefits not received,LOW,IN_PROGRESS
CP002148,C000702,2026-06-25,PLAN,Plan activation issue,MEDIUM,RESOLVED
CP002149,C000605,2026-03-11,RECHARGE,Recharge failed,MEDIUM,CLOSED
CP002150,C000071,2025-12-11,PLAN,Plan benefits not received,CRITICAL,CLOSED
CP002151,C000903,2026-06-01,NETWORK,Internet not working,MEDIUM,CLOSED
CP002152,C000061,2026-02-12,PLAN,Plan activation issue,MEDIUM,CLOSED
CP002153,C000006,2026-08-06,OTHER,Service related issue,MEDIUM,IN_PROGRESS
CP002154,C000941,2026-03-07,NETWORK,Slow internet,LOW,IN_PROGRESS
CP002155,C000396,2026-05-22,SIM,SIM activation issue,LOW,IN_PROGRESS
CP002156,C000250,2025-11-29,SIM,SIM replacement request,MEDIUM,RESOLVED
CP002157,C000872,2026-01-23,NETWORK,Poor network coverage,MEDIUM,IN_PROGRESS
CP002158,C000487,2026-02-08,BILLING,Billing issue,HIGH,CLOSED
CP002159,C000336,2025-10-10,RECHARGE,Recharge issue,LOW,RESOLVED
CP002160,C000829,2026-06-11,PLAN,Plan benefits not received,LOW,RESOLVED
CP002161,C000349,2026-02-07,NETWORK,Internet not working,HIGH,RESOLVED
CP002162,C000443,2026-03-10,OTHER,Service related issue,HIGH,OPEN
CP002163,C000815,2026-06-15,RECHARGE,Recharge issue,MEDIUM,RESOLVED
CP002164,C000579,2026-05-27,SIM,SIM replacement request,HIGH,OPEN
CP002165,C000392,2026-03-31,BILLING,Incorrect bill amount,CRITICAL,OPEN
CP002166,C000585,2026-04-26,PLAN,Plan benefits not received,MEDIUM,RESOLVED
CP002167,C000738,2026-08-29,RECHARGE,Recharge amount not reflected,MEDIUM,IN_PROGRESS
CP002168,C000481,2026-01-12,NETWORK,Internet not working,MEDIUM,RESOLVED
CP002169,C000003,2026-07-19,RECHARGE,Recharge failed,HIGH,IN_PROGRESS
CP002170,C000870,2026-09-19,NETWORK,Internet not working,CRITICAL,IN_PROGRESS
CP002171,C000295,2026-06-08,NETWORK,Internet not working,MEDIUM,CLOSED
CP002172,C000238,2026-03-24,OTHER,Service related issue,CRITICAL,IN_PROGRESS
CP002173,C000942,2026-06-03,NETWORK,Network issue,LOW,IN_PROGRESS
CP002174,C000657,2026-04-25,BILLING,Billing issue,MEDIUM,RESOLVED
CP002175,C000773,2025-09-24,RECHARGE,Recharge failed,HIGH,RESOLVED
CP002176,C000165,2026-09-06,OTHER,Service related issue,MEDIUM,OPEN
CP002177,C000298,2026-07-13,NETWORK,Internet not working,MEDIUM,OPEN
CP002178,C000533,2025-12-25,BILLING,Unexpected charge,MEDIUM,RESOLVED
CP002179,C000842,2026-03-13,RECHARGE,Recharge amount not reflected,MEDIUM,IN_PROGRESS
CP002180,C000050,2025-09-28,RECHARGE,Recharge failed,LOW,CLOSED
CP002181,C000029,2026-07-10,NETWORK,Internet not working,MEDIUM,OPEN
CP002182,C000265,2025-12-04,PLAN,Plan related query,LOW,IN_PROGRESS
CP002183,C000502,2026-01-26,BILLING,Incorrect bill amount,HIGH,OPEN
CP002184,C000664,2025-11-29,SIM,SIM not working,HIGH,CLOSED
CP002185,C000349,2026-07-24,NETWORK,Internet not working,CRITICAL,IN_PROGRESS
CP002186,C000150,2026-06-08,PLAN,Plan benefits not received,MEDIUM,RESOLVED
CP002187,C000827,2025-11-03,RECHARGE,Recharge failed,MEDIUM,CLOSED
CP002188,C000682,2026-02-17,RECHARGE,Recharge amount not reflected,CRITICAL,OPEN
CP002189,C000173,2026-06-07,RECHARGE,Recharge failed,LOW,IN_PROGRESS
CP002190,C000741,2026-02-14,BILLING,Billing issue,LOW,RESOLVED
CP002191,C000159,2025-12-05,SIM,SIM not working,LOW,OPEN
CP002192,C000094,2026-01-09,NETWORK,Poor network coverage,MEDIUM,OPEN
CP002193,C000396,2026-01-08,PLAN,Plan activation issue,HIGH,OPEN
CP002194,C000561,2026-04-17,SIM,SIM not working,MEDIUM,OPEN
CP002195,C000748,2026-05-03,BILLING,Billing issue,MEDIUM,IN_PROGRESS
CP002196,C000259,2026-09-20,PLAN,Plan benefits not received,MEDIUM,OPEN
CP002197,C000679,2025-10-31,OTHER,Other issue,HIGH,OPEN
CP002198,C000782,2025-10-27,NETWORK,Network issue,MEDIUM,RESOLVED
CP002199,C001000,2025-12-26,PLAN,Plan benefits not received,MEDIUM,OPEN
CP002200,C000198,2025-10-31,BILLING,Unexpected charge,LOW,OPEN
CP002201,C000365,2026-09-13,PLAN,Plan activation issue,MEDIUM,RESOLVED
CP002202,C000792,2026-06-17,NETWORK,Slow internet,CRITICAL,RESOLVED
CP002203,C000434,2026-03-12,PLAN,Plan benefits not received,MEDIUM,OPEN
CP002204,C000575,2025-11-15,SIM,SIM not working,MEDIUM,CLOSED
CP002205,C000231,2026-06-18,NETWORK,Poor network coverage,HIGH,OPEN
CP002206,C000966,2026-09-16,OTHER,Service related issue,MEDIUM,RESOLVED
CP002207,C000780,2026-07-15,BILLING,Unexpected charge,MEDIUM,RESOLVED
CP002208,C000141,2026-05-27,BILLING,Billing issue,CRITICAL,CLOSED
CP002209,C000584,2026-09-10,OTHER,Other issue,LOW,OPEN
CP002210,C000405,2026-05-24,BILLING,Unexpected charge,LOW,RESOLVED
CP002211,C000341,2026-05-01,NETWORK,Poor network coverage,MEDIUM,IN_PROGRESS
CP002212,C000140,2025-11-14,NETWORK,Network issue,HIGH,OPEN
CP002213,C000028,2026-01-19,PLAN,Plan related query,CRITICAL,CLOSED
CP002214,C000720,2026-06-19,PLAN,Plan activation issue,CRITICAL,OPEN
CP002215,C000443,2026-02-18,PLAN,Plan related query,HIGH,RESOLVED
CP002216,C000936,2025-10-21,PLAN,Plan related query,MEDIUM,OPEN
CP002217,C000895,2026-08-17,NETWORK,Slow internet,MEDIUM,OPEN
CP002218,C000084,2026-02-16,SIM,SIM activation issue,HIGH,RESOLVED
CP002219,C000054,2025-10-20,PLAN,Plan benefits not received,MEDIUM,CLOSED
CP002220,C000335,2026-05-02,SIM,SIM not working,MEDIUM,RESOLVED
CP002221,C000357,2025-10-10,PLAN,Plan related query,LOW,OPEN
CP002222,C000196,2026-09-10,RECHARGE,Recharge issue,MEDIUM,IN_PROGRESS
CP002223,C000386,2026-06-24,SIM,SIM replacement request,HIGH,OPEN
CP002224,C000650,2026-02-28,RECHARGE,Recharge failed,MEDIUM,OPEN
CP002225,C000392,2026-05-03,SIM,SIM replacement request,CRITICAL,IN_PROGRESS
CP002226,C000211,2026-02-17,SIM,SIM activation issue,LOW,OPEN
CP002227,C000288,2026-05-21,SIM,SIM replacement request,MEDIUM,OPEN
CP002228,C000845,2026-05-15,BILLING,Billing issue,HIGH,RESOLVED
CP002229,C000906,2026-03-25,RECHARGE,Recharge failed,MEDIUM,IN_PROGRESS
CP002230,C000203,2026-02-11,RECHARGE,Recharge failed,MEDIUM,CLOSED
CP002231,C000352,2026-02-04,SIM,SIM replacement request,MEDIUM,IN_PROGRESS
CP002232,C000807,2026-01-13,NETWORK,Slow internet,MEDIUM,CLOSED
CP002233,C000008,2026-03-19,OTHER,Other issue,MEDIUM,RESOLVED
CP002234,C000812,2026-01-17,NETWORK,Slow internet,MEDIUM,CLOSED
CP002235,C000377,2026-04-23,SIM,SIM activation issue,MEDIUM,CLOSED
CP002236,C000621,2026-05-27,PLAN,Plan benefits not received,CRITICAL,OPEN
CP002237,C000373,2026-07-30,BILLING,Billing issue,CRITICAL,CLOSED
CP002238,C000573,2025-10-06,RECHARGE,Recharge failed,MEDIUM,IN_PROGRESS
CP002239,C000123,2026-04-11,BILLING,Incorrect bill amount,MEDIUM,RESOLVED
CP002240,C000555,2026-07-04,SIM,SIM replacement request,HIGH,IN_PROGRESS
CP002241,C000839,2026-07-23,RECHARGE,Recharge issue,CRITICAL,RESOLVED
CP002242,C000768,2026-07-05,OTHER,Service related issue,MEDIUM,IN_PROGRESS
CP002243,C000579,2025-10-23,SIM,SIM activation issue,CRITICAL,OPEN
CP002244,C000121,2026-08-31,SIM,SIM not working,LOW,CLOSED
CP002245,C000012,2026-05-06,OTHER,General complaint,CRITICAL,CLOSED
CP002246,C000591,2026-08-15,SIM,SIM replacement request,MEDIUM,RESOLVED
CP002247,C000061,2026-08-13,OTHER,Service related issue,CRITICAL,OPEN
CP002248,C000632,2025-09-24,OTHER,Service related issue,CRITICAL,IN_PROGRESS
CP002249,C000437,2026-04-07,NETWORK,Network issue,MEDIUM,CLOSED
CP002250,C000907,2026-02-08,SIM,SIM activation issue,MEDIUM,CLOSED
CP002251,C000447,2026-01-03,RECHARGE,Recharge amount not reflected,MEDIUM,CLOSED
CP002252,C000571,2026-01-14,RECHARGE,Recharge issue,CRITICAL,CLOSED
CP002253,C000951,2026-05-08,BILLING,Incorrect bill amount,CRITICAL,OPEN
CP002254,C000718,2025-12-23,OTHER,General complaint,CRITICAL,IN_PROGRESS
CP002255,C000172,2026-06-28,BILLING,Incorrect bill amount,HIGH,RESOLVED
CP002256,C000537,2026-04-07,BILLING,Incorrect bill amount,HIGH,RESOLVED
CP002257,C000291,2026-03-20,SIM,SIM activation issue,HIGH,RESOLVED
CP002258,C000423,2025-11-01,PLAN,Plan activation issue,MEDIUM,IN_PROGRESS
CP002259,C000933,2026-09-12,PLAN,Plan benefits not received,HIGH,OPEN
CP002260,C000043,2026-06-02,NETWORK,Slow internet,CRITICAL,OPEN
CP002261,C000489,2026-09-03,BILLING,Unexpected charge,HIGH,RESOLVED
CP002262,C000583,2025-10-16,OTHER,Service related issue,LOW,CLOSED
CP002263,C000220,2026-03-12,NETWORK,Slow internet,LOW,OPEN
CP002264,C000737,2026-09-12,BILLING,Incorrect bill amount,MEDIUM,CLOSED
CP002265,C000280,2026-02-06,RECHARGE,Recharge failed,MEDIUM,OPEN
CP002266,C000209,2026-08-28,BILLING,Unexpected charge,HIGH,RESOLVED
CP002267,C000683,2026-09-11,NETWORK,Slow internet,CRITICAL,RESOLVED
CP002268,C000886,2026-08-20,RECHARGE,Recharge failed,HIGH,OPEN
CP002269,C000795,2025-10-23,PLAN,Plan activation issue,MEDIUM,CLOSED
CP002270,C000134,2026-05-20,OTHER,General complaint,MEDIUM,CLOSED
CP002271,C000275,2026-02-22,SIM,SIM activation issue,CRITICAL,OPEN
CP002272,C000939,2026-05-10,SIM,SIM replacement request,MEDIUM,RESOLVED
CP002273,C000712,2026-03-02,OTHER,Other issue,LOW,OPEN
CP002274,C000336,2026-04-23,SIM,SIM not working,HIGH,CLOSED
CP002275,C000724,2026-01-06,NETWORK,Network issue,HIGH,RESOLVED
CP002276,C000901,2025-12-07,BILLING,Unexpected charge,MEDIUM,OPEN
CP002277,C000813,2026-05-25,NETWORK,Internet not working,HIGH,CLOSED
CP002278,C000285,2026-05-13,PLAN,Plan benefits not received,HIGH,IN_PROGRESS
CP002279,C000688,2025-12-19,PLAN,Plan benefits not received,LOW,RESOLVED
CP002280,C000443,2025-11-10,OTHER,Other issue,MEDIUM,OPEN
CP002281,C000002,2026-02-28,RECHARGE,Recharge issue,MEDIUM,OPEN
CP002282,C000604,2026-02-08,OTHER,Other issue,LOW,OPEN
CP002283,C000467,2026-01-07,BILLING,Unexpected charge,CRITICAL,OPEN
CP002284,C000611,2026-09-05,OTHER,Service related issue,CRITICAL,IN_PROGRESS
CP002285,C000305,2026-04-14,NETWORK,Poor network coverage,MEDIUM,RESOLVED
CP002286,C000577,2025-10-19,NETWORK,Network issue,CRITICAL,RESOLVED
CP002287,C000122,2026-05-23,NETWORK,Internet not working,CRITICAL,CLOSED
CP002288,C000405,2026-04-21,SIM,SIM activation issue,MEDIUM,IN_PROGRESS
CP002289,C000066,2025-12-21,PLAN,Plan activation issue,MEDIUM,CLOSED
CP002290,C000466,2025-12-31,PLAN,Plan related query,HIGH,CLOSED
CP002291,C000006,2026-05-06,RECHARGE,Recharge failed,MEDIUM,RESOLVED
CP002292,C000659,2026-07-24,OTHER,General complaint,LOW,OPEN
CP002293,C000111,2026-05-30,SIM,SIM not working,CRITICAL,CLOSED
CP002294,C000842,2026-05-31,OTHER,Other issue,MEDIUM,CLOSED
CP002295,C000164,2026-04-12,PLAN,Plan benefits not received,CRITICAL,IN_PROGRESS
CP002296,C000457,2025-09-25,BILLING,Unexpected charge,LOW,CLOSED
CP002297,C000942,2025-12-03,OTHER,Other issue,CRITICAL,IN_PROGRESS
CP002298,C000045,2025-11-05,RECHARGE,Recharge amount not reflected,CRITICAL,RESOLVED
CP002299,C000306,2025-11-25,SIM,SIM replacement request,LOW,IN_PROGRESS
CP002300,C000581,2026-05-28,OTHER,General complaint,LOW,OPEN
CP002301,C000247,2025-11-08,PLAN,Plan related query,HIGH,OPEN
CP002302,C000050,2026-08-27,RECHARGE,Recharge amount not reflected,MEDIUM,RESOLVED
CP002303,C000127,2026-06-08,OTHER,Other issue,LOW,OPEN
CP002304,C000135,2026-07-10,SIM,SIM activation issue,HIGH,RESOLVED
CP002305,C000582,2025-09-24,SIM,SIM activation issue,CRITICAL,CLOSED
CP002306,C000666,2025-12-25,BILLING,Incorrect bill amount,MEDIUM,CLOSED
CP002307,C000774,2026-02-26,PLAN,Plan related query,MEDIUM,OPEN
CP002308,C000962,2026-09-11,BILLING,Incorrect bill amount,CRITICAL,IN_PROGRESS
CP002309,C000933,2026-06-20,OTHER,General complaint,LOW,OPEN
CP002310,C000945,2026-05-05,RECHARGE,Recharge issue,CRITICAL,IN_PROGRESS
CP002311,C000072,2025-10-11,NETWORK,Internet not working,CRITICAL,OPEN
CP002312,C000630,2025-12-09,NETWORK,Internet not working,HIGH,CLOSED
CP002313,C000129,2026-07-13,OTHER,Service related issue,CRITICAL,OPEN
CP002314,C000906,2026-07-02,RECHARGE,Recharge amount not reflected,MEDIUM,RESOLVED
CP002315,C000160,2025-10-29,SIM,SIM activation issue,HIGH,CLOSED
CP002316,C000733,2026-04-11,RECHARGE,Recharge issue,MEDIUM,CLOSED
CP002317,C000131,2026-01-11,NETWORK,Network issue,LOW,RESOLVED
CP002318,C000473,2026-09-18,BILLING,Incorrect bill amount,HIGH,IN_PROGRESS
CP002319,C000182,2025-09-23,NETWORK,Network issue,MEDIUM,IN_PROGRESS
CP002320,C000523,2026-05-12,SIM,SIM not working,MEDIUM,RESOLVED
CP002321,C000173,2026-05-07,PLAN,Plan activation issue,CRITICAL,RESOLVED
CP002322,C000801,2025-11-25,OTHER,General complaint,LOW,RESOLVED
CP002323,C000921,2026-07-15,BILLING,Unexpected charge,MEDIUM,OPEN
CP002324,C000557,2026-05-23,BILLING,Unexpected charge,LOW,IN_PROGRESS
CP002325,C000027,2025-12-10,NETWORK,Slow internet,MEDIUM,OPEN
CP002326,C000777,2026-07-27,NETWORK,Network issue,MEDIUM,OPEN
CP002327,C000292,2026-03-20,RECHARGE,Recharge amount not reflected,MEDIUM,RESOLVED
CP002328,C000074,2026-01-23,SIM,SIM activation issue,LOW,OPEN
CP002329,C000186,2026-04-12,SIM,SIM activation issue,MEDIUM,OPEN
CP002330,C000208,2026-07-29,PLAN,Plan related query,MEDIUM,OPEN
CP002331,C000784,2026-01-28,PLAN,Plan benefits not received,MEDIUM,OPEN
CP002332,C000764,2026-08-02,RECHARGE,Recharge amount not reflected,LOW,CLOSED
CP002333,C000372,2026-04-03,OTHER,Other issue,MEDIUM,CLOSED
CP002334,C000091,2026-08-14,RECHARGE,Recharge issue,HIGH,RESOLVED
CP002335,C000952,2026-06-18,BILLING,Incorrect bill amount,LOW,IN_PROGRESS
CP002336,C000177,2025-09-25,BILLING,Incorrect bill amount,LOW,OPEN
CP002337,C000537,2026-07-10,RECHARGE,Recharge issue,MEDIUM,CLOSED
CP002338,C000022,2026-02-05,RECHARGE,Recharge issue,CRITICAL,CLOSED
CP002339,C000370,2025-10-21,PLAN,Plan benefits not received,MEDIUM,OPEN
CP002340,C000151,2026-02-08,NETWORK,Slow internet,LOW,CLOSED
CP002341,C000172,2026-02-13,OTHER,General complaint,HIGH,CLOSED
CP002342,C000160,2025-10-15,NETWORK,Slow internet,MEDIUM,IN_PROGRESS
CP002343,C000981,2026-03-05,BILLING,Billing issue,MEDIUM,CLOSED
CP002344,C000690,2026-06-02,BILLING,Unexpected charge,HIGH,CLOSED
CP002345,C000559,2026-04-13,NETWORK,Internet not working,LOW,CLOSED
CP002346,C000889,2025-10-20,PLAN,Plan benefits not received,LOW,IN_PROGRESS
CP002347,C000869,2026-09-13,NETWORK,Poor network coverage,MEDIUM,IN_PROGRESS
CP002348,C000710,2025-12-16,NETWORK,Poor network coverage,LOW,IN_PROGRESS
CP002349,C000859,2026-03-25,OTHER,Service related issue,MEDIUM,IN_PROGRESS
CP002350,C000289,2026-01-07,PLAN,Plan benefits not received,HIGH,OPEN
CP002351,C000485,2025-12-30,PLAN,Plan related query,CRITICAL,IN_PROGRESS
CP002352,C000970,2026-05-04,NETWORK,Internet not working,LOW,IN_PROGRESS
CP002353,C000269,2025-11-02,PLAN,Plan activation issue,HIGH,CLOSED
CP002354,C000797,2025-09-28,SIM,SIM activation issue,CRITICAL,RESOLVED
CP002355,C000116,2026-09-06,OTHER,Other issue,HIGH,RESOLVED
CP002356,C000665,2026-07-20,SIM,SIM replacement request,MEDIUM,RESOLVED
CP002357,C000263,2025-12-22,SIM,SIM replacement request,CRITICAL,OPEN
CP002358,C000424,2026-06-19,SIM,SIM not working,HIGH,IN_PROGRESS
CP002359,C000923,2025-11-15,BILLING,Incorrect bill amount,LOW,CLOSED
CP002360,C000069,2025-12-02,OTHER,Other issue,MEDIUM,OPEN
CP002361,C000860,2026-06-26,PLAN,Plan benefits not received,MEDIUM,OPEN
CP002362,C000759,2026-01-07,PLAN,Plan benefits not received,HIGH,IN_PROGRESS
CP002363,C000040,2026-02-14,RECHARGE,Recharge failed,LOW,CLOSED
CP002364,C000005,2026-02-24,OTHER,Other issue,MEDIUM,CLOSED
CP002365,C000818,2026-09-07,SIM,SIM activation issue,CRITICAL,CLOSED
CP002366,C000097,2025-10-29,PLAN,Plan related query,MEDIUM,CLOSED
CP002367,C000420,2026-02-25,OTHER,Other issue,LOW,CLOSED
CP002368,C000894,2026-04-20,OTHER,General complaint,LOW,OPEN
CP002369,C000149,2026-05-05,PLAN,Plan activation issue,CRITICAL,OPEN
CP002370,C000286,2026-06-17,SIM,SIM activation issue,LOW,CLOSED
CP002371,C000102,2026-01-12,OTHER,Service related issue,HIGH,OPEN
CP002372,C000725,2025-12-02,PLAN,Plan activation issue,HIGH,OPEN
CP002373,C000430,2025-12-20,BILLING,Billing issue,MEDIUM,OPEN
CP002374,C000519,2026-09-05,SIM,SIM replacement request,HIGH,OPEN
CP002375,C000597,2026-03-10,BILLING,Incorrect bill amount,LOW,OPEN
CP002376,C000545,2025-12-19,PLAN,Plan benefits not received,MEDIUM,IN_PROGRESS
CP002377,C000942,2026-08-10,PLAN,Plan benefits not received,CRITICAL,IN_PROGRESS
CP002378,C000881,2026-04-05,NETWORK,Poor network coverage,CRITICAL,IN_PROGRESS
CP002379,C000423,2025-10-02,BILLING,Billing issue,LOW,RESOLVED
CP002380,C000032,2026-05-14,RECHARGE,Recharge amount not reflected,CRITICAL,OPEN
CP002381,C000679,2026-08-09,PLAN,Plan related query,MEDIUM,RESOLVED
CP002382,C000417,2026-04-17,SIM,SIM activation issue,MEDIUM,OPEN
CP002383,C000266,2026-06-11,PLAN,Plan related query,CRITICAL,OPEN
CP002384,C000162,2026-06-24,SIM,SIM not working,HIGH,IN_PROGRESS
CP002385,C000183,2026-06-28,BILLING,Billing issue,MEDIUM,RESOLVED
CP002386,C000932,2026-08-02,OTHER,Service related issue,HIGH,OPEN
CP002387,C000212,2026-01-27,PLAN,Plan benefits not received,MEDIUM,OPEN
CP002388,C000237,2026-06-04,BILLING,Unexpected charge,LOW,CLOSED
CP002389,C000083,2026-09-05,SIM,SIM replacement request,LOW,IN_PROGRESS
CP002390,C000222,2026-09-02,NETWORK,Internet not working,HIGH,CLOSED
CP002391,C000196,2026-05-10,BILLING,Incorrect bill amount,MEDIUM,RESOLVED
CP002392,C000340,2026-06-03,PLAN,Plan related query,MEDIUM,CLOSED
CP002393,C000458,2026-02-12,SIM,SIM replacement request,CRITICAL,IN_PROGRESS
CP002394,C000217,2026-08-28,PLAN,Plan benefits not received,MEDIUM,OPEN
CP002395,C000294,2025-12-14,BILLING,Unexpected charge,LOW,RESOLVED
CP002396,C000825,2026-06-15,OTHER,General complaint,CRITICAL,IN_PROGRESS
CP002397,C000973,2026-03-30,RECHARGE,Recharge issue,MEDIUM,RESOLVED
CP002398,C000352,2026-05-26,NETWORK,Internet not working,CRITICAL,IN_PROGRESS
CP002399,C000672,2026-09-14,PLAN,Plan activation issue,MEDIUM,CLOSED
CP002400,C000045,2026-04-30,BILLING,Billing issue,HIGH,OPEN
CP002401,C000760,2026-04-06,PLAN,Plan benefits not received,HIGH,IN_PROGRESS
CP002402,C000774,2026-08-19,BILLING,Unexpected charge,CRITICAL,IN_PROGRESS
CP002403,C000387,2026-08-17,NETWORK,Internet not working,LOW,OPEN
CP002404,C000336,2025-12-14,BILLING,Unexpected charge,HIGH,IN_PROGRESS
CP002405,C000555,2025-10-30,OTHER,Other issue,HIGH,OPEN
CP002406,C000826,2025-09-23,NETWORK,Internet not working,LOW,OPEN
CP002407,C000836,2025-10-31,RECHARGE,Recharge failed,HIGH,IN_PROGRESS
CP002408,C000486,2026-04-11,OTHER,General complaint,MEDIUM,OPEN
CP002409,C000363,2025-11-05,SIM,SIM replacement request,MEDIUM,IN_PROGRESS
CP002410,C000955,2025-12-27,SIM,SIM replacement request,LOW,IN_PROGRESS
CP002411,C000204,2026-06-01,BILLING,Incorrect bill amount,HIGH,OPEN
CP002412,C000251,2026-09-03,OTHER,Other issue,MEDIUM,OPEN
CP002413,C000796,2026-04-01,NETWORK,Network issue,LOW,CLOSED
CP002414,C000698,2026-02-04,RECHARGE,Recharge issue,CRITICAL,RESOLVED
CP002415,C000896,2025-09-27,NETWORK,Internet not working,CRITICAL,IN_PROGRESS
CP002416,C000765,2026-09-02,NETWORK,Internet not working,MEDIUM,RESOLVED
CP002417,C000681,2026-05-03,SIM,SIM not working,CRITICAL,IN_PROGRESS
CP002418,C000959,2026-07-04,RECHARGE,Recharge failed,CRITICAL,IN_PROGRESS
CP002419,C000874,2026-01-19,SIM,SIM activation issue,MEDIUM,CLOSED
CP002420,C000331,2026-04-18,PLAN,Plan activation issue,MEDIUM,RESOLVED
CP002421,C000657,2025-12-28,PLAN,Plan benefits not received,MEDIUM,IN_PROGRESS
CP002422,C000175,2026-07-12,SIM,SIM not working,CRITICAL,CLOSED
CP002423,C000967,2026-04-08,OTHER,General complaint,MEDIUM,RESOLVED
CP002424,C000485,2026-06-10,RECHARGE,Recharge amount not reflected,CRITICAL,CLOSED
CP002425,C000214,2026-04-01,OTHER,Service related issue,CRITICAL,RESOLVED
CP002426,C000068,2026-05-24,NETWORK,Slow internet,CRITICAL,RESOLVED
CP002427,C000633,2025-10-24,PLAN,Plan benefits not received,HIGH,RESOLVED
CP002428,C000022,2025-12-23,SIM,SIM not working,MEDIUM,OPEN
CP002429,C000295,2026-07-16,RECHARGE,Recharge amount not reflected,LOW,CLOSED
CP002430,C000804,2026-01-24,SIM,SIM replacement request,LOW,RESOLVED
CP002431,C000405,2026-07-05,SIM,SIM activation issue,HIGH,OPEN
CP002432,C000417,2025-10-21,PLAN,Plan related query,LOW,RESOLVED
CP002433,C000536,2026-05-05,OTHER,Other issue,LOW,IN_PROGRESS
CP002434,C000622,2026-09-14,PLAN,Plan benefits not received,LOW,RESOLVED
CP002435,C000262,2026-03-05,NETWORK,Slow internet,MEDIUM,OPEN
CP002436,C000105,2026-01-01,SIM,SIM activation issue,CRITICAL,IN_PROGRESS
CP002437,C000068,2026-04-23,PLAN,Plan related query,MEDIUM,IN_PROGRESS
CP002438,C000042,2026-01-25,NETWORK,Slow internet,CRITICAL,OPEN
CP002439,C000331,2026-01-10,PLAN,Plan activation issue,MEDIUM,IN_PROGRESS
CP002440,C000673,2026-02-02,SIM,SIM not working,MEDIUM,OPEN
CP002441,C000762,2025-11-09,PLAN,Plan activation issue,CRITICAL,OPEN
CP002442,C000710,2026-06-10,SIM,SIM replacement request,HIGH,OPEN
CP002443,C000245,2025-10-28,NETWORK,Network issue,LOW,IN_PROGRESS
CP002444,C000770,2025-11-08,NETWORK,Poor network coverage,LOW,CLOSED
CP002445,C000614,2025-11-15,BILLING,Incorrect bill amount,MEDIUM,CLOSED
CP002446,C000865,2026-05-12,NETWORK,Slow internet,CRITICAL,CLOSED
CP002447,C000980,2026-06-27,PLAN,Plan related query,CRITICAL,CLOSED
CP002448,C000491,2025-09-23,RECHARGE,Recharge amount not reflected,CRITICAL,CLOSED
CP002449,C000097,2026-06-13,OTHER,Other issue,LOW,RESOLVED
CP002450,C000052,2026-08-19,OTHER,Other issue,HIGH,CLOSED
CP002451,C000387,2026-09-20,BILLING,Incorrect bill amount,LOW,RESOLVED
CP002452,C000149,2025-11-08,RECHARGE,Recharge amount not reflected,HIGH,RESOLVED
CP002453,C000948,2026-07-08,SIM,SIM not working,MEDIUM,CLOSED
CP002454,C000613,2026-01-26,OTHER,Service related issue,MEDIUM,IN_PROGRESS
CP002455,C000996,2026-01-18,NETWORK,Internet not working,MEDIUM,CLOSED
CP002456,C000932,2026-01-22,OTHER,Service related issue,MEDIUM,IN_PROGRESS
CP002457,C000615,2025-10-17,RECHARGE,Recharge issue,MEDIUM,CLOSED
CP002458,C000891,2025-10-11,NETWORK,Slow internet,MEDIUM,IN_PROGRESS
CP002459,C000144,2026-04-25,PLAN,Plan activation issue,LOW,OPEN
CP002460,C000627,2025-09-28,RECHARGE,Recharge amount not reflected,CRITICAL,CLOSED
CP002461,C000133,2026-07-28,NETWORK,Slow internet,LOW,IN_PROGRESS
CP002462,C000938,2026-04-20,RECHARGE,Recharge amount not reflected,MEDIUM,CLOSED
CP002463,C000617,2026-06-10,SIM,SIM activation issue,CRITICAL,OPEN
CP002464,C000962,2026-03-20,OTHER,General complaint,HIGH,RESOLVED
CP002465,C000846,2025-12-21,PLAN,Plan benefits not received,HIGH,IN_PROGRESS
CP002466,C000775,2026-02-25,PLAN,Plan related query,MEDIUM,OPEN
CP002467,C000655,2026-06-04,PLAN,Plan activation issue,HIGH,OPEN
CP002468,C000503,2026-05-06,OTHER,General complaint,MEDIUM,RESOLVED
CP002469,C000322,2026-02-17,PLAN,Plan activation issue,MEDIUM,CLOSED
CP002470,C000483,2026-02-12,BILLING,Incorrect bill amount,CRITICAL,RESOLVED
CP002471,C000357,2026-01-25,BILLING,Incorrect bill amount,MEDIUM,IN_PROGRESS
CP002472,C000497,2025-09-30,RECHARGE,Recharge issue,MEDIUM,CLOSED
CP002473,C000110,2025-12-29,RECHARGE,Recharge issue,LOW,CLOSED
CP002474,C000041,2026-01-29,PLAN,Plan related query,LOW,RESOLVED
CP002475,C000059,2026-07-22,SIM,SIM activation issue,CRITICAL,RESOLVED
CP002476,C000331,2026-03-19,SIM,SIM activation issue,MEDIUM,OPEN
CP002477,C000303,2025-09-29,OTHER,General complaint,LOW,IN_PROGRESS
CP002478,C000515,2026-05-17,PLAN,Plan activation issue,CRITICAL,RESOLVED
CP002479,C000972,2026-03-18,PLAN,Plan benefits not received,LOW,OPEN
CP002480,C000202,2026-09-08,OTHER,Other issue,MEDIUM,IN_PROGRESS
CP002481,C000538,2026-01-10,BILLING,Unexpected charge,HIGH,RESOLVED
CP002482,C000958,2026-09-13,PLAN,Plan benefits not received,LOW,RESOLVED
CP002483,C000889,2025-10-24,PLAN,Plan related query,HIGH,OPEN
CP002484,C000651,2025-12-11,RECHARGE,Recharge issue,CRITICAL,OPEN
CP002485,C000515,2025-11-25,NETWORK,Internet not working,HIGH,CLOSED
CP002486,C000502,2026-07-03,NETWORK,Slow internet,LOW,CLOSED
CP002487,C000688,2025-12-16,OTHER,General complaint,MEDIUM,OPEN
CP002488,C000787,2026-01-17,NETWORK,Network issue,MEDIUM,IN_PROGRESS
CP002489,C000266,2026-02-13,SIM,SIM activation issue,HIGH,IN_PROGRESS
CP002490,C000272,2025-11-13,SIM,SIM not working,MEDIUM,CLOSED
CP002491,C000455,2025-12-12,SIM,SIM not working,HIGH,RESOLVED
CP002492,C000931,2026-09-03,BILLING,Incorrect bill amount,MEDIUM,RESOLVED
CP002493,C000511,2025-12-14,RECHARGE,Recharge failed,HIGH,IN_PROGRESS
CP002494,C000794,2026-02-01,PLAN,Plan activation issue,MEDIUM,CLOSED
CP002495,C000211,2025-10-14,SIM,SIM activation issue,MEDIUM,OPEN
CP002496,C000527,2026-01-06,PLAN,Plan activation issue,MEDIUM,CLOSED
CP002497,C000312,2026-02-08,RECHARGE,Recharge failed,MEDIUM,CLOSED
CP002498,C000632,2026-01-07,SIM,SIM activation issue,LOW,CLOSED
CP002499,C000118,2026-07-25,OTHER,Other issue,LOW,CLOSED
CP002500,C000427,2026-09-01,NETWORK,Poor network coverage,LOW,RESOLVED
CP002501,C000304,2026-07-10,PLAN,Plan benefits not received,CRITICAL,IN_PROGRESS
CP002502,C000624,2026-02-25,RECHARGE,Recharge failed,LOW,IN_PROGRESS
CP002503,C000649,2025-10-08,NETWORK,Slow internet,CRITICAL,OPEN
CP002504,C000379,2026-07-04,PLAN,Plan related query,MEDIUM,OPEN
CP002505,C000895,2026-06-11,RECHARGE,Recharge amount not reflected,HIGH,OPEN
CP002506,C000376,2026-06-03,NETWORK,Poor network coverage,LOW,RESOLVED
CP002507,C000957,2026-07-11,PLAN,Plan activation issue,CRITICAL,OPEN
CP002508,C000022,2025-10-21,PLAN,Plan related query,LOW,IN_PROGRESS
CP002509,C000637,2026-03-07,OTHER,Service related issue,LOW,RESOLVED
CP002510,C000748,2026-04-21,PLAN,Plan related query,LOW,OPEN
CP002511,C000780,2026-08-06,NETWORK,Network issue,LOW,RESOLVED
CP002512,C000156,2025-12-17,SIM,SIM activation issue,MEDIUM,CLOSED
CP002513,C000545,2026-03-24,BILLING,Billing issue,LOW,CLOSED
CP002514,C000612,2026-08-08,BILLING,Unexpected charge,LOW,IN_PROGRESS
CP002515,C000567,2026-07-26,SIM,SIM replacement request,HIGH,OPEN
CP002516,C000916,2025-12-18,NETWORK,Poor network coverage,HIGH,OPEN
CP002517,C000421,2026-08-11,BILLING,Unexpected charge,CRITICAL,CLOSED
CP002518,C000108,2026-05-24,PLAN,Plan benefits not received,MEDIUM,IN_PROGRESS
CP002519,C000041,2026-06-11,PLAN,Plan benefits not received,CRITICAL,OPEN
CP002520,C000531,2025-12-02,OTHER,Other issue,MEDIUM,IN_PROGRESS
CP002521,C000807,2026-08-18,BILLING,Incorrect bill amount,CRITICAL,OPEN
CP002522,C000467,2025-11-10,BILLING,Unexpected charge,CRITICAL,IN_PROGRESS
CP002523,C000219,2026-06-07,RECHARGE,Recharge amount not reflected,LOW,IN_PROGRESS
CP002524,C000546,2025-12-30,NETWORK,Poor network coverage,HIGH,CLOSED
CP002525,C000603,2026-06-23,SIM,SIM replacement request,MEDIUM,OPEN
CP002526,C000398,2026-04-18,NETWORK,Slow internet,HIGH,CLOSED
CP002527,C000079,2026-07-21,BILLING,Unexpected charge,HIGH,IN_PROGRESS
CP002528,C000901,2026-05-25,BILLING,Billing issue,HIGH,CLOSED
CP002529,C000777,2026-02-25,OTHER,Other issue,MEDIUM,IN_PROGRESS
CP002530,C000379,2026-07-05,BILLING,Billing issue,MEDIUM,IN_PROGRESS
CP002531,C000328,2026-06-29,BILLING,Unexpected charge,HIGH,CLOSED
CP002532,C000012,2026-06-07,OTHER,Service related issue,CRITICAL,OPEN
CP002533,C000020,2025-10-13,PLAN,Plan related query,HIGH,RESOLVED
CP002534,C000629,2026-07-24,OTHER,Other issue,CRITICAL,CLOSED
CP002535,C000226,2026-02-28,SIM,SIM activation issue,HIGH,CLOSED
CP002536,C000553,2026-02-19,PLAN,Plan related query,MEDIUM,CLOSED
CP002537,C000313,2026-05-05,OTHER,General complaint,CRITICAL,CLOSED
CP002538,C000272,2026-04-04,SIM,SIM not working,CRITICAL,OPEN
CP002539,C000399,2026-01-11,BILLING,Billing issue,MEDIUM,OPEN
CP002540,C000698,2026-06-22,SIM,SIM replacement request,MEDIUM,CLOSED
CP002541,C000088,2025-11-14,NETWORK,Internet not working,CRITICAL,OPEN
CP002542,C000732,2026-01-03,NETWORK,Slow internet,LOW,CLOSED
CP002543,C000180,2026-01-08,RECHARGE,Recharge failed,LOW,OPEN
CP002544,C000725,2026-03-08,RECHARGE,Recharge issue,MEDIUM,CLOSED
CP002545,C000294,2026-06-01,SIM,SIM replacement request,MEDIUM,RESOLVED
CP002546,C000379,2026-01-08,PLAN,Plan activation issue,MEDIUM,IN_PROGRESS
CP002547,C000005,2026-03-26,OTHER,Service related issue,MEDIUM,RESOLVED
CP002548,C000987,2026-02-02,RECHARGE,Recharge issue,CRITICAL,RESOLVED
CP002549,C000617,2025-10-30,OTHER,Other issue,HIGH,RESOLVED
CP002550,C000882,2025-11-27,PLAN,Plan related query,LOW,RESOLVED
CP002551,C000918,2026-08-20,SIM,SIM activation issue,HIGH,OPEN
CP002552,C000903,2025-10-24,SIM,SIM replacement request,LOW,IN_PROGRESS
CP002553,C000578,2026-05-13,SIM,SIM replacement request,MEDIUM,CLOSED
CP002554,C000765,2026-01-21,RECHARGE,Recharge failed,MEDIUM,CLOSED
CP002555,C000718,2026-06-20,PLAN,Plan activation issue,CRITICAL,OPEN
CP002556,C000286,2026-04-14,BILLING,Billing issue,HIGH,CLOSED
CP002557,C000125,2026-02-15,BILLING,Unexpected charge,HIGH,IN_PROGRESS
CP002558,C000718,2025-12-29,NETWORK,Poor network coverage,HIGH,OPEN
CP002559,C000389,2026-04-15,PLAN,Plan activation issue,CRITICAL,CLOSED
CP002560,C000119,2026-09-22,RECHARGE,Recharge failed,LOW,IN_PROGRESS
CP002561,C000530,2026-04-25,BILLING,Incorrect bill amount,CRITICAL,OPEN
CP002562,C000265,2025-10-21,BILLING,Billing issue,MEDIUM,CLOSED
CP002563,C000216,2026-02-12,PLAN,Plan benefits not received,MEDIUM,CLOSED
CP002564,C000438,2026-04-05,PLAN,Plan benefits not received,HIGH,IN_PROGRESS
CP002565,C000041,2026-09-20,NETWORK,Poor network coverage,MEDIUM,CLOSED
CP002566,C000280,2025-10-22,PLAN,Plan benefits not received,HIGH,IN_PROGRESS
CP002567,C000478,2025-09-27,SIM,SIM activation issue,MEDIUM,CLOSED
CP002568,C000936,2025-09-30,PLAN,Plan benefits not received,CRITICAL,IN_PROGRESS
CP002569,C000368,2026-06-16,PLAN,Plan activation issue,MEDIUM,RESOLVED
CP002570,C000929,2026-04-06,NETWORK,Internet not working,LOW,OPEN
CP002571,C000333,2025-10-25,BILLING,Unexpected charge,LOW,CLOSED
CP002572,C000999,2026-09-10,BILLING,Unexpected charge,MEDIUM,CLOSED
CP002573,C000525,2026-08-16,OTHER,Other issue,HIGH,CLOSED
CP002574,C000475,2026-05-04,RECHARGE,Recharge issue,CRITICAL,RESOLVED
CP002575,C000899,2025-09-27,SIM,SIM activation issue,HIGH,IN_PROGRESS
CP002576,C000037,2025-10-09,RECHARGE,Recharge issue,MEDIUM,OPEN
CP002577,C000981,2026-06-04,OTHER,General complaint,HIGH,CLOSED
CP002578,C000213,2026-04-01,SIM,SIM activation issue,MEDIUM,RESOLVED
CP002579,C000733,2026-08-04,BILLING,Billing issue,HIGH,RESOLVED
CP002580,C000562,2026-02-02,PLAN,Plan benefits not received,HIGH,RESOLVED
CP002581,C000913,2025-10-27,PLAN,Plan benefits not received,MEDIUM,CLOSED
CP002582,C000666,2026-04-23,OTHER,Other issue,LOW,OPEN
CP002583,C000399,2026-06-05,NETWORK,Internet not working,MEDIUM,RESOLVED
CP002584,C000749,2026-08-11,BILLING,Unexpected charge,MEDIUM,CLOSED
CP002585,C000874,2026-07-24,OTHER,Other issue,MEDIUM,CLOSED
CP002586,C000815,2026-08-10,PLAN,Plan benefits not received,MEDIUM,RESOLVED
CP002587,C000856,2026-08-28,PLAN,Plan related query,MEDIUM,OPEN
CP002588,C000927,2026-07-04,OTHER,Service related issue,CRITICAL,RESOLVED
CP002589,C000950,2026-02-22,RECHARGE,Recharge amount not reflected,HIGH,RESOLVED
CP002590,C000379,2025-12-12,RECHARGE,Recharge issue,MEDIUM,OPEN
CP002591,C000243,2026-05-01,NETWORK,Internet not working,MEDIUM,CLOSED
CP002592,C000133,2026-01-07,SIM,SIM not working,HIGH,CLOSED
CP002593,C000820,2025-12-14,PLAN,Plan activation issue,MEDIUM,OPEN
CP002594,C000070,2025-11-20,RECHARGE,Recharge failed,CRITICAL,CLOSED
CP002595,C000359,2026-09-04,BILLING,Billing issue,CRITICAL,RESOLVED
CP002596,C000424,2025-12-17,SIM,SIM not working,CRITICAL,RESOLVED
CP002597,C000547,2026-06-22,SIM,SIM replacement request,LOW,CLOSED
CP002598,C000394,2026-02-11,SIM,SIM not working,LOW,RESOLVED
CP002599,C000427,2026-06-02,OTHER,Other issue,MEDIUM,OPEN
CP002600,C000986,2026-01-30,PLAN,Plan benefits not received,LOW,RESOLVED
CP002601,C000952,2026-02-14,OTHER,Other issue,MEDIUM,IN_PROGRESS
CP002602,C000017,2026-06-22,BILLING,Unexpected charge,MEDIUM,IN_PROGRESS
CP002603,C000814,2026-03-14,BILLING,Billing issue,LOW,CLOSED
CP002604,C000465,2026-08-31,RECHARGE,Recharge failed,CRITICAL,CLOSED
CP002605,C000676,2026-03-26,BILLING,Incorrect bill amount,MEDIUM,CLOSED
CP002606,C000453,2026-01-30,NETWORK,Internet not working,MEDIUM,IN_PROGRESS
CP002607,C000996,2026-01-05,PLAN,Plan benefits not received,CRITICAL,IN_PROGRESS
CP002608,C000373,2025-11-09,OTHER,General complaint,LOW,OPEN
CP002609,C000925,2026-07-21,BILLING,Unexpected charge,CRITICAL,IN_PROGRESS
CP002610,C000411,2026-04-20,SIM,SIM activation issue,CRITICAL,OPEN
CP002611,C000365,2026-08-31,PLAN,Plan activation issue,HIGH,CLOSED
CP002612,C000452,2026-08-02,OTHER,Service related issue,CRITICAL,CLOSED
CP002613,C000974,2026-05-12,BILLING,Billing issue,HIGH,OPEN
CP002614,C000248,2026-06-20,PLAN,Plan activation issue,MEDIUM,OPEN
CP002615,C000481,2026-07-06,OTHER,General complaint,MEDIUM,CLOSED
CP002616,C000019,2026-03-02,SIM,SIM not working,CRITICAL,IN_PROGRESS
CP002617,C000559,2026-03-30,BILLING,Unexpected charge,LOW,IN_PROGRESS
CP002618,C000363,2025-10-18,OTHER,Service related issue,CRITICAL,RESOLVED
CP002619,C000533,2026-08-17,NETWORK,Slow internet,MEDIUM,RESOLVED
CP002620,C000131,2026-02-09,PLAN,Plan activation issue,CRITICAL,OPEN
CP002621,C000857,2025-12-16,OTHER,Service related issue,MEDIUM,OPEN
CP002622,C000841,2026-05-08,NETWORK,Network issue,MEDIUM,IN_PROGRESS
CP002623,C000845,2026-05-04,PLAN,Plan activation issue,HIGH,CLOSED
CP002624,C000095,2026-05-25,PLAN,Plan benefits not received,CRITICAL,RESOLVED
CP002625,C000183,2026-03-29,SIM,SIM activation issue,LOW,OPEN
CP002626,C000717,2026-01-09,PLAN,Plan related query,MEDIUM,CLOSED
CP002627,C000613,2025-11-07,PLAN,Plan related query,MEDIUM,RESOLVED
CP002628,C000567,2026-08-31,SIM,SIM not working,HIGH,OPEN
CP002629,C000438,2026-01-24,SIM,SIM replacement request,HIGH,IN_PROGRESS
CP002630,C000923,2026-06-25,RECHARGE,Recharge issue,CRITICAL,OPEN
CP002631,C000217,2026-01-19,SIM,SIM activation issue,CRITICAL,RESOLVED
CP002632,C000544,2026-03-29,OTHER,Service related issue,HIGH,CLOSED
CP002633,C000945,2026-08-11,RECHARGE,Recharge issue,MEDIUM,IN_PROGRESS
CP002634,C000138,2025-12-06,SIM,SIM activation issue,LOW,CLOSED
CP002635,C000829,2025-12-02,PLAN,Plan benefits not received,MEDIUM,IN_PROGRESS
CP002636,C000351,2025-11-25,BILLING,Billing issue,MEDIUM,OPEN
CP002637,C000546,2026-05-19,SIM,SIM activation issue,MEDIUM,CLOSED
CP002638,C000080,2026-08-28,BILLING,Incorrect bill amount,MEDIUM,IN_PROGRESS
CP002639,C000769,2026-04-01,RECHARGE,Recharge failed,LOW,CLOSED
CP002640,C000181,2026-06-28,NETWORK,Poor network coverage,MEDIUM,OPEN
CP002641,C000343,2025-09-29,RECHARGE,Recharge amount not reflected,HIGH,OPEN
CP002642,C000165,2026-02-15,BILLING,Incorrect bill amount,MEDIUM,IN_PROGRESS
CP002643,C000418,2025-10-01,RECHARGE,Recharge issue,CRITICAL,CLOSED
CP002644,C000145,2026-01-17,NETWORK,Internet not working,MEDIUM,RESOLVED
CP002645,C000824,2026-08-15,PLAN,Plan activation issue,CRITICAL,CLOSED
CP002646,C000925,2026-05-29,OTHER,General complaint,MEDIUM,CLOSED
CP002647,C000479,2026-04-05,PLAN,Plan benefits not received,LOW,RESOLVED
CP002648,C000531,2026-09-03,NETWORK,Network issue,LOW,IN_PROGRESS
CP002649,C000071,2025-12-03,PLAN,Plan activation issue,CRITICAL,OPEN
CP002650,C000644,2026-06-01,RECHARGE,Recharge amount not reflected,LOW,RESOLVED
CP002651,C000688,2026-05-26,BILLING,Incorrect bill amount,MEDIUM,OPEN
CP002652,C000351,2026-02-06,NETWORK,Internet not working,LOW,IN_PROGRESS
CP002653,C000824,2026-01-29,SIM,SIM not working,MEDIUM,OPEN
CP002654,C000420,2026-08-02,PLAN,Plan related query,LOW,RESOLVED
CP002655,C000895,2026-03-15,PLAN,Plan benefits not received,HIGH,IN_PROGRESS
CP002656,C001000,2026-04-18,SIM,SIM activation issue,MEDIUM,IN_PROGRESS
CP002657,C000879,2026-02-09,RECHARGE,Recharge failed,MEDIUM,RESOLVED
CP002658,C000094,2026-07-25,NETWORK,Network issue,CRITICAL,CLOSED
CP002659,C000997,2026-08-23,NETWORK,Poor network coverage,CRITICAL,CLOSED
CP002660,C000489,2025-11-13,BILLING,Incorrect bill amount,MEDIUM,RESOLVED
CP002661,C000220,2026-08-30,BILLING,Unexpected charge,MEDIUM,CLOSED
CP002662,C000559,2026-04-23,NETWORK,Internet not working,HIGH,IN_PROGRESS
CP002663,C000307,2025-10-28,PLAN,Plan activation issue,CRITICAL,OPEN
CP002664,C000408,2025-11-15,SIM,SIM replacement request,MEDIUM,IN_PROGRESS
CP002665,C000760,2025-11-20,OTHER,Other issue,MEDIUM,CLOSED
CP002666,C000311,2026-08-26,OTHER,General complaint,CRITICAL,RESOLVED
CP002667,C000057,2026-05-01,NETWORK,Slow internet,CRITICAL,OPEN
CP002668,C000744,2026-01-28,PLAN,Plan activation issue,HIGH,CLOSED
CP002669,C000403,2026-02-01,RECHARGE,Recharge failed,MEDIUM,OPEN
CP002670,C000878,2026-06-18,BILLING,Incorrect bill amount,MEDIUM,CLOSED
CP002671,C000358,2026-01-28,BILLING,Billing issue,MEDIUM,RESOLVED
CP002672,C000200,2026-06-05,OTHER,Service related issue,LOW,IN_PROGRESS
CP002673,C000840,2025-11-14,PLAN,Plan related query,MEDIUM,IN_PROGRESS
CP002674,C000728,2026-07-26,PLAN,Plan benefits not received,CRITICAL,OPEN
CP002675,C000132,2025-10-13,OTHER,Other issue,MEDIUM,IN_PROGRESS
CP002676,C000414,2026-01-07,NETWORK,Slow internet,MEDIUM,RESOLVED
CP002677,C000328,2026-06-17,NETWORK,Slow internet,HIGH,OPEN
CP002678,C000775,2026-07-18,RECHARGE,Recharge issue,LOW,OPEN
CP002679,C000140,2026-06-26,BILLING,Billing issue,MEDIUM,CLOSED
CP002680,C000311,2026-02-24,SIM,SIM replacement request,HIGH,CLOSED
CP002681,C000014,2026-01-30,NETWORK,Network issue,LOW,OPEN
CP002682,C000674,2026-05-26,SIM,SIM not working,LOW,RESOLVED
CP002683,C000540,2025-10-14,OTHER,Other issue,HIGH,RESOLVED
CP002684,C000234,2025-12-04,NETWORK,Internet not working,CRITICAL,RESOLVED
CP002685,C000163,2026-04-22,OTHER,General complaint,HIGH,IN_PROGRESS
CP002686,C000966,2025-10-24,NETWORK,Poor network coverage,LOW,IN_PROGRESS
CP002687,C000604,2026-01-03,PLAN,Plan benefits not received,MEDIUM,IN_PROGRESS
CP002688,C000719,2026-04-07,PLAN,Plan benefits not received,LOW,IN_PROGRESS
CP002689,C000970,2026-05-27,NETWORK,Slow internet,MEDIUM,CLOSED
CP002690,C000351,2026-03-28,BILLING,Billing issue,MEDIUM,RESOLVED
CP002691,C000921,2025-10-04,SIM,SIM not working,HIGH,RESOLVED
CP002692,C000498,2026-07-24,SIM,SIM replacement request,CRITICAL,IN_PROGRESS
CP002693,C000474,2026-02-20,RECHARGE,Recharge amount not reflected,CRITICAL,IN_PROGRESS
CP002694,C000315,2026-05-19,PLAN,Plan related query,MEDIUM,OPEN
CP002695,C000662,2026-06-20,BILLING,Unexpected charge,LOW,RESOLVED
CP002696,C000151,2026-08-21,SIM,SIM activation issue,HIGH,IN_PROGRESS
CP002697,C000600,2026-08-29,BILLING,Incorrect bill amount,HIGH,IN_PROGRESS
CP002698,C000634,2025-11-03,OTHER,Other issue,HIGH,IN_PROGRESS
CP002699,C000203,2026-05-23,OTHER,Service related issue,HIGH,OPEN
CP002700,C000925,2026-05-28,OTHER,Other issue,MEDIUM,RESOLVED
CP002701,C000643,2025-12-14,BILLING,Incorrect bill amount,LOW,OPEN
CP002702,C000279,2026-04-24,BILLING,Billing issue,LOW,OPEN
CP002703,C000542,2026-09-20,NETWORK,Network issue,MEDIUM,RESOLVED
CP002704,C000825,2026-07-18,PLAN,Plan activation issue,MEDIUM,IN_PROGRESS
CP002705,C000815,2026-06-17,PLAN,Plan activation issue,LOW,CLOSED
CP002706,C000351,2026-02-05,RECHARGE,Recharge amount not reflected,LOW,IN_PROGRESS
CP002707,C000655,2026-07-09,OTHER,Other issue,CRITICAL,OPEN
CP002708,C000185,2025-11-28,BILLING,Unexpected charge,MEDIUM,OPEN
CP002709,C000384,2025-12-27,PLAN,Plan benefits not received,CRITICAL,OPEN
CP002710,C000228,2025-10-26,PLAN,Plan activation issue,MEDIUM,OPEN
CP002711,C000282,2026-08-01,NETWORK,Poor network coverage,MEDIUM,IN_PROGRESS
CP002712,C000066,2025-12-29,RECHARGE,Recharge failed,LOW,RESOLVED
CP002713,C000593,2026-08-11,BILLING,Unexpected charge,LOW,RESOLVED
CP002714,C000896,2026-03-13,SIM,SIM not working,LOW,CLOSED
CP002715,C000376,2026-05-10,PLAN,Plan benefits not received,HIGH,IN_PROGRESS
CP002716,C000905,2026-02-23,PLAN,Plan related query,MEDIUM,RESOLVED
CP002717,C000361,2025-12-26,PLAN,Plan related query,MEDIUM,CLOSED
CP002718,C000507,2026-07-08,NETWORK,Internet not working,MEDIUM,IN_PROGRESS
CP002719,C000589,2026-04-12,BILLING,Billing issue,MEDIUM,CLOSED
CP002720,C000280,2025-09-23,SIM,SIM activation issue,LOW,OPEN
CP002721,C000637,2026-07-12,NETWORK,Slow internet,MEDIUM,RESOLVED
CP002722,C000315,2026-09-02,OTHER,Other issue,LOW,IN_PROGRESS
CP002723,C000406,2026-03-17,PLAN,Plan related query,CRITICAL,OPEN
CP002724,C000851,2026-06-28,RECHARGE,Recharge amount not reflected,MEDIUM,IN_PROGRESS
CP002725,C000814,2026-03-22,RECHARGE,Recharge failed,MEDIUM,CLOSED
CP002726,C000839,2026-08-31,RECHARGE,Recharge amount not reflected,MEDIUM,OPEN
CP002727,C000739,2026-03-14,SIM,SIM activation issue,LOW,IN_PROGRESS
CP002728,C000787,2026-02-18,OTHER,General complaint,CRITICAL,OPEN
CP002729,C000388,2025-12-04,SIM,SIM activation issue,CRITICAL,RESOLVED
CP002730,C000290,2026-02-05,SIM,SIM not working,LOW,RESOLVED
CP002731,C000758,2025-11-06,BILLING,Billing issue,HIGH,OPEN
CP002732,C000058,2025-12-04,NETWORK,Network issue,HIGH,RESOLVED
CP002733,C000531,2025-12-29,BILLING,Incorrect bill amount,MEDIUM,IN_PROGRESS
CP002734,C000113,2025-10-03,SIM,SIM activation issue,CRITICAL,IN_PROGRESS
CP002735,C000490,2026-01-16,NETWORK,Internet not working,HIGH,RESOLVED
CP002736,C000294,2026-07-30,SIM,SIM not working,LOW,CLOSED
CP002737,C000138,2025-09-28,OTHER,Other issue,MEDIUM,OPEN
CP002738,C000213,2026-04-09,OTHER,General complaint,CRITICAL,RESOLVED
CP002739,C000098,2026-07-20,BILLING,Unexpected charge,LOW,OPEN
CP002740,C000084,2025-11-17,BILLING,Billing issue,HIGH,CLOSED
CP002741,C000722,2026-01-01,BILLING,Unexpected charge,MEDIUM,IN_PROGRESS
CP002742,C000433,2026-04-19,OTHER,Other issue,MEDIUM,IN_PROGRESS
CP002743,C000599,2025-10-07,RECHARGE,Recharge amount not reflected,CRITICAL,IN_PROGRESS
CP002744,C000561,2026-04-17,SIM,SIM activation issue,MEDIUM,RESOLVED
CP002745,C000431,2026-06-27,SIM,SIM replacement request,MEDIUM,IN_PROGRESS
CP002746,C000891,2025-10-27,NETWORK,Network issue,MEDIUM,OPEN
CP002747,C000602,2026-01-31,SIM,SIM not working,CRITICAL,CLOSED
CP002748,C000531,2026-05-23,PLAN,Plan benefits not received,MEDIUM,OPEN
CP002749,C000056,2025-10-02,SIM,SIM activation issue,MEDIUM,OPEN
CP002750,C000243,2026-09-19,NETWORK,Slow internet,MEDIUM,IN_PROGRESS
CP002751,C000632,2026-08-04,BILLING,Unexpected charge,HIGH,CLOSED
CP002752,C000891,2026-07-16,OTHER,General complaint,MEDIUM,RESOLVED
CP002753,C000901,2026-03-18,RECHARGE,Recharge failed,LOW,OPEN
CP002754,C000374,2026-05-05,SIM,SIM activation issue,MEDIUM,CLOSED
CP002755,C000970,2025-12-25,PLAN,Plan activation issue,MEDIUM,RESOLVED
CP002756,C000659,2026-01-14,RECHARGE,Recharge failed,MEDIUM,CLOSED
CP002757,C000879,2026-05-05,RECHARGE,Recharge issue,MEDIUM,CLOSED
CP002758,C000866,2026-01-07,OTHER,Service related issue,MEDIUM,RESOLVED
CP002759,C000004,2026-05-11,OTHER,General complaint,CRITICAL,RESOLVED
CP002760,C000946,2025-12-31,SIM,SIM activation issue,CRITICAL,OPEN
CP002761,C000892,2025-10-31,OTHER,Service related issue,MEDIUM,IN_PROGRESS
CP002762,C000470,2026-04-24,PLAN,Plan related query,CRITICAL,CLOSED
CP002763,C000163,2025-11-24,RECHARGE,Recharge amount not reflected,MEDIUM,RESOLVED
CP002764,C000411,2026-01-18,PLAN,Plan activation issue,MEDIUM,OPEN
CP002765,C000202,2026-03-30,RECHARGE,Recharge issue,CRITICAL,RESOLVED
CP002766,C000187,2025-11-13,SIM,SIM not working,CRITICAL,IN_PROGRESS
CP002767,C000017,2026-03-25,NETWORK,Slow internet,LOW,CLOSED
CP002768,C000747,2026-08-13,BILLING,Billing issue,CRITICAL,CLOSED
CP002769,C000448,2026-03-14,SIM,SIM activation issue,MEDIUM,OPEN
CP002770,C000684,2025-11-08,PLAN,Plan activation issue,HIGH,CLOSED
CP002771,C000425,2025-12-28,OTHER,Service related issue,MEDIUM,RESOLVED
CP002772,C000820,2025-12-17,PLAN,Plan related query,LOW,CLOSED
CP002773,C000062,2026-07-18,NETWORK,Slow internet,MEDIUM,IN_PROGRESS
CP002774,C000571,2026-06-04,RECHARGE,Recharge amount not reflected,LOW,CLOSED
CP002775,C000583,2026-08-31,SIM,SIM not working,MEDIUM,RESOLVED
CP002776,C000471,2026-09-07,SIM,SIM replacement request,HIGH,RESOLVED
CP002777,C000403,2025-10-15,BILLING,Incorrect bill amount,MEDIUM,IN_PROGRESS
CP002778,C000849,2026-03-19,RECHARGE,Recharge amount not reflected,CRITICAL,RESOLVED
CP002779,C000349,2026-06-03,PLAN,Plan benefits not received,LOW,RESOLVED
CP002780,C000262,2026-02-02,NETWORK,Network issue,CRITICAL,IN_PROGRESS
CP002781,C000783,2026-01-18,OTHER,Service related issue,HIGH,CLOSED
CP002782,C000811,2026-07-05,RECHARGE,Recharge issue,MEDIUM,OPEN
CP002783,C000295,2026-05-31,NETWORK,Poor network coverage,LOW,OPEN
CP002784,C000595,2026-02-26,NETWORK,Poor network coverage,MEDIUM,CLOSED
CP002785,C000696,2025-11-09,OTHER,Other issue,HIGH,RESOLVED
CP002786,C000102,2026-05-21,SIM,SIM replacement request,LOW,CLOSED
CP002787,C000867,2026-01-02,OTHER,Service related issue,LOW,OPEN
CP002788,C000986,2026-01-06,OTHER,Other issue,HIGH,RESOLVED
CP002789,C000160,2026-08-13,BILLING,Unexpected charge,MEDIUM,CLOSED
CP002790,C000984,2026-01-08,NETWORK,Internet not working,CRITICAL,OPEN
CP002791,C000412,2026-06-07,RECHARGE,Recharge issue,LOW,IN_PROGRESS
CP002792,C000947,2026-02-24,RECHARGE,Recharge issue,MEDIUM,CLOSED
CP002793,C000032,2026-07-21,BILLING,Incorrect bill amount,MEDIUM,CLOSED
CP002794,C000313,2026-06-23,OTHER,General complaint,MEDIUM,OPEN
CP002795,C000688,2026-06-07,PLAN,Plan related query,HIGH,RESOLVED
CP002796,C000820,2026-08-13,PLAN,Plan activation issue,LOW,RESOLVED
CP002797,C000836,2026-05-14,NETWORK,Network issue,CRITICAL,OPEN
CP002798,C000976,2025-10-21,OTHER,Service related issue,HIGH,CLOSED
CP002799,C000828,2025-09-23,SIM,SIM replacement request,CRITICAL,IN_PROGRESS
CP002800,C000638,2026-08-07,RECHARGE,Recharge issue,MEDIUM,OPEN
CP002801,C000580,2026-07-19,OTHER,Other issue,MEDIUM,CLOSED
CP002802,C000562,2025-11-12,RECHARGE,Recharge failed,LOW,CLOSED
CP002803,C000831,2026-04-17,RECHARGE,Recharge issue,MEDIUM,CLOSED
CP002804,C000271,2026-05-02,BILLING,Billing issue,CRITICAL,CLOSED
CP002805,C000620,2026-08-01,NETWORK,Network issue,MEDIUM,IN_PROGRESS
CP002806,C000637,2026-01-07,RECHARGE,Recharge failed,MEDIUM,IN_PROGRESS
CP002807,C000967,2026-01-27,OTHER,Service related issue,MEDIUM,RESOLVED
CP002808,C000037,2026-02-05,NETWORK,Network issue,LOW,OPEN
CP002809,C000650,2026-02-02,BILLING,Billing issue,CRITICAL,RESOLVED
CP002810,C000582,2026-08-08,PLAN,Plan activation issue,MEDIUM,IN_PROGRESS
CP002811,C000174,2025-09-26,OTHER,General complaint,CRITICAL,OPEN
CP002812,C000534,2026-08-05,OTHER,General complaint,LOW,CLOSED
CP002813,C000174,2025-10-31,RECHARGE,Recharge issue,CRITICAL,IN_PROGRESS
CP002814,C000751,2025-09-23,OTHER,Service related issue,MEDIUM,OPEN
CP002815,C000356,2026-02-24,OTHER,General complaint,HIGH,RESOLVED
CP002816,C000491,2026-02-22,NETWORK,Slow internet,MEDIUM,RESOLVED
CP002817,C000195,2026-03-05,OTHER,General complaint,LOW,OPEN
CP002818,C000360,2026-04-20,PLAN,Plan benefits not received,MEDIUM,OPEN
CP002819,C000017,2026-06-06,BILLING,Unexpected charge,LOW,RESOLVED
CP002820,C000817,2026-09-03,SIM,SIM activation issue,HIGH,OPEN
CP002821,C000308,2026-06-12,RECHARGE,Recharge issue,MEDIUM,OPEN
CP002822,C000190,2025-10-13,OTHER,Other issue,MEDIUM,RESOLVED
CP002823,C000510,2025-12-05,BILLING,Incorrect bill amount,MEDIUM,RESOLVED
CP002824,C000589,2026-08-27,PLAN,Plan related query,HIGH,OPEN
CP002825,C000479,2026-02-06,NETWORK,Network issue,HIGH,IN_PROGRESS
CP002826,C000974,2026-01-31,RECHARGE,Recharge failed,CRITICAL,RESOLVED
CP002827,C000830,2025-11-04,OTHER,Service related issue,CRITICAL,RESOLVED
CP002828,C000241,2026-07-14,NETWORK,Poor network coverage,LOW,CLOSED
CP002829,C000356,2025-10-10,NETWORK,Internet not working,CRITICAL,OPEN
CP002830,C000461,2026-01-25,RECHARGE,Recharge amount not reflected,MEDIUM,OPEN
CP002831,C000936,2026-05-09,NETWORK,Slow internet,MEDIUM,CLOSED
CP002832,C000025,2026-08-11,RECHARGE,Recharge issue,CRITICAL,CLOSED
CP002833,C000485,2026-09-03,NETWORK,Poor network coverage,CRITICAL,IN_PROGRESS
CP002834,C000862,2026-06-27,OTHER,Service related issue,CRITICAL,RESOLVED
CP002835,C000539,2026-07-18,PLAN,Plan related query,CRITICAL,OPEN
CP002836,C000700,2025-12-30,PLAN,Plan activation issue,MEDIUM,RESOLVED
CP002837,C000126,2026-08-29,BILLING,Unexpected charge,MEDIUM,RESOLVED
CP002838,C000169,2026-02-02,PLAN,Plan activation issue,MEDIUM,CLOSED
CP002839,C000615,2026-03-07,SIM,SIM activation issue,CRITICAL,RESOLVED
CP002840,C000611,2025-11-28,RECHARGE,Recharge issue,CRITICAL,OPEN
CP002841,C000659,2026-04-28,NETWORK,Internet not working,HIGH,RESOLVED
CP002842,C000890,2025-12-27,NETWORK,Internet not working,CRITICAL,RESOLVED
CP002843,C000663,2026-06-26,SIM,SIM activation issue,LOW,OPEN
CP002844,C000432,2025-10-23,NETWORK,Network issue,CRITICAL,RESOLVED
CP002845,C000212,2026-05-03,OTHER,General complaint,MEDIUM,CLOSED
CP002846,C000444,2026-07-07,PLAN,Plan related query,MEDIUM,RESOLVED
CP002847,C000820,2026-01-11,NETWORK,Slow internet,MEDIUM,CLOSED
CP002848,C000864,2025-10-29,BILLING,Incorrect bill amount,CRITICAL,CLOSED
CP002849,C000629,2026-05-09,BILLING,Incorrect bill amount,HIGH,OPEN
CP002850,C000005,2025-09-28,BILLING,Incorrect bill amount,CRITICAL,RESOLVED
CP002851,C000508,2026-01-15,OTHER,General complaint,MEDIUM,RESOLVED
CP002852,C000281,2025-11-26,SIM,SIM not working,MEDIUM,RESOLVED
CP002853,C000080,2026-09-04,NETWORK,Network issue,LOW,CLOSED
CP002854,C000097,2025-12-26,PLAN,Plan benefits not received,CRITICAL,RESOLVED
CP002855,C000335,2026-03-17,NETWORK,Slow internet,MEDIUM,OPEN
CP002856,C000699,2026-03-04,RECHARGE,Recharge failed,MEDIUM,CLOSED
CP002857,C000465,2026-06-30,BILLING,Billing issue,HIGH,OPEN
CP002858,C000619,2025-12-27,OTHER,Service related issue,CRITICAL,RESOLVED
CP002859,C000637,2025-11-30,OTHER,Service related issue,HIGH,CLOSED
CP002860,C000671,2026-06-27,SIM,SIM replacement request,HIGH,CLOSED
CP002861,C000785,2026-07-09,PLAN,Plan related query,CRITICAL,CLOSED
CP002862,C000812,2025-12-13,NETWORK,Network issue,HIGH,RESOLVED
CP002863,C000472,2026-02-19,NETWORK,Poor network coverage,HIGH,RESOLVED
CP002864,C000416,2026-06-10,OTHER,General complaint,MEDIUM,IN_PROGRESS
CP002865,C000500,2026-05-24,OTHER,Other issue,MEDIUM,RESOLVED
CP002866,C000482,2025-10-20,PLAN,Plan activation issue,MEDIUM,CLOSED
CP002867,C000674,2025-12-26,NETWORK,Network issue,LOW,OPEN
CP002868,C000454,2025-11-17,BILLING,Billing issue,CRITICAL,CLOSED
CP002869,C000775,2026-01-31,SIM,SIM replacement request,LOW,OPEN
CP002870,C000919,2026-05-17,PLAN,Plan related query,MEDIUM,OPEN
CP002871,C000634,2026-05-13,PLAN,Plan activation issue,MEDIUM,IN_PROGRESS
CP002872,C000276,2026-08-13,BILLING,Incorrect bill amount,MEDIUM,RESOLVED
CP002873,C000778,2025-11-10,OTHER,Service related issue,CRITICAL,IN_PROGRESS
CP002874,C000720,2026-02-28,PLAN,Plan activation issue,HIGH,IN_PROGRESS
CP002875,C000056,2026-08-19,PLAN,Plan related query,MEDIUM,RESOLVED
CP002876,C000876,2025-11-17,PLAN,Plan benefits not received,CRITICAL,CLOSED
CP002877,C000627,2025-09-23,NETWORK,Poor network coverage,LOW,OPEN
CP002878,C000095,2026-06-01,BILLING,Incorrect bill amount,MEDIUM,OPEN
CP002879,C000959,2025-10-10,RECHARGE,Recharge issue,MEDIUM,OPEN
CP002880,C000297,2025-11-14,RECHARGE,Recharge amount not reflected,CRITICAL,OPEN
CP002881,C000078,2026-01-24,BILLING,Incorrect bill amount,CRITICAL,OPEN
CP002882,C000946,2026-04-03,PLAN,Plan related query,LOW,IN_PROGRESS
CP002883,C000367,2026-05-07,BILLING,Billing issue,CRITICAL,RESOLVED
CP002884,C000659,2026-04-06,BILLING,Billing issue,CRITICAL,IN_PROGRESS
CP002885,C000456,2025-12-16,SIM,SIM not working,CRITICAL,CLOSED
CP002886,C000436,2026-07-08,NETWORK,Internet not working,LOW,CLOSED
CP002887,C000720,2026-07-07,BILLING,Incorrect bill amount,LOW,RESOLVED
CP002888,C000307,2026-08-19,OTHER,Other issue,MEDIUM,CLOSED
CP002889,C000346,2026-04-24,RECHARGE,Recharge amount not reflected,HIGH,IN_PROGRESS
CP002890,C000217,2026-01-05,BILLING,Unexpected charge,HIGH,CLOSED
CP002891,C000299,2025-11-04,RECHARGE,Recharge failed,MEDIUM,IN_PROGRESS
CP002892,C000145,2025-10-20,PLAN,Plan benefits not received,CRITICAL,IN_PROGRESS
CP002893,C000275,2025-09-28,RECHARGE,Recharge issue,MEDIUM,IN_PROGRESS
CP002894,C000882,2026-02-24,SIM,SIM not working,MEDIUM,OPEN
CP002895,C000901,2026-06-07,SIM,SIM not working,LOW,IN_PROGRESS
CP002896,C000214,2025-10-13,OTHER,General complaint,MEDIUM,RESOLVED
CP002897,C000720,2025-10-03,PLAN,Plan related query,HIGH,OPEN
CP002898,C000561,2026-01-18,SIM,SIM not working,LOW,IN_PROGRESS
CP002899,C000581,2026-06-29,PLAN,Plan related query,HIGH,OPEN
CP002900,C000819,2026-05-05,NETWORK,Network issue,MEDIUM,CLOSED
CP002901,C000843,2025-12-09,PLAN,Plan benefits not received,CRITICAL,CLOSED
CP002902,C000567,2026-07-27,NETWORK,Internet not working,CRITICAL,OPEN
CP002903,C000206,2026-05-18,RECHARGE,Recharge amount not reflected,LOW,CLOSED
CP002904,C000331,2026-06-16,PLAN,Plan activation issue,LOW,RESOLVED
CP002905,C000498,2026-04-14,OTHER,Service related issue,LOW,CLOSED
CP002906,C000553,2026-05-16,PLAN,Plan activation issue,CRITICAL,OPEN
CP002907,C000484,2026-03-15,BILLING,Incorrect bill amount,CRITICAL,IN_PROGRESS
CP002908,C000548,2025-10-15,NETWORK,Slow internet,MEDIUM,RESOLVED
CP002909,C000552,2026-05-15,BILLING,Incorrect bill amount,MEDIUM,RESOLVED
CP002910,C000871,2025-12-14,RECHARGE,Recharge failed,HIGH,OPEN
CP002911,C000554,2025-12-06,NETWORK,Poor network coverage,MEDIUM,OPEN
CP002912,C000325,2026-02-20,RECHARGE,Recharge failed,MEDIUM,OPEN
CP002913,C000270,2026-07-14,OTHER,General complaint,CRITICAL,OPEN
CP002914,C000516,2025-11-01,OTHER,General complaint,CRITICAL,IN_PROGRESS
CP002915,C000489,2026-08-22,PLAN,Plan related query,MEDIUM,OPEN
CP002916,C000535,2026-02-06,RECHARGE,Recharge amount not reflected,CRITICAL,IN_PROGRESS
CP002917,C000898,2026-08-01,NETWORK,Poor network coverage,LOW,OPEN
CP002918,C000335,2026-09-22,NETWORK,Poor network coverage,CRITICAL,RESOLVED
CP002919,C000180,2025-11-18,OTHER,General complaint,LOW,OPEN
CP002920,C000329,2026-03-07,OTHER,Other issue,MEDIUM,IN_PROGRESS
CP002921,C000639,2026-04-08,PLAN,Plan benefits not received,MEDIUM,CLOSED
CP002922,C000454,2026-09-15,NETWORK,Internet not working,HIGH,CLOSED
CP002923,C000998,2025-12-16,OTHER,Other issue,CRITICAL,IN_PROGRESS
CP002924,C000521,2026-02-23,SIM,SIM activation issue,CRITICAL,RESOLVED
CP002925,C000228,2026-03-22,PLAN,Plan activation issue,LOW,RESOLVED
CP002926,C000281,2026-01-18,SIM,SIM activation issue,MEDIUM,CLOSED
CP002927,C000174,2025-09-25,PLAN,Plan related query,MEDIUM,RESOLVED
CP002928,C000373,2026-08-09,BILLING,Incorrect bill amount,CRITICAL,RESOLVED
CP002929,C000986,2026-08-11,RECHARGE,Recharge issue,MEDIUM,CLOSED
CP002930,C000572,2026-03-30,BILLING,Unexpected charge,MEDIUM,RESOLVED
CP002931,C000128,2025-11-26,BILLING,Billing issue,LOW,OPEN
CP002932,C000370,2026-06-06,PLAN,Plan activation issue,CRITICAL,CLOSED
CP002933,C000800,2025-12-15,OTHER,General complaint,LOW,IN_PROGRESS
CP002934,C000951,2026-02-09,PLAN,Plan related query,LOW,IN_PROGRESS
CP002935,C000112,2025-11-10,NETWORK,Internet not working,MEDIUM,IN_PROGRESS
CP002936,C000077,2026-01-07,PLAN,Plan benefits not received,MEDIUM,CLOSED
CP002937,C000405,2026-08-15,OTHER,Other issue,CRITICAL,RESOLVED
CP002938,C000461,2025-11-05,SIM,SIM replacement request,HIGH,RESOLVED
CP002939,C000351,2026-08-21,SIM,SIM activation issue,LOW,RESOLVED
CP002940,C000245,2026-08-02,RECHARGE,Recharge issue,HIGH,OPEN
CP002941,C000685,2025-10-13,NETWORK,Poor network coverage,MEDIUM,OPEN
CP002942,C000285,2026-08-07,PLAN,Plan activation issue,CRITICAL,IN_PROGRESS
CP002943,C000939,2026-06-10,PLAN,Plan related query,HIGH,IN_PROGRESS
CP002944,C000577,2026-08-16,RECHARGE,Recharge issue,CRITICAL,RESOLVED
CP002945,C000933,2025-12-19,OTHER,General complaint,LOW,OPEN
CP002946,C000570,2026-04-18,RECHARGE,Recharge issue,CRITICAL,OPEN
CP002947,C000285,2026-04-30,RECHARGE,Recharge issue,CRITICAL,CLOSED
CP002948,C000503,2026-01-09,BILLING,Incorrect bill amount,LOW,RESOLVED
CP002949,C000074,2026-04-17,PLAN,Plan related query,LOW,RESOLVED
CP002950,C000888,2026-02-26,RECHARGE,Recharge amount not reflected,LOW,IN_PROGRESS
CP002951,C000263,2025-12-14,PLAN,Plan related query,MEDIUM,CLOSED
CP002952,C000626,2026-08-14,OTHER,Other issue,HIGH,RESOLVED
CP002953,C000590,2026-07-03,SIM,SIM replacement request,CRITICAL,OPEN
CP002954,C000137,2026-05-26,NETWORK,Internet not working,MEDIUM,IN_PROGRESS
CP002955,C000959,2026-09-08,BILLING,Incorrect bill amount,MEDIUM,IN_PROGRESS
CP002956,C000202,2026-08-24,OTHER,Service related issue,LOW,OPEN
CP002957,C000517,2026-08-26,BILLING,Incorrect bill amount,MEDIUM,IN_PROGRESS
CP002958,C000128,2026-06-07,SIM,SIM not working,LOW,RESOLVED
CP002959,C000619,2026-02-18,NETWORK,Internet not working,MEDIUM,RESOLVED
CP002960,C000354,2026-04-19,RECHARGE,Recharge failed,LOW,OPEN
CP002961,C000476,2025-11-25,PLAN,Plan activation issue,HIGH,CLOSED
CP002962,C000382,2026-03-01,BILLING,Unexpected charge,CRITICAL,IN_PROGRESS
CP002963,C000283,2025-12-24,NETWORK,Network issue,HIGH,RESOLVED
CP002964,C000876,2026-02-18,RECHARGE,Recharge failed,MEDIUM,OPEN
CP002965,C000073,2026-04-02,OTHER,Service related issue,MEDIUM,IN_PROGRESS
CP002966,C000444,2026-07-05,SIM,SIM not working,MEDIUM,RESOLVED
CP002967,C000142,2026-05-28,RECHARGE,Recharge issue,CRITICAL,IN_PROGRESS
CP002968,C000563,2025-10-17,SIM,SIM activation issue,HIGH,RESOLVED
CP002969,C000945,2025-12-21,OTHER,Other issue,HIGH,IN_PROGRESS
CP002970,C000632,2026-02-13,OTHER,Other issue,CRITICAL,RESOLVED
CP002971,C000402,2026-05-12,OTHER,Service related issue,MEDIUM,OPEN
CP002972,C000404,2026-04-01,OTHER,Other issue,HIGH,OPEN
CP002973,C000042,2026-05-20,SIM,SIM not working,CRITICAL,RESOLVED
CP002974,C000744,2026-08-06,BILLING,Billing issue,MEDIUM,OPEN
CP002975,C000806,2025-12-03,SIM,SIM not working,MEDIUM,IN_PROGRESS
CP002976,C000018,2026-09-11,PLAN,Plan related query,LOW,CLOSED
CP002977,C000765,2026-01-04,PLAN,Plan related query,MEDIUM,CLOSED
CP002978,C000541,2026-03-01,PLAN,Plan related query,LOW,CLOSED
CP002979,C000736,2026-07-26,NETWORK,Slow internet,HIGH,RESOLVED
CP002980,C000192,2026-03-29,PLAN,Plan activation issue,CRITICAL,OPEN
CP002981,C000663,2026-05-10,OTHER,Service related issue,MEDIUM,RESOLVED
CP002982,C000843,2026-01-10,OTHER,Other issue,MEDIUM,OPEN
CP002983,C000331,2026-07-09,PLAN,Plan benefits not received,MEDIUM,IN_PROGRESS
CP002984,C000080,2026-03-25,PLAN,Plan benefits not received,CRITICAL,IN_PROGRESS
CP002985,C000560,2026-02-20,SIM,SIM replacement request,MEDIUM,RESOLVED
CP002986,C000568,2026-03-18,NETWORK,Network issue,LOW,OPEN
CP002987,C000408,2026-02-08,SIM,SIM not working,HIGH,OPEN
CP002988,C000327,2026-07-09,NETWORK,Slow internet,MEDIUM,CLOSED
CP002989,C000742,2026-02-25,PLAN,Plan related query,MEDIUM,OPEN
CP002990,C000310,2025-10-07,OTHER,General complaint,LOW,IN_PROGRESS
CP002991,C000752,2026-02-20,NETWORK,Network issue,LOW,CLOSED
CP002992,C000447,2026-06-20,NETWORK,Poor network coverage,HIGH,IN_PROGRESS
CP002993,C000652,2026-06-01,PLAN,Plan activation issue,CRITICAL,RESOLVED
CP002994,C000809,2026-08-29,BILLING,Incorrect bill amount,MEDIUM,RESOLVED
CP002995,C000018,2026-01-28,SIM,SIM replacement request,LOW,IN_PROGRESS
CP002996,C000999,2026-04-23,PLAN,Plan related query,CRITICAL,OPEN
CP002997,C000951,2026-03-31,RECHARGE,Recharge issue,HIGH,OPEN
CP002998,C000293,2026-03-19,NETWORK,Poor network coverage,HIGH,CLOSED
CP002999,C000599,2026-05-02,NETWORK,Network issue,LOW,OPEN
CP003000,C000405,2026-07-01,OTHER,Other issue,MEDIUM,OPEN
CP003001,C000693,2026-04-01,OTHER,General complaint,MEDIUM,RESOLVED
CP003002,C000510,2025-11-07,NETWORK,Poor network coverage,HIGH,OPEN
CP003003,C000358,2026-04-20,NETWORK,Internet not working,HIGH,CLOSED
CP003004,C000741,2026-04-11,RECHARGE,Recharge issue,MEDIUM,CLOSED
CP003005,C000266,2026-03-30,SIM,SIM not working,CRITICAL,OPEN
CP003006,C000282,2025-11-04,SIM,SIM replacement request,CRITICAL,CLOSED
CP003007,C000351,2025-10-10,BILLING,Incorrect bill amount,CRITICAL,RESOLVED
CP003008,C000437,2026-06-28,NETWORK,Network issue,MEDIUM,IN_PROGRESS
CP003009,C000583,2025-12-21,OTHER,Other issue,MEDIUM,CLOSED
CP003010,C000991,2026-04-17,PLAN,Plan activation issue,MEDIUM,IN_PROGRESS
CP003011,C000194,2025-12-22,OTHER,Other issue,HIGH,OPEN
CP003012,C000550,2025-11-07,NETWORK,Network issue,MEDIUM,OPEN
CP003013,C000210,2026-02-10,RECHARGE,Recharge failed,MEDIUM,OPEN
CP003014,C000879,2025-11-28,NETWORK,Internet not working,MEDIUM,IN_PROGRESS
CP003015,C000432,2025-12-14,BILLING,Unexpected charge,MEDIUM,CLOSED
CP003016,C000787,2026-03-26,OTHER,Service related issue,HIGH,RESOLVED
CP003017,C000608,2025-10-24,RECHARGE,Recharge amount not reflected,MEDIUM,OPEN
CP003018,C000378,2026-06-30,OTHER,Other issue,LOW,OPEN
CP003019,C000020,2026-02-26,BILLING,Unexpected charge,MEDIUM,OPEN
CP003020,C000622,2026-03-04,BILLING,Incorrect bill amount,MEDIUM,IN_PROGRESS
CP003021,C000452,2026-02-22,OTHER,General complaint,CRITICAL,RESOLVED
CP003022,C000348,2026-06-02,PLAN,Plan activation issue,CRITICAL,OPEN
CP003023,C000880,2026-06-11,NETWORK,Internet not working,HIGH,RESOLVED
CP003024,C000332,2025-11-01,PLAN,Plan related query,LOW,RESOLVED
CP003025,C000948,2026-04-05,BILLING,Incorrect bill amount,MEDIUM,RESOLVED
CP003026,C000169,2026-02-27,PLAN,Plan benefits not received,HIGH,OPEN
CP003027,C000743,2026-04-12,RECHARGE,Recharge issue,HIGH,RESOLVED
CP003028,C000544,2026-04-10,NETWORK,Poor network coverage,LOW,RESOLVED
CP003029,C000917,2026-05-18,NETWORK,Network issue,LOW,RESOLVED
CP003030,C000365,2026-08-17,BILLING,Unexpected charge,LOW,RESOLVED
CP003031,C000641,2025-12-26,NETWORK,Slow internet,CRITICAL,OPEN
CP003032,C000896,2026-08-30,BILLING,Incorrect bill amount,HIGH,CLOSED
CP003033,C000396,2026-05-26,RECHARGE,Recharge failed,CRITICAL,OPEN
CP003034,C000860,2025-10-19,SIM,SIM replacement request,MEDIUM,RESOLVED
CP003035,C000244,2025-11-13,NETWORK,Internet not working,LOW,RESOLVED
CP003036,C000164,2026-05-25,RECHARGE,Recharge failed,CRITICAL,IN_PROGRESS
CP003037,C000162,2025-12-29,BILLING,Unexpected charge,HIGH,CLOSED
CP003038,C000156,2026-06-27,RECHARGE,Recharge failed,CRITICAL,OPEN
CP003039,C000033,2026-05-27,SIM,SIM replacement request,MEDIUM,RESOLVED
CP003040,C000788,2026-07-05,PLAN,Plan benefits not received,HIGH,RESOLVED
CP003041,C000197,2025-10-23,OTHER,Other issue,CRITICAL,IN_PROGRESS
CP003042,C000270,2026-07-16,PLAN,Plan benefits not received,MEDIUM,CLOSED
CP003043,C000400,2026-04-07,RECHARGE,Recharge failed,LOW,RESOLVED
CP003044,C000025,2025-10-15,PLAN,Plan related query,LOW,IN_PROGRESS
CP003045,C000368,2025-10-05,SIM,SIM activation issue,HIGH,IN_PROGRESS
CP003046,C000357,2026-02-04,BILLING,Billing issue,HIGH,CLOSED
CP003047,C000783,2026-04-17,PLAN,Plan activation issue,LOW,CLOSED
CP003048,C000041,2025-12-02,PLAN,Plan related query,LOW,CLOSED
CP003049,C000281,2026-07-28,RECHARGE,Recharge failed,CRITICAL,IN_PROGRESS
CP003050,C000042,2026-07-03,NETWORK,Poor network coverage,LOW,IN_PROGRESS
CP003051,C000546,2026-03-28,PLAN,Plan activation issue,HIGH,OPEN
CP003052,C000963,2026-02-20,RECHARGE,Recharge issue,HIGH,IN_PROGRESS
CP003053,C000096,2026-03-22,RECHARGE,Recharge amount not reflected,CRITICAL,OPEN
CP003054,C000774,2026-04-19,PLAN,Plan benefits not received,CRITICAL,OPEN
CP003055,C000188,2026-07-31,RECHARGE,Recharge failed,HIGH,RESOLVED
CP003056,C000113,2026-07-29,BILLING,Incorrect bill amount,LOW,IN_PROGRESS
CP003057,C000492,2026-05-28,OTHER,Service related issue,LOW,IN_PROGRESS
CP003058,C000671,2026-02-27,PLAN,Plan benefits not received,HIGH,CLOSED
CP003059,C000249,2025-10-16,NETWORK,Internet not working,CRITICAL,CLOSED
CP003060,C000783,2026-03-22,NETWORK,Internet not working,MEDIUM,OPEN
CP003061,C000480,2026-04-27,PLAN,Plan benefits not received,LOW,OPEN
CP003062,C000151,2025-10-16,BILLING,Incorrect bill amount,MEDIUM,CLOSED
CP003063,C000037,2025-12-13,RECHARGE,Recharge amount not reflected,LOW,OPEN
CP003064,C000828,2025-10-19,BILLING,Unexpected charge,MEDIUM,OPEN
CP003065,C000553,2026-03-16,BILLING,Billing issue,CRITICAL,RESOLVED
CP003066,C000649,2026-05-20,BILLING,Unexpected charge,MEDIUM,OPEN
CP003067,C000106,2025-10-12,NETWORK,Internet not working,HIGH,OPEN
CP003068,C001000,2026-04-07,OTHER,Service related issue,HIGH,OPEN
CP003069,C000066,2026-04-30,RECHARGE,Recharge issue,MEDIUM,RESOLVED
CP003070,C000759,2026-02-07,RECHARGE,Recharge issue,HIGH,IN_PROGRESS
CP003071,C000170,2026-03-06,BILLING,Incorrect bill amount,MEDIUM,OPEN
CP003072,C000706,2025-10-01,OTHER,General complaint,CRITICAL,IN_PROGRESS
CP003073,C000046,2026-03-29,RECHARGE,Recharge amount not reflected,MEDIUM,CLOSED
CP003074,C000942,2026-06-10,NETWORK,Poor network coverage,HIGH,RESOLVED
CP003075,C000342,2026-07-25,SIM,SIM replacement request,LOW,IN_PROGRESS
CP003076,C000455,2026-01-21,RECHARGE,Recharge failed,LOW,IN_PROGRESS
CP003077,C000568,2026-06-01,BILLING,Incorrect bill amount,CRITICAL,OPEN
CP003078,C000140,2026-01-01,NETWORK,Internet not working,CRITICAL,IN_PROGRESS
CP003079,C000972,2026-06-11,OTHER,General complaint,LOW,CLOSED
CP003080,C000341,2026-04-28,PLAN,Plan related query,CRITICAL,RESOLVED
CP003081,C000427,2025-12-22,SIM,SIM not working,MEDIUM,RESOLVED
CP003082,C000963,2026-03-20,SIM,SIM not working,MEDIUM,CLOSED
CP003083,C000822,2026-06-10,SIM,SIM activation issue,HIGH,IN_PROGRESS
CP003084,C000536,2026-07-17,NETWORK,Internet not working,CRITICAL,OPEN
CP003085,C000532,2026-08-03,NETWORK,Network issue,MEDIUM,OPEN
CP003086,C000894,2026-01-26,PLAN,Plan related query,MEDIUM,OPEN
CP003087,C000728,2026-05-07,SIM,SIM activation issue,LOW,RESOLVED
CP003088,C000373,2026-06-18,PLAN,Plan activation issue,MEDIUM,RESOLVED
CP003089,C000524,2026-02-18,OTHER,General complaint,LOW,RESOLVED
CP003090,C000072,2026-07-17,NETWORK,Slow internet,MEDIUM,CLOSED
CP003091,C000345,2025-10-05,NETWORK,Internet not working,MEDIUM,CLOSED
CP003092,C000778,2026-06-13,PLAN,Plan benefits not received,MEDIUM,CLOSED
CP003093,C000193,2025-10-19,SIM,SIM not working,CRITICAL,IN_PROGRESS
CP003094,C000137,2026-05-30,BILLING,Unexpected charge,MEDIUM,OPEN
CP003095,C000038,2026-06-17,NETWORK,Poor network coverage,MEDIUM,OPEN
CP003096,C000544,2026-01-31,SIM,SIM activation issue,MEDIUM,OPEN
CP003097,C000865,2026-03-20,NETWORK,Internet not working,LOW,RESOLVED
CP003098,C000956,2026-01-04,NETWORK,Slow internet,HIGH,IN_PROGRESS
CP003099,C000968,2026-09-16,BILLING,Billing issue,HIGH,CLOSED
CP003100,C000880,2025-11-23,BILLING,Billing issue,CRITICAL,CLOSED
CP003101,C000396,2026-03-02,BILLING,Unexpected charge,HIGH,CLOSED
CP003102,C000258,2026-08-14,NETWORK,Slow internet,MEDIUM,IN_PROGRESS
CP003103,C000167,2025-11-29,SIM,SIM activation issue,LOW,OPEN
CP003104,C000872,2026-08-19,BILLING,Unexpected charge,LOW,CLOSED
CP003105,C000093,2026-03-29,PLAN,Plan related query,MEDIUM,CLOSED
CP003106,C000933,2025-12-08,NETWORK,Network issue,LOW,RESOLVED
CP003107,C000494,2026-07-12,PLAN,Plan benefits not received,MEDIUM,RESOLVED
CP003108,C000657,2026-03-23,SIM,SIM replacement request,CRITICAL,IN_PROGRESS
CP003109,C000168,2026-05-18,PLAN,Plan related query,MEDIUM,CLOSED
CP003110,C000727,2026-09-14,BILLING,Incorrect bill amount,CRITICAL,OPEN
CP003111,C000935,2026-05-18,NETWORK,Poor network coverage,CRITICAL,CLOSED
CP003112,C000761,2026-04-11,PLAN,Plan activation issue,HIGH,CLOSED
CP003113,C000314,2025-12-09,RECHARGE,Recharge amount not reflected,MEDIUM,OPEN
CP003114,C000774,2025-11-02,OTHER,Service related issue,MEDIUM,CLOSED
CP003115,C000228,2026-05-04,RECHARGE,Recharge amount not reflected,HIGH,CLOSED
CP003116,C000311,2026-07-01,RECHARGE,Recharge issue,MEDIUM,CLOSED
CP003117,C000421,2026-08-05,BILLING,Unexpected charge,HIGH,IN_PROGRESS
CP003118,C000892,2026-05-08,SIM,SIM activation issue,LOW,IN_PROGRESS
CP003119,C000966,2025-09-30,NETWORK,Network issue,HIGH,IN_PROGRESS
CP003120,C000809,2025-11-08,SIM,SIM replacement request,MEDIUM,IN_PROGRESS
CP003121,C000791,2025-10-16,NETWORK,Internet not working,MEDIUM,CLOSED
CP003122,C000838,2026-06-15,RECHARGE,Recharge amount not reflected,CRITICAL,CLOSED
CP003123,C000870,2026-07-08,NETWORK,Network issue,MEDIUM,CLOSED
CP003124,C000135,2026-09-06,PLAN,Plan activation issue,HIGH,IN_PROGRESS
CP003125,C000176,2025-11-04,NETWORK,Slow internet,MEDIUM,RESOLVED
CP003126,C000339,2026-07-29,OTHER,Other issue,HIGH,IN_PROGRESS
CP003127,C000111,2026-06-10,NETWORK,Poor network coverage,HIGH,OPEN
CP003128,C000918,2026-02-12,PLAN,Plan benefits not received,CRITICAL,OPEN
CP003129,C000062,2026-06-13,PLAN,Plan activation issue,MEDIUM,OPEN
CP003130,C000617,2026-09-19,PLAN,Plan related query,LOW,OPEN
CP003131,C000888,2026-01-03,OTHER,General complaint,MEDIUM,CLOSED
CP003132,C000615,2025-09-29,RECHARGE,Recharge amount not reflected,LOW,OPEN
CP003133,C000310,2026-07-26,BILLING,Billing issue,HIGH,IN_PROGRESS
CP003134,C000139,2025-12-08,PLAN,Plan benefits not received,MEDIUM,RESOLVED
CP003135,C000663,2026-04-13,RECHARGE,Recharge failed,MEDIUM,RESOLVED
CP003136,C000634,2026-07-03,OTHER,General complaint,CRITICAL,IN_PROGRESS
CP003137,C000938,2026-03-09,PLAN,Plan activation issue,HIGH,IN_PROGRESS
CP003138,C000931,2026-04-01,PLAN,Plan benefits not received,HIGH,CLOSED
CP003139,C000759,2026-04-05,SIM,SIM activation issue,MEDIUM,IN_PROGRESS
CP003140,C000013,2025-10-18,RECHARGE,Recharge amount not reflected,LOW,OPEN
CP003141,C000799,2025-11-20,RECHARGE,Recharge amount not reflected,HIGH,CLOSED
CP003142,C000735,2026-07-31,NETWORK,Poor network coverage,HIGH,OPEN
CP003143,C000555,2025-11-28,NETWORK,Internet not working,MEDIUM,CLOSED
CP003144,C000123,2026-01-06,PLAN,Plan benefits not received,HIGH,RESOLVED
CP003145,C000101,2026-09-15,BILLING,Unexpected charge,MEDIUM,RESOLVED
CP003146,C000758,2026-04-12,BILLING,Unexpected charge,MEDIUM,IN_PROGRESS
CP003147,C000123,2026-02-24,NETWORK,Network issue,LOW,RESOLVED
CP003148,C000939,2025-12-23,OTHER,General complaint,LOW,RESOLVED
CP003149,C000843,2026-05-02,RECHARGE,Recharge amount not reflected,CRITICAL,OPEN
CP003150,C000696,2026-09-04,OTHER,General complaint,HIGH,CLOSED
CP003151,C000192,2026-03-06,OTHER,Other issue,MEDIUM,OPEN
CP003152,C000737,2026-08-19,RECHARGE,Recharge amount not reflected,HIGH,IN_PROGRESS
CP003153,C000291,2025-11-12,OTHER,Other issue,HIGH,CLOSED
CP003154,C000250,2026-02-21,OTHER,General complaint,HIGH,CLOSED
CP003155,C000766,2026-04-11,PLAN,Plan benefits not received,MEDIUM,CLOSED
CP003156,C000625,2026-06-09,SIM,SIM not working,MEDIUM,CLOSED
CP003157,C000756,2026-08-20,NETWORK,Network issue,HIGH,OPEN
CP003158,C000227,2026-04-15,NETWORK,Internet not working,LOW,RESOLVED
CP003159,C000682,2026-08-07,SIM,SIM replacement request,CRITICAL,IN_PROGRESS
CP003160,C000781,2026-07-26,SIM,SIM activation issue,LOW,OPEN
CP003161,C000042,2026-03-14,RECHARGE,Recharge failed,HIGH,CLOSED
CP003162,C000476,2026-01-29,PLAN,Plan related query,CRITICAL,OPEN
CP003163,C000366,2026-09-15,SIM,SIM activation issue,MEDIUM,CLOSED
CP003164,C000814,2025-12-08,NETWORK,Internet not working,MEDIUM,RESOLVED
CP003165,C000058,2025-10-27,NETWORK,Poor network coverage,LOW,IN_PROGRESS
CP003166,C000945,2026-09-06,BILLING,Billing issue,MEDIUM,CLOSED
CP003167,C000152,2026-01-28,BILLING,Billing issue,HIGH,IN_PROGRESS
CP003168,C000351,2026-01-22,NETWORK,Internet not working,LOW,CLOSED
CP003169,C000272,2025-10-18,PLAN,Plan activation issue,HIGH,CLOSED
CP003170,C000584,2026-08-31,OTHER,Service related issue,MEDIUM,RESOLVED
CP003171,C000930,2026-05-07,PLAN,Plan related query,MEDIUM,CLOSED
CP003172,C000283,2026-04-20,BILLING,Billing issue,LOW,OPEN
CP003173,C000993,2026-02-13,PLAN,Plan activation issue,MEDIUM,CLOSED
CP003174,C000068,2026-02-27,OTHER,Service related issue,LOW,RESOLVED
CP003175,C000628,2025-10-17,RECHARGE,Recharge failed,MEDIUM,OPEN
CP003176,C000101,2026-04-14,RECHARGE,Recharge failed,CRITICAL,OPEN
CP003177,C000929,2026-03-18,OTHER,Other issue,CRITICAL,CLOSED
CP003178,C000414,2025-12-17,NETWORK,Poor network coverage,MEDIUM,OPEN
CP003179,C000276,2026-09-02,PLAN,Plan benefits not received,HIGH,OPEN
CP003180,C000725,2025-11-30,RECHARGE,Recharge amount not reflected,LOW,IN_PROGRESS
CP003181,C000500,2026-02-24,RECHARGE,Recharge amount not reflected,MEDIUM,OPEN
CP003182,C000427,2026-06-30,OTHER,General complaint,MEDIUM,CLOSED
CP003183,C000705,2025-10-08,NETWORK,Network issue,HIGH,CLOSED
CP003184,C000168,2026-01-22,RECHARGE,Recharge amount not reflected,HIGH,OPEN
CP003185,C000430,2026-05-09,BILLING,Incorrect bill amount,HIGH,CLOSED
CP003186,C000806,2025-10-06,RECHARGE,Recharge failed,MEDIUM,OPEN
CP003187,C000567,2026-04-29,RECHARGE,Recharge amount not reflected,CRITICAL,IN_PROGRESS
CP003188,C000557,2025-11-20,PLAN,Plan benefits not received,CRITICAL,IN_PROGRESS
CP003189,C000866,2026-05-20,PLAN,Plan benefits not received,MEDIUM,OPEN
CP003190,C000970,2026-01-16,NETWORK,Network issue,HIGH,CLOSED
CP003191,C000910,2026-01-12,OTHER,Service related issue,MEDIUM,CLOSED
CP003192,C000556,2026-06-22,SIM,SIM not working,LOW,RESOLVED
CP003193,C000178,2026-01-30,SIM,SIM replacement request,HIGH,CLOSED
CP003194,C000410,2026-07-04,NETWORK,Slow internet,LOW,CLOSED
CP003195,C000607,2026-09-12,BILLING,Incorrect bill amount,CRITICAL,IN_PROGRESS
CP003196,C000657,2026-03-23,PLAN,Plan activation issue,HIGH,OPEN
CP003197,C000198,2026-03-27,OTHER,Other issue,CRITICAL,IN_PROGRESS
CP003198,C000954,2026-07-06,BILLING,Incorrect bill amount,MEDIUM,IN_PROGRESS
CP003199,C000224,2026-01-13,NETWORK,Internet not working,CRITICAL,OPEN
CP003200,C000752,2026-03-17,SIM,SIM not working,LOW,OPEN
CP003201,C000103,2026-07-07,RECHARGE,Recharge amount not reflected,LOW,RESOLVED
CP003202,C000145,2026-02-28,BILLING,Unexpected charge,CRITICAL,CLOSED
CP003203,C000120,2025-10-20,BILLING,Incorrect bill amount,CRITICAL,IN_PROGRESS
CP003204,C000576,2026-02-15,PLAN,Plan activation issue,HIGH,RESOLVED
CP003205,C000227,2025-10-20,OTHER,Other issue,MEDIUM,OPEN
CP003206,C000875,2026-08-13,RECHARGE,Recharge amount not reflected,LOW,OPEN
CP003207,C000115,2026-02-17,OTHER,Service related issue,HIGH,OPEN
CP003208,C000364,2026-08-18,BILLING,Unexpected charge,LOW,IN_PROGRESS
CP003209,C000269,2026-06-08,NETWORK,Slow internet,MEDIUM,RESOLVED
CP003210,C000681,2026-08-03,NETWORK,Slow internet,MEDIUM,RESOLVED
CP003211,C000160,2025-11-10,NETWORK,Network issue,MEDIUM,CLOSED
CP003212,C000851,2026-09-21,BILLING,Unexpected charge,CRITICAL,OPEN
CP003213,C000197,2026-05-27,NETWORK,Internet not working,LOW,RESOLVED
CP003214,C000983,2026-03-03,RECHARGE,Recharge issue,MEDIUM,IN_PROGRESS
CP003215,C000820,2025-12-29,SIM,SIM replacement request,MEDIUM,IN_PROGRESS
CP003216,C000644,2025-11-17,SIM,SIM not working,HIGH,OPEN
CP003217,C000385,2026-04-09,PLAN,Plan benefits not received,HIGH,IN_PROGRESS
CP003218,C000760,2025-09-28,SIM,SIM replacement request,CRITICAL,CLOSED
CP003219,C000351,2026-01-04,BILLING,Unexpected charge,MEDIUM,CLOSED
CP003220,C000352,2026-02-20,SIM,SIM not working,CRITICAL,OPEN
CP003221,C000783,2026-04-25,NETWORK,Poor network coverage,MEDIUM,RESOLVED
CP003222,C000857,2026-03-12,RECHARGE,Recharge amount not reflected,CRITICAL,RESOLVED
CP003223,C000247,2026-09-16,SIM,SIM activation issue,MEDIUM,IN_PROGRESS
CP003224,C000322,2026-07-28,BILLING,Billing issue,HIGH,RESOLVED
CP003225,C000745,2026-02-14,RECHARGE,Recharge failed,MEDIUM,IN_PROGRESS
CP003226,C000793,2026-09-18,OTHER,General complaint,CRITICAL,IN_PROGRESS
CP003227,C000519,2026-06-29,PLAN,Plan activation issue,LOW,OPEN
CP003228,C000498,2026-07-15,BILLING,Unexpected charge,MEDIUM,RESOLVED
CP003229,C000844,2025-12-30,BILLING,Incorrect bill amount,LOW,IN_PROGRESS
CP003230,C000410,2026-04-27,PLAN,Plan benefits not received,CRITICAL,RESOLVED
CP003231,C000648,2026-05-11,BILLING,Billing issue,MEDIUM,RESOLVED
CP003232,C000060,2026-03-17,SIM,SIM not working,MEDIUM,IN_PROGRESS
CP003233,C000525,2026-04-24,SIM,SIM activation issue,MEDIUM,OPEN
CP003234,C000671,2025-12-02,RECHARGE,Recharge amount not reflected,CRITICAL,OPEN
CP003235,C000359,2026-09-11,SIM,SIM replacement request,MEDIUM,RESOLVED
CP003236,C000620,2025-10-28,OTHER,Other issue,MEDIUM,CLOSED
CP003237,C000204,2026-01-19,BILLING,Incorrect bill amount,CRITICAL,IN_PROGRESS
CP003238,C000431,2026-01-13,BILLING,Incorrect bill amount,CRITICAL,IN_PROGRESS
CP003239,C000411,2026-09-22,RECHARGE,Recharge failed,MEDIUM,RESOLVED
CP003240,C000035,2026-07-15,RECHARGE,Recharge amount not reflected,HIGH,IN_PROGRESS
CP003241,C000249,2026-07-22,PLAN,Plan related query,MEDIUM,CLOSED
CP003242,C000379,2026-05-23,BILLING,Incorrect bill amount,CRITICAL,RESOLVED
CP003243,C000593,2026-01-16,OTHER,Other issue,HIGH,RESOLVED
CP003244,C000552,2026-02-01,PLAN,Plan activation issue,LOW,IN_PROGRESS
CP003245,C000663,2026-07-15,OTHER,Service related issue,MEDIUM,IN_PROGRESS
CP003246,C000021,2025-11-15,SIM,SIM activation issue,MEDIUM,IN_PROGRESS
CP003247,C000784,2026-04-12,OTHER,Service related issue,MEDIUM,OPEN
CP003248,C000379,2026-06-15,PLAN,Plan related query,CRITICAL,RESOLVED
CP003249,C000457,2026-04-26,NETWORK,Internet not working,MEDIUM,CLOSED
CP003250,C000439,2025-12-12,PLAN,Plan related query,MEDIUM,RESOLVED
CP003251,C000393,2026-09-18,NETWORK,Internet not working,LOW,RESOLVED
CP003252,C000570,2026-06-19,OTHER,General complaint,CRITICAL,RESOLVED
CP003253,C000679,2026-08-28,RECHARGE,Recharge failed,HIGH,CLOSED
CP003254,C000068,2026-01-25,OTHER,Service related issue,LOW,IN_PROGRESS
CP003255,C000379,2025-10-29,NETWORK,Slow internet,LOW,RESOLVED
CP003256,C000899,2026-01-30,BILLING,Unexpected charge,MEDIUM,OPEN
CP003257,C000552,2026-01-20,SIM,SIM not working,CRITICAL,OPEN
CP003258,C000196,2026-02-05,RECHARGE,Recharge issue,HIGH,IN_PROGRESS
CP003259,C000265,2026-01-21,BILLING,Unexpected charge,MEDIUM,RESOLVED
CP003260,C000985,2026-02-09,OTHER,Service related issue,LOW,OPEN
CP003261,C000932,2026-06-09,RECHARGE,Recharge amount not reflected,HIGH,OPEN
CP003262,C000386,2025-10-24,SIM,SIM activation issue,LOW,RESOLVED
CP003263,C000904,2026-07-11,RECHARGE,Recharge issue,HIGH,OPEN
CP003264,C000075,2025-09-25,SIM,SIM not working,HIGH,RESOLVED
CP003265,C000862,2025-10-14,RECHARGE,Recharge amount not reflected,LOW,CLOSED
CP003266,C000734,2026-06-05,NETWORK,Network issue,MEDIUM,RESOLVED
CP003267,C000208,2026-05-15,SIM,SIM activation issue,CRITICAL,RESOLVED
CP003268,C000905,2026-05-31,OTHER,Service related issue,MEDIUM,RESOLVED
CP003269,C000424,2026-02-01,OTHER,General complaint,MEDIUM,CLOSED
CP003270,C000639,2026-04-04,BILLING,Incorrect bill amount,MEDIUM,CLOSED
CP003271,C000818,2026-02-20,NETWORK,Internet not working,LOW,OPEN
CP003272,C000532,2026-02-26,OTHER,Service related issue,MEDIUM,RESOLVED
CP003273,C000837,2026-07-31,OTHER,Service related issue,MEDIUM,OPEN
CP003274,C000170,2025-12-25,NETWORK,Network issue,HIGH,OPEN
CP003275,C000857,2026-05-10,RECHARGE,Recharge amount not reflected,MEDIUM,IN_PROGRESS
CP003276,C000299,2026-07-02,RECHARGE,Recharge failed,MEDIUM,CLOSED
CP003277,C000088,2026-02-09,OTHER,Other issue,MEDIUM,IN_PROGRESS
CP003278,C000169,2026-01-17,RECHARGE,Recharge issue,LOW,IN_PROGRESS
CP003279,C000607,2025-11-06,PLAN,Plan related query,LOW,IN_PROGRESS
CP003280,C000237,2026-05-06,BILLING,Billing issue,MEDIUM,OPEN
CP003281,C000024,2026-03-02,OTHER,General complaint,HIGH,IN_PROGRESS
CP003282,C000812,2026-09-13,SIM,SIM not working,CRITICAL,OPEN
CP003283,C000655,2026-06-10,SIM,SIM not working,HIGH,IN_PROGRESS
CP003284,C000739,2025-10-04,OTHER,General complaint,MEDIUM,OPEN
CP003285,C000159,2026-07-26,OTHER,Service related issue,MEDIUM,OPEN
CP003286,C000799,2025-12-14,OTHER,Service related issue,CRITICAL,OPEN
CP003287,C000167,2025-10-18,SIM,SIM not working,MEDIUM,CLOSED
CP003288,C000791,2025-09-25,RECHARGE,Recharge failed,CRITICAL,CLOSED
CP003289,C000805,2026-08-15,BILLING,Billing issue,HIGH,OPEN
CP003290,C000699,2026-03-29,PLAN,Plan activation issue,LOW,OPEN
CP003291,C000649,2026-04-12,PLAN,Plan benefits not received,HIGH,CLOSED
CP003292,C000901,2026-08-31,SIM,SIM activation issue,MEDIUM,OPEN
CP003293,C000991,2026-05-17,RECHARGE,Recharge failed,LOW,CLOSED
CP003294,C000311,2026-05-08,BILLING,Billing issue,HIGH,IN_PROGRESS
CP003295,C000478,2026-07-04,PLAN,Plan activation issue,CRITICAL,CLOSED
CP003296,C000356,2026-09-17,OTHER,Service related issue,HIGH,RESOLVED
CP003297,C000496,2025-10-12,OTHER,Service related issue,LOW,CLOSED
CP003298,C000519,2026-07-14,OTHER,Other issue,MEDIUM,RESOLVED
CP003299,C000375,2025-10-14,RECHARGE,Recharge amount not reflected,HIGH,RESOLVED
CP003300,C000074,2026-01-13,NETWORK,Slow internet,CRITICAL,RESOLVED
CP003301,C000561,2026-05-24,RECHARGE,Recharge amount not reflected,LOW,RESOLVED
CP003302,C000926,2026-06-03,RECHARGE,Recharge failed,CRITICAL,OPEN
CP003303,C000548,2026-08-03,NETWORK,Slow internet,CRITICAL,IN_PROGRESS
CP003304,C000074,2026-06-10,SIM,SIM activation issue,CRITICAL,CLOSED
CP003305,C000426,2026-09-11,OTHER,Other issue,MEDIUM,IN_PROGRESS
CP003306,C000793,2026-05-30,SIM,SIM activation issue,MEDIUM,IN_PROGRESS
CP003307,C000600,2026-04-04,PLAN,Plan activation issue,CRITICAL,RESOLVED
CP003308,C000904,2026-02-09,RECHARGE,Recharge issue,MEDIUM,CLOSED
CP003309,C000538,2025-10-04,OTHER,Other issue,HIGH,OPEN
CP003310,C000030,2026-07-31,RECHARGE,Recharge amount not reflected,CRITICAL,OPEN
CP003311,C000542,2026-04-04,RECHARGE,Recharge failed,MEDIUM,IN_PROGRESS
CP003312,C000670,2026-09-19,NETWORK,Network issue,HIGH,IN_PROGRESS
CP003313,C000630,2026-02-18,PLAN,Plan benefits not received,HIGH,CLOSED
CP003314,C000757,2026-01-13,RECHARGE,Recharge amount not reflected,MEDIUM,CLOSED
CP003315,C000228,2026-07-05,BILLING,Incorrect bill amount,LOW,RESOLVED
CP003316,C000664,2026-02-06,RECHARGE,Recharge failed,MEDIUM,CLOSED
CP003317,C000567,2026-04-26,OTHER,Service related issue,MEDIUM,CLOSED
CP003318,C000897,2025-12-22,SIM,SIM replacement request,MEDIUM,CLOSED
CP003319,C000184,2026-03-29,SIM,SIM activation issue,MEDIUM,OPEN
CP003320,C000615,2026-01-20,NETWORK,Network issue,LOW,RESOLVED
CP003321,C000707,2026-01-25,RECHARGE,Recharge issue,HIGH,CLOSED
CP003322,C000300,2025-11-03,NETWORK,Slow internet,CRITICAL,OPEN
CP003323,C000698,2026-02-03,OTHER,General complaint,MEDIUM,OPEN
CP003324,C000476,2026-03-12,NETWORK,Poor network coverage,LOW,OPEN
CP003325,C000404,2026-02-26,PLAN,Plan activation issue,MEDIUM,RESOLVED
CP003326,C000892,2026-05-04,BILLING,Billing issue,HIGH,IN_PROGRESS
CP003327,C000389,2025-12-05,PLAN,Plan related query,LOW,IN_PROGRESS
CP003328,C000857,2026-02-02,SIM,SIM replacement request,MEDIUM,OPEN
CP003329,C000379,2026-03-20,SIM,SIM activation issue,CRITICAL,RESOLVED
CP003330,C000327,2026-02-10,RECHARGE,Recharge amount not reflected,CRITICAL,IN_PROGRESS
CP003331,C000061,2025-12-24,OTHER,Service related issue,MEDIUM,RESOLVED
CP003332,C000298,2026-09-03,RECHARGE,Recharge issue,MEDIUM,OPEN
CP003333,C000070,2026-06-01,SIM,SIM replacement request,MEDIUM,CLOSED
CP003334,C000236,2025-12-22,RECHARGE,Recharge amount not reflected,MEDIUM,OPEN
CP003335,C000866,2026-03-19,NETWORK,Poor network coverage,HIGH,IN_PROGRESS
CP003336,C000802,2026-03-12,SIM,SIM not working,MEDIUM,IN_PROGRESS
CP003337,C000655,2026-05-19,PLAN,Plan related query,MEDIUM,RESOLVED
CP003338,C000004,2025-11-19,BILLING,Incorrect bill amount,MEDIUM,RESOLVED
CP003339,C000436,2025-11-08,BILLING,Incorrect bill amount,MEDIUM,CLOSED
CP003340,C000264,2026-03-22,PLAN,Plan related query,MEDIUM,IN_PROGRESS
CP003341,C000203,2026-03-25,NETWORK,Internet not working,MEDIUM,RESOLVED
CP003342,C000433,2025-10-11,RECHARGE,Recharge amount not reflected,MEDIUM,IN_PROGRESS
CP003343,C000983,2026-02-20,BILLING,Unexpected charge,CRITICAL,IN_PROGRESS
CP003344,C000716,2026-02-27,OTHER,Service related issue,LOW,RESOLVED
CP003345,C000863,2026-02-19,BILLING,Billing issue,HIGH,OPEN
CP003346,C000179,2026-04-02,OTHER,Other issue,MEDIUM,IN_PROGRESS
CP003347,C000081,2026-05-11,OTHER,Other issue,HIGH,RESOLVED
CP003348,C000877,2026-04-28,RECHARGE,Recharge issue,CRITICAL,IN_PROGRESS
CP003349,C000615,2025-12-16,OTHER,Service related issue,MEDIUM,IN_PROGRESS
CP003350,C000102,2026-07-19,RECHARGE,Recharge amount not reflected,MEDIUM,OPEN
CP003351,C000320,2026-06-07,RECHARGE,Recharge amount not reflected,LOW,CLOSED
CP003352,C000535,2026-08-23,NETWORK,Internet not working,MEDIUM,CLOSED
CP003353,C000491,2025-12-05,OTHER,Service related issue,CRITICAL,RESOLVED
CP003354,C000057,2026-01-18,PLAN,Plan related query,CRITICAL,IN_PROGRESS
CP003355,C000621,2026-04-27,RECHARGE,Recharge amount not reflected,MEDIUM,OPEN
CP003356,C000958,2026-08-27,NETWORK,Internet not working,CRITICAL,OPEN
CP003357,C000616,2025-11-12,BILLING,Incorrect bill amount,CRITICAL,OPEN
CP003358,C000327,2025-11-17,OTHER,Other issue,MEDIUM,OPEN
CP003359,C000075,2026-05-11,PLAN,Plan benefits not received,HIGH,RESOLVED
CP003360,C000296,2026-09-03,OTHER,Other issue,MEDIUM,OPEN
CP003361,C000689,2026-05-15,OTHER,General complaint,HIGH,OPEN
CP003362,C000602,2025-10-09,SIM,SIM activation issue,LOW,RESOLVED
CP003363,C000509,2026-07-15,NETWORK,Internet not working,MEDIUM,CLOSED
CP003364,C000865,2026-09-13,BILLING,Unexpected charge,CRITICAL,OPEN
CP003365,C000238,2026-07-17,PLAN,Plan related query,HIGH,IN_PROGRESS
CP003366,C000985,2026-06-01,RECHARGE,Recharge amount not reflected,MEDIUM,IN_PROGRESS
CP003367,C000748,2026-04-01,PLAN,Plan activation issue,MEDIUM,RESOLVED
CP003368,C000390,2026-09-03,OTHER,Service related issue,MEDIUM,RESOLVED
CP003369,C000130,2026-06-09,NETWORK,Network issue,HIGH,RESOLVED
CP003370,C000663,2026-02-04,BILLING,Billing issue,LOW,RESOLVED
CP003371,C000127,2026-01-30,BILLING,Billing issue,MEDIUM,RESOLVED
CP003372,C000053,2025-10-15,RECHARGE,Recharge issue,LOW,OPEN
CP003373,C000129,2026-04-21,BILLING,Unexpected charge,MEDIUM,IN_PROGRESS
CP003374,C000809,2026-01-08,SIM,SIM replacement request,LOW,OPEN
CP003375,C000526,2026-05-07,BILLING,Incorrect bill amount,MEDIUM,IN_PROGRESS
CP003376,C000988,2026-07-15,SIM,SIM not working,MEDIUM,OPEN
CP003377,C000616,2025-11-15,PLAN,Plan related query,CRITICAL,RESOLVED
CP003378,C000453,2026-01-09,RECHARGE,Recharge failed,MEDIUM,OPEN
CP003379,C000733,2026-07-16,PLAN,Plan activation issue,CRITICAL,IN_PROGRESS
CP003380,C000721,2026-01-18,PLAN,Plan benefits not received,LOW,RESOLVED
CP003381,C000696,2026-07-09,NETWORK,Slow internet,MEDIUM,OPEN
CP003382,C000941,2026-02-18,PLAN,Plan related query,MEDIUM,IN_PROGRESS
CP003383,C000919,2026-06-19,RECHARGE,Recharge issue,LOW,RESOLVED
CP003384,C000205,2026-09-04,SIM,SIM activation issue,MEDIUM,CLOSED
CP003385,C000121,2026-05-28,RECHARGE,Recharge issue,LOW,OPEN
CP003386,C000851,2026-03-03,NETWORK,Internet not working,CRITICAL,RESOLVED
CP003387,C000607,2025-11-29,BILLING,Billing issue,CRITICAL,RESOLVED
CP003388,C000737,2026-09-19,SIM,SIM activation issue,CRITICAL,RESOLVED
CP003389,C000785,2025-12-26,NETWORK,Poor network coverage,LOW,IN_PROGRESS
CP003390,C000937,2026-08-25,NETWORK,Poor network coverage,MEDIUM,RESOLVED
CP003391,C000175,2026-06-05,OTHER,General complaint,MEDIUM,RESOLVED
CP003392,C000606,2026-07-14,OTHER,Service related issue,MEDIUM,CLOSED
CP003393,C000680,2026-06-23,OTHER,Other issue,LOW,RESOLVED
CP003394,C000679,2025-12-28,NETWORK,Network issue,LOW,IN_PROGRESS
CP003395,C000494,2026-04-04,PLAN,Plan benefits not received,CRITICAL,IN_PROGRESS
CP003396,C000863,2026-06-04,NETWORK,Slow internet,MEDIUM,CLOSED
CP003397,C000449,2026-02-18,BILLING,Incorrect bill amount,LOW,OPEN
CP003398,C000580,2025-11-29,OTHER,General complaint,CRITICAL,RESOLVED
CP003399,C000021,2026-02-02,NETWORK,Poor network coverage,HIGH,IN_PROGRESS
CP003400,C000922,2026-09-10,NETWORK,Network issue,MEDIUM,RESOLVED
CP003401,C000865,2026-03-20,OTHER,Other issue,CRITICAL,RESOLVED
CP003402,C000985,2026-01-09,NETWORK,Network issue,HIGH,RESOLVED
CP003403,C000276,2025-11-02,BILLING,Incorrect bill amount,LOW,OPEN
CP003404,C000414,2026-01-26,NETWORK,Internet not working,HIGH,OPEN
CP003405,C000181,2026-09-09,NETWORK,Network issue,LOW,RESOLVED
CP003406,C000788,2026-03-17,OTHER,Other issue,LOW,IN_PROGRESS
CP003407,C000807,2026-03-22,BILLING,Unexpected charge,CRITICAL,OPEN
CP003408,C000727,2026-01-12,PLAN,Plan benefits not received,LOW,RESOLVED
CP003409,C000128,2026-09-20,RECHARGE,Recharge issue,MEDIUM,OPEN
CP003410,C000018,2026-05-06,BILLING,Unexpected charge,LOW,OPEN
CP003411,C000338,2025-10-20,RECHARGE,Recharge issue,LOW,OPEN
CP003412,C000910,2026-04-21,RECHARGE,Recharge issue,MEDIUM,IN_PROGRESS
CP003413,C000048,2026-01-24,PLAN,Plan activation issue,MEDIUM,RESOLVED
CP003414,C000421,2026-09-07,NETWORK,Poor network coverage,CRITICAL,IN_PROGRESS
CP003415,C000199,2026-06-26,NETWORK,Poor network coverage,HIGH,OPEN
CP003416,C000502,2026-02-14,SIM,SIM not working,MEDIUM,OPEN
CP003417,C000326,2025-12-28,PLAN,Plan related query,MEDIUM,IN_PROGRESS
CP003418,C000918,2026-07-24,RECHARGE,Recharge failed,MEDIUM,OPEN
CP003419,C000306,2026-01-31,SIM,SIM not working,HIGH,OPEN
CP003420,C000869,2025-12-25,OTHER,Other issue,LOW,RESOLVED
CP003421,C000018,2026-02-07,NETWORK,Network issue,CRITICAL,CLOSED
CP003422,C000713,2026-03-07,OTHER,Other issue,MEDIUM,OPEN
CP003423,C000239,2025-12-29,SIM,SIM not working,HIGH,IN_PROGRESS
CP003424,C000792,2025-11-24,PLAN,Plan activation issue,HIGH,CLOSED
CP003425,C000950,2025-09-27,NETWORK,Slow internet,HIGH,CLOSED
CP003426,C000711,2025-11-13,NETWORK,Slow internet,LOW,CLOSED
CP003427,C000027,2026-01-31,OTHER,Service related issue,MEDIUM,OPEN
CP003428,C000144,2026-03-31,SIM,SIM not working,CRITICAL,OPEN
CP003429,C000179,2026-02-19,NETWORK,Internet not working,LOW,CLOSED
CP003430,C000847,2026-05-26,NETWORK,Poor network coverage,LOW,OPEN
CP003431,C000705,2026-08-16,RECHARGE,Recharge amount not reflected,HIGH,OPEN
CP003432,C000043,2025-11-09,OTHER,General complaint,LOW,IN_PROGRESS
CP003433,C000896,2026-07-24,NETWORK,Network issue,CRITICAL,IN_PROGRESS
CP003434,C000330,2026-01-29,PLAN,Plan related query,MEDIUM,CLOSED
CP003435,C000115,2025-11-11,OTHER,General complaint,MEDIUM,RESOLVED
CP003436,C000554,2026-03-22,SIM,SIM not working,HIGH,OPEN
CP003437,C000737,2026-07-05,BILLING,Unexpected charge,MEDIUM,RESOLVED
CP003438,C000339,2026-07-22,OTHER,Other issue,CRITICAL,IN_PROGRESS
CP003439,C000432,2026-07-29,RECHARGE,Recharge failed,CRITICAL,IN_PROGRESS
CP003440,C000982,2026-07-13,SIM,SIM activation issue,LOW,OPEN
CP003441,C000586,2025-10-24,OTHER,Service related issue,HIGH,RESOLVED
CP003442,C000616,2026-08-29,BILLING,Incorrect bill amount,HIGH,OPEN
CP003443,C000413,2026-04-04,BILLING,Unexpected charge,MEDIUM,OPEN
CP003444,C000796,2025-09-30,NETWORK,Network issue,MEDIUM,IN_PROGRESS
CP003445,C000207,2026-08-08,OTHER,Other issue,CRITICAL,OPEN
CP003446,C000388,2025-11-05,OTHER,General complaint,MEDIUM,CLOSED
CP003447,C000415,2026-01-20,NETWORK,Internet not working,MEDIUM,OPEN
CP003448,C000166,2026-04-09,PLAN,Plan related query,CRITICAL,CLOSED
CP003449,C000920,2026-01-19,NETWORK,Internet not working,LOW,RESOLVED
CP003450,C000571,2026-03-06,RECHARGE,Recharge amount not reflected,LOW,RESOLVED
CP003451,C000787,2026-02-08,NETWORK,Poor network coverage,LOW,OPEN
CP003452,C000160,2026-01-10,SIM,SIM replacement request,CRITICAL,CLOSED
CP003453,C000095,2026-04-06,BILLING,Incorrect bill amount,MEDIUM,OPEN
CP003454,C000968,2026-06-14,SIM,SIM not working,MEDIUM,OPEN
CP003455,C000002,2025-12-30,SIM,SIM replacement request,MEDIUM,IN_PROGRESS
CP003456,C000922,2026-02-23,OTHER,Service related issue,CRITICAL,IN_PROGRESS
CP003457,C000199,2026-05-31,RECHARGE,Recharge amount not reflected,HIGH,RESOLVED
CP003458,C000980,2026-04-22,BILLING,Billing issue,MEDIUM,RESOLVED
CP003459,C000905,2026-01-29,SIM,SIM replacement request,CRITICAL,CLOSED
CP003460,C000111,2026-06-13,SIM,SIM not working,MEDIUM,RESOLVED
CP003461,C000798,2026-02-27,SIM,SIM not working,CRITICAL,CLOSED
CP003462,C000877,2026-01-12,RECHARGE,Recharge failed,MEDIUM,CLOSED
CP003463,C000866,2025-11-29,RECHARGE,Recharge issue,MEDIUM,OPEN
CP003464,C000851,2026-02-03,OTHER,Other issue,LOW,OPEN
CP003465,C000300,2026-05-01,RECHARGE,Recharge amount not reflected,CRITICAL,RESOLVED
CP003466,C000555,2025-11-09,BILLING,Unexpected charge,LOW,OPEN
CP003467,C000100,2026-04-23,BILLING,Incorrect bill amount,CRITICAL,OPEN
CP003468,C000070,2026-02-03,OTHER,Service related issue,LOW,RESOLVED
CP003469,C000619,2026-07-20,RECHARGE,Recharge amount not reflected,CRITICAL,IN_PROGRESS
CP003470,C000162,2026-01-12,OTHER,General complaint,MEDIUM,IN_PROGRESS
CP003471,C000818,2026-03-10,PLAN,Plan activation issue,MEDIUM,OPEN
CP003472,C000483,2026-02-28,PLAN,Plan related query,LOW,IN_PROGRESS
CP003473,C000516,2025-12-26,SIM,SIM not working,CRITICAL,OPEN
CP003474,C000913,2026-01-19,NETWORK,Network issue,MEDIUM,IN_PROGRESS
CP003475,C000040,2026-07-09,NETWORK,Slow internet,MEDIUM,RESOLVED
CP003476,C000392,2026-01-04,SIM,SIM replacement request,MEDIUM,RESOLVED
CP003477,C000410,2026-01-02,RECHARGE,Recharge amount not reflected,MEDIUM,IN_PROGRESS
CP003478,C000261,2025-10-03,NETWORK,Poor network coverage,CRITICAL,IN_PROGRESS
CP003479,C000019,2026-08-05,PLAN,Plan related query,MEDIUM,RESOLVED
CP003480,C000847,2025-10-22,BILLING,Incorrect bill amount,HIGH,IN_PROGRESS
CP003481,C000383,2026-05-26,SIM,SIM replacement request,HIGH,CLOSED
CP003482,C000769,2026-01-29,BILLING,Unexpected charge,MEDIUM,CLOSED
CP003483,C000343,2026-04-14,BILLING,Unexpected charge,MEDIUM,CLOSED
CP003484,C000187,2026-02-08,BILLING,Unexpected charge,LOW,CLOSED
CP003485,C000683,2025-12-24,SIM,SIM not working,CRITICAL,IN_PROGRESS
CP003486,C000960,2026-02-15,OTHER,Other issue,MEDIUM,IN_PROGRESS
CP003487,C000418,2026-06-03,RECHARGE,Recharge issue,HIGH,RESOLVED
CP003488,C000988,2025-12-20,BILLING,Incorrect bill amount,MEDIUM,IN_PROGRESS
CP003489,C000029,2026-04-16,PLAN,Plan related query,LOW,RESOLVED
CP003490,C000651,2026-02-17,PLAN,Plan activation issue,MEDIUM,RESOLVED
CP003491,C000338,2025-10-18,SIM,SIM activation issue,CRITICAL,CLOSED
CP003492,C000240,2026-07-05,PLAN,Plan related query,CRITICAL,OPEN
CP003493,C000386,2025-12-20,BILLING,Billing issue,MEDIUM,CLOSED
CP003494,C000772,2026-08-04,OTHER,General complaint,HIGH,CLOSED
CP003495,C000242,2026-07-05,OTHER,General complaint,MEDIUM,IN_PROGRESS
CP003496,C000615,2026-05-26,SIM,SIM replacement request,MEDIUM,OPEN
CP003497,C000125,2026-01-20,PLAN,Plan benefits not received,HIGH,OPEN
CP003498,C000805,2026-03-01,SIM,SIM activation issue,LOW,CLOSED
CP003499,C000657,2025-10-14,RECHARGE,Recharge issue,LOW,RESOLVED
CP003500,C000135,2026-08-03,NETWORK,Network issue,LOW,OPEN
CP003501,C000438,2026-06-04,BILLING,Unexpected charge,MEDIUM,RESOLVED
CP003502,C000693,2026-07-04,RECHARGE,Recharge failed,LOW,OPEN
CP003503,C000930,2026-07-15,NETWORK,Slow internet,HIGH,IN_PROGRESS
CP003504,C000668,2026-05-18,PLAN,Plan activation issue,CRITICAL,RESOLVED
CP003505,C000966,2026-08-28,RECHARGE,Recharge issue,CRITICAL,IN_PROGRESS
CP003506,C000787,2026-06-18,NETWORK,Poor network coverage,CRITICAL,IN_PROGRESS
CP003507,C000152,2026-09-15,BILLING,Unexpected charge,CRITICAL,CLOSED
CP003508,C000453,2025-11-18,BILLING,Unexpected charge,MEDIUM,IN_PROGRESS
CP003509,C000849,2025-09-29,NETWORK,Network issue,HIGH,OPEN
CP003510,C000269,2025-12-26,NETWORK,Slow internet,CRITICAL,IN_PROGRESS
CP003511,C000581,2026-07-08,NETWORK,Slow internet,MEDIUM,OPEN
CP003512,C000109,2026-01-26,BILLING,Billing issue,LOW,IN_PROGRESS
CP003513,C000205,2026-07-27,PLAN,Plan benefits not received,CRITICAL,IN_PROGRESS
CP003514,C000646,2025-11-27,RECHARGE,Recharge amount not reflected,CRITICAL,IN_PROGRESS
CP003515,C000475,2026-09-17,RECHARGE,Recharge failed,HIGH,IN_PROGRESS
CP003516,C000019,2025-10-04,PLAN,Plan benefits not received,HIGH,CLOSED
CP003517,C000450,2026-02-23,OTHER,General complaint,CRITICAL,OPEN
CP003518,C000610,2026-06-30,SIM,SIM not working,MEDIUM,RESOLVED
CP003519,C000997,2025-11-03,BILLING,Incorrect bill amount,CRITICAL,CLOSED
CP003520,C000477,2026-03-03,RECHARGE,Recharge failed,HIGH,RESOLVED
CP003521,C000226,2026-09-07,PLAN,Plan activation issue,CRITICAL,IN_PROGRESS
CP003522,C000092,2026-05-28,NETWORK,Poor network coverage,LOW,OPEN
CP003523,C000599,2026-07-10,RECHARGE,Recharge issue,HIGH,RESOLVED
CP003524,C000386,2026-05-02,NETWORK,Internet not working,MEDIUM,CLOSED
CP003525,C000060,2025-12-24,PLAN,Plan related query,LOW,CLOSED
CP003526,C000546,2026-02-22,RECHARGE,Recharge issue,MEDIUM,OPEN
CP003527,C000758,2025-10-27,OTHER,Service related issue,MEDIUM,CLOSED
CP003528,C000527,2025-10-29,NETWORK,Slow internet,MEDIUM,IN_PROGRESS
CP003529,C000425,2025-11-05,PLAN,Plan related query,LOW,IN_PROGRESS
CP003530,C000129,2026-03-06,NETWORK,Slow internet,CRITICAL,RESOLVED
CP003531,C000613,2025-12-28,SIM,SIM not working,MEDIUM,IN_PROGRESS
CP003532,C000165,2026-08-23,SIM,SIM not working,LOW,IN_PROGRESS
CP003533,C000631,2026-04-25,SIM,SIM activation issue,LOW,OPEN
CP003534,C000304,2026-02-12,BILLING,Incorrect bill amount,CRITICAL,IN_PROGRESS
CP003535,C000483,2026-08-16,RECHARGE,Recharge amount not reflected,LOW,RESOLVED
CP003536,C000374,2026-05-02,RECHARGE,Recharge failed,MEDIUM,IN_PROGRESS
CP003537,C000181,2026-01-18,SIM,SIM replacement request,LOW,IN_PROGRESS
CP003538,C000708,2026-07-13,NETWORK,Network issue,MEDIUM,CLOSED
CP003539,C000686,2025-10-09,NETWORK,Slow internet,CRITICAL,RESOLVED
CP003540,C000546,2026-04-24,RECHARGE,Recharge amount not reflected,LOW,RESOLVED
CP003541,C000981,2026-07-14,SIM,SIM replacement request,CRITICAL,CLOSED
CP003542,C000644,2026-08-22,SIM,SIM replacement request,MEDIUM,IN_PROGRESS
CP003543,C000192,2026-02-08,OTHER,Service related issue,MEDIUM,OPEN
CP003544,C000366,2025-12-12,OTHER,General complaint,HIGH,IN_PROGRESS
CP003545,C000399,2026-03-25,SIM,SIM not working,HIGH,CLOSED
CP003546,C000823,2026-08-03,OTHER,Service related issue,MEDIUM,OPEN
CP003547,C000682,2026-06-14,PLAN,Plan activation issue,LOW,OPEN
CP003548,C000758,2026-08-04,BILLING,Billing issue,MEDIUM,IN_PROGRESS
CP003549,C000163,2026-07-09,NETWORK,Poor network coverage,MEDIUM,RESOLVED
CP003550,C000812,2026-06-07,SIM,SIM not working,HIGH,IN_PROGRESS
CP003551,C000893,2026-03-06,PLAN,Plan activation issue,MEDIUM,CLOSED
CP003552,C000355,2026-02-22,SIM,SIM activation issue,MEDIUM,OPEN
CP003553,C000516,2025-11-04,BILLING,Unexpected charge,CRITICAL,RESOLVED
CP003554,C000467,2026-07-11,NETWORK,Internet not working,HIGH,RESOLVED
CP003555,C000196,2025-12-07,SIM,SIM replacement request,HIGH,IN_PROGRESS
CP003556,C000328,2025-10-06,BILLING,Billing issue,CRITICAL,RESOLVED
CP003557,C000601,2025-09-27,BILLING,Unexpected charge,HIGH,CLOSED
CP003558,C000932,2025-12-31,BILLING,Billing issue,HIGH,IN_PROGRESS
CP003559,C000579,2026-04-24,NETWORK,Internet not working,CRITICAL,IN_PROGRESS
CP003560,C000450,2026-02-11,PLAN,Plan related query,MEDIUM,OPEN
CP003561,C000697,2026-02-21,BILLING,Unexpected charge,LOW,OPEN
CP003562,C000661,2026-05-23,NETWORK,Poor network coverage,HIGH,IN_PROGRESS
CP003563,C000808,2026-05-05,OTHER,Service related issue,CRITICAL,IN_PROGRESS
CP003564,C000360,2026-04-15,RECHARGE,Recharge amount not reflected,LOW,CLOSED
CP003565,C000479,2026-07-09,OTHER,Other issue,LOW,IN_PROGRESS
CP003566,C000377,2026-06-05,OTHER,Service related issue,MEDIUM,CLOSED
CP003567,C000051,2025-12-31,PLAN,Plan related query,MEDIUM,CLOSED
CP003568,C000009,2026-06-05,NETWORK,Internet not working,MEDIUM,IN_PROGRESS
CP003569,C000272,2026-03-05,NETWORK,Internet not working,MEDIUM,RESOLVED
CP003570,C000167,2026-08-31,PLAN,Plan benefits not received,MEDIUM,IN_PROGRESS
CP003571,C000140,2026-05-21,SIM,SIM activation issue,LOW,OPEN
CP003572,C000925,2026-08-04,BILLING,Unexpected charge,CRITICAL,RESOLVED
CP003573,C000143,2026-02-19,OTHER,Other issue,MEDIUM,IN_PROGRESS
CP003574,C000322,2026-01-19,BILLING,Billing issue,LOW,RESOLVED
CP003575,C000144,2026-07-24,OTHER,Service related issue,CRITICAL,CLOSED
CP003576,C000134,2026-03-02,BILLING,Billing issue,CRITICAL,IN_PROGRESS
CP003577,C000510,2026-03-20,NETWORK,Network issue,LOW,CLOSED
CP003578,C000781,2026-04-26,BILLING,Incorrect bill amount,MEDIUM,RESOLVED
CP003579,C000434,2026-08-16,SIM,SIM replacement request,MEDIUM,OPEN
CP003580,C000028,2025-11-29,NETWORK,Internet not working,LOW,RESOLVED
CP003581,C000859,2026-08-28,SIM,SIM not working,MEDIUM,OPEN
CP003582,C000693,2026-01-08,SIM,SIM replacement request,MEDIUM,RESOLVED
CP003583,C000059,2026-03-10,BILLING,Billing issue,MEDIUM,RESOLVED
CP003584,C000856,2026-03-21,NETWORK,Network issue,LOW,CLOSED
CP003585,C000876,2025-12-24,SIM,SIM not working,CRITICAL,CLOSED
CP003586,C000436,2026-09-13,BILLING,Incorrect bill amount,MEDIUM,OPEN
CP003587,C000983,2026-08-28,SIM,SIM replacement request,CRITICAL,CLOSED
CP003588,C000585,2026-06-28,PLAN,Plan benefits not received,MEDIUM,IN_PROGRESS
CP003589,C000527,2026-07-22,PLAN,Plan activation issue,MEDIUM,OPEN
CP003590,C000883,2026-09-14,BILLING,Incorrect bill amount,MEDIUM,RESOLVED
CP003591,C000005,2025-11-02,OTHER,Other issue,CRITICAL,RESOLVED
CP003592,C000941,2026-08-06,NETWORK,Internet not working,HIGH,OPEN
CP003593,C000053,2026-02-07,PLAN,Plan benefits not received,HIGH,IN_PROGRESS
CP003594,C000505,2025-12-31,OTHER,Service related issue,CRITICAL,RESOLVED
CP003595,C000730,2026-08-06,RECHARGE,Recharge issue,HIGH,OPEN
CP003596,C000517,2026-03-18,RECHARGE,Recharge failed,LOW,IN_PROGRESS
CP003597,C000105,2026-06-15,SIM,SIM replacement request,CRITICAL,CLOSED
CP003598,C000793,2026-02-22,SIM,SIM activation issue,LOW,CLOSED
CP003599,C000901,2026-04-03,NETWORK,Poor network coverage,HIGH,IN_PROGRESS
CP003600,C000473,2026-04-05,OTHER,Service related issue,HIGH,CLOSED
CP003601,C000076,2026-03-21,SIM,SIM activation issue,MEDIUM,IN_PROGRESS
CP003602,C000146,2026-03-24,OTHER,General complaint,HIGH,CLOSED
CP003603,C000880,2025-10-09,OTHER,General complaint,CRITICAL,RESOLVED
CP003604,C000410,2025-12-18,OTHER,Service related issue,MEDIUM,OPEN
CP003605,C000729,2026-05-30,OTHER,General complaint,MEDIUM,IN_PROGRESS
CP003606,C000407,2025-11-02,SIM,SIM activation issue,LOW,OPEN
CP003607,C000166,2026-01-20,RECHARGE,Recharge issue,CRITICAL,RESOLVED
CP003608,C000225,2026-05-30,PLAN,Plan related query,LOW,OPEN
CP003609,C000645,2025-12-27,PLAN,Plan benefits not received,MEDIUM,IN_PROGRESS
CP003610,C000458,2025-12-02,SIM,SIM replacement request,LOW,RESOLVED
CP003611,C000289,2025-10-14,NETWORK,Poor network coverage,CRITICAL,CLOSED
CP003612,C000137,2026-04-16,PLAN,Plan related query,MEDIUM,OPEN
CP003613,C000948,2026-01-17,RECHARGE,Recharge amount not reflected,LOW,IN_PROGRESS
CP003614,C000484,2026-01-12,SIM,SIM replacement request,MEDIUM,OPEN
CP003615,C000198,2026-01-08,RECHARGE,Recharge issue,LOW,RESOLVED
CP003616,C000760,2025-12-17,OTHER,Service related issue,LOW,CLOSED
CP003617,C000968,2026-01-13,SIM,SIM not working,MEDIUM,RESOLVED
CP003618,C000444,2025-10-16,BILLING,Billing issue,MEDIUM,CLOSED
CP003619,C000998,2026-07-24,NETWORK,Internet not working,CRITICAL,OPEN
CP003620,C000602,2025-09-23,NETWORK,Internet not working,CRITICAL,IN_PROGRESS
CP003621,C000232,2026-02-17,SIM,SIM activation issue,MEDIUM,IN_PROGRESS
CP003622,C000212,2026-01-26,RECHARGE,Recharge issue,CRITICAL,RESOLVED
CP003623,C000703,2025-12-04,NETWORK,Slow internet,CRITICAL,CLOSED
CP003624,C000866,2026-08-31,RECHARGE,Recharge failed,LOW,RESOLVED
CP003625,C000595,2026-08-12,BILLING,Incorrect bill amount,HIGH,RESOLVED
CP003626,C000506,2025-10-27,BILLING,Incorrect bill amount,MEDIUM,IN_PROGRESS
CP003627,C000231,2026-03-14,OTHER,General complaint,CRITICAL,RESOLVED
CP003628,C000623,2026-01-01,OTHER,Service related issue,MEDIUM,CLOSED
CP003629,C000814,2026-05-17,SIM,SIM replacement request,CRITICAL,IN_PROGRESS
CP003630,C000337,2025-12-24,BILLING,Incorrect bill amount,CRITICAL,OPEN
CP003631,C000738,2026-01-04,SIM,SIM activation issue,MEDIUM,IN_PROGRESS
CP003632,C000548,2026-03-17,BILLING,Unexpected charge,MEDIUM,OPEN
CP003633,C000319,2026-03-29,BILLING,Billing issue,CRITICAL,IN_PROGRESS
CP003634,C000428,2026-04-17,RECHARGE,Recharge failed,CRITICAL,CLOSED
CP003635,C000639,2025-12-29,RECHARGE,Recharge issue,CRITICAL,RESOLVED
CP003636,C000953,2026-05-14,BILLING,Incorrect bill amount,LOW,OPEN
CP003637,C000391,2026-01-27,RECHARGE,Recharge issue,LOW,OPEN
CP003638,C000977,2026-09-15,SIM,SIM replacement request,HIGH,CLOSED
CP003639,C000313,2026-09-12,OTHER,General complaint,CRITICAL,CLOSED
CP003640,C000558,2026-07-13,OTHER,General complaint,CRITICAL,RESOLVED
CP003641,C000290,2026-07-13,NETWORK,Slow internet,MEDIUM,RESOLVED
CP003642,C000932,2026-06-08,SIM,SIM activation issue,HIGH,RESOLVED
CP003643,C000732,2026-08-27,OTHER,Other issue,MEDIUM,OPEN
CP003644,C000402,2025-09-24,NETWORK,Slow internet,HIGH,RESOLVED
CP003645,C000798,2026-02-06,PLAN,Plan related query,MEDIUM,CLOSED
CP003646,C000908,2026-01-29,SIM,SIM not working,CRITICAL,CLOSED
CP003647,C000140,2025-10-09,NETWORK,Internet not working,HIGH,OPEN
CP003648,C000395,2026-03-31,RECHARGE,Recharge amount not reflected,MEDIUM,OPEN
CP003649,C000212,2025-11-06,PLAN,Plan benefits not received,CRITICAL,RESOLVED
CP003650,C000084,2025-09-25,NETWORK,Slow internet,CRITICAL,IN_PROGRESS
CP003651,C000588,2026-01-20,RECHARGE,Recharge amount not reflected,LOW,OPEN
CP003652,C000924,2026-07-13,BILLING,Incorrect bill amount,MEDIUM,IN_PROGRESS
CP003653,C000242,2026-06-13,OTHER,Service related issue,HIGH,IN_PROGRESS
CP003654,C000598,2025-11-22,PLAN,Plan related query,MEDIUM,IN_PROGRESS
CP003655,C000257,2026-09-10,NETWORK,Network issue,HIGH,RESOLVED
CP003656,C000911,2026-05-28,BILLING,Billing issue,LOW,IN_PROGRESS
CP003657,C000223,2026-06-05,BILLING,Incorrect bill amount,CRITICAL,IN_PROGRESS
CP003658,C000972,2026-07-18,NETWORK,Internet not working,MEDIUM,IN_PROGRESS
CP003659,C000219,2025-11-29,RECHARGE,Recharge amount not reflected,MEDIUM,OPEN
CP003660,C000063,2026-01-20,BILLING,Unexpected charge,HIGH,IN_PROGRESS
CP003661,C000933,2026-01-30,NETWORK,Internet not working,LOW,RESOLVED
CP003662,C000833,2026-09-21,BILLING,Unexpected charge,MEDIUM,IN_PROGRESS
CP003663,C000662,2026-03-02,NETWORK,Internet not working,LOW,OPEN
CP003664,C000348,2025-11-17,BILLING,Billing issue,CRITICAL,RESOLVED
CP003665,C000849,2026-08-14,BILLING,Billing issue,MEDIUM,OPEN
CP003666,C000036,2025-12-05,SIM,SIM replacement request,LOW,CLOSED
CP003667,C000008,2025-11-18,RECHARGE,Recharge failed,LOW,IN_PROGRESS
CP003668,C000661,2025-11-30,BILLING,Incorrect bill amount,LOW,CLOSED
CP003669,C000898,2026-01-25,RECHARGE,Recharge amount not reflected,LOW,OPEN
CP003670,C000308,2026-05-26,OTHER,Other issue,MEDIUM,OPEN
CP003671,C000106,2025-10-01,NETWORK,Internet not working,MEDIUM,CLOSED
CP003672,C000706,2026-02-28,SIM,SIM replacement request,CRITICAL,IN_PROGRESS
CP003673,C000290,2026-03-15,PLAN,Plan benefits not received,MEDIUM,CLOSED
CP003674,C000282,2026-06-14,RECHARGE,Recharge failed,MEDIUM,RESOLVED
CP003675,C000036,2026-08-14,RECHARGE,Recharge issue,MEDIUM,RESOLVED
CP003676,C000922,2026-02-11,BILLING,Billing issue,CRITICAL,CLOSED
CP003677,C000750,2026-08-01,SIM,SIM not working,CRITICAL,RESOLVED
CP003678,C000628,2026-08-16,PLAN,Plan activation issue,LOW,IN_PROGRESS
CP003679,C000234,2026-05-04,RECHARGE,Recharge failed,CRITICAL,OPEN
CP003680,C000242,2026-09-18,PLAN,Plan benefits not received,CRITICAL,OPEN
CP003681,C000081,2026-08-15,RECHARGE,Recharge issue,CRITICAL,IN_PROGRESS
CP003682,C000966,2026-07-01,PLAN,Plan benefits not received,HIGH,OPEN
CP003683,C000488,2026-04-09,SIM,SIM not working,CRITICAL,IN_PROGRESS
CP003684,C000094,2026-08-18,OTHER,General complaint,CRITICAL,OPEN
CP003685,C000964,2025-09-30,NETWORK,Network issue,MEDIUM,OPEN
CP003686,C000331,2026-03-25,PLAN,Plan activation issue,LOW,IN_PROGRESS
CP003687,C000179,2025-11-20,RECHARGE,Recharge amount not reflected,LOW,CLOSED
CP003688,C000176,2026-05-25,NETWORK,Slow internet,LOW,OPEN
CP003689,C000193,2026-07-11,NETWORK,Slow internet,MEDIUM,IN_PROGRESS
CP003690,C000825,2025-10-29,BILLING,Incorrect bill amount,HIGH,OPEN
CP003691,C000052,2025-10-25,NETWORK,Internet not working,MEDIUM,RESOLVED
CP003692,C000744,2025-11-27,NETWORK,Poor network coverage,MEDIUM,IN_PROGRESS
CP003693,C000666,2025-11-18,PLAN,Plan benefits not received,LOW,IN_PROGRESS
CP003694,C000341,2025-10-19,SIM,SIM replacement request,MEDIUM,IN_PROGRESS
CP003695,C000427,2026-08-23,RECHARGE,Recharge failed,HIGH,OPEN
CP003696,C000676,2026-05-12,SIM,SIM activation issue,HIGH,IN_PROGRESS
CP003697,C000174,2025-10-14,RECHARGE,Recharge issue,CRITICAL,CLOSED
CP003698,C000331,2026-07-21,SIM,SIM not working,LOW,RESOLVED
CP003699,C000036,2026-02-26,OTHER,Other issue,CRITICAL,RESOLVED
CP003700,C000609,2026-09-21,BILLING,Incorrect bill amount,MEDIUM,IN_PROGRESS
CP003701,C000427,2026-07-18,BILLING,Unexpected charge,LOW,OPEN
CP003702,C000599,2026-08-27,BILLING,Billing issue,LOW,RESOLVED
CP003703,C000525,2026-06-17,BILLING,Unexpected charge,CRITICAL,CLOSED
CP003704,C000737,2026-02-03,RECHARGE,Recharge amount not reflected,MEDIUM,OPEN
CP003705,C000782,2025-12-29,SIM,SIM not working,LOW,IN_PROGRESS
CP003706,C000802,2026-02-12,PLAN,Plan activation issue,CRITICAL,RESOLVED
CP003707,C000198,2026-05-25,BILLING,Billing issue,CRITICAL,OPEN
CP003708,C000246,2025-11-23,SIM,SIM not working,HIGH,IN_PROGRESS
CP003709,C000785,2026-03-11,RECHARGE,Recharge amount not reflected,MEDIUM,OPEN
CP003710,C000819,2026-07-29,OTHER,General complaint,MEDIUM,RESOLVED
CP003711,C000465,2026-04-22,OTHER,General complaint,MEDIUM,CLOSED
CP003712,C000355,2026-03-18,RECHARGE,Recharge issue,CRITICAL,OPEN
CP003713,C000569,2026-07-31,OTHER,Other issue,MEDIUM,OPEN
CP003714,C000759,2026-01-22,BILLING,Incorrect bill amount,CRITICAL,OPEN
CP003715,C000626,2025-10-08,OTHER,Service related issue,HIGH,RESOLVED
CP003716,C000564,2026-04-26,BILLING,Billing issue,MEDIUM,RESOLVED
CP003717,C000564,2026-02-04,BILLING,Unexpected charge,CRITICAL,RESOLVED
CP003718,C000118,2026-07-09,NETWORK,Slow internet,MEDIUM,OPEN
CP003719,C000065,2026-03-03,OTHER,Service related issue,CRITICAL,CLOSED
CP003720,C000165,2026-09-16,BILLING,Billing issue,CRITICAL,RESOLVED
CP003721,C000252,2026-08-02,NETWORK,Internet not working,MEDIUM,IN_PROGRESS
CP003722,C000939,2026-03-30,BILLING,Unexpected charge,MEDIUM,RESOLVED
CP003723,C000874,2025-10-28,BILLING,Unexpected charge,MEDIUM,RESOLVED
CP003724,C000247,2026-06-08,OTHER,Other issue,LOW,IN_PROGRESS
CP003725,C000895,2026-02-06,OTHER,Service related issue,CRITICAL,IN_PROGRESS
CP003726,C000276,2026-06-05,OTHER,Service related issue,HIGH,RESOLVED
CP003727,C000544,2026-08-30,NETWORK,Poor network coverage,HIGH,OPEN
CP003728,C000339,2026-02-08,NETWORK,Slow internet,LOW,OPEN
CP003729,C000936,2026-03-28,SIM,SIM replacement request,CRITICAL,IN_PROGRESS
CP003730,C000533,2026-05-27,RECHARGE,Recharge failed,LOW,OPEN
CP003731,C000928,2026-04-07,SIM,SIM not working,MEDIUM,OPEN
CP003732,C000940,2026-05-18,OTHER,Other issue,CRITICAL,IN_PROGRESS
CP003733,C000679,2026-07-19,OTHER,Other issue,HIGH,OPEN
CP003734,C000250,2026-07-22,BILLING,Incorrect bill amount,MEDIUM,OPEN
CP003735,C000330,2026-09-03,RECHARGE,Recharge amount not reflected,HIGH,CLOSED
CP003736,C000890,2026-02-22,BILLING,Incorrect bill amount,CRITICAL,CLOSED
CP003737,C000629,2026-04-26,OTHER,General complaint,MEDIUM,OPEN
CP003738,C000568,2026-08-08,NETWORK,Slow internet,CRITICAL,RESOLVED
CP003739,C000507,2025-09-26,RECHARGE,Recharge issue,CRITICAL,CLOSED
CP003740,C000811,2025-12-31,BILLING,Incorrect bill amount,MEDIUM,CLOSED
CP003741,C000402,2026-08-31,NETWORK,Network issue,MEDIUM,CLOSED
CP003742,C000087,2026-08-02,BILLING,Billing issue,LOW,RESOLVED
CP003743,C000648,2025-10-21,BILLING,Incorrect bill amount,CRITICAL,CLOSED
CP003744,C000358,2026-02-02,BILLING,Incorrect bill amount,CRITICAL,IN_PROGRESS
CP003745,C000113,2026-04-21,SIM,SIM replacement request,MEDIUM,OPEN
CP003746,C000035,2026-02-14,OTHER,General complaint,LOW,OPEN
CP003747,C000361,2026-05-06,NETWORK,Internet not working,LOW,OPEN
CP003748,C000078,2026-08-05,OTHER,Other issue,CRITICAL,CLOSED
CP003749,C000893,2025-10-09,NETWORK,Poor network coverage,CRITICAL,CLOSED
CP003750,C000791,2025-11-18,BILLING,Billing issue,CRITICAL,RESOLVED
CP003751,C000059,2025-10-06,PLAN,Plan benefits not received,LOW,OPEN
CP003752,C000825,2025-12-18,NETWORK,Slow internet,HIGH,IN_PROGRESS
CP003753,C000101,2025-11-04,PLAN,Plan related query,MEDIUM,RESOLVED
CP003754,C000907,2025-11-24,PLAN,Plan related query,MEDIUM,RESOLVED
CP003755,C000736,2026-02-12,BILLING,Incorrect bill amount,MEDIUM,IN_PROGRESS
CP003756,C000278,2026-07-31,SIM,SIM replacement request,MEDIUM,OPEN
CP003757,C000833,2026-05-04,RECHARGE,Recharge failed,CRITICAL,RESOLVED
CP003758,C000122,2026-01-28,PLAN,Plan benefits not received,LOW,IN_PROGRESS
CP003759,C000174,2026-07-10,RECHARGE,Recharge failed,HIGH,RESOLVED
CP003760,C000951,2026-01-13,OTHER,Other issue,HIGH,CLOSED
CP003761,C000976,2026-07-08,OTHER,General complaint,MEDIUM,OPEN
CP003762,C000405,2026-08-27,SIM,SIM not working,CRITICAL,RESOLVED
CP003763,C000660,2025-09-28,RECHARGE,Recharge failed,HIGH,RESOLVED
CP003764,C000842,2026-03-30,RECHARGE,Recharge failed,MEDIUM,RESOLVED
CP003765,C000830,2026-04-18,NETWORK,Internet not working,CRITICAL,RESOLVED
CP003766,C000709,2026-08-09,RECHARGE,Recharge amount not reflected,LOW,CLOSED
CP003767,C000160,2026-04-21,NETWORK,Poor network coverage,HIGH,CLOSED
CP003768,C000828,2026-05-22,RECHARGE,Recharge amount not reflected,LOW,IN_PROGRESS
CP003769,C000037,2026-04-01,OTHER,General complaint,CRITICAL,IN_PROGRESS
CP003770,C000531,2025-10-08,RECHARGE,Recharge issue,CRITICAL,IN_PROGRESS
CP003771,C000884,2026-06-05,OTHER,General complaint,MEDIUM,OPEN
CP003772,C000194,2026-01-06,PLAN,Plan related query,MEDIUM,OPEN
CP003773,C000242,2025-10-08,NETWORK,Network issue,CRITICAL,OPEN
CP003774,C000851,2026-08-17,SIM,SIM activation issue,LOW,RESOLVED
CP003775,C000787,2026-07-18,RECHARGE,Recharge issue,HIGH,CLOSED
CP003776,C000064,2026-07-29,SIM,SIM activation issue,MEDIUM,IN_PROGRESS
CP003777,C000094,2025-12-08,RECHARGE,Recharge amount not reflected,CRITICAL,IN_PROGRESS
CP003778,C000542,2026-08-01,OTHER,Other issue,MEDIUM,RESOLVED
CP003779,C000698,2025-12-06,NETWORK,Network issue,MEDIUM,RESOLVED
CP003780,C000006,2026-03-30,OTHER,Other issue,CRITICAL,IN_PROGRESS
CP003781,C000733,2025-12-04,RECHARGE,Recharge failed,HIGH,IN_PROGRESS
CP003782,C000794,2026-06-20,OTHER,Other issue,MEDIUM,IN_PROGRESS
CP003783,C000359,2025-11-01,SIM,SIM not working,MEDIUM,OPEN
CP003784,C000750,2026-05-17,OTHER,Service related issue,MEDIUM,CLOSED
CP003785,C000101,2026-09-19,NETWORK,Internet not working,CRITICAL,OPEN
CP003786,C000085,2026-01-11,BILLING,Incorrect bill amount,HIGH,RESOLVED
CP003787,C000235,2026-01-14,OTHER,General complaint,CRITICAL,IN_PROGRESS
CP003788,C000950,2026-03-28,PLAN,Plan benefits not received,CRITICAL,IN_PROGRESS
CP003789,C000482,2026-05-14,OTHER,General complaint,MEDIUM,OPEN
CP003790,C000402,2026-06-26,RECHARGE,Recharge issue,CRITICAL,CLOSED
CP003791,C000911,2025-12-26,SIM,SIM replacement request,CRITICAL,CLOSED
CP003792,C000748,2026-01-28,OTHER,General complaint,HIGH,RESOLVED
CP003793,C000235,2026-05-18,NETWORK,Poor network coverage,MEDIUM,IN_PROGRESS
CP003794,C000394,2025-10-31,OTHER,General complaint,CRITICAL,IN_PROGRESS
CP003795,C000738,2025-11-26,NETWORK,Slow internet,MEDIUM,RESOLVED
CP003796,C000596,2026-03-07,SIM,SIM replacement request,CRITICAL,OPEN
CP003797,C000184,2026-06-28,SIM,SIM activation issue,LOW,RESOLVED
CP003798,C000930,2026-06-15,PLAN,Plan activation issue,LOW,IN_PROGRESS
CP003799,C000343,2026-08-13,SIM,SIM not working,MEDIUM,CLOSED
CP003800,C000907,2025-12-19,BILLING,Incorrect bill amount,MEDIUM,OPEN
CP003801,C000210,2026-02-05,RECHARGE,Recharge failed,HIGH,CLOSED
CP003802,C000780,2025-10-11,OTHER,General complaint,CRITICAL,IN_PROGRESS
CP003803,C000477,2026-07-18,BILLING,Unexpected charge,CRITICAL,RESOLVED
CP003804,C000132,2025-11-12,BILLING,Incorrect bill amount,HIGH,OPEN
CP003805,C000659,2026-03-12,PLAN,Plan benefits not received,LOW,IN_PROGRESS
CP003806,C000979,2026-03-15,PLAN,Plan related query,CRITICAL,CLOSED
CP003807,C000328,2026-08-01,NETWORK,Network issue,MEDIUM,IN_PROGRESS
CP003808,C000146,2026-03-22,NETWORK,Internet not working,CRITICAL,IN_PROGRESS
CP003809,C000416,2025-11-01,RECHARGE,Recharge issue,LOW,IN_PROGRESS
CP003810,C000465,2026-06-03,RECHARGE,Recharge failed,CRITICAL,CLOSED
CP003811,C000859,2025-11-22,SIM,SIM activation issue,MEDIUM,RESOLVED
CP003812,C000530,2025-10-01,OTHER,Other issue,CRITICAL,IN_PROGRESS
CP003813,C000422,2025-11-19,RECHARGE,Recharge amount not reflected,HIGH,IN_PROGRESS
CP003814,C000852,2025-10-12,NETWORK,Internet not working,LOW,CLOSED
CP003815,C000910,2026-05-23,RECHARGE,Recharge failed,CRITICAL,OPEN
CP003816,C000170,2025-09-30,NETWORK,Poor network coverage,MEDIUM,OPEN
CP003817,C000425,2026-06-11,PLAN,Plan related query,MEDIUM,CLOSED
CP003818,C000490,2026-09-10,NETWORK,Internet not working,MEDIUM,IN_PROGRESS
CP003819,C000271,2025-12-16,RECHARGE,Recharge amount not reflected,LOW,OPEN
CP003820,C000258,2026-07-17,OTHER,Service related issue,HIGH,RESOLVED
CP003821,C000991,2026-07-09,OTHER,General complaint,LOW,OPEN
CP003822,C000468,2026-01-08,NETWORK,Slow internet,MEDIUM,OPEN
CP003823,C000226,2025-11-24,RECHARGE,Recharge amount not reflected,LOW,IN_PROGRESS
CP003824,C000389,2025-10-15,SIM,SIM not working,MEDIUM,OPEN
CP003825,C000390,2026-04-08,SIM,SIM not working,MEDIUM,CLOSED
CP003826,C000318,2026-07-18,SIM,SIM activation issue,MEDIUM,OPEN
CP003827,C000569,2026-01-05,OTHER,General complaint,MEDIUM,RESOLVED
CP003828,C000962,2026-01-23,NETWORK,Slow internet,MEDIUM,RESOLVED
CP003829,C000106,2026-02-21,BILLING,Unexpected charge,CRITICAL,RESOLVED
CP003830,C000110,2025-12-18,NETWORK,Slow internet,HIGH,IN_PROGRESS
CP003831,C000822,2026-02-25,PLAN,Plan related query,MEDIUM,IN_PROGRESS
CP003832,C000362,2026-06-30,SIM,SIM replacement request,LOW,OPEN
CP003833,C000635,2025-10-25,BILLING,Unexpected charge,CRITICAL,OPEN
CP003834,C000863,2025-11-07,SIM,SIM not working,CRITICAL,RESOLVED
CP003835,C000404,2026-02-06,NETWORK,Internet not working,MEDIUM,CLOSED
CP003836,C000927,2026-09-09,PLAN,Plan benefits not received,LOW,OPEN
CP003837,C000948,2026-02-12,BILLING,Billing issue,MEDIUM,IN_PROGRESS
CP003838,C000948,2026-06-24,PLAN,Plan activation issue,CRITICAL,OPEN
CP003839,C000481,2026-07-20,SIM,SIM replacement request,CRITICAL,RESOLVED
CP003840,C000052,2026-09-17,BILLING,Unexpected charge,CRITICAL,IN_PROGRESS
CP003841,C000349,2026-04-30,BILLING,Incorrect bill amount,MEDIUM,CLOSED
CP003842,C000890,2026-03-17,SIM,SIM activation issue,HIGH,CLOSED
CP003843,C000517,2026-06-20,SIM,SIM replacement request,MEDIUM,RESOLVED
CP003844,C000406,2025-12-03,OTHER,General complaint,LOW,CLOSED
CP003845,C000240,2026-01-08,BILLING,Unexpected charge,MEDIUM,RESOLVED
CP003846,C000137,2026-06-05,SIM,SIM activation issue,HIGH,RESOLVED
CP003847,C000718,2026-01-13,RECHARGE,Recharge issue,LOW,IN_PROGRESS
CP003848,C000839,2025-12-23,NETWORK,Slow internet,LOW,CLOSED
CP003849,C000188,2025-10-10,SIM,SIM not working,MEDIUM,IN_PROGRESS
CP003850,C000384,2026-04-19,NETWORK,Internet not working,LOW,IN_PROGRESS
CP003851,C000689,2026-05-01,BILLING,Unexpected charge,MEDIUM,CLOSED
CP003852,C000269,2025-09-25,OTHER,General complaint,MEDIUM,CLOSED
CP003853,C000604,2025-11-03,NETWORK,Network issue,LOW,CLOSED
CP003854,C000502,2026-07-06,NETWORK,Poor network coverage,LOW,OPEN
CP003855,C000186,2026-06-23,OTHER,General complaint,MEDIUM,OPEN
CP003856,C000353,2026-09-20,PLAN,Plan benefits not received,CRITICAL,IN_PROGRESS
CP003857,C000515,2026-09-11,SIM,SIM activation issue,HIGH,OPEN
CP003858,C000094,2025-12-08,BILLING,Billing issue,MEDIUM,CLOSED
CP003859,C000575,2026-06-13,PLAN,Plan activation issue,HIGH,RESOLVED
CP003860,C000186,2025-11-09,RECHARGE,Recharge amount not reflected,MEDIUM,IN_PROGRESS
CP003861,C000886,2026-02-16,OTHER,General complaint,CRITICAL,IN_PROGRESS
CP003862,C000112,2025-11-12,NETWORK,Slow internet,MEDIUM,IN_PROGRESS
CP003863,C000582,2025-11-21,OTHER,Service related issue,HIGH,OPEN
CP003864,C000335,2026-05-19,RECHARGE,Recharge issue,MEDIUM,RESOLVED
CP003865,C000402,2026-07-04,SIM,SIM not working,LOW,RESOLVED
CP003866,C000853,2026-01-22,OTHER,Other issue,MEDIUM,OPEN
CP003867,C000952,2026-07-27,NETWORK,Network issue,LOW,IN_PROGRESS
CP003868,C000322,2025-10-02,NETWORK,Internet not working,MEDIUM,CLOSED
CP003869,C000566,2026-07-30,BILLING,Unexpected charge,MEDIUM,CLOSED
CP003870,C000654,2026-08-18,OTHER,Service related issue,CRITICAL,IN_PROGRESS
CP003871,C000674,2026-03-23,OTHER,General complaint,HIGH,IN_PROGRESS
CP003872,C000499,2025-12-18,OTHER,Service related issue,CRITICAL,CLOSED
CP003873,C000982,2025-09-25,OTHER,Other issue,LOW,RESOLVED
CP003874,C000994,2026-04-01,BILLING,Unexpected charge,MEDIUM,OPEN
CP003875,C000777,2026-05-24,RECHARGE,Recharge issue,MEDIUM,CLOSED
CP003876,C000089,2025-10-24,PLAN,Plan related query,CRITICAL,RESOLVED
CP003877,C000179,2026-02-06,NETWORK,Slow internet,HIGH,CLOSED
CP003878,C000504,2026-06-21,BILLING,Incorrect bill amount,CRITICAL,OPEN
CP003879,C000635,2026-05-26,SIM,SIM replacement request,MEDIUM,OPEN
CP003880,C000763,2026-03-28,BILLING,Billing issue,MEDIUM,OPEN
CP003881,C000770,2026-05-29,BILLING,Incorrect bill amount,HIGH,OPEN
CP003882,C000479,2025-10-27,OTHER,General complaint,CRITICAL,CLOSED
CP003883,C000231,2026-05-21,OTHER,Service related issue,CRITICAL,OPEN
CP003884,C000753,2026-05-11,BILLING,Incorrect bill amount,HIGH,IN_PROGRESS
CP003885,C000617,2025-11-26,NETWORK,Network issue,CRITICAL,RESOLVED
CP003886,C000314,2026-08-23,OTHER,Service related issue,CRITICAL,CLOSED
CP003887,C000939,2025-11-22,RECHARGE,Recharge failed,CRITICAL,IN_PROGRESS
CP003888,C000021,2025-10-13,BILLING,Incorrect bill amount,HIGH,RESOLVED
CP003889,C000520,2026-06-21,NETWORK,Slow internet,HIGH,RESOLVED
CP003890,C000884,2025-12-09,PLAN,Plan related query,HIGH,RESOLVED
CP003891,C000776,2025-10-21,OTHER,Other issue,CRITICAL,OPEN
CP003892,C000301,2025-10-09,SIM,SIM not working,LOW,IN_PROGRESS
CP003893,C000794,2025-11-26,SIM,SIM activation issue,CRITICAL,RESOLVED
CP003894,C000308,2026-05-19,RECHARGE,Recharge failed,MEDIUM,OPEN
CP003895,C000978,2026-02-26,NETWORK,Poor network coverage,MEDIUM,OPEN
CP003896,C000974,2025-10-20,RECHARGE,Recharge amount not reflected,CRITICAL,RESOLVED
CP003897,C000539,2026-05-06,PLAN,Plan activation issue,MEDIUM,CLOSED
CP003898,C000388,2026-02-02,BILLING,Billing issue,MEDIUM,OPEN
CP003899,C000184,2026-07-04,SIM,SIM activation issue,MEDIUM,OPEN
CP003900,C000713,2025-10-09,RECHARGE,Recharge failed,CRITICAL,IN_PROGRESS
CP003901,C000257,2026-07-31,NETWORK,Slow internet,HIGH,IN_PROGRESS
CP003902,C000955,2026-09-17,NETWORK,Network issue,MEDIUM,RESOLVED
CP003903,C000551,2026-09-13,BILLING,Incorrect bill amount,MEDIUM,CLOSED
CP003904,C000089,2026-05-15,OTHER,Other issue,HIGH,CLOSED
CP003905,C000073,2025-10-12,SIM,SIM activation issue,CRITICAL,OPEN
CP003906,C000195,2026-03-11,BILLING,Billing issue,LOW,IN_PROGRESS
CP003907,C000007,2026-02-24,RECHARGE,Recharge amount not reflected,MEDIUM,RESOLVED
CP003908,C000350,2026-08-04,BILLING,Unexpected charge,CRITICAL,OPEN
CP003909,C000724,2026-02-11,RECHARGE,Recharge issue,LOW,OPEN
CP003910,C000691,2025-12-30,SIM,SIM activation issue,CRITICAL,IN_PROGRESS
CP003911,C000723,2026-02-05,NETWORK,Slow internet,HIGH,RESOLVED
CP003912,C000487,2026-05-29,BILLING,Incorrect bill amount,CRITICAL,RESOLVED
CP003913,C000897,2026-01-30,NETWORK,Slow internet,MEDIUM,IN_PROGRESS
CP003914,C000807,2026-06-10,NETWORK,Network issue,MEDIUM,OPEN
CP003915,C000257,2025-12-03,BILLING,Unexpected charge,CRITICAL,IN_PROGRESS
CP003916,C000577,2026-04-14,RECHARGE,Recharge amount not reflected,HIGH,OPEN
CP003917,C000237,2026-09-05,PLAN,Plan benefits not received,CRITICAL,RESOLVED
CP003918,C000530,2025-10-13,BILLING,Incorrect bill amount,LOW,IN_PROGRESS
CP003919,C000031,2026-05-10,OTHER,Service related issue,MEDIUM,CLOSED
CP003920,C000523,2026-04-24,PLAN,Plan related query,HIGH,OPEN
CP003921,C000462,2025-12-09,SIM,SIM activation issue,MEDIUM,CLOSED
CP003922,C000695,2026-03-08,RECHARGE,Recharge issue,MEDIUM,RESOLVED
CP003923,C000727,2026-01-02,RECHARGE,Recharge amount not reflected,MEDIUM,RESOLVED
CP003924,C000739,2026-04-18,OTHER,Other issue,CRITICAL,CLOSED
CP003925,C000928,2026-03-16,OTHER,General complaint,MEDIUM,OPEN
CP003926,C000623,2026-03-26,BILLING,Unexpected charge,HIGH,CLOSED
CP003927,C000043,2025-12-28,PLAN,Plan activation issue,LOW,OPEN
CP003928,C000341,2025-11-01,BILLING,Billing issue,HIGH,CLOSED
CP003929,C000992,2025-10-15,PLAN,Plan activation issue,MEDIUM,CLOSED
CP003930,C000941,2026-05-13,NETWORK,Slow internet,MEDIUM,CLOSED
CP003931,C000533,2026-05-05,RECHARGE,Recharge issue,HIGH,IN_PROGRESS
CP003932,C000124,2026-03-02,PLAN,Plan benefits not received,CRITICAL,CLOSED
CP003933,C000967,2026-02-22,NETWORK,Internet not working,CRITICAL,RESOLVED
CP003934,C000875,2025-12-25,RECHARGE,Recharge failed,MEDIUM,RESOLVED
CP003935,C000516,2026-07-05,SIM,SIM not working,MEDIUM,RESOLVED
CP003936,C000062,2026-05-12,PLAN,Plan related query,MEDIUM,OPEN
CP003937,C000987,2026-03-06,OTHER,Other issue,CRITICAL,OPEN
CP003938,C000408,2026-08-28,OTHER,Service related issue,LOW,CLOSED
CP003939,C000481,2026-04-16,NETWORK,Internet not working,CRITICAL,RESOLVED
CP003940,C000545,2026-05-22,NETWORK,Slow internet,MEDIUM,IN_PROGRESS
CP003941,C000390,2026-06-22,OTHER,General complaint,HIGH,IN_PROGRESS
CP003942,C000759,2026-01-04,SIM,SIM replacement request,LOW,RESOLVED
CP003943,C000356,2026-06-23,RECHARGE,Recharge amount not reflected,HIGH,CLOSED
CP003944,C000683,2025-10-30,RECHARGE,Recharge amount not reflected,MEDIUM,IN_PROGRESS
CP003945,C000869,2026-01-11,SIM,SIM replacement request,LOW,IN_PROGRESS
CP003946,C000351,2025-12-11,OTHER,Other issue,HIGH,CLOSED
CP003947,C000056,2026-04-16,SIM,SIM not working,HIGH,OPEN
CP003948,C000671,2026-07-21,PLAN,Plan activation issue,LOW,CLOSED
CP003949,C000818,2026-07-08,OTHER,General complaint,MEDIUM,IN_PROGRESS
CP003950,C000812,2026-05-14,PLAN,Plan activation issue,HIGH,OPEN
CP003951,C000479,2026-01-19,BILLING,Incorrect bill amount,LOW,OPEN
CP003952,C000474,2026-03-02,RECHARGE,Recharge issue,MEDIUM,CLOSED
CP003953,C000641,2026-03-30,PLAN,Plan activation issue,HIGH,IN_PROGRESS
CP003954,C000407,2025-11-07,PLAN,Plan activation issue,LOW,CLOSED
CP003955,C000276,2025-12-18,NETWORK,Network issue,MEDIUM,IN_PROGRESS
CP003956,C000016,2026-03-07,RECHARGE,Recharge failed,HIGH,RESOLVED
CP003957,C000679,2026-05-15,RECHARGE,Recharge failed,HIGH,IN_PROGRESS
CP003958,C000212,2026-05-31,SIM,SIM replacement request,LOW,CLOSED
CP003959,C000402,2026-02-07,PLAN,Plan related query,LOW,RESOLVED
CP003960,C000043,2026-04-09,RECHARGE,Recharge failed,LOW,CLOSED
CP003961,C000241,2025-11-26,OTHER,Service related issue,HIGH,IN_PROGRESS
CP003962,C000371,2026-08-29,OTHER,Service related issue,MEDIUM,RESOLVED
CP003963,C000691,2025-10-06,RECHARGE,Recharge issue,MEDIUM,IN_PROGRESS
CP003964,C000510,2026-08-03,NETWORK,Network issue,CRITICAL,OPEN
CP003965,C000530,2026-02-11,SIM,SIM not working,MEDIUM,RESOLVED
CP003966,C000289,2025-11-03,PLAN,Plan activation issue,HIGH,OPEN
CP003967,C000234,2025-11-03,PLAN,Plan benefits not received,CRITICAL,RESOLVED
CP003968,C000870,2026-08-20,RECHARGE,Recharge failed,LOW,IN_PROGRESS
CP003969,C000125,2025-10-02,OTHER,General complaint,MEDIUM,OPEN
CP003970,C000308,2025-10-25,OTHER,Other issue,MEDIUM,IN_PROGRESS
CP003971,C000746,2025-11-14,SIM,SIM replacement request,MEDIUM,OPEN
CP003972,C000027,2026-01-15,RECHARGE,Recharge failed,MEDIUM,RESOLVED
CP003973,C000885,2026-08-09,RECHARGE,Recharge failed,LOW,IN_PROGRESS
CP003974,C000664,2026-06-29,BILLING,Billing issue,LOW,OPEN
CP003975,C000918,2025-11-17,SIM,SIM activation issue,MEDIUM,RESOLVED
CP003976,C000732,2025-09-29,OTHER,General complaint,HIGH,RESOLVED
CP003977,C000304,2026-07-31,NETWORK,Slow internet,MEDIUM,RESOLVED
CP003978,C000647,2026-05-08,NETWORK,Slow internet,CRITICAL,OPEN
CP003979,C000413,2025-12-05,BILLING,Billing issue,HIGH,RESOLVED
CP003980,C000444,2026-08-07,RECHARGE,Recharge amount not reflected,MEDIUM,OPEN
CP003981,C000653,2026-08-12,BILLING,Incorrect bill amount,MEDIUM,CLOSED
CP003982,C000947,2026-08-10,OTHER,Other issue,HIGH,RESOLVED
CP003983,C000917,2026-06-12,NETWORK,Poor network coverage,MEDIUM,OPEN
CP003984,C000757,2026-06-11,OTHER,Other issue,CRITICAL,IN_PROGRESS
CP003985,C000067,2026-05-05,PLAN,Plan activation issue,MEDIUM,IN_PROGRESS
CP003986,C000708,2026-05-16,NETWORK,Slow internet,LOW,IN_PROGRESS
CP003987,C000829,2026-08-02,NETWORK,Internet not working,LOW,OPEN
CP003988,C000471,2026-01-20,BILLING,Incorrect bill amount,HIGH,IN_PROGRESS
CP003989,C000583,2026-06-25,OTHER,General complaint,LOW,CLOSED
CP003990,C000883,2026-09-15,SIM,SIM activation issue,MEDIUM,RESOLVED
CP003991,C000468,2025-11-25,BILLING,Unexpected charge,MEDIUM,OPEN
CP003992,C000329,2026-07-08,RECHARGE,Recharge issue,HIGH,OPEN
CP003993,C000437,2025-12-12,RECHARGE,Recharge failed,CRITICAL,CLOSED
CP003994,C000252,2025-11-25,BILLING,Incorrect bill amount,MEDIUM,CLOSED
CP003995,C000935,2026-08-21,RECHARGE,Recharge failed,HIGH,RESOLVED
CP003996,C000508,2025-11-26,BILLING,Incorrect bill amount,MEDIUM,OPEN
CP003997,C000431,2026-09-12,RECHARGE,Recharge failed,MEDIUM,OPEN
CP003998,C000807,2025-11-23,OTHER,Other issue,LOW,OPEN
CP003999,C000144,2026-05-31,RECHARGE,Recharge issue,LOW,OPEN
CP004000,C000969,2026-08-08,RECHARGE,Recharge issue,HIGH,CLOSED
CP004001,C000265,2025-12-16,NETWORK,Slow internet,MEDIUM,IN_PROGRESS
CP004002,C000898,2025-12-28,RECHARGE,Recharge issue,HIGH,CLOSED
CP004003,C000028,2025-11-14,OTHER,Other issue,HIGH,CLOSED
CP004004,C000355,2025-10-29,NETWORK,Slow internet,LOW,RESOLVED
CP004005,C000216,2026-09-21,BILLING,Billing issue,LOW,CLOSED
CP004006,C000322,2026-02-25,PLAN,Plan benefits not received,MEDIUM,OPEN
CP004007,C000036,2026-04-14,PLAN,Plan activation issue,MEDIUM,OPEN
CP004008,C000492,2025-11-10,NETWORK,Poor network coverage,MEDIUM,OPEN
CP004009,C000749,2026-02-03,RECHARGE,Recharge amount not reflected,CRITICAL,OPEN
CP004010,C000246,2026-02-21,NETWORK,Poor network coverage,HIGH,CLOSED
CP004011,C000342,2026-02-11,SIM,SIM replacement request,MEDIUM,RESOLVED
CP004012,C000890,2026-06-30,OTHER,Other issue,HIGH,RESOLVED
CP004013,C000664,2025-12-06,RECHARGE,Recharge amount not reflected,LOW,CLOSED
CP004014,C000566,2026-06-11,BILLING,Billing issue,LOW,OPEN
CP004015,C000592,2026-07-21,OTHER,Other issue,MEDIUM,OPEN
CP004016,C000099,2026-07-20,PLAN,Plan activation issue,HIGH,OPEN
CP004017,C000160,2026-08-28,PLAN,Plan activation issue,MEDIUM,CLOSED
CP004018,C000750,2025-12-15,SIM,SIM activation issue,CRITICAL,CLOSED
CP004019,C000304,2025-12-04,OTHER,General complaint,HIGH,RESOLVED
CP004020,C000619,2026-04-20,BILLING,Billing issue,MEDIUM,OPEN
CP004021,C000532,2026-02-19,PLAN,Plan activation issue,HIGH,OPEN
CP004022,C000708,2026-07-14,OTHER,Other issue,LOW,OPEN
CP004023,C000177,2026-03-23,BILLING,Incorrect bill amount,HIGH,CLOSED
CP004024,C000363,2025-12-22,SIM,SIM replacement request,MEDIUM,OPEN
CP004025,C000594,2026-05-23,RECHARGE,Recharge amount not reflected,HIGH,CLOSED
CP004026,C000870,2026-03-14,RECHARGE,Recharge issue,LOW,OPEN
CP004027,C000586,2026-01-08,RECHARGE,Recharge failed,MEDIUM,CLOSED
CP004028,C000863,2026-06-12,BILLING,Billing issue,MEDIUM,CLOSED
CP004029,C000564,2025-11-08,OTHER,Other issue,HIGH,RESOLVED
CP004030,C000102,2026-06-22,OTHER,Service related issue,LOW,CLOSED
CP004031,C000884,2026-07-16,OTHER,Service related issue,LOW,CLOSED
CP004032,C000188,2026-06-18,BILLING,Incorrect bill amount,CRITICAL,CLOSED
CP004033,C000445,2026-06-15,PLAN,Plan related query,MEDIUM,IN_PROGRESS
CP004034,C000878,2026-04-28,SIM,SIM replacement request,CRITICAL,OPEN
CP004035,C000680,2026-02-02,RECHARGE,Recharge amount not reflected,MEDIUM,OPEN
CP004036,C000236,2026-08-24,RECHARGE,Recharge failed,HIGH,OPEN
CP004037,C000389,2026-07-07,RECHARGE,Recharge amount not reflected,MEDIUM,OPEN
CP004038,C000690,2025-12-23,SIM,SIM not working,MEDIUM,CLOSED
CP004039,C000715,2025-12-16,SIM,SIM not working,CRITICAL,RESOLVED
CP004040,C000253,2026-09-21,OTHER,Service related issue,HIGH,RESOLVED
CP004041,C000391,2025-11-24,PLAN,Plan benefits not received,CRITICAL,IN_PROGRESS
CP004042,C000659,2026-05-12,NETWORK,Network issue,CRITICAL,IN_PROGRESS
CP004043,C000313,2026-07-28,SIM,SIM not working,MEDIUM,IN_PROGRESS
CP004044,C000671,2026-03-20,NETWORK,Poor network coverage,MEDIUM,CLOSED
CP004045,C000688,2026-08-15,NETWORK,Network issue,LOW,RESOLVED
CP004046,C000767,2026-09-19,RECHARGE,Recharge failed,MEDIUM,OPEN
CP004047,C000923,2026-06-14,BILLING,Billing issue,MEDIUM,RESOLVED
CP004048,C000232,2026-07-17,NETWORK,Slow internet,LOW,OPEN
CP004049,C000697,2026-09-05,NETWORK,Poor network coverage,MEDIUM,IN_PROGRESS
CP004050,C000893,2026-01-18,PLAN,Plan activation issue,LOW,OPEN
CP004051,C000861,2026-06-20,BILLING,Billing issue,MEDIUM,CLOSED
CP004052,C000255,2026-06-09,SIM,SIM activation issue,HIGH,CLOSED
CP004053,C000468,2026-03-30,NETWORK,Slow internet,LOW,RESOLVED
CP004054,C000207,2026-06-04,SIM,SIM not working,MEDIUM,CLOSED
CP004055,C000115,2025-11-14,OTHER,Other issue,LOW,OPEN
CP004056,C000843,2025-10-16,PLAN,Plan benefits not received,MEDIUM,OPEN
CP004057,C000165,2026-02-15,PLAN,Plan activation issue,HIGH,OPEN
CP004058,C000727,2026-04-15,BILLING,Billing issue,LOW,IN_PROGRESS
CP004059,C000869,2026-09-15,NETWORK,Network issue,CRITICAL,OPEN
CP004060,C000372,2025-10-23,SIM,SIM not working,MEDIUM,IN_PROGRESS
CP004061,C000265,2026-08-13,SIM,SIM replacement request,MEDIUM,OPEN
CP004062,C000054,2025-11-19,OTHER,Service related issue,LOW,CLOSED
CP004063,C000465,2025-12-30,BILLING,Billing issue,LOW,RESOLVED
CP004064,C000681,2025-12-04,PLAN,Plan related query,LOW,RESOLVED
CP004065,C000082,2026-04-10,NETWORK,Poor network coverage,CRITICAL,CLOSED
CP004066,C000481,2026-02-21,PLAN,Plan activation issue,CRITICAL,IN_PROGRESS
CP004067,C000668,2025-10-06,BILLING,Billing issue,CRITICAL,CLOSED
CP004068,C000228,2026-09-20,NETWORK,Slow internet,MEDIUM,RESOLVED
CP004069,C000186,2026-01-07,NETWORK,Slow internet,LOW,IN_PROGRESS
CP004070,C000045,2025-10-11,PLAN,Plan benefits not received,CRITICAL,RESOLVED
CP004071,C000616,2026-04-02,OTHER,Service related issue,HIGH,OPEN
CP004072,C000592,2025-10-10,BILLING,Billing issue,MEDIUM,RESOLVED
CP004073,C000793,2025-12-11,NETWORK,Network issue,CRITICAL,OPEN
CP004074,C000224,2026-02-08,PLAN,Plan benefits not received,LOW,IN_PROGRESS
CP004075,C000727,2025-11-26,OTHER,Service related issue,MEDIUM,OPEN
CP004076,C000878,2026-03-07,BILLING,Unexpected charge,CRITICAL,CLOSED
CP004077,C000700,2025-11-07,SIM,SIM not working,MEDIUM,OPEN
CP004078,C000304,2026-06-20,SIM,SIM not working,MEDIUM,CLOSED
CP004079,C000969,2026-02-09,NETWORK,Network issue,MEDIUM,RESOLVED
CP004080,C000945,2026-01-17,NETWORK,Network issue,CRITICAL,OPEN
CP004081,C000057,2026-07-25,PLAN,Plan related query,CRITICAL,RESOLVED
CP004082,C000026,2025-12-31,NETWORK,Internet not working,HIGH,RESOLVED
CP004083,C000155,2026-05-07,NETWORK,Poor network coverage,CRITICAL,CLOSED
CP004084,C000495,2025-10-09,OTHER,Other issue,MEDIUM,CLOSED
CP004085,C000491,2025-12-15,PLAN,Plan activation issue,LOW,OPEN
CP004086,C000781,2026-06-11,SIM,SIM activation issue,MEDIUM,OPEN
CP004087,C000019,2026-09-08,PLAN,Plan activation issue,MEDIUM,OPEN
CP004088,C000849,2026-09-12,RECHARGE,Recharge amount not reflected,LOW,OPEN
CP004089,C000040,2026-04-24,RECHARGE,Recharge amount not reflected,CRITICAL,RESOLVED
CP004090,C000131,2026-05-09,SIM,SIM replacement request,HIGH,OPEN
CP004091,C000211,2026-04-04,PLAN,Plan benefits not received,MEDIUM,RESOLVED
CP004092,C000928,2026-02-05,OTHER,General complaint,MEDIUM,CLOSED
CP004093,C000607,2025-09-28,PLAN,Plan activation issue,HIGH,CLOSED
CP004094,C000693,2026-06-16,OTHER,General complaint,CRITICAL,IN_PROGRESS
CP004095,C000480,2025-09-24,NETWORK,Slow internet,LOW,IN_PROGRESS
CP004096,C000490,2026-01-19,SIM,SIM activation issue,HIGH,CLOSED
CP004097,C000816,2026-08-15,SIM,SIM replacement request,MEDIUM,CLOSED
CP004098,C000502,2026-01-06,PLAN,Plan benefits not received,HIGH,CLOSED
CP004099,C000535,2026-07-12,PLAN,Plan benefits not received,CRITICAL,RESOLVED
CP004100,C000706,2025-12-12,RECHARGE,Recharge issue,CRITICAL,RESOLVED
CP004101,C000986,2026-03-04,RECHARGE,Recharge failed,HIGH,IN_PROGRESS
CP004102,C000819,2025-11-16,PLAN,Plan benefits not received,MEDIUM,OPEN
CP004103,C000492,2025-11-18,RECHARGE,Recharge failed,HIGH,CLOSED
CP004104,C000170,2026-04-07,BILLING,Unexpected charge,MEDIUM,OPEN
CP004105,C000764,2026-08-23,PLAN,Plan benefits not received,LOW,OPEN
CP004106,C000549,2026-07-05,BILLING,Unexpected charge,MEDIUM,CLOSED
CP004107,C000192,2025-11-02,RECHARGE,Recharge failed,MEDIUM,CLOSED
CP004108,C000640,2026-07-20,SIM,SIM not working,HIGH,OPEN
CP004109,C000480,2026-05-05,RECHARGE,Recharge amount not reflected,CRITICAL,CLOSED
CP004110,C000860,2025-12-08,NETWORK,Slow internet,LOW,RESOLVED
CP004111,C000183,2025-11-06,BILLING,Unexpected charge,HIGH,IN_PROGRESS
CP004112,C000355,2026-08-01,NETWORK,Poor network coverage,LOW,RESOLVED
CP004113,C000089,2025-12-13,PLAN,Plan activation issue,MEDIUM,OPEN
CP004114,C000597,2026-06-14,SIM,SIM not working,HIGH,RESOLVED
CP004115,C000569,2025-12-11,PLAN,Plan related query,LOW,OPEN
CP004116,C000285,2025-10-07,SIM,SIM replacement request,MEDIUM,CLOSED
CP004117,C000568,2025-11-27,PLAN,Plan related query,MEDIUM,RESOLVED
CP004118,C000890,2026-01-31,NETWORK,Internet not working,MEDIUM,OPEN
CP004119,C000065,2026-09-17,NETWORK,Poor network coverage,CRITICAL,RESOLVED
CP004120,C000368,2026-06-15,OTHER,Service related issue,CRITICAL,IN_PROGRESS
CP004121,C000342,2026-01-08,RECHARGE,Recharge failed,MEDIUM,RESOLVED
CP004122,C000496,2026-01-17,SIM,SIM not working,HIGH,CLOSED
CP004123,C000410,2026-05-05,PLAN,Plan benefits not received,HIGH,IN_PROGRESS
CP004124,C000743,2026-04-21,RECHARGE,Recharge amount not reflected,HIGH,OPEN
CP004125,C000570,2026-06-18,BILLING,Incorrect bill amount,LOW,IN_PROGRESS
CP004126,C000905,2026-03-03,RECHARGE,Recharge amount not reflected,HIGH,RESOLVED
CP004127,C000797,2026-06-04,BILLING,Incorrect bill amount,MEDIUM,OPEN
CP004128,C000690,2026-06-11,OTHER,Other issue,HIGH,RESOLVED
CP004129,C000422,2026-09-18,SIM,SIM activation issue,MEDIUM,RESOLVED
CP004130,C000597,2026-01-20,NETWORK,Network issue,CRITICAL,OPEN
CP004131,C000045,2026-04-16,PLAN,Plan benefits not received,HIGH,CLOSED
CP004132,C000073,2025-09-24,RECHARGE,Recharge issue,CRITICAL,IN_PROGRESS
CP004133,C000352,2026-04-04,BILLING,Billing issue,LOW,OPEN
CP004134,C000136,2026-01-28,BILLING,Incorrect bill amount,HIGH,CLOSED
CP004135,C000937,2026-09-14,NETWORK,Network issue,MEDIUM,OPEN
CP004136,C000566,2026-02-23,NETWORK,Slow internet,LOW,IN_PROGRESS
CP004137,C000799,2025-10-03,BILLING,Unexpected charge,HIGH,OPEN
CP004138,C000921,2026-08-15,OTHER,Other issue,CRITICAL,RESOLVED
CP004139,C000056,2026-02-16,PLAN,Plan related query,HIGH,OPEN
CP004140,C000798,2026-06-24,OTHER,Other issue,MEDIUM,RESOLVED
CP004141,C000834,2026-02-26,OTHER,Other issue,MEDIUM,IN_PROGRESS
CP004142,C000122,2026-02-11,RECHARGE,Recharge amount not reflected,MEDIUM,IN_PROGRESS
CP004143,C000482,2026-06-05,PLAN,Plan related query,MEDIUM,RESOLVED
CP004144,C000251,2026-06-07,BILLING,Incorrect bill amount,CRITICAL,CLOSED
CP004145,C000463,2026-04-20,OTHER,Service related issue,HIGH,RESOLVED
CP004146,C000896,2026-03-01,NETWORK,Network issue,CRITICAL,CLOSED
CP004147,C000974,2026-07-22,SIM,SIM activation issue,LOW,OPEN
CP004148,C000109,2026-03-17,RECHARGE,Recharge failed,MEDIUM,IN_PROGRESS
CP004149,C000853,2026-06-27,BILLING,Unexpected charge,HIGH,CLOSED
CP004150,C000197,2026-06-20,SIM,SIM activation issue,LOW,RESOLVED
CP004151,C000985,2026-03-27,NETWORK,Internet not working,HIGH,CLOSED
CP004152,C000787,2026-08-02,OTHER,General complaint,MEDIUM,CLOSED
CP004153,C000854,2025-12-13,OTHER,Service related issue,CRITICAL,CLOSED
CP004154,C000942,2026-01-06,RECHARGE,Recharge failed,LOW,RESOLVED
CP004155,C000397,2026-07-09,RECHARGE,Recharge failed,LOW,IN_PROGRESS
CP004156,C000958,2025-09-28,BILLING,Unexpected charge,LOW,OPEN
CP004157,C000230,2026-02-13,NETWORK,Network issue,MEDIUM,CLOSED
CP004158,C000022,2026-01-24,NETWORK,Network issue,HIGH,CLOSED
CP004159,C000674,2026-04-15,RECHARGE,Recharge amount not reflected,LOW,IN_PROGRESS
CP004160,C000677,2026-06-19,OTHER,Other issue,MEDIUM,CLOSED
CP004161,C000792,2026-01-02,OTHER,Service related issue,CRITICAL,OPEN
CP004162,C000006,2026-09-06,SIM,SIM not working,MEDIUM,CLOSED
CP004163,C000290,2025-12-03,BILLING,Incorrect bill amount,MEDIUM,RESOLVED
CP004164,C000532,2026-05-24,NETWORK,Network issue,CRITICAL,CLOSED
CP004165,C000331,2025-12-23,OTHER,Service related issue,CRITICAL,RESOLVED
CP004166,C000710,2026-04-24,BILLING,Unexpected charge,CRITICAL,CLOSED
CP004167,C000904,2025-12-23,RECHARGE,Recharge failed,MEDIUM,OPEN
CP004168,C000299,2026-01-18,RECHARGE,Recharge amount not reflected,MEDIUM,RESOLVED
CP004169,C000753,2026-03-01,PLAN,Plan related query,MEDIUM,RESOLVED
CP004170,C000605,2025-11-02,RECHARGE,Recharge issue,CRITICAL,CLOSED
CP004171,C000559,2026-05-07,SIM,SIM replacement request,MEDIUM,OPEN
CP004172,C000311,2026-03-21,OTHER,General complaint,HIGH,RESOLVED
CP004173,C000870,2025-09-27,BILLING,Billing issue,HIGH,CLOSED
CP004174,C000768,2026-08-18,OTHER,General complaint,MEDIUM,OPEN
CP004175,C000321,2025-10-30,SIM,SIM replacement request,HIGH,CLOSED
CP004176,C000154,2026-09-11,PLAN,Plan benefits not received,HIGH,IN_PROGRESS
CP004177,C000536,2025-10-18,RECHARGE,Recharge failed,HIGH,IN_PROGRESS
CP004178,C000326,2026-06-07,PLAN,Plan benefits not received,MEDIUM,OPEN
CP004179,C000305,2025-12-14,RECHARGE,Recharge issue,LOW,RESOLVED
CP004180,C000545,2025-11-28,OTHER,Service related issue,CRITICAL,CLOSED
CP004181,C000834,2026-07-15,OTHER,Service related issue,LOW,IN_PROGRESS
CP004182,C000337,2026-02-28,SIM,SIM not working,LOW,RESOLVED
CP004183,C000437,2026-03-27,OTHER,Service related issue,LOW,RESOLVED
CP004184,C000412,2025-10-24,PLAN,Plan activation issue,MEDIUM,RESOLVED
CP004185,C000973,2025-10-09,OTHER,Other issue,HIGH,CLOSED
CP004186,C000212,2026-03-10,PLAN,Plan related query,LOW,OPEN
CP004187,C000294,2025-11-26,BILLING,Unexpected charge,HIGH,IN_PROGRESS
CP004188,C000344,2026-05-14,NETWORK,Network issue,LOW,IN_PROGRESS
CP004189,C000206,2026-04-07,RECHARGE,Recharge issue,CRITICAL,OPEN
CP004190,C000385,2025-11-24,OTHER,General complaint,LOW,CLOSED
CP004191,C000028,2026-08-11,PLAN,Plan related query,LOW,IN_PROGRESS
CP004192,C000921,2026-03-06,PLAN,Plan benefits not received,MEDIUM,RESOLVED
CP004193,C000906,2025-09-29,PLAN,Plan related query,MEDIUM,OPEN
CP004194,C000989,2025-09-24,NETWORK,Poor network coverage,MEDIUM,OPEN
CP004195,C000621,2025-10-18,SIM,SIM activation issue,LOW,RESOLVED
CP004196,C000739,2026-01-09,NETWORK,Internet not working,MEDIUM,IN_PROGRESS
CP004197,C000972,2026-07-08,NETWORK,Slow internet,MEDIUM,IN_PROGRESS
CP004198,C000676,2025-11-19,BILLING,Unexpected charge,MEDIUM,CLOSED
CP004199,C000463,2025-12-24,SIM,SIM not working,LOW,OPEN
CP004200,C000153,2026-04-17,NETWORK,Internet not working,CRITICAL,CLOSED
CP004201,C000596,2026-09-07,NETWORK,Internet not working,MEDIUM,OPEN
CP004202,C000924,2026-01-08,PLAN,Plan benefits not received,LOW,IN_PROGRESS
CP004203,C000490,2026-08-29,SIM,SIM activation issue,MEDIUM,CLOSED
CP004204,C000104,2026-09-10,OTHER,Other issue,MEDIUM,OPEN
CP004205,C000635,2026-08-15,SIM,SIM replacement request,MEDIUM,OPEN
CP004206,C000115,2026-05-12,PLAN,Plan benefits not received,LOW,IN_PROGRESS
CP004207,C000885,2026-09-11,SIM,SIM activation issue,LOW,IN_PROGRESS
CP004208,C000670,2025-10-31,OTHER,Other issue,HIGH,RESOLVED
CP004209,C000866,2026-07-29,PLAN,Plan activation issue,MEDIUM,RESOLVED
CP004210,C000537,2025-12-18,OTHER,General complaint,MEDIUM,IN_PROGRESS
CP004211,C000257,2026-02-20,OTHER,Service related issue,MEDIUM,RESOLVED
CP004212,C000548,2025-09-27,OTHER,Other issue,LOW,CLOSED
CP004213,C000078,2026-09-12,SIM,SIM activation issue,HIGH,RESOLVED
CP004214,C000609,2025-12-15,PLAN,Plan activation issue,HIGH,RESOLVED
CP004215,C000812,2026-04-02,NETWORK,Internet not working,CRITICAL,OPEN
CP004216,C000437,2026-02-02,SIM,SIM activation issue,CRITICAL,OPEN
CP004217,C000027,2025-11-13,OTHER,Other issue,HIGH,OPEN
CP004218,C000810,2026-09-20,SIM,SIM replacement request,CRITICAL,RESOLVED
CP004219,C000009,2026-07-24,RECHARGE,Recharge failed,HIGH,OPEN
CP004220,C000237,2025-09-26,BILLING,Unexpected charge,MEDIUM,CLOSED
CP004221,C000442,2026-05-13,PLAN,Plan benefits not received,MEDIUM,RESOLVED
CP004222,C000306,2026-02-07,SIM,SIM not working,MEDIUM,IN_PROGRESS
CP004223,C000679,2025-10-07,PLAN,Plan activation issue,LOW,RESOLVED
CP004224,C000999,2026-04-27,NETWORK,Internet not working,HIGH,IN_PROGRESS
CP004225,C000201,2025-11-29,RECHARGE,Recharge amount not reflected,LOW,CLOSED
CP004226,C000883,2025-11-29,PLAN,Plan benefits not received,HIGH,IN_PROGRESS
CP004227,C000295,2025-12-16,RECHARGE,Recharge failed,HIGH,RESOLVED
CP004228,C000606,2026-06-05,OTHER,General complaint,HIGH,OPEN
CP004229,C000676,2026-08-15,NETWORK,Network issue,MEDIUM,RESOLVED
CP004230,C000860,2026-03-13,SIM,SIM activation issue,MEDIUM,IN_PROGRESS
CP004231,C000875,2026-03-29,NETWORK,Network issue,MEDIUM,OPEN
CP004232,C000541,2026-04-12,RECHARGE,Recharge failed,LOW,IN_PROGRESS
CP004233,C000009,2026-07-23,BILLING,Billing issue,CRITICAL,OPEN
CP004234,C000094,2026-08-21,SIM,SIM not working,CRITICAL,OPEN
CP004235,C000631,2026-03-21,BILLING,Incorrect bill amount,CRITICAL,IN_PROGRESS
CP004236,C000359,2025-11-22,NETWORK,Internet not working,HIGH,CLOSED
CP004237,C000074,2025-10-28,PLAN,Plan benefits not received,HIGH,RESOLVED
CP004238,C000821,2026-08-03,RECHARGE,Recharge amount not reflected,HIGH,OPEN
CP004239,C000257,2026-04-05,PLAN,Plan activation issue,MEDIUM,IN_PROGRESS
CP004240,C000793,2025-11-16,NETWORK,Poor network coverage,LOW,CLOSED
CP004241,C000467,2025-10-23,SIM,SIM not working,LOW,IN_PROGRESS
CP004242,C000135,2026-07-21,PLAN,Plan benefits not received,HIGH,RESOLVED
CP004243,C000724,2026-05-18,RECHARGE,Recharge failed,MEDIUM,RESOLVED
CP004244,C000183,2026-06-12,RECHARGE,Recharge failed,LOW,IN_PROGRESS
CP004245,C000059,2025-10-10,RECHARGE,Recharge amount not reflected,HIGH,IN_PROGRESS
CP004246,C000178,2026-03-03,BILLING,Billing issue,MEDIUM,RESOLVED
CP004247,C000645,2026-06-14,RECHARGE,Recharge failed,CRITICAL,OPEN
CP004248,C000921,2026-03-29,NETWORK,Slow internet,LOW,IN_PROGRESS
CP004249,C000066,2026-06-03,RECHARGE,Recharge failed,LOW,IN_PROGRESS
CP004250,C000582,2026-04-19,NETWORK,Internet not working,LOW,IN_PROGRESS
CP004251,C000457,2026-05-27,RECHARGE,Recharge amount not reflected,MEDIUM,OPEN
CP004252,C000181,2025-11-22,SIM,SIM not working,LOW,CLOSED
CP004253,C000991,2026-04-20,OTHER,Service related issue,HIGH,OPEN
CP004254,C000631,2026-03-18,NETWORK,Network issue,CRITICAL,CLOSED
CP004255,C000710,2025-11-29,OTHER,General complaint,CRITICAL,RESOLVED
CP004256,C000863,2026-09-11,OTHER,Other issue,CRITICAL,CLOSED
CP004257,C000885,2026-07-15,PLAN,Plan activation issue,LOW,RESOLVED
CP004258,C000253,2026-09-12,PLAN,Plan related query,LOW,CLOSED
CP004259,C000863,2025-10-19,RECHARGE,Recharge amount not reflected,MEDIUM,RESOLVED
CP004260,C000494,2026-05-02,SIM,SIM activation issue,MEDIUM,OPEN
CP004261,C000510,2025-10-05,NETWORK,Internet not working,MEDIUM,OPEN
CP004262,C000859,2026-05-01,BILLING,Unexpected charge,CRITICAL,RESOLVED
CP004263,C000712,2026-06-01,NETWORK,Internet not working,CRITICAL,OPEN
CP004264,C000885,2026-05-20,RECHARGE,Recharge issue,MEDIUM,RESOLVED
CP004265,C000752,2025-11-11,OTHER,Other issue,MEDIUM,RESOLVED
CP004266,C000276,2025-12-21,SIM,SIM replacement request,LOW,CLOSED
CP004267,C000594,2025-10-06,SIM,SIM not working,MEDIUM,RESOLVED
CP004268,C000052,2026-06-09,NETWORK,Internet not working,MEDIUM,CLOSED
CP004269,C000028,2026-06-03,BILLING,Unexpected charge,MEDIUM,IN_PROGRESS
CP004270,C000054,2026-05-09,NETWORK,Slow internet,CRITICAL,CLOSED
CP004271,C000628,2026-06-09,SIM,SIM not working,MEDIUM,RESOLVED
CP004272,C000022,2026-06-15,BILLING,Incorrect bill amount,MEDIUM,OPEN
CP004273,C000919,2026-03-29,PLAN,Plan activation issue,CRITICAL,RESOLVED
CP004274,C000954,2026-08-30,SIM,SIM replacement request,CRITICAL,RESOLVED
CP004275,C000513,2026-02-01,PLAN,Plan related query,CRITICAL,CLOSED
CP004276,C000697,2025-10-24,SIM,SIM replacement request,HIGH,CLOSED
CP004277,C000393,2026-06-07,PLAN,Plan related query,HIGH,OPEN
CP004278,C000546,2026-02-05,OTHER,General complaint,HIGH,CLOSED
CP004279,C000859,2025-12-21,BILLING,Unexpected charge,CRITICAL,CLOSED
CP004280,C000984,2025-12-26,NETWORK,Internet not working,CRITICAL,OPEN
CP004281,C000040,2026-04-25,PLAN,Plan activation issue,MEDIUM,CLOSED
CP004282,C000993,2026-05-28,OTHER,Service related issue,CRITICAL,CLOSED
CP004283,C000406,2025-11-15,OTHER,Other issue,MEDIUM,OPEN
CP004284,C000061,2026-02-20,SIM,SIM activation issue,HIGH,OPEN
CP004285,C000201,2026-03-11,BILLING,Billing issue,CRITICAL,IN_PROGRESS
CP004286,C000658,2026-03-12,PLAN,Plan related query,LOW,CLOSED
CP004287,C000875,2026-01-29,OTHER,Other issue,MEDIUM,RESOLVED
CP004288,C000555,2026-05-20,OTHER,Service related issue,LOW,IN_PROGRESS
CP004289,C000088,2026-01-27,PLAN,Plan benefits not received,MEDIUM,OPEN
CP004290,C000203,2026-01-22,PLAN,Plan related query,HIGH,CLOSED
CP004291,C000503,2025-12-31,SIM,SIM activation issue,CRITICAL,RESOLVED
CP004292,C000345,2026-02-08,OTHER,Service related issue,CRITICAL,IN_PROGRESS
CP004293,C000516,2025-10-05,SIM,SIM not working,LOW,CLOSED
CP004294,C000609,2026-08-25,PLAN,Plan related query,MEDIUM,RESOLVED
CP004295,C000942,2026-07-27,PLAN,Plan related query,HIGH,CLOSED
CP004296,C000417,2026-05-15,BILLING,Incorrect bill amount,CRITICAL,IN_PROGRESS
CP004297,C000783,2026-05-05,RECHARGE,Recharge failed,LOW,OPEN
CP004298,C000028,2026-08-09,PLAN,Plan activation issue,LOW,CLOSED
CP004299,C000307,2026-04-05,RECHARGE,Recharge amount not reflected,MEDIUM,IN_PROGRESS
CP004300,C000615,2026-08-24,PLAN,Plan benefits not received,MEDIUM,OPEN
CP004301,C000765,2026-07-22,OTHER,Service related issue,CRITICAL,RESOLVED
CP004302,C000467,2026-01-12,SIM,SIM replacement request,CRITICAL,CLOSED
CP004303,C000718,2026-04-07,BILLING,Unexpected charge,CRITICAL,CLOSED
CP004304,C000337,2025-11-08,PLAN,Plan related query,MEDIUM,OPEN
CP004305,C000826,2026-05-15,PLAN,Plan related query,HIGH,CLOSED
CP004306,C000929,2025-11-09,NETWORK,Internet not working,CRITICAL,IN_PROGRESS
CP004307,C000339,2026-08-14,SIM,SIM activation issue,HIGH,RESOLVED
CP004308,C000968,2025-11-07,NETWORK,Poor network coverage,LOW,RESOLVED
CP004309,C000208,2025-11-22,PLAN,Plan benefits not received,CRITICAL,CLOSED
CP004310,C000996,2025-12-05,PLAN,Plan benefits not received,HIGH,OPEN
CP004311,C000233,2026-01-28,SIM,SIM activation issue,MEDIUM,IN_PROGRESS
CP004312,C000004,2026-05-28,BILLING,Unexpected charge,HIGH,RESOLVED
CP004313,C000841,2026-04-03,RECHARGE,Recharge issue,CRITICAL,RESOLVED
CP004314,C000233,2025-09-26,BILLING,Incorrect bill amount,LOW,RESOLVED
CP004315,C000203,2026-08-07,PLAN,Plan related query,HIGH,IN_PROGRESS
CP004316,C000863,2025-12-21,BILLING,Billing issue,MEDIUM,RESOLVED
CP004317,C000326,2026-03-08,BILLING,Billing issue,MEDIUM,OPEN
CP004318,C000667,2026-06-17,NETWORK,Internet not working,CRITICAL,OPEN
CP004319,C000130,2025-11-05,RECHARGE,Recharge failed,MEDIUM,OPEN
CP004320,C000691,2025-11-28,BILLING,Incorrect bill amount,LOW,OPEN
CP004321,C000583,2026-04-27,NETWORK,Network issue,MEDIUM,RESOLVED
CP004322,C000778,2026-01-18,PLAN,Plan related query,LOW,OPEN
CP004323,C000993,2025-11-05,NETWORK,Poor network coverage,HIGH,RESOLVED
CP004324,C000717,2026-02-11,PLAN,Plan activation issue,MEDIUM,CLOSED
CP004325,C000884,2026-04-14,RECHARGE,Recharge issue,HIGH,RESOLVED
CP004326,C000512,2025-11-23,NETWORK,Network issue,MEDIUM,RESOLVED
CP004327,C000405,2026-07-26,NETWORK,Poor network coverage,CRITICAL,CLOSED
CP004328,C000363,2026-07-24,PLAN,Plan benefits not received,MEDIUM,RESOLVED
CP004329,C000620,2026-02-01,SIM,SIM activation issue,CRITICAL,CLOSED
CP004330,C000403,2026-07-08,OTHER,Service related issue,MEDIUM,RESOLVED
CP004331,C000849,2026-02-09,PLAN,Plan activation issue,MEDIUM,IN_PROGRESS
CP004332,C000684,2026-01-24,OTHER,Other issue,CRITICAL,CLOSED
CP004333,C000582,2026-05-12,NETWORK,Slow internet,LOW,RESOLVED
CP004334,C000722,2026-08-30,PLAN,Plan activation issue,MEDIUM,RESOLVED
CP004335,C000910,2025-10-01,SIM,SIM not working,HIGH,CLOSED
CP004336,C000164,2026-04-26,NETWORK,Internet not working,LOW,IN_PROGRESS
CP004337,C000259,2026-07-13,PLAN,Plan benefits not received,MEDIUM,IN_PROGRESS
CP004338,C000097,2026-04-08,OTHER,Service related issue,MEDIUM,IN_PROGRESS
CP004339,C000273,2026-02-04,OTHER,Service related issue,HIGH,IN_PROGRESS
CP004340,C000730,2026-05-18,SIM,SIM activation issue,MEDIUM,RESOLVED
CP004341,C000376,2025-10-17,RECHARGE,Recharge issue,MEDIUM,RESOLVED
CP004342,C000336,2025-10-28,NETWORK,Internet not working,MEDIUM,CLOSED
CP004343,C000774,2026-03-19,NETWORK,Internet not working,CRITICAL,RESOLVED
CP004344,C000145,2025-09-23,SIM,SIM replacement request,CRITICAL,OPEN
CP004345,C000262,2025-12-01,SIM,SIM not working,LOW,CLOSED
CP004346,C000198,2026-07-31,PLAN,Plan activation issue,MEDIUM,IN_PROGRESS
CP004347,C000434,2026-08-01,BILLING,Unexpected charge,LOW,RESOLVED
CP004348,C000919,2026-05-03,NETWORK,Network issue,HIGH,RESOLVED
CP004349,C000435,2026-08-27,BILLING,Incorrect bill amount,LOW,RESOLVED
CP004350,C000245,2025-10-17,RECHARGE,Recharge issue,CRITICAL,IN_PROGRESS
CP004351,C000124,2026-03-26,PLAN,Plan related query,MEDIUM,IN_PROGRESS
CP004352,C000981,2026-05-28,NETWORK,Poor network coverage,LOW,IN_PROGRESS
CP004353,C000838,2026-09-15,SIM,SIM activation issue,LOW,RESOLVED
CP004354,C000687,2025-10-10,RECHARGE,Recharge issue,MEDIUM,RESOLVED
CP004355,C000219,2025-11-28,RECHARGE,Recharge failed,MEDIUM,RESOLVED
CP004356,C000850,2025-12-23,BILLING,Incorrect bill amount,MEDIUM,IN_PROGRESS
CP004357,C000017,2026-06-18,OTHER,Service related issue,MEDIUM,RESOLVED
CP004358,C000119,2026-08-04,RECHARGE,Recharge issue,LOW,RESOLVED
CP004359,C000530,2026-09-13,BILLING,Incorrect bill amount,MEDIUM,CLOSED
CP004360,C000410,2025-10-03,RECHARGE,Recharge issue,MEDIUM,RESOLVED
CP004361,C000559,2026-01-11,SIM,SIM replacement request,MEDIUM,OPEN
CP004362,C000802,2026-06-05,RECHARGE,Recharge amount not reflected,CRITICAL,OPEN
CP004363,C000037,2026-04-13,SIM,SIM activation issue,HIGH,OPEN
CP004364,C000462,2026-09-16,NETWORK,Internet not working,MEDIUM,CLOSED
CP004365,C000564,2026-09-16,BILLING,Incorrect bill amount,LOW,RESOLVED
CP004366,C000653,2026-03-27,NETWORK,Network issue,MEDIUM,RESOLVED
CP004367,C000069,2026-01-16,OTHER,Service related issue,LOW,RESOLVED
CP004368,C000790,2026-09-17,OTHER,General complaint,LOW,RESOLVED
CP004369,C000850,2025-11-30,OTHER,General complaint,LOW,IN_PROGRESS
CP004370,C000483,2026-03-14,PLAN,Plan benefits not received,MEDIUM,RESOLVED
CP004371,C000452,2026-05-26,OTHER,Service related issue,MEDIUM,OPEN
CP004372,C000889,2026-02-12,OTHER,Other issue,CRITICAL,CLOSED
CP004373,C000230,2026-03-08,NETWORK,Slow internet,LOW,RESOLVED
CP004374,C000196,2026-01-28,SIM,SIM replacement request,MEDIUM,OPEN
CP004375,C000730,2025-11-15,OTHER,Service related issue,CRITICAL,RESOLVED
CP004376,C000374,2025-09-23,BILLING,Billing issue,HIGH,OPEN
CP004377,C000595,2026-06-24,OTHER,Service related issue,MEDIUM,CLOSED
CP004378,C000145,2025-12-13,PLAN,Plan related query,LOW,OPEN
CP004379,C000693,2025-10-24,OTHER,General complaint,LOW,RESOLVED
CP004380,C000304,2026-08-22,OTHER,General complaint,LOW,CLOSED
CP004381,C000373,2025-12-07,OTHER,Service related issue,LOW,IN_PROGRESS
CP004382,C000126,2026-04-15,BILLING,Unexpected charge,HIGH,OPEN
CP004383,C000787,2026-05-29,BILLING,Incorrect bill amount,LOW,IN_PROGRESS
CP004384,C000423,2026-05-29,NETWORK,Slow internet,LOW,CLOSED
CP004385,C000925,2026-07-14,BILLING,Billing issue,CRITICAL,RESOLVED
CP004386,C000292,2026-08-17,NETWORK,Network issue,LOW,RESOLVED
CP004387,C000567,2026-08-04,OTHER,Service related issue,HIGH,RESOLVED
CP004388,C000827,2026-02-22,NETWORK,Slow internet,MEDIUM,IN_PROGRESS
CP004389,C000610,2026-09-04,SIM,SIM activation issue,CRITICAL,CLOSED
CP004390,C000659,2026-02-15,PLAN,Plan benefits not received,LOW,OPEN
CP004391,C000262,2025-11-12,OTHER,General complaint,MEDIUM,RESOLVED
CP004392,C000705,2025-12-11,NETWORK,Network issue,LOW,IN_PROGRESS
CP004393,C000132,2025-10-07,PLAN,Plan related query,MEDIUM,OPEN
CP004394,C000405,2026-03-10,PLAN,Plan benefits not received,CRITICAL,RESOLVED
CP004395,C000408,2026-04-09,SIM,SIM not working,MEDIUM,RESOLVED
CP004396,C000706,2026-05-29,SIM,SIM replacement request,MEDIUM,IN_PROGRESS
CP004397,C000549,2026-08-04,OTHER,Other issue,HIGH,CLOSED
CP004398,C000424,2026-04-05,BILLING,Incorrect bill amount,CRITICAL,CLOSED
CP004399,C000105,2025-11-08,BILLING,Unexpected charge,MEDIUM,OPEN
CP004400,C000666,2026-04-06,SIM,SIM not working,LOW,OPEN
CP004401,C000774,2026-08-20,PLAN,Plan related query,LOW,OPEN
CP004402,C000486,2025-10-27,RECHARGE,Recharge amount not reflected,CRITICAL,CLOSED
CP004403,C000621,2026-09-16,BILLING,Unexpected charge,LOW,IN_PROGRESS
CP004404,C000788,2025-10-09,BILLING,Incorrect bill amount,HIGH,OPEN
CP004405,C000802,2026-02-09,NETWORK,Network issue,MEDIUM,OPEN
CP004406,C000371,2026-01-12,BILLING,Unexpected charge,CRITICAL,CLOSED
CP004407,C000071,2026-05-14,NETWORK,Internet not working,CRITICAL,OPEN
CP004408,C000746,2026-05-20,SIM,SIM not working,HIGH,CLOSED
CP004409,C000031,2026-07-18,NETWORK,Poor network coverage,MEDIUM,RESOLVED
CP004410,C000506,2026-05-09,RECHARGE,Recharge failed,MEDIUM,CLOSED
CP004411,C000692,2026-07-09,NETWORK,Network issue,MEDIUM,IN_PROGRESS
CP004412,C000961,2026-02-27,BILLING,Unexpected charge,MEDIUM,RESOLVED
CP004413,C000452,2025-11-13,BILLING,Unexpected charge,LOW,CLOSED
CP004414,C000426,2026-06-18,NETWORK,Network issue,LOW,OPEN
CP004415,C000905,2025-10-11,OTHER,Other issue,HIGH,CLOSED
CP004416,C000104,2026-04-28,BILLING,Unexpected charge,LOW,CLOSED
CP004417,C000251,2025-11-30,RECHARGE,Recharge issue,CRITICAL,CLOSED
CP004418,C000173,2025-10-26,RECHARGE,Recharge failed,HIGH,IN_PROGRESS
CP004419,C000997,2026-01-28,OTHER,Other issue,MEDIUM,OPEN
CP004420,C000463,2025-10-02,BILLING,Unexpected charge,CRITICAL,CLOSED
CP004421,C000150,2025-12-03,PLAN,Plan related query,LOW,CLOSED
CP004422,C000571,2026-02-12,SIM,SIM activation issue,MEDIUM,IN_PROGRESS
CP004423,C000334,2025-10-15,OTHER,General complaint,LOW,RESOLVED
CP004424,C000442,2025-10-21,BILLING,Unexpected charge,CRITICAL,CLOSED
CP004425,C000838,2026-08-24,SIM,SIM activation issue,MEDIUM,OPEN
CP004426,C000288,2025-09-28,OTHER,Other issue,CRITICAL,CLOSED
CP004427,C000986,2025-09-29,NETWORK,Poor network coverage,CRITICAL,RESOLVED
CP004428,C000487,2026-09-01,OTHER,Other issue,HIGH,OPEN
CP004429,C000778,2026-05-14,RECHARGE,Recharge failed,MEDIUM,RESOLVED
CP004430,C000415,2026-08-02,OTHER,General complaint,CRITICAL,IN_PROGRESS
CP004431,C000952,2026-07-15,OTHER,Other issue,MEDIUM,OPEN
CP004432,C000204,2026-09-03,PLAN,Plan related query,CRITICAL,CLOSED
CP004433,C000702,2025-10-15,NETWORK,Poor network coverage,HIGH,CLOSED
CP004434,C000583,2026-01-29,PLAN,Plan benefits not received,HIGH,RESOLVED
CP004435,C000976,2026-07-27,RECHARGE,Recharge failed,MEDIUM,RESOLVED
CP004436,C000723,2026-07-31,BILLING,Incorrect bill amount,HIGH,IN_PROGRESS
CP004437,C000120,2025-10-23,RECHARGE,Recharge issue,LOW,OPEN
CP004438,C000688,2025-11-11,BILLING,Unexpected charge,HIGH,CLOSED
CP004439,C000854,2025-11-30,PLAN,Plan related query,HIGH,RESOLVED
CP004440,C000153,2025-10-29,BILLING,Incorrect bill amount,MEDIUM,OPEN
CP004441,C000816,2026-03-24,OTHER,General complaint,HIGH,RESOLVED
CP004442,C000013,2026-04-23,PLAN,Plan benefits not received,HIGH,CLOSED
CP004443,C000316,2025-09-25,PLAN,Plan related query,CRITICAL,IN_PROGRESS
CP004444,C000725,2025-12-26,PLAN,Plan benefits not received,MEDIUM,OPEN
CP004445,C000716,2026-02-03,OTHER,General complaint,HIGH,CLOSED
CP004446,C000664,2025-12-11,PLAN,Plan related query,HIGH,OPEN
CP004447,C000529,2025-09-25,BILLING,Unexpected charge,LOW,OPEN
CP004448,C000141,2026-01-12,BILLING,Billing issue,CRITICAL,OPEN
CP004449,C000382,2025-11-18,BILLING,Billing issue,CRITICAL,OPEN
CP004450,C000735,2026-08-13,OTHER,General complaint,MEDIUM,RESOLVED
CP004451,C000626,2026-04-04,OTHER,General complaint,MEDIUM,OPEN
CP004452,C000204,2026-09-16,SIM,SIM activation issue,MEDIUM,CLOSED
CP004453,C000147,2026-03-23,OTHER,Service related issue,MEDIUM,RESOLVED
CP004454,C000527,2026-07-12,RECHARGE,Recharge amount not reflected,HIGH,OPEN
CP004455,C000416,2026-04-26,PLAN,Plan benefits not received,MEDIUM,RESOLVED
CP004456,C000215,2026-04-23,BILLING,Billing issue,HIGH,CLOSED
CP004457,C000486,2026-05-28,BILLING,Unexpected charge,LOW,IN_PROGRESS
CP004458,C000506,2026-04-25,PLAN,Plan benefits not received,LOW,CLOSED
CP004459,C000731,2026-08-22,RECHARGE,Recharge issue,MEDIUM,IN_PROGRESS
CP004460,C000913,2026-05-07,BILLING,Unexpected charge,MEDIUM,CLOSED
CP004461,C000937,2026-09-15,PLAN,Plan activation issue,MEDIUM,OPEN
CP004462,C000642,2026-07-05,OTHER,Service related issue,LOW,RESOLVED
CP004463,C000295,2025-10-19,SIM,SIM not working,CRITICAL,CLOSED
CP004464,C000686,2026-04-08,SIM,SIM replacement request,CRITICAL,CLOSED
CP004465,C000956,2025-12-23,PLAN,Plan related query,CRITICAL,IN_PROGRESS
CP004466,C000857,2026-07-13,SIM,SIM not working,MEDIUM,CLOSED
CP004467,C000912,2025-12-03,PLAN,Plan activation issue,MEDIUM,RESOLVED
CP004468,C000778,2026-01-31,OTHER,General complaint,MEDIUM,RESOLVED
CP004469,C000489,2026-07-12,OTHER,Other issue,LOW,OPEN
CP004470,C000992,2026-02-27,BILLING,Billing issue,MEDIUM,OPEN
CP004471,C000606,2025-10-18,OTHER,General complaint,CRITICAL,CLOSED
CP004472,C000781,2025-10-26,RECHARGE,Recharge failed,LOW,OPEN
CP004473,C000370,2026-07-12,NETWORK,Slow internet,MEDIUM,OPEN
CP004474,C000034,2026-01-05,SIM,SIM activation issue,LOW,OPEN
CP004475,C000115,2026-09-17,RECHARGE,Recharge amount not reflected,CRITICAL,OPEN
CP004476,C000031,2026-09-06,RECHARGE,Recharge issue,MEDIUM,CLOSED
CP004477,C000110,2026-08-23,SIM,SIM activation issue,MEDIUM,IN_PROGRESS
CP004478,C000714,2026-01-02,NETWORK,Poor network coverage,MEDIUM,CLOSED
CP004479,C000661,2025-09-25,BILLING,Unexpected charge,MEDIUM,CLOSED
CP004480,C000245,2026-03-19,PLAN,Plan benefits not received,LOW,OPEN
CP004481,C000523,2026-08-08,RECHARGE,Recharge amount not reflected,CRITICAL,CLOSED
CP004482,C000460,2025-12-27,NETWORK,Internet not working,MEDIUM,RESOLVED
CP004483,C000391,2025-10-28,BILLING,Incorrect bill amount,MEDIUM,IN_PROGRESS
CP004484,C000803,2026-03-03,RECHARGE,Recharge failed,HIGH,CLOSED
CP004485,C000792,2026-05-21,PLAN,Plan benefits not received,HIGH,OPEN
CP004486,C000448,2026-05-22,NETWORK,Network issue,LOW,CLOSED
CP004487,C000496,2026-03-27,OTHER,General complaint,CRITICAL,CLOSED
CP004488,C000958,2025-10-15,PLAN,Plan activation issue,CRITICAL,IN_PROGRESS
CP004489,C000705,2025-12-12,OTHER,Service related issue,HIGH,IN_PROGRESS
CP004490,C000255,2026-05-27,OTHER,General complaint,CRITICAL,IN_PROGRESS
CP004491,C000633,2025-10-26,PLAN,Plan activation issue,CRITICAL,IN_PROGRESS
CP004492,C000459,2026-02-14,NETWORK,Slow internet,LOW,RESOLVED
CP004493,C000190,2026-04-11,BILLING,Unexpected charge,MEDIUM,OPEN
CP004494,C000893,2026-09-10,RECHARGE,Recharge failed,LOW,IN_PROGRESS
CP004495,C000003,2026-08-25,BILLING,Incorrect bill amount,CRITICAL,IN_PROGRESS
CP004496,C000884,2026-08-17,NETWORK,Network issue,LOW,CLOSED
CP004497,C000617,2026-01-15,OTHER,Service related issue,LOW,IN_PROGRESS
CP004498,C000683,2026-08-18,SIM,SIM activation issue,HIGH,IN_PROGRESS
CP004499,C000953,2026-05-11,BILLING,Incorrect bill amount,CRITICAL,CLOSED
CP004500,C000349,2026-05-01,BILLING,Incorrect bill amount,MEDIUM,RESOLVED
CP004501,C000010,2026-04-05,NETWORK,Network issue,HIGH,RESOLVED
CP004502,C000890,2026-01-05,BILLING,Billing issue,MEDIUM,CLOSED
CP004503,C000478,2025-12-20,NETWORK,Slow internet,MEDIUM,CLOSED
CP004504,C000965,2026-01-31,NETWORK,Poor network coverage,MEDIUM,IN_PROGRESS
CP004505,C000305,2026-01-24,RECHARGE,Recharge issue,MEDIUM,IN_PROGRESS
CP004506,C000775,2026-05-06,OTHER,General complaint,HIGH,RESOLVED
CP004507,C000470,2025-10-27,SIM,SIM activation issue,LOW,IN_PROGRESS
CP004508,C000092,2025-12-03,RECHARGE,Recharge failed,MEDIUM,OPEN
CP004509,C000922,2026-09-22,PLAN,Plan related query,MEDIUM,IN_PROGRESS
CP004510,C000306,2026-08-11,BILLING,Unexpected charge,MEDIUM,CLOSED
CP004511,C000873,2025-12-16,NETWORK,Slow internet,LOW,OPEN
CP004512,C000268,2026-01-28,NETWORK,Network issue,HIGH,RESOLVED
CP004513,C000505,2026-03-21,OTHER,Other issue,LOW,IN_PROGRESS
CP004514,C000453,2025-11-14,RECHARGE,Recharge issue,LOW,RESOLVED
CP004515,C000448,2026-02-22,PLAN,Plan benefits not received,MEDIUM,CLOSED
CP004516,C000184,2026-07-24,OTHER,General complaint,CRITICAL,CLOSED
CP004517,C000646,2026-02-20,SIM,SIM replacement request,LOW,IN_PROGRESS
CP004518,C000303,2026-02-01,RECHARGE,Recharge amount not reflected,HIGH,IN_PROGRESS
CP004519,C000859,2026-01-16,OTHER,Other issue,HIGH,RESOLVED
CP004520,C000348,2026-07-20,RECHARGE,Recharge amount not reflected,CRITICAL,OPEN
CP004521,C000141,2026-06-23,PLAN,Plan related query,MEDIUM,CLOSED
CP004522,C000357,2026-02-02,PLAN,Plan benefits not received,HIGH,OPEN
CP004523,C000724,2026-08-25,BILLING,Billing issue,CRITICAL,OPEN
CP004524,C000170,2025-10-28,OTHER,Other issue,HIGH,CLOSED
CP004525,C000782,2025-11-02,OTHER,General complaint,MEDIUM,RESOLVED
CP004526,C000628,2026-07-12,PLAN,Plan benefits not received,CRITICAL,RESOLVED
CP004527,C000611,2026-09-12,OTHER,Other issue,CRITICAL,IN_PROGRESS
CP004528,C000291,2026-03-29,OTHER,Other issue,MEDIUM,IN_PROGRESS
CP004529,C000158,2026-09-05,PLAN,Plan benefits not received,MEDIUM,CLOSED
CP004530,C000728,2026-08-27,SIM,SIM activation issue,LOW,OPEN
CP004531,C000197,2026-09-11,OTHER,Other issue,MEDIUM,CLOSED
CP004532,C000791,2026-01-27,BILLING,Unexpected charge,LOW,IN_PROGRESS
CP004533,C000644,2026-03-13,RECHARGE,Recharge failed,MEDIUM,CLOSED
CP004534,C000985,2025-11-02,SIM,SIM replacement request,CRITICAL,OPEN
CP004535,C000240,2026-08-06,RECHARGE,Recharge failed,MEDIUM,RESOLVED
CP004536,C000765,2026-02-28,RECHARGE,Recharge amount not reflected,CRITICAL,OPEN
CP004537,C000126,2026-03-18,RECHARGE,Recharge amount not reflected,CRITICAL,IN_PROGRESS
CP004538,C000060,2026-04-23,PLAN,Plan related query,MEDIUM,RESOLVED
CP004539,C000819,2025-10-30,RECHARGE,Recharge issue,MEDIUM,RESOLVED
CP004540,C000060,2026-08-05,SIM,SIM replacement request,CRITICAL,OPEN
CP004541,C000058,2025-10-08,OTHER,Other issue,MEDIUM,RESOLVED
CP004542,C000418,2026-08-09,BILLING,Incorrect bill amount,LOW,RESOLVED
CP004543,C000212,2026-05-03,PLAN,Plan benefits not received,CRITICAL,IN_PROGRESS
CP004544,C000373,2026-08-10,BILLING,Unexpected charge,MEDIUM,RESOLVED
CP004545,C000593,2025-12-15,NETWORK,Slow internet,MEDIUM,IN_PROGRESS
CP004546,C000212,2026-06-11,OTHER,Other issue,MEDIUM,RESOLVED
CP004547,C000154,2026-04-05,OTHER,General complaint,MEDIUM,IN_PROGRESS
CP004548,C000502,2026-08-27,SIM,SIM not working,MEDIUM,RESOLVED
CP004549,C000008,2025-12-20,PLAN,Plan related query,CRITICAL,IN_PROGRESS
CP004550,C000752,2026-04-24,BILLING,Unexpected charge,MEDIUM,CLOSED
CP004551,C000452,2026-06-02,NETWORK,Network issue,MEDIUM,OPEN
CP004552,C000817,2026-06-24,NETWORK,Internet not working,LOW,OPEN
CP004553,C000372,2026-04-22,BILLING,Billing issue,MEDIUM,CLOSED
CP004554,C000507,2026-07-31,BILLING,Unexpected charge,LOW,OPEN
CP004555,C000910,2026-03-14,BILLING,Incorrect bill amount,HIGH,RESOLVED
CP004556,C000392,2026-01-16,RECHARGE,Recharge failed,HIGH,OPEN
CP004557,C000975,2026-07-31,RECHARGE,Recharge amount not reflected,MEDIUM,OPEN
CP004558,C000500,2026-09-13,BILLING,Unexpected charge,HIGH,OPEN
CP004559,C000772,2026-03-02,PLAN,Plan related query,LOW,OPEN
CP004560,C000173,2025-11-07,RECHARGE,Recharge failed,CRITICAL,CLOSED
CP004561,C000098,2025-11-25,PLAN,Plan benefits not received,LOW,OPEN
CP004562,C000684,2025-12-07,NETWORK,Internet not working,MEDIUM,OPEN
CP004563,C000023,2026-03-27,SIM,SIM activation issue,LOW,CLOSED
CP004564,C000564,2026-04-05,RECHARGE,Recharge amount not reflected,MEDIUM,OPEN
CP004565,C000726,2026-04-27,OTHER,Service related issue,HIGH,RESOLVED
CP004566,C000286,2026-02-07,OTHER,Other issue,LOW,CLOSED
CP004567,C000853,2026-08-18,NETWORK,Network issue,LOW,CLOSED
CP004568,C000851,2026-09-16,BILLING,Billing issue,LOW,IN_PROGRESS
CP004569,C000416,2026-02-08,NETWORK,Network issue,MEDIUM,OPEN
CP004570,C000035,2025-12-12,SIM,SIM replacement request,MEDIUM,CLOSED
CP004571,C000396,2026-05-02,SIM,SIM not working,MEDIUM,OPEN
CP004572,C000284,2025-11-28,NETWORK,Network issue,LOW,RESOLVED
CP004573,C000934,2025-12-31,OTHER,General complaint,LOW,IN_PROGRESS
CP004574,C000840,2026-04-13,SIM,SIM replacement request,LOW,CLOSED
CP004575,C000649,2026-08-01,OTHER,Other issue,CRITICAL,RESOLVED
CP004576,C000909,2026-03-29,NETWORK,Slow internet,CRITICAL,OPEN
CP004577,C000490,2026-09-20,SIM,SIM not working,LOW,OPEN
CP004578,C000738,2026-01-10,BILLING,Billing issue,MEDIUM,IN_PROGRESS
CP004579,C000177,2026-01-15,NETWORK,Internet not working,CRITICAL,IN_PROGRESS
CP004580,C000528,2026-03-01,RECHARGE,Recharge issue,LOW,CLOSED
CP004581,C000308,2025-11-25,BILLING,Unexpected charge,LOW,RESOLVED
CP004582,C000501,2025-10-12,NETWORK,Poor network coverage,MEDIUM,RESOLVED
CP004583,C000401,2025-10-03,SIM,SIM replacement request,CRITICAL,IN_PROGRESS
CP004584,C000963,2025-11-11,RECHARGE,Recharge amount not reflected,CRITICAL,CLOSED
CP004585,C000333,2026-07-24,RECHARGE,Recharge issue,CRITICAL,CLOSED
CP004586,C000192,2026-07-22,SIM,SIM not working,MEDIUM,IN_PROGRESS
CP004587,C000229,2025-12-20,OTHER,Other issue,LOW,CLOSED
CP004588,C000264,2025-11-14,NETWORK,Internet not working,MEDIUM,CLOSED
CP004589,C000421,2026-08-11,BILLING,Billing issue,MEDIUM,RESOLVED
CP004590,C000657,2025-12-14,RECHARGE,Recharge amount not reflected,LOW,OPEN
CP004591,C000769,2026-02-12,PLAN,Plan activation issue,CRITICAL,OPEN
CP004592,C000779,2026-01-19,BILLING,Incorrect bill amount,CRITICAL,IN_PROGRESS
CP004593,C000952,2025-12-19,RECHARGE,Recharge amount not reflected,HIGH,CLOSED
CP004594,C000378,2025-12-15,BILLING,Unexpected charge,CRITICAL,CLOSED
CP004595,C000760,2026-02-12,OTHER,General complaint,MEDIUM,IN_PROGRESS
CP004596,C000211,2026-03-11,BILLING,Unexpected charge,CRITICAL,RESOLVED
CP004597,C000401,2026-05-02,BILLING,Unexpected charge,MEDIUM,OPEN
CP004598,C000505,2025-12-19,RECHARGE,Recharge issue,MEDIUM,OPEN
CP004599,C000087,2026-07-06,NETWORK,Network issue,CRITICAL,CLOSED
CP004600,C000668,2026-09-03,BILLING,Billing issue,HIGH,IN_PROGRESS
CP004601,C000500,2026-05-28,PLAN,Plan activation issue,CRITICAL,OPEN
CP004602,C000030,2026-02-27,RECHARGE,Recharge failed,LOW,OPEN
CP004603,C000898,2026-05-27,PLAN,Plan related query,LOW,IN_PROGRESS
CP004604,C000519,2026-08-23,BILLING,Incorrect bill amount,CRITICAL,IN_PROGRESS
CP004605,C000632,2026-04-03,OTHER,General complaint,MEDIUM,OPEN
CP004606,C000447,2026-09-22,BILLING,Billing issue,LOW,CLOSED
CP004607,C000662,2026-09-07,PLAN,Plan benefits not received,MEDIUM,CLOSED
CP004608,C000883,2026-02-28,OTHER,Other issue,CRITICAL,OPEN
CP004609,C000690,2025-12-02,BILLING,Unexpected charge,HIGH,RESOLVED
CP004610,C000297,2026-06-10,SIM,SIM not working,CRITICAL,RESOLVED
CP004611,C000650,2026-08-01,PLAN,Plan benefits not received,HIGH,RESOLVED
CP004612,C000287,2026-09-10,BILLING,Billing issue,HIGH,IN_PROGRESS
CP004613,C000515,2026-06-08,NETWORK,Slow internet,HIGH,OPEN
CP004614,C000758,2026-04-08,SIM,SIM replacement request,MEDIUM,IN_PROGRESS
CP004615,C000714,2026-03-05,BILLING,Unexpected charge,MEDIUM,RESOLVED
CP004616,C000750,2025-12-14,PLAN,Plan related query,MEDIUM,RESOLVED
CP004617,C000313,2026-01-04,RECHARGE,Recharge failed,HIGH,OPEN
CP004618,C000820,2026-09-06,RECHARGE,Recharge issue,HIGH,OPEN
CP004619,C000883,2026-09-13,SIM,SIM activation issue,MEDIUM,RESOLVED
CP004620,C000158,2026-07-31,SIM,SIM replacement request,CRITICAL,CLOSED
CP004621,C000826,2026-01-02,PLAN,Plan related query,CRITICAL,IN_PROGRESS
CP004622,C000571,2026-05-12,SIM,SIM not working,MEDIUM,RESOLVED
CP004623,C000983,2025-11-29,RECHARGE,Recharge amount not reflected,LOW,OPEN
CP004624,C000619,2026-06-03,RECHARGE,Recharge failed,MEDIUM,RESOLVED
CP004625,C000752,2026-08-15,BILLING,Unexpected charge,HIGH,RESOLVED
CP004626,C000389,2026-04-15,BILLING,Billing issue,MEDIUM,CLOSED
CP004627,C000040,2026-07-17,SIM,SIM replacement request,LOW,OPEN
CP004628,C000307,2025-10-13,NETWORK,Slow internet,CRITICAL,RESOLVED
CP004629,C000926,2026-09-11,BILLING,Unexpected charge,MEDIUM,CLOSED
CP004630,C000279,2026-08-31,SIM,SIM not working,MEDIUM,CLOSED
CP004631,C000989,2026-03-04,OTHER,General complaint,MEDIUM,IN_PROGRESS
CP004632,C000705,2026-02-13,RECHARGE,Recharge failed,CRITICAL,IN_PROGRESS
CP004633,C000815,2025-12-03,OTHER,Service related issue,MEDIUM,CLOSED
CP004634,C000190,2026-08-15,RECHARGE,Recharge failed,HIGH,OPEN
CP004635,C000690,2026-07-21,NETWORK,Slow internet,CRITICAL,OPEN
CP004636,C000438,2025-12-05,PLAN,Plan benefits not received,MEDIUM,OPEN
CP004637,C000464,2025-11-29,RECHARGE,Recharge amount not reflected,HIGH,OPEN
CP004638,C000952,2026-04-09,BILLING,Unexpected charge,HIGH,CLOSED
CP004639,C000013,2026-06-10,SIM,SIM not working,MEDIUM,RESOLVED
CP004640,C000468,2026-09-03,PLAN,Plan related query,MEDIUM,IN_PROGRESS
CP004641,C000475,2026-06-30,RECHARGE,Recharge issue,LOW,IN_PROGRESS
CP004642,C000038,2026-02-21,RECHARGE,Recharge issue,CRITICAL,RESOLVED
CP004643,C000228,2025-10-28,PLAN,Plan related query,MEDIUM,OPEN
CP004644,C000901,2026-01-05,RECHARGE,Recharge amount not reflected,HIGH,RESOLVED
CP004645,C000211,2026-03-31,PLAN,Plan related query,LOW,CLOSED
CP004646,C000192,2026-08-27,SIM,SIM replacement request,MEDIUM,RESOLVED
CP004647,C000473,2026-05-21,OTHER,Other issue,MEDIUM,CLOSED
CP004648,C000123,2026-06-23,BILLING,Unexpected charge,LOW,RESOLVED
CP004649,C000438,2025-10-13,BILLING,Incorrect bill amount,LOW,IN_PROGRESS
CP004650,C000822,2026-02-22,OTHER,General complaint,CRITICAL,RESOLVED
CP004651,C000226,2026-02-11,PLAN,Plan related query,LOW,IN_PROGRESS
CP004652,C000153,2025-10-01,SIM,SIM not working,CRITICAL,OPEN
CP004653,C000590,2026-05-06,PLAN,Plan activation issue,MEDIUM,CLOSED
CP004654,C000840,2026-04-29,NETWORK,Network issue,LOW,OPEN
CP004655,C000100,2026-07-21,SIM,SIM not working,MEDIUM,RESOLVED
CP004656,C000516,2025-11-05,RECHARGE,Recharge issue,CRITICAL,RESOLVED
CP004657,C000406,2026-01-20,PLAN,Plan benefits not received,CRITICAL,OPEN
CP004658,C000489,2026-02-22,PLAN,Plan related query,MEDIUM,IN_PROGRESS
CP004659,C000718,2025-11-03,OTHER,Service related issue,CRITICAL,IN_PROGRESS
CP004660,C000260,2026-06-10,OTHER,Service related issue,MEDIUM,IN_PROGRESS
CP004661,C000695,2025-09-23,OTHER,Service related issue,HIGH,OPEN
CP004662,C000258,2025-11-03,NETWORK,Internet not working,MEDIUM,OPEN
CP004663,C000730,2026-07-10,BILLING,Billing issue,MEDIUM,CLOSED
CP004664,C000474,2026-08-18,OTHER,General complaint,MEDIUM,OPEN
CP004665,C000993,2025-12-15,OTHER,Other issue,CRITICAL,RESOLVED
CP004666,C000290,2026-01-26,OTHER,Other issue,MEDIUM,CLOSED
CP004667,C000322,2026-06-03,SIM,SIM not working,HIGH,OPEN
CP004668,C000576,2025-12-12,RECHARGE,Recharge amount not reflected,CRITICAL,RESOLVED
CP004669,C000794,2026-06-03,OTHER,General complaint,HIGH,IN_PROGRESS
CP004670,C000335,2026-07-21,RECHARGE,Recharge failed,MEDIUM,CLOSED
CP004671,C000172,2025-10-18,NETWORK,Internet not working,HIGH,OPEN
CP004672,C000383,2025-11-25,SIM,SIM replacement request,MEDIUM,CLOSED
CP004673,C000486,2025-11-04,BILLING,Unexpected charge,MEDIUM,RESOLVED
CP004674,C000782,2025-12-27,RECHARGE,Recharge amount not reflected,MEDIUM,IN_PROGRESS
CP004675,C000020,2026-02-20,SIM,SIM replacement request,MEDIUM,CLOSED
CP004676,C000765,2026-05-24,SIM,SIM activation issue,MEDIUM,RESOLVED
CP004677,C000299,2026-04-29,BILLING,Unexpected charge,LOW,RESOLVED
CP004678,C000933,2026-08-11,NETWORK,Poor network coverage,HIGH,OPEN
CP004679,C000657,2026-04-20,BILLING,Incorrect bill amount,MEDIUM,IN_PROGRESS
CP004680,C000211,2026-03-15,PLAN,Plan activation issue,CRITICAL,CLOSED
CP004681,C000001,2025-10-26,NETWORK,Network issue,CRITICAL,RESOLVED
CP004682,C000360,2026-04-25,SIM,SIM not working,LOW,RESOLVED
CP004683,C000217,2026-08-25,SIM,SIM not working,CRITICAL,CLOSED
CP004684,C000181,2026-09-05,NETWORK,Slow internet,MEDIUM,IN_PROGRESS
CP004685,C000360,2025-09-26,PLAN,Plan related query,LOW,OPEN
CP004686,C000460,2026-01-02,NETWORK,Slow internet,MEDIUM,OPEN
CP004687,C000863,2026-07-02,BILLING,Billing issue,MEDIUM,OPEN
CP004688,C000068,2026-07-26,BILLING,Incorrect bill amount,HIGH,RESOLVED
CP004689,C000193,2026-04-20,BILLING,Incorrect bill amount,MEDIUM,OPEN
CP004690,C000951,2026-01-10,OTHER,General complaint,CRITICAL,OPEN
CP004691,C000221,2026-07-18,OTHER,General complaint,CRITICAL,OPEN
CP004692,C000243,2025-11-05,PLAN,Plan activation issue,LOW,OPEN
CP004693,C000354,2026-07-16,RECHARGE,Recharge issue,HIGH,IN_PROGRESS
CP004694,C000788,2026-06-15,PLAN,Plan activation issue,HIGH,RESOLVED
CP004695,C000944,2026-03-21,SIM,SIM activation issue,HIGH,CLOSED
CP004696,C000838,2026-02-11,RECHARGE,Recharge failed,MEDIUM,IN_PROGRESS
CP004697,C000766,2025-12-16,PLAN,Plan related query,HIGH,OPEN
CP004698,C000714,2026-08-26,RECHARGE,Recharge issue,LOW,RESOLVED
CP004699,C000860,2026-02-26,OTHER,Service related issue,CRITICAL,IN_PROGRESS
CP004700,C000982,2026-07-01,SIM,SIM not working,HIGH,IN_PROGRESS
CP004701,C000428,2026-08-19,RECHARGE,Recharge failed,LOW,OPEN
CP004702,C000288,2026-02-07,BILLING,Incorrect bill amount,LOW,RESOLVED
CP004703,C000730,2026-04-24,RECHARGE,Recharge amount not reflected,HIGH,RESOLVED
CP004704,C000542,2026-01-28,NETWORK,Internet not working,MEDIUM,IN_PROGRESS
CP004705,C000070,2026-08-31,OTHER,General complaint,CRITICAL,CLOSED
CP004706,C000031,2026-08-29,PLAN,Plan related query,CRITICAL,OPEN
CP004707,C000274,2026-07-02,SIM,SIM activation issue,HIGH,RESOLVED
CP004708,C000644,2026-07-23,NETWORK,Network issue,MEDIUM,CLOSED
CP004709,C000503,2025-11-07,OTHER,Service related issue,MEDIUM,OPEN
CP004710,C000308,2026-07-21,OTHER,Service related issue,HIGH,CLOSED
CP004711,C000218,2025-09-26,RECHARGE,Recharge failed,HIGH,IN_PROGRESS
CP004712,C000298,2025-12-22,PLAN,Plan benefits not received,MEDIUM,IN_PROGRESS
CP004713,C000700,2026-03-16,RECHARGE,Recharge amount not reflected,LOW,CLOSED
CP004714,C000193,2026-02-20,BILLING,Unexpected charge,MEDIUM,OPEN
CP004715,C000528,2026-06-24,PLAN,Plan benefits not received,HIGH,RESOLVED
CP004716,C000280,2026-03-07,SIM,SIM activation issue,HIGH,OPEN
CP004717,C000432,2026-02-12,OTHER,General complaint,LOW,CLOSED
CP004718,C000372,2026-06-17,RECHARGE,Recharge amount not reflected,HIGH,RESOLVED
CP004719,C000603,2026-07-30,RECHARGE,Recharge failed,HIGH,OPEN
CP004720,C000606,2026-07-30,PLAN,Plan benefits not received,MEDIUM,CLOSED
CP004721,C000595,2025-10-19,SIM,SIM replacement request,LOW,CLOSED
CP004722,C000725,2026-04-17,BILLING,Billing issue,MEDIUM,IN_PROGRESS
CP004723,C000430,2026-08-24,SIM,SIM replacement request,LOW,IN_PROGRESS
CP004724,C000532,2026-02-24,RECHARGE,Recharge issue,MEDIUM,CLOSED
CP004725,C000109,2026-01-19,SIM,SIM replacement request,CRITICAL,CLOSED
CP004726,C000775,2026-08-20,NETWORK,Poor network coverage,HIGH,CLOSED
CP004727,C000788,2026-01-10,NETWORK,Internet not working,MEDIUM,RESOLVED
CP004728,C000337,2026-07-05,PLAN,Plan related query,MEDIUM,OPEN
CP004729,C000724,2026-04-27,BILLING,Incorrect bill amount,MEDIUM,RESOLVED
CP004730,C000329,2026-05-10,OTHER,Service related issue,LOW,IN_PROGRESS
CP004731,C000389,2025-11-21,SIM,SIM not working,MEDIUM,IN_PROGRESS
CP004732,C000952,2025-10-20,NETWORK,Poor network coverage,HIGH,CLOSED
CP004733,C000852,2025-09-24,OTHER,Service related issue,MEDIUM,IN_PROGRESS
CP004734,C000737,2026-05-29,OTHER,Service related issue,HIGH,OPEN
CP004735,C000417,2026-05-30,RECHARGE,Recharge issue,CRITICAL,RESOLVED
CP004736,C000490,2026-07-28,RECHARGE,Recharge amount not reflected,MEDIUM,OPEN
CP004737,C000616,2025-09-28,RECHARGE,Recharge failed,MEDIUM,OPEN
CP004738,C000492,2026-03-23,OTHER,Service related issue,MEDIUM,IN_PROGRESS
CP004739,C000839,2026-04-02,RECHARGE,Recharge issue,HIGH,CLOSED
CP004740,C000825,2026-08-29,RECHARGE,Recharge issue,LOW,CLOSED
CP004741,C000194,2025-12-13,BILLING,Unexpected charge,CRITICAL,RESOLVED
CP004742,C000405,2026-02-26,SIM,SIM replacement request,MEDIUM,CLOSED
CP004743,C000441,2026-07-27,BILLING,Incorrect bill amount,MEDIUM,OPEN
CP004744,C000696,2025-10-14,OTHER,General complaint,MEDIUM,IN_PROGRESS
CP004745,C000873,2025-10-26,SIM,SIM replacement request,MEDIUM,OPEN
CP004746,C000230,2025-11-03,RECHARGE,Recharge failed,MEDIUM,RESOLVED
CP004747,C000899,2026-04-19,PLAN,Plan benefits not received,HIGH,IN_PROGRESS
CP004748,C000471,2025-10-16,SIM,SIM replacement request,HIGH,IN_PROGRESS
CP004749,C000945,2025-10-03,RECHARGE,Recharge failed,HIGH,OPEN
CP004750,C000741,2025-11-03,NETWORK,Poor network coverage,MEDIUM,IN_PROGRESS
CP004751,C000247,2025-12-12,PLAN,Plan related query,MEDIUM,OPEN
CP004752,C000165,2026-07-23,RECHARGE,Recharge amount not reflected,LOW,OPEN
CP004753,C000444,2025-12-07,NETWORK,Slow internet,LOW,RESOLVED
CP004754,C000359,2026-06-12,BILLING,Unexpected charge,HIGH,IN_PROGRESS
CP004755,C000294,2026-05-13,SIM,SIM replacement request,MEDIUM,CLOSED
CP004756,C000157,2026-02-11,BILLING,Unexpected charge,HIGH,RESOLVED
CP004757,C000750,2026-02-15,RECHARGE,Recharge amount not reflected,HIGH,RESOLVED
CP004758,C000038,2026-03-28,SIM,SIM replacement request,MEDIUM,OPEN
CP004759,C000090,2026-03-21,NETWORK,Internet not working,CRITICAL,RESOLVED
CP004760,C000801,2025-11-16,RECHARGE,Recharge issue,MEDIUM,RESOLVED
CP004761,C000728,2025-11-13,OTHER,Service related issue,MEDIUM,CLOSED
CP004762,C000578,2026-04-02,NETWORK,Internet not working,HIGH,CLOSED
CP004763,C000618,2026-07-05,PLAN,Plan activation issue,MEDIUM,RESOLVED
CP004764,C000032,2026-07-28,PLAN,Plan activation issue,HIGH,OPEN
CP004765,C000090,2025-11-26,BILLING,Incorrect bill amount,MEDIUM,OPEN
CP004766,C000783,2025-09-23,BILLING,Billing issue,HIGH,OPEN
CP004767,C000655,2026-09-02,NETWORK,Slow internet,MEDIUM,CLOSED
CP004768,C000682,2026-09-11,SIM,SIM not working,MEDIUM,CLOSED
CP004769,C000431,2025-10-18,RECHARGE,Recharge failed,MEDIUM,RESOLVED
CP004770,C000076,2026-08-21,NETWORK,Internet not working,MEDIUM,OPEN
CP004771,C000704,2026-07-10,NETWORK,Internet not working,MEDIUM,CLOSED
CP004772,C000022,2026-09-04,OTHER,Other issue,HIGH,IN_PROGRESS
CP004773,C000125,2026-08-15,PLAN,Plan activation issue,HIGH,IN_PROGRESS
CP004774,C000938,2026-08-20,RECHARGE,Recharge issue,CRITICAL,CLOSED
CP004775,C000504,2025-10-13,OTHER,General complaint,CRITICAL,RESOLVED
CP004776,C000681,2026-08-11,SIM,SIM not working,CRITICAL,OPEN
CP004777,C000499,2026-09-09,NETWORK,Slow internet,MEDIUM,IN_PROGRESS
CP004778,C000200,2025-11-14,RECHARGE,Recharge issue,CRITICAL,IN_PROGRESS
CP004779,C000468,2026-03-07,NETWORK,Network issue,MEDIUM,RESOLVED
CP004780,C000610,2026-08-25,SIM,SIM not working,HIGH,IN_PROGRESS
CP004781,C000607,2026-03-31,RECHARGE,Recharge failed,LOW,CLOSED
CP004782,C000847,2025-12-15,SIM,SIM replacement request,CRITICAL,RESOLVED
CP004783,C000113,2026-02-13,SIM,SIM replacement request,LOW,OPEN
CP004784,C000227,2025-12-18,PLAN,Plan activation issue,CRITICAL,RESOLVED
CP004785,C000490,2026-01-20,RECHARGE,Recharge amount not reflected,HIGH,OPEN
CP004786,C000750,2026-01-15,BILLING,Incorrect bill amount,CRITICAL,IN_PROGRESS
CP004787,C000100,2026-07-14,PLAN,Plan benefits not received,LOW,RESOLVED
CP004788,C000690,2026-05-06,OTHER,Other issue,HIGH,IN_PROGRESS
CP004789,C000294,2026-02-23,NETWORK,Internet not working,MEDIUM,OPEN
CP004790,C000572,2026-03-24,BILLING,Incorrect bill amount,MEDIUM,OPEN
CP004791,C000966,2026-06-03,SIM,SIM activation issue,HIGH,OPEN
CP004792,C000778,2026-08-13,SIM,SIM activation issue,CRITICAL,IN_PROGRESS
CP004793,C000952,2026-04-13,SIM,SIM not working,LOW,IN_PROGRESS
CP004794,C000989,2026-08-09,RECHARGE,Recharge failed,MEDIUM,RESOLVED
CP004795,C000060,2026-02-04,RECHARGE,Recharge issue,MEDIUM,RESOLVED
CP004796,C000213,2025-11-01,OTHER,Other issue,MEDIUM,OPEN
CP004797,C000484,2026-01-26,PLAN,Plan activation issue,LOW,CLOSED
CP004798,C000107,2026-01-23,RECHARGE,Recharge amount not reflected,CRITICAL,CLOSED
CP004799,C000620,2026-08-22,PLAN,Plan related query,CRITICAL,CLOSED
CP004800,C000744,2026-07-29,NETWORK,Slow internet,MEDIUM,OPEN
CP004801,C000629,2026-09-10,PLAN,Plan related query,LOW,CLOSED
CP004802,C000100,2026-07-24,PLAN,Plan benefits not received,MEDIUM,OPEN
CP004803,C000010,2026-08-28,BILLING,Billing issue,MEDIUM,RESOLVED
CP004804,C000236,2025-11-02,PLAN,Plan benefits not received,HIGH,IN_PROGRESS
CP004805,C000914,2025-10-20,RECHARGE,Recharge failed,MEDIUM,CLOSED
CP004806,C000669,2026-02-01,PLAN,Plan benefits not received,MEDIUM,IN_PROGRESS
CP004807,C000332,2026-03-29,NETWORK,Poor network coverage,LOW,RESOLVED
CP004808,C000305,2026-03-08,BILLING,Billing issue,CRITICAL,CLOSED
CP004809,C000769,2025-09-25,BILLING,Unexpected charge,MEDIUM,CLOSED
CP004810,C000083,2026-02-03,PLAN,Plan activation issue,HIGH,RESOLVED
CP004811,C000740,2026-08-10,SIM,SIM replacement request,MEDIUM,OPEN
CP004812,C000312,2025-10-09,NETWORK,Poor network coverage,MEDIUM,IN_PROGRESS
CP004813,C000122,2026-01-26,SIM,SIM activation issue,LOW,OPEN
CP004814,C000064,2026-06-02,NETWORK,Internet not working,HIGH,OPEN
CP004815,C000431,2025-09-28,SIM,SIM activation issue,MEDIUM,IN_PROGRESS
CP004816,C000076,2025-09-25,PLAN,Plan related query,MEDIUM,OPEN
CP004817,C000971,2026-09-09,NETWORK,Internet not working,HIGH,OPEN
CP004818,C000742,2025-10-23,OTHER,General complaint,HIGH,CLOSED
CP004819,C000689,2026-03-15,OTHER,Other issue,LOW,RESOLVED
CP004820,C000432,2026-09-11,RECHARGE,Recharge failed,LOW,RESOLVED
CP004821,C000615,2026-02-06,RECHARGE,Recharge amount not reflected,HIGH,IN_PROGRESS
CP004822,C000967,2025-11-26,OTHER,Other issue,MEDIUM,RESOLVED
CP004823,C000066,2026-05-02,PLAN,Plan related query,CRITICAL,CLOSED
CP004824,C000207,2026-08-25,RECHARGE,Recharge issue,MEDIUM,IN_PROGRESS
CP004825,C000580,2025-12-23,NETWORK,Internet not working,CRITICAL,CLOSED
CP004826,C000844,2026-07-11,NETWORK,Poor network coverage,MEDIUM,IN_PROGRESS
CP004827,C000599,2026-06-19,BILLING,Billing issue,MEDIUM,OPEN
CP004828,C000342,2026-01-05,NETWORK,Poor network coverage,MEDIUM,IN_PROGRESS
CP004829,C000541,2026-01-11,NETWORK,Poor network coverage,MEDIUM,OPEN
CP004830,C000257,2026-04-05,OTHER,General complaint,LOW,IN_PROGRESS
CP004831,C000776,2025-12-28,PLAN,Plan benefits not received,CRITICAL,IN_PROGRESS
CP004832,C000461,2026-05-01,NETWORK,Network issue,MEDIUM,RESOLVED
CP004833,C000781,2026-08-01,BILLING,Billing issue,HIGH,OPEN
CP004834,C000148,2026-02-03,BILLING,Unexpected charge,CRITICAL,CLOSED
CP004835,C000388,2026-04-26,RECHARGE,Recharge failed,MEDIUM,CLOSED
CP004836,C000463,2026-04-04,BILLING,Unexpected charge,LOW,IN_PROGRESS
CP004837,C000521,2026-05-15,RECHARGE,Recharge amount not reflected,MEDIUM,RESOLVED
CP004838,C000049,2026-06-27,BILLING,Unexpected charge,MEDIUM,CLOSED
CP004839,C000871,2026-09-17,BILLING,Incorrect bill amount,CRITICAL,OPEN
CP004840,C000716,2026-02-18,SIM,SIM replacement request,MEDIUM,IN_PROGRESS
CP004841,C000775,2026-01-22,NETWORK,Poor network coverage,MEDIUM,CLOSED
CP004842,C000900,2025-12-30,PLAN,Plan related query,HIGH,CLOSED
CP004843,C000755,2026-03-30,BILLING,Billing issue,CRITICAL,CLOSED
CP004844,C000890,2026-08-28,NETWORK,Poor network coverage,LOW,OPEN
CP004845,C000746,2026-06-03,OTHER,Other issue,MEDIUM,CLOSED
CP004846,C000654,2026-07-17,OTHER,General complaint,MEDIUM,IN_PROGRESS
CP004847,C000084,2026-04-29,OTHER,Service related issue,LOW,IN_PROGRESS
CP004848,C000174,2025-12-04,RECHARGE,Recharge issue,HIGH,CLOSED
CP004849,C000842,2026-09-12,NETWORK,Network issue,MEDIUM,OPEN
CP004850,C000318,2026-08-21,BILLING,Incorrect bill amount,LOW,RESOLVED
CP004851,C000979,2026-05-21,SIM,SIM not working,CRITICAL,IN_PROGRESS
CP004852,C000344,2026-08-16,NETWORK,Internet not working,CRITICAL,IN_PROGRESS
CP004853,C000717,2026-02-22,OTHER,Service related issue,MEDIUM,IN_PROGRESS
CP004854,C000296,2026-08-31,SIM,SIM activation issue,MEDIUM,RESOLVED
CP004855,C000879,2026-03-26,NETWORK,Internet not working,CRITICAL,CLOSED
CP004856,C000622,2026-02-20,OTHER,Other issue,MEDIUM,CLOSED
CP004857,C000725,2025-10-31,BILLING,Billing issue,MEDIUM,CLOSED
CP004858,C000307,2026-07-07,BILLING,Incorrect bill amount,MEDIUM,CLOSED
CP004859,C000289,2026-09-17,NETWORK,Internet not working,MEDIUM,CLOSED
CP004860,C000892,2026-08-14,BILLING,Billing issue,MEDIUM,RESOLVED
CP004861,C000083,2026-04-09,PLAN,Plan related query,LOW,OPEN
CP004862,C000615,2026-01-09,BILLING,Incorrect bill amount,LOW,CLOSED
CP004863,C000828,2026-07-17,SIM,SIM activation issue,MEDIUM,OPEN
CP004864,C000881,2026-05-02,OTHER,Service related issue,CRITICAL,CLOSED
CP004865,C000806,2026-09-22,SIM,SIM not working,HIGH,IN_PROGRESS
CP004866,C000921,2026-05-26,OTHER,Other issue,MEDIUM,IN_PROGRESS
CP004867,C000809,2026-02-22,SIM,SIM activation issue,CRITICAL,CLOSED
CP004868,C000265,2026-01-14,SIM,SIM not working,MEDIUM,RESOLVED
CP004869,C000704,2025-11-20,RECHARGE,Recharge issue,MEDIUM,IN_PROGRESS
CP004870,C000634,2026-05-21,SIM,SIM replacement request,LOW,CLOSED
CP004871,C000761,2026-03-16,PLAN,Plan related query,MEDIUM,RESOLVED
CP004872,C000953,2025-12-23,RECHARGE,Recharge amount not reflected,MEDIUM,IN_PROGRESS
CP004873,C000384,2026-06-24,PLAN,Plan activation issue,MEDIUM,RESOLVED
CP004874,C000907,2026-09-21,NETWORK,Poor network coverage,LOW,IN_PROGRESS
CP004875,C000124,2026-06-17,SIM,SIM activation issue,CRITICAL,OPEN
CP004876,C000783,2025-12-29,PLAN,Plan related query,MEDIUM,IN_PROGRESS
CP004877,C000125,2026-03-03,PLAN,Plan activation issue,LOW,RESOLVED
CP004878,C000086,2026-04-04,RECHARGE,Recharge failed,MEDIUM,OPEN
CP004879,C000923,2026-06-01,RECHARGE,Recharge failed,MEDIUM,RESOLVED
CP004880,C000413,2025-12-15,OTHER,Other issue,LOW,CLOSED
CP004881,C000208,2026-05-15,SIM,SIM replacement request,MEDIUM,IN_PROGRESS
CP004882,C000256,2026-06-12,BILLING,Billing issue,HIGH,CLOSED
CP004883,C000967,2026-02-22,NETWORK,Network issue,MEDIUM,RESOLVED
CP004884,C000291,2026-08-10,BILLING,Incorrect bill amount,HIGH,OPEN
CP004885,C000170,2026-03-24,SIM,SIM replacement request,MEDIUM,RESOLVED
CP004886,C000060,2026-01-29,RECHARGE,Recharge failed,LOW,IN_PROGRESS
CP004887,C000665,2026-05-20,NETWORK,Slow internet,MEDIUM,CLOSED
CP004888,C000861,2026-03-18,PLAN,Plan related query,MEDIUM,IN_PROGRESS
CP004889,C000749,2026-03-12,NETWORK,Network issue,CRITICAL,CLOSED
CP004890,C000584,2026-07-28,NETWORK,Network issue,LOW,OPEN
CP004891,C000699,2026-05-05,PLAN,Plan benefits not received,MEDIUM,RESOLVED
CP004892,C000149,2025-11-07,OTHER,General complaint,MEDIUM,OPEN
CP004893,C000580,2026-01-20,BILLING,Billing issue,MEDIUM,RESOLVED
CP004894,C000534,2026-07-15,SIM,SIM activation issue,MEDIUM,OPEN
CP004895,C000911,2026-08-01,RECHARGE,Recharge amount not reflected,MEDIUM,CLOSED
CP004896,C000176,2026-04-19,NETWORK,Internet not working,MEDIUM,IN_PROGRESS
CP004897,C000815,2026-06-05,OTHER,Service related issue,MEDIUM,RESOLVED
CP004898,C000832,2026-06-24,BILLING,Billing issue,HIGH,IN_PROGRESS
CP004899,C000780,2026-09-10,PLAN,Plan related query,LOW,CLOSED
CP004900,C000632,2025-10-18,RECHARGE,Recharge amount not reflected,HIGH,CLOSED
CP004901,C000896,2026-08-18,RECHARGE,Recharge amount not reflected,CRITICAL,IN_PROGRESS
CP004902,C000709,2026-08-01,OTHER,Other issue,HIGH,OPEN
CP004903,C000931,2026-07-12,PLAN,Plan benefits not received,MEDIUM,OPEN
CP004904,C000539,2026-03-09,OTHER,Service related issue,MEDIUM,CLOSED
CP004905,C000537,2026-08-23,BILLING,Billing issue,CRITICAL,IN_PROGRESS
CP004906,C000217,2026-07-06,BILLING,Incorrect bill amount,LOW,IN_PROGRESS
CP004907,C000335,2026-05-30,RECHARGE,Recharge issue,LOW,OPEN
CP004908,C000760,2025-12-16,NETWORK,Slow internet,CRITICAL,CLOSED
CP004909,C000816,2025-12-08,PLAN,Plan benefits not received,CRITICAL,CLOSED
CP004910,C000263,2026-02-21,BILLING,Billing issue,LOW,IN_PROGRESS
CP004911,C000921,2026-03-06,SIM,SIM replacement request,MEDIUM,OPEN
CP004912,C000929,2025-10-20,PLAN,Plan related query,HIGH,OPEN
CP004913,C000211,2026-03-30,NETWORK,Internet not working,LOW,OPEN
CP004914,C000963,2026-01-14,RECHARGE,Recharge amount not reflected,CRITICAL,CLOSED
CP004915,C000066,2026-06-18,SIM,SIM activation issue,MEDIUM,OPEN
CP004916,C000259,2026-01-14,RECHARGE,Recharge issue,MEDIUM,OPEN
CP004917,C000725,2026-04-18,NETWORK,Internet not working,LOW,IN_PROGRESS
CP004918,C000375,2025-10-11,OTHER,Other issue,LOW,CLOSED
CP004919,C000355,2026-05-11,SIM,SIM activation issue,MEDIUM,OPEN
CP004920,C000210,2026-01-22,SIM,SIM replacement request,CRITICAL,CLOSED
CP004921,C000056,2025-11-04,NETWORK,Network issue,CRITICAL,OPEN
CP004922,C000312,2025-12-22,RECHARGE,Recharge amount not reflected,MEDIUM,IN_PROGRESS
CP004923,C000444,2026-06-09,BILLING,Unexpected charge,MEDIUM,OPEN
CP004924,C000984,2026-01-30,SIM,SIM not working,MEDIUM,IN_PROGRESS
CP004925,C000719,2026-05-20,BILLING,Unexpected charge,CRITICAL,IN_PROGRESS
CP004926,C000569,2026-05-04,SIM,SIM not working,MEDIUM,IN_PROGRESS
CP004927,C000872,2026-03-20,PLAN,Plan activation issue,MEDIUM,RESOLVED
CP004928,C000766,2026-03-07,SIM,SIM not working,CRITICAL,CLOSED
CP004929,C000719,2026-02-20,OTHER,Other issue,HIGH,OPEN
CP004930,C000289,2026-05-10,SIM,SIM not working,CRITICAL,CLOSED
CP004931,C000418,2026-05-26,SIM,SIM not working,HIGH,OPEN
CP004932,C000462,2026-06-01,PLAN,Plan activation issue,CRITICAL,OPEN
CP004933,C000660,2026-09-15,BILLING,Incorrect bill amount,MEDIUM,IN_PROGRESS
CP004934,C000151,2026-06-08,NETWORK,Network issue,HIGH,RESOLVED
CP004935,C000291,2026-09-09,BILLING,Incorrect bill amount,MEDIUM,IN_PROGRESS
CP004936,C000154,2025-12-30,OTHER,Service related issue,MEDIUM,CLOSED
CP004937,C000957,2026-03-12,BILLING,Unexpected charge,MEDIUM,IN_PROGRESS
CP004938,C000750,2026-06-07,BILLING,Unexpected charge,CRITICAL,OPEN
CP004939,C000877,2026-06-13,PLAN,Plan activation issue,HIGH,CLOSED
CP004940,C000296,2026-08-04,RECHARGE,Recharge issue,HIGH,RESOLVED
CP004941,C000366,2026-03-19,SIM,SIM not working,MEDIUM,OPEN
CP004942,C000452,2026-07-10,PLAN,Plan benefits not received,MEDIUM,OPEN
CP004943,C000942,2026-05-06,NETWORK,Slow internet,LOW,RESOLVED
CP004944,C000251,2026-01-30,SIM,SIM not working,LOW,RESOLVED
CP004945,C000059,2026-07-21,SIM,SIM not working,HIGH,IN_PROGRESS
CP004946,C000702,2026-06-11,OTHER,Other issue,MEDIUM,IN_PROGRESS
CP004947,C000040,2026-01-19,PLAN,Plan activation issue,LOW,RESOLVED
CP004948,C000823,2026-04-04,SIM,SIM replacement request,MEDIUM,IN_PROGRESS
CP004949,C000527,2025-12-28,SIM,SIM activation issue,HIGH,RESOLVED
CP004950,C000890,2026-07-26,OTHER,Other issue,LOW,CLOSED
CP004951,C000563,2026-01-12,BILLING,Incorrect bill amount,MEDIUM,OPEN
CP004952,C000195,2026-02-19,NETWORK,Poor network coverage,LOW,RESOLVED
CP004953,C000834,2025-11-17,NETWORK,Slow internet,LOW,IN_PROGRESS
CP004954,C000840,2026-08-10,RECHARGE,Recharge amount not reflected,MEDIUM,OPEN
CP004955,C000444,2025-12-09,PLAN,Plan benefits not received,CRITICAL,CLOSED
CP004956,C000453,2025-12-05,PLAN,Plan activation issue,HIGH,CLOSED
CP004957,C000563,2026-04-28,RECHARGE,Recharge failed,MEDIUM,IN_PROGRESS
CP004958,C000799,2026-04-16,SIM,SIM activation issue,HIGH,IN_PROGRESS
CP004959,C000018,2026-01-07,BILLING,Unexpected charge,LOW,IN_PROGRESS
CP004960,C000487,2026-01-04,SIM,SIM replacement request,MEDIUM,IN_PROGRESS
CP004961,C000794,2026-06-19,NETWORK,Internet not working,MEDIUM,IN_PROGRESS
CP004962,C000874,2026-08-23,OTHER,Service related issue,MEDIUM,CLOSED
CP004963,C000234,2026-09-08,RECHARGE,Recharge amount not reflected,MEDIUM,CLOSED
CP004964,C000618,2025-11-11,SIM,SIM replacement request,MEDIUM,CLOSED
CP004965,C000744,2026-07-11,RECHARGE,Recharge failed,HIGH,CLOSED
CP004966,C000505,2026-07-27,BILLING,Unexpected charge,CRITICAL,CLOSED
CP004967,C000261,2025-09-28,SIM,SIM activation issue,CRITICAL,OPEN
CP004968,C000825,2025-10-21,SIM,SIM activation issue,HIGH,IN_PROGRESS
CP004969,C000759,2025-11-24,BILLING,Unexpected charge,MEDIUM,OPEN
CP004970,C000551,2026-06-23,BILLING,Unexpected charge,MEDIUM,IN_PROGRESS
CP004971,C000983,2026-04-26,PLAN,Plan benefits not received,CRITICAL,CLOSED
CP004972,C000445,2026-02-18,NETWORK,Network issue,MEDIUM,CLOSED
CP004973,C000454,2026-06-04,NETWORK,Network issue,MEDIUM,RESOLVED
CP004974,C000587,2026-09-02,BILLING,Unexpected charge,MEDIUM,OPEN
CP004975,C000661,2026-01-24,BILLING,Billing issue,MEDIUM,OPEN
CP004976,C000434,2026-06-17,NETWORK,Slow internet,MEDIUM,RESOLVED
CP004977,C000211,2026-01-01,BILLING,Billing issue,MEDIUM,RESOLVED
CP004978,C000903,2025-12-20,PLAN,Plan related query,MEDIUM,RESOLVED
CP004979,C000763,2026-01-11,NETWORK,Network issue,LOW,IN_PROGRESS
CP004980,C000325,2026-01-16,SIM,SIM activation issue,CRITICAL,IN_PROGRESS
CP004981,C000195,2025-12-28,BILLING,Billing issue,HIGH,CLOSED
CP004982,C000334,2025-10-14,PLAN,Plan benefits not received,MEDIUM,IN_PROGRESS
CP004983,C000486,2026-03-08,RECHARGE,Recharge failed,LOW,IN_PROGRESS
CP004984,C000454,2026-04-23,BILLING,Billing issue,CRITICAL,IN_PROGRESS
CP004985,C000065,2026-07-05,NETWORK,Slow internet,LOW,IN_PROGRESS
CP004986,C000850,2026-05-22,OTHER,Service related issue,LOW,OPEN
CP004987,C000408,2026-08-04,SIM,SIM replacement request,MEDIUM,RESOLVED
CP004988,C000240,2026-01-20,BILLING,Billing issue,CRITICAL,CLOSED
CP004989,C000447,2026-06-11,OTHER,General complaint,MEDIUM,IN_PROGRESS
CP004990,C000745,2026-02-04,RECHARGE,Recharge failed,CRITICAL,IN_PROGRESS
CP004991,C000571,2025-12-20,PLAN,Plan related query,LOW,CLOSED
CP004992,C000474,2026-07-26,OTHER,General complaint,LOW,OPEN
CP004993,C000749,2026-04-29,BILLING,Unexpected charge,MEDIUM,RESOLVED
CP004994,C000699,2026-09-01,SIM,SIM replacement request,LOW,IN_PROGRESS
CP004995,C000977,2026-06-27,PLAN,Plan benefits not received,HIGH,OPEN
CP004996,C000551,2026-03-23,OTHER,Service related issue,MEDIUM,CLOSED
CP004997,C000280,2026-01-12,OTHER,Other issue,MEDIUM,IN_PROGRESS
CP004998,C000308,2026-01-30,BILLING,Incorrect bill amount,LOW,CLOSED
CP004999,C000544,2026-08-26,OTHER,Service related issue,MEDIUM,IN_PROGRESS
CP005000,C000777,2026-07-15,OTHER,Other issue,MEDIUM,OPEN
