event_id,event_date,city,event_type,severity,duration_minutes,affected_users,status
NE000001,2025-11-16,Indore,CONGESTION,CRITICAL,276,158,OPEN
NE000002,2026-05-14,Bhopal,PACKET_LOSS,MEDIUM,221,4550,OPEN
NE000003,2026-04-16,Thane,PACKET_LOSS,MEDIUM,203,3176,CLOSED
NE000004,2026-01-16,Thane,OUTAGE,CRITICAL,226,1663,RESOLVED
NE000005,2026-07-11,Pune,CONGESTION,MEDIUM,92,2060,CLOSED
NE000006,2026-07-08,Indore,CONGESTION,MEDIUM,133,2943,RESOLVED
NE000007,2026-04-20,Pune,OUTAGE,LOW,55,4178,OPEN
NE000008,2026-05-16,Thane,CONGESTION,CRITICAL,261,4293,OPEN
NE000009,2025-09-25,Indore,CONGESTION,HIGH,67,1064,OPEN
NE000010,2025-10-07,Nashik,LOW_SIGNAL,MEDIUM,127,4181,RESOLVED
NE000011,2026-04-29,Nagpur,HIGH_LATENCY,HIGH,142,4507,IN_PROGRESS
NE000012,2026-03-31,Nagpur,CONGESTION,CRITICAL,203,4454,IN_PROGRESS
NE000013,2026-04-12,Indore,HIGH_LATENCY,LOW,262,1407,OPEN
NE000014,2025-09-24,Thane,LOW_SIGNAL,HIGH,136,615,OPEN
NE000015,2026-09-14,Indore,OUTAGE,CRITICAL,186,1805,CLOSED
NE000016,2026-04-07,Indore,OUTAGE,CRITICAL,13,2238,OPEN
NE000017,2026-07-11,Pune,CONGESTION,HIGH,246,2257,OPEN
NE000018,2026-01-26,Thane,LOW_SIGNAL,LOW,54,3363,OPEN
NE000019,2026-08-16,Nashik,PACKET_LOSS,MEDIUM,34,4440,RESOLVED
NE000020,2026-02-28,Pune,OUTAGE,MEDIUM,285,4947,IN_PROGRESS
NE000021,2025-09-29,Indore,OUTAGE,MEDIUM,87,4115,IN_PROGRESS
NE000022,2026-04-03,Nagpur,CONGESTION,MEDIUM,19,3941,CLOSED
NE000023,2026-09-22,Thane,OUTAGE,MEDIUM,25,814,RESOLVED
NE000024,2026-02-21,Mumbai,PACKET_LOSS,MEDIUM,264,1058,OPEN
NE000025,2025-11-26,Pune,LOW_SIGNAL,CRITICAL,245,2818,OPEN
NE000026,2026-01-05,Mumbai,CONGESTION,HIGH,136,4092,RESOLVED
NE000027,2025-12-02,Pune,PACKET_LOSS,CRITICAL,277,4926,CLOSED
NE000028,2025-11-01,Thane,HIGH_LATENCY,MEDIUM,39,3597,OPEN
NE000029,2026-05-02,Nashik,OUTAGE,HIGH,59,415,IN_PROGRESS
NE000030,2026-08-23,Mumbai,LOW_SIGNAL,CRITICAL,110,1253,OPEN
NE000031,2026-04-10,Thane,OUTAGE,CRITICAL,183,481,CLOSED
NE000032,2026-05-19,Thane,PACKET_LOSS,LOW,193,4538,RESOLVED
NE000033,2026-01-06,Nagpur,HIGH_LATENCY,HIGH,243,4510,RESOLVED
NE000034,2026-09-01,Nashik,LOW_SIGNAL,MEDIUM,166,251,OPEN
NE000035,2026-08-03,Pune,HIGH_LATENCY,MEDIUM,129,3967,IN_PROGRESS
NE000036,2026-08-30,Nagpur,CONGESTION,CRITICAL,181,3002,RESOLVED
NE000037,2026-06-02,Pune,PACKET_LOSS,MEDIUM,7,1074,CLOSED
NE000038,2026-03-31,Mumbai,CONGESTION,HIGH,37,3039,OPEN
NE000039,2026-05-22,Thane,LOW_SIGNAL,LOW,156,2302,OPEN
NE000040,2026-06-09,Mumbai,HIGH_LATENCY,CRITICAL,259,3041,RESOLVED
NE000041,2025-11-27,Mumbai,HIGH_LATENCY,CRITICAL,300,2469,OPEN
NE000042,2026-04-12,Nagpur,CONGESTION,MEDIUM,106,1614,RESOLVED
NE000043,2025-09-26,Mumbai,CONGESTION,MEDIUM,157,4259,OPEN
NE000044,2026-04-19,Thane,LOW_SIGNAL,MEDIUM,115,1209,RESOLVED
NE000045,2026-05-26,Pune,OUTAGE,MEDIUM,232,1033,IN_PROGRESS
NE000046,2026-08-11,Indore,HIGH_LATENCY,HIGH,162,2393,RESOLVED
NE000047,2026-08-25,Nashik,OUTAGE,MEDIUM,191,766,RESOLVED
NE000048,2026-05-25,Nashik,OUTAGE,HIGH,52,3383,IN_PROGRESS
NE000049,2025-10-12,Bhopal,HIGH_LATENCY,MEDIUM,167,212,RESOLVED
NE000050,2026-07-23,Bhopal,HIGH_LATENCY,LOW,210,2517,IN_PROGRESS
NE000051,2026-03-15,Nashik,LOW_SIGNAL,MEDIUM,198,787,CLOSED
NE000052,2026-01-18,Nagpur,LOW_SIGNAL,LOW,279,1979,CLOSED
NE000053,2026-07-25,Thane,PACKET_LOSS,LOW,116,4965,CLOSED
NE000054,2026-02-22,Nashik,HIGH_LATENCY,LOW,237,4931,CLOSED
NE000055,2026-08-19,Mumbai,PACKET_LOSS,HIGH,297,1968,RESOLVED
NE000056,2026-02-15,Indore,OUTAGE,CRITICAL,98,173,OPEN
NE000057,2026-07-15,Nagpur,PACKET_LOSS,MEDIUM,42,4088,RESOLVED
NE000058,2025-12-24,Bhopal,HIGH_LATENCY,CRITICAL,83,87,IN_PROGRESS
NE000059,2026-08-23,Thane,PACKET_LOSS,LOW,72,100,OPEN
NE000060,2025-12-02,Nashik,LOW_SIGNAL,MEDIUM,37,709,OPEN
NE000061,2026-03-28,Nagpur,LOW_SIGNAL,LOW,54,1404,OPEN
NE000062,2026-09-04,Thane,OUTAGE,LOW,279,4104,OPEN
NE000063,2026-01-30,Nashik,OUTAGE,MEDIUM,256,3045,RESOLVED
NE000064,2025-09-30,Mumbai,LOW_SIGNAL,MEDIUM,300,3931,CLOSED
NE000065,2026-07-06,Mumbai,CONGESTION,MEDIUM,268,1626,CLOSED
NE000066,2026-04-23,Indore,LOW_SIGNAL,CRITICAL,99,2740,OPEN
NE000067,2025-09-25,Indore,LOW_SIGNAL,LOW,287,993,IN_PROGRESS
NE000068,2026-03-29,Bhopal,CONGESTION,CRITICAL,213,4676,OPEN
NE000069,2025-12-07,Nashik,LOW_SIGNAL,LOW,22,3328,CLOSED
NE000070,2026-07-06,Mumbai,CONGESTION,MEDIUM,57,2192,OPEN
NE000071,2026-02-22,Nagpur,PACKET_LOSS,HIGH,263,4986,OPEN
NE000072,2026-04-15,Indore,CONGESTION,MEDIUM,96,4976,RESOLVED
NE000073,2026-03-24,Bhopal,HIGH_LATENCY,LOW,260,2360,RESOLVED
NE000074,2026-04-12,Bhopal,PACKET_LOSS,MEDIUM,144,4195,IN_PROGRESS
NE000075,2025-10-01,Indore,HIGH_LATENCY,HIGH,256,2468,OPEN
NE000076,2026-02-17,Bhopal,OUTAGE,MEDIUM,158,4931,RESOLVED
NE000077,2026-05-06,Pune,CONGESTION,MEDIUM,268,1357,RESOLVED
NE000078,2026-02-25,Thane,CONGESTION,HIGH,141,2880,OPEN
NE000079,2026-03-22,Nashik,OUTAGE,CRITICAL,141,4489,IN_PROGRESS
NE000080,2026-06-24,Pune,LOW_SIGNAL,HIGH,122,1650,IN_PROGRESS
NE000081,2025-12-12,Bhopal,OUTAGE,LOW,119,2161,IN_PROGRESS
NE000082,2025-11-25,Nashik,OUTAGE,LOW,170,1678,CLOSED
NE000083,2026-04-17,Pune,OUTAGE,MEDIUM,119,3170,RESOLVED
NE000084,2026-08-11,Thane,LOW_SIGNAL,HIGH,44,3318,RESOLVED
NE000085,2025-11-23,Nashik,OUTAGE,LOW,276,411,IN_PROGRESS
NE000086,2026-03-10,Nashik,OUTAGE,MEDIUM,44,2953,CLOSED
NE000087,2026-06-04,Pune,HIGH_LATENCY,MEDIUM,167,16,RESOLVED
NE000088,2026-01-09,Pune,OUTAGE,LOW,98,3620,IN_PROGRESS
NE000089,2026-02-26,Thane,CONGESTION,MEDIUM,89,2824,RESOLVED
NE000090,2026-07-25,Bhopal,LOW_SIGNAL,LOW,295,3611,RESOLVED
NE000091,2026-06-27,Thane,LOW_SIGNAL,HIGH,41,618,IN_PROGRESS
NE000092,2025-10-14,Nagpur,PACKET_LOSS,MEDIUM,120,1695,CLOSED
NE000093,2026-04-09,Thane,CONGESTION,HIGH,40,814,CLOSED
NE000094,2026-03-21,Thane,HIGH_LATENCY,MEDIUM,71,307,CLOSED
NE000095,2026-09-09,Indore,OUTAGE,HIGH,299,3767,IN_PROGRESS
NE000096,2026-03-31,Thane,HIGH_LATENCY,LOW,164,4767,CLOSED
NE000097,2026-02-21,Bhopal,PACKET_LOSS,HIGH,86,491,CLOSED
NE000098,2026-05-09,Bhopal,PACKET_LOSS,MEDIUM,217,2290,CLOSED
NE000099,2026-01-17,Nagpur,PACKET_LOSS,MEDIUM,223,821,RESOLVED
NE000100,2026-01-21,Indore,PACKET_LOSS,HIGH,126,1018,OPEN
NE000101,2026-07-12,Indore,PACKET_LOSS,CRITICAL,47,2337,RESOLVED
NE000102,2025-12-29,Thane,OUTAGE,HIGH,216,1402,RESOLVED
NE000103,2025-10-02,Thane,LOW_SIGNAL,LOW,167,4334,RESOLVED
NE000104,2026-06-25,Thane,OUTAGE,MEDIUM,78,2208,OPEN
NE000105,2026-01-16,Indore,OUTAGE,CRITICAL,164,135,CLOSED
NE000106,2026-03-08,Bhopal,LOW_SIGNAL,MEDIUM,218,4237,OPEN
NE000107,2025-09-28,Indore,LOW_SIGNAL,MEDIUM,86,2488,IN_PROGRESS
NE000108,2026-08-24,Thane,CONGESTION,LOW,135,111,CLOSED
NE000109,2026-02-11,Indore,OUTAGE,MEDIUM,134,701,OPEN
NE000110,2025-12-14,Nagpur,LOW_SIGNAL,HIGH,202,2929,CLOSED
NE000111,2026-07-24,Nagpur,OUTAGE,LOW,141,2856,CLOSED
NE000112,2026-05-15,Bhopal,OUTAGE,CRITICAL,151,3104,RESOLVED
NE000113,2026-08-30,Nagpur,HIGH_LATENCY,HIGH,207,4781,CLOSED
NE000114,2026-01-30,Bhopal,LOW_SIGNAL,CRITICAL,34,127,IN_PROGRESS
NE000115,2026-09-14,Nashik,CONGESTION,HIGH,216,4308,CLOSED
NE000116,2026-02-27,Thane,OUTAGE,CRITICAL,209,1546,RESOLVED
NE000117,2026-04-16,Nashik,HIGH_LATENCY,HIGH,78,4772,IN_PROGRESS
NE000118,2026-09-17,Mumbai,CONGESTION,HIGH,296,3954,IN_PROGRESS
NE000119,2025-12-05,Bhopal,HIGH_LATENCY,MEDIUM,140,2359,CLOSED
NE000120,2026-07-16,Pune,CONGESTION,LOW,173,2501,CLOSED
NE000121,2026-01-28,Nagpur,HIGH_LATENCY,HIGH,73,1058,OPEN
NE000122,2026-03-06,Thane,LOW_SIGNAL,LOW,8,3602,CLOSED
NE000123,2026-08-29,Indore,CONGESTION,CRITICAL,119,4269,IN_PROGRESS
NE000124,2026-07-30,Nashik,PACKET_LOSS,MEDIUM,41,2778,IN_PROGRESS
NE000125,2026-09-08,Nashik,CONGESTION,CRITICAL,105,183,RESOLVED
NE000126,2026-02-25,Nagpur,PACKET_LOSS,HIGH,294,3069,CLOSED
NE000127,2026-09-19,Nashik,HIGH_LATENCY,HIGH,292,1876,IN_PROGRESS
NE000128,2026-05-23,Thane,HIGH_LATENCY,MEDIUM,154,82,IN_PROGRESS
NE000129,2026-05-06,Indore,OUTAGE,CRITICAL,87,1574,OPEN
NE000130,2026-07-15,Mumbai,OUTAGE,LOW,220,268,RESOLVED
NE000131,2026-09-04,Pune,CONGESTION,CRITICAL,268,1850,IN_PROGRESS
NE000132,2026-03-02,Thane,OUTAGE,HIGH,13,3083,RESOLVED
NE000133,2026-07-23,Bhopal,PACKET_LOSS,MEDIUM,110,2692,CLOSED
NE000134,2026-08-03,Nashik,PACKET_LOSS,HIGH,163,1942,CLOSED
NE000135,2026-05-25,Pune,CONGESTION,MEDIUM,258,998,RESOLVED
NE000136,2026-07-22,Nagpur,HIGH_LATENCY,MEDIUM,199,1702,RESOLVED
NE000137,2025-12-12,Indore,CONGESTION,HIGH,13,198,OPEN
NE000138,2026-05-06,Pune,HIGH_LATENCY,LOW,180,2364,CLOSED
NE000139,2026-03-27,Mumbai,HIGH_LATENCY,LOW,263,441,OPEN
NE000140,2026-07-28,Pune,OUTAGE,MEDIUM,26,419,CLOSED
NE000141,2026-05-07,Pune,HIGH_LATENCY,MEDIUM,262,2396,RESOLVED
NE000142,2025-10-09,Thane,PACKET_LOSS,LOW,256,378,CLOSED
NE000143,2026-08-06,Mumbai,OUTAGE,MEDIUM,41,294,RESOLVED
NE000144,2026-02-02,Indore,PACKET_LOSS,HIGH,44,3813,IN_PROGRESS
NE000145,2026-01-31,Indore,HIGH_LATENCY,HIGH,186,3074,IN_PROGRESS
NE000146,2026-06-19,Thane,PACKET_LOSS,LOW,76,1686,OPEN
NE000147,2026-07-06,Thane,HIGH_LATENCY,CRITICAL,23,1479,RESOLVED
NE000148,2026-09-05,Pune,HIGH_LATENCY,HIGH,201,3441,RESOLVED
NE000149,2026-09-16,Pune,OUTAGE,HIGH,66,273,OPEN
NE000150,2025-10-25,Nashik,LOW_SIGNAL,MEDIUM,187,177,CLOSED
NE000151,2026-08-29,Nashik,LOW_SIGNAL,HIGH,268,3431,IN_PROGRESS
NE000152,2026-05-17,Nagpur,CONGESTION,LOW,43,1046,IN_PROGRESS
NE000153,2026-07-14,Nagpur,LOW_SIGNAL,HIGH,197,1517,CLOSED
NE000154,2025-11-02,Thane,PACKET_LOSS,HIGH,44,1562,IN_PROGRESS
NE000155,2026-08-24,Thane,OUTAGE,HIGH,266,152,OPEN
NE000156,2026-09-19,Mumbai,PACKET_LOSS,LOW,232,253,CLOSED
NE000157,2025-10-28,Bhopal,PACKET_LOSS,LOW,91,1824,OPEN
NE000158,2026-09-04,Nagpur,OUTAGE,LOW,121,1170,OPEN
NE000159,2026-01-18,Bhopal,LOW_SIGNAL,CRITICAL,137,2359,OPEN
NE000160,2025-10-25,Bhopal,CONGESTION,MEDIUM,104,2390,OPEN
NE000161,2025-09-23,Bhopal,HIGH_LATENCY,CRITICAL,267,3972,IN_PROGRESS
NE000162,2025-09-25,Nagpur,CONGESTION,MEDIUM,48,3184,IN_PROGRESS
NE000163,2026-06-14,Indore,CONGESTION,MEDIUM,20,412,IN_PROGRESS
NE000164,2026-02-07,Indore,OUTAGE,MEDIUM,284,753,CLOSED
NE000165,2025-10-08,Mumbai,OUTAGE,CRITICAL,127,3222,IN_PROGRESS
NE000166,2025-09-26,Nagpur,LOW_SIGNAL,CRITICAL,136,1865,CLOSED
NE000167,2026-03-09,Bhopal,CONGESTION,CRITICAL,209,3243,IN_PROGRESS
NE000168,2025-11-07,Thane,OUTAGE,MEDIUM,142,4919,OPEN
NE000169,2026-03-04,Nashik,OUTAGE,MEDIUM,96,3821,CLOSED
NE000170,2026-08-03,Pune,HIGH_LATENCY,CRITICAL,21,1355,RESOLVED
NE000171,2026-03-23,Nashik,HIGH_LATENCY,HIGH,127,2929,IN_PROGRESS
NE000172,2025-10-31,Pune,LOW_SIGNAL,MEDIUM,106,4848,OPEN
NE000173,2026-08-10,Indore,PACKET_LOSS,MEDIUM,191,2740,RESOLVED
NE000174,2026-03-28,Mumbai,LOW_SIGNAL,LOW,256,2015,OPEN
NE000175,2026-06-27,Nagpur,PACKET_LOSS,MEDIUM,255,4784,CLOSED
NE000176,2025-12-29,Thane,OUTAGE,CRITICAL,91,2107,RESOLVED
NE000177,2026-04-28,Nashik,OUTAGE,CRITICAL,16,1805,RESOLVED
NE000178,2026-07-27,Indore,CONGESTION,MEDIUM,205,2620,IN_PROGRESS
NE000179,2025-09-25,Pune,LOW_SIGNAL,MEDIUM,95,2739,IN_PROGRESS
NE000180,2026-02-23,Nashik,CONGESTION,HIGH,235,533,RESOLVED
NE000181,2026-03-10,Nashik,PACKET_LOSS,HIGH,262,3975,CLOSED
NE000182,2025-10-04,Pune,CONGESTION,MEDIUM,246,3488,OPEN
NE000183,2026-08-17,Pune,LOW_SIGNAL,MEDIUM,146,3616,RESOLVED
NE000184,2026-03-19,Indore,HIGH_LATENCY,LOW,118,88,OPEN
NE000185,2025-10-26,Pune,PACKET_LOSS,MEDIUM,101,3337,OPEN
NE000186,2026-01-20,Mumbai,OUTAGE,CRITICAL,140,4936,OPEN
NE000187,2026-07-10,Mumbai,HIGH_LATENCY,CRITICAL,18,2310,OPEN
NE000188,2026-07-10,Mumbai,LOW_SIGNAL,LOW,208,4999,OPEN
NE000189,2026-02-18,Nashik,LOW_SIGNAL,MEDIUM,5,1519,OPEN
NE000190,2025-10-05,Bhopal,OUTAGE,HIGH,271,3826,CLOSED
NE000191,2026-04-18,Nagpur,CONGESTION,MEDIUM,293,1442,IN_PROGRESS
NE000192,2026-08-22,Pune,HIGH_LATENCY,CRITICAL,263,3634,CLOSED
NE000193,2026-07-05,Mumbai,LOW_SIGNAL,LOW,228,1707,CLOSED
NE000194,2026-09-20,Nashik,OUTAGE,CRITICAL,23,2924,IN_PROGRESS
NE000195,2026-07-03,Thane,CONGESTION,MEDIUM,295,4813,RESOLVED
NE000196,2026-01-14,Bhopal,LOW_SIGNAL,MEDIUM,201,3156,OPEN
NE000197,2026-02-10,Nashik,LOW_SIGNAL,MEDIUM,259,1268,OPEN
NE000198,2026-04-09,Pune,CONGESTION,CRITICAL,39,4342,IN_PROGRESS
NE000199,2026-06-03,Thane,HIGH_LATENCY,MEDIUM,202,2297,CLOSED
NE000200,2026-08-16,Nagpur,LOW_SIGNAL,MEDIUM,240,3789,OPEN
NE000201,2026-05-23,Pune,LOW_SIGNAL,LOW,253,2504,CLOSED
NE000202,2025-10-21,Pune,PACKET_LOSS,MEDIUM,161,3990,CLOSED
NE000203,2026-09-20,Nashik,PACKET_LOSS,LOW,268,2841,CLOSED
NE000204,2025-11-19,Thane,PACKET_LOSS,LOW,260,2134,OPEN
NE000205,2026-03-06,Nagpur,LOW_SIGNAL,CRITICAL,172,2102,OPEN
NE000206,2026-08-16,Pune,CONGESTION,MEDIUM,17,2857,RESOLVED
NE000207,2026-06-23,Nashik,OUTAGE,LOW,122,1613,RESOLVED
NE000208,2025-12-23,Thane,LOW_SIGNAL,HIGH,282,4986,OPEN
NE000209,2026-08-14,Indore,OUTAGE,CRITICAL,98,3472,CLOSED
NE000210,2026-09-22,Nashik,PACKET_LOSS,MEDIUM,96,1222,CLOSED
NE000211,2026-02-19,Pune,CONGESTION,LOW,279,4134,OPEN
NE000212,2026-03-01,Pune,HIGH_LATENCY,MEDIUM,36,1781,OPEN
NE000213,2026-08-28,Bhopal,HIGH_LATENCY,MEDIUM,194,474,IN_PROGRESS
NE000214,2025-11-19,Nashik,OUTAGE,MEDIUM,269,1695,RESOLVED
NE000215,2026-07-28,Nashik,PACKET_LOSS,LOW,287,1216,RESOLVED
NE000216,2025-12-08,Nashik,CONGESTION,CRITICAL,190,4002,OPEN
NE000217,2026-01-15,Thane,PACKET_LOSS,LOW,288,2256,IN_PROGRESS
NE000218,2026-01-05,Nagpur,LOW_SIGNAL,HIGH,98,4904,CLOSED
NE000219,2025-11-25,Nagpur,HIGH_LATENCY,HIGH,292,2329,RESOLVED
NE000220,2026-02-27,Mumbai,LOW_SIGNAL,MEDIUM,213,3474,CLOSED
NE000221,2025-12-09,Mumbai,HIGH_LATENCY,LOW,154,4268,IN_PROGRESS
NE000222,2026-09-07,Bhopal,LOW_SIGNAL,MEDIUM,152,2387,OPEN
NE000223,2026-02-13,Bhopal,LOW_SIGNAL,LOW,262,3300,OPEN
NE000224,2025-10-24,Bhopal,PACKET_LOSS,MEDIUM,171,2439,IN_PROGRESS
NE000225,2025-12-13,Mumbai,OUTAGE,MEDIUM,67,475,RESOLVED
NE000226,2026-06-20,Bhopal,OUTAGE,MEDIUM,234,2454,RESOLVED
NE000227,2026-07-05,Indore,PACKET_LOSS,CRITICAL,264,2270,RESOLVED
NE000228,2025-10-03,Nashik,LOW_SIGNAL,LOW,165,1885,IN_PROGRESS
NE000229,2026-08-31,Bhopal,OUTAGE,MEDIUM,38,3958,IN_PROGRESS
NE000230,2026-07-07,Nashik,LOW_SIGNAL,HIGH,255,3322,CLOSED
NE000231,2026-07-24,Nagpur,LOW_SIGNAL,HIGH,164,2423,IN_PROGRESS
NE000232,2025-11-25,Indore,LOW_SIGNAL,LOW,114,4145,OPEN
NE000233,2026-04-18,Indore,CONGESTION,MEDIUM,35,3873,OPEN
NE000234,2026-07-15,Thane,LOW_SIGNAL,MEDIUM,243,2511,CLOSED
NE000235,2026-01-18,Thane,CONGESTION,MEDIUM,233,1166,IN_PROGRESS
NE000236,2026-05-21,Pune,CONGESTION,MEDIUM,283,4542,CLOSED
NE000237,2025-10-06,Mumbai,PACKET_LOSS,MEDIUM,172,3661,OPEN
NE000238,2026-01-01,Nagpur,OUTAGE,LOW,125,3474,OPEN
NE000239,2026-01-25,Mumbai,CONGESTION,MEDIUM,81,4518,CLOSED
NE000240,2026-07-14,Indore,PACKET_LOSS,MEDIUM,170,292,CLOSED
NE000241,2026-07-13,Indore,CONGESTION,MEDIUM,123,4236,RESOLVED
NE000242,2026-02-03,Thane,HIGH_LATENCY,MEDIUM,299,773,RESOLVED
NE000243,2026-05-14,Thane,PACKET_LOSS,CRITICAL,199,4949,RESOLVED
NE000244,2026-02-27,Indore,CONGESTION,MEDIUM,232,4002,CLOSED
NE000245,2026-02-09,Indore,HIGH_LATENCY,LOW,32,2571,RESOLVED
NE000246,2026-04-19,Mumbai,CONGESTION,HIGH,261,668,CLOSED
NE000247,2026-08-07,Indore,HIGH_LATENCY,MEDIUM,121,4847,OPEN
NE000248,2026-05-10,Nagpur,CONGESTION,LOW,162,2803,CLOSED
NE000249,2025-10-10,Nagpur,PACKET_LOSS,LOW,248,1639,CLOSED
NE000250,2025-10-22,Bhopal,HIGH_LATENCY,HIGH,151,137,RESOLVED
NE000251,2026-04-18,Nagpur,LOW_SIGNAL,LOW,245,3108,RESOLVED
NE000252,2025-10-26,Indore,HIGH_LATENCY,CRITICAL,36,3739,IN_PROGRESS
NE000253,2026-04-22,Pune,OUTAGE,CRITICAL,59,2432,CLOSED
NE000254,2026-07-29,Pune,CONGESTION,MEDIUM,119,4934,OPEN
NE000255,2025-11-03,Bhopal,CONGESTION,MEDIUM,42,525,OPEN
NE000256,2026-04-14,Pune,CONGESTION,LOW,32,1436,CLOSED
NE000257,2025-12-05,Mumbai,PACKET_LOSS,LOW,297,4297,CLOSED
NE000258,2026-06-28,Nagpur,CONGESTION,CRITICAL,7,552,OPEN
NE000259,2026-05-20,Nagpur,LOW_SIGNAL,HIGH,234,3053,IN_PROGRESS
NE000260,2026-02-07,Indore,PACKET_LOSS,LOW,54,404,RESOLVED
NE000261,2026-08-19,Bhopal,HIGH_LATENCY,CRITICAL,280,877,CLOSED
NE000262,2026-01-27,Nashik,PACKET_LOSS,CRITICAL,86,4883,IN_PROGRESS
NE000263,2025-12-19,Nagpur,OUTAGE,LOW,136,2003,OPEN
NE000264,2026-05-07,Mumbai,HIGH_LATENCY,LOW,216,442,IN_PROGRESS
NE000265,2025-11-18,Nagpur,OUTAGE,HIGH,283,3194,RESOLVED
NE000266,2026-04-11,Nashik,HIGH_LATENCY,LOW,215,1834,IN_PROGRESS
NE000267,2026-03-15,Mumbai,OUTAGE,CRITICAL,5,3962,CLOSED
NE000268,2026-03-02,Indore,LOW_SIGNAL,CRITICAL,95,1980,OPEN
NE000269,2025-12-10,Bhopal,OUTAGE,HIGH,281,604,CLOSED
NE000270,2026-06-17,Nagpur,LOW_SIGNAL,HIGH,151,1033,OPEN
NE000271,2026-06-02,Mumbai,CONGESTION,MEDIUM,189,2664,IN_PROGRESS
NE000272,2026-05-23,Thane,LOW_SIGNAL,HIGH,202,505,CLOSED
NE000273,2025-10-24,Pune,CONGESTION,HIGH,49,1020,RESOLVED
NE000274,2025-11-18,Nashik,CONGESTION,CRITICAL,174,2207,CLOSED
NE000275,2025-10-29,Thane,PACKET_LOSS,MEDIUM,270,1397,CLOSED
NE000276,2026-09-09,Nagpur,OUTAGE,HIGH,253,3036,CLOSED
NE000277,2026-06-15,Thane,CONGESTION,HIGH,272,3828,IN_PROGRESS
NE000278,2025-12-29,Nashik,HIGH_LATENCY,CRITICAL,270,2107,CLOSED
NE000279,2025-12-11,Indore,LOW_SIGNAL,CRITICAL,288,41,OPEN
NE000280,2025-11-17,Mumbai,OUTAGE,MEDIUM,141,3342,OPEN
NE000281,2026-05-03,Thane,CONGESTION,CRITICAL,132,4599,CLOSED
NE000282,2025-11-16,Thane,HIGH_LATENCY,MEDIUM,233,3299,IN_PROGRESS
NE000283,2026-02-21,Indore,OUTAGE,MEDIUM,34,3587,CLOSED
NE000284,2026-01-01,Nashik,PACKET_LOSS,CRITICAL,236,1787,RESOLVED
NE000285,2026-08-10,Pune,CONGESTION,MEDIUM,31,1999,OPEN
NE000286,2026-05-20,Indore,OUTAGE,LOW,200,3012,IN_PROGRESS
NE000287,2026-01-25,Pune,LOW_SIGNAL,CRITICAL,203,128,OPEN
NE000288,2026-02-01,Nagpur,OUTAGE,CRITICAL,276,1222,IN_PROGRESS
NE000289,2026-03-05,Mumbai,HIGH_LATENCY,HIGH,205,3222,RESOLVED
NE000290,2026-03-01,Mumbai,HIGH_LATENCY,MEDIUM,105,1684,IN_PROGRESS
NE000291,2026-06-25,Mumbai,CONGESTION,HIGH,258,3167,RESOLVED
NE000292,2025-11-30,Thane,PACKET_LOSS,MEDIUM,295,1283,OPEN
NE000293,2026-09-20,Nagpur,HIGH_LATENCY,MEDIUM,92,3646,CLOSED
NE000294,2026-05-23,Bhopal,HIGH_LATENCY,MEDIUM,76,4932,RESOLVED
NE000295,2026-01-28,Nagpur,HIGH_LATENCY,MEDIUM,262,3699,RESOLVED
NE000296,2026-09-22,Nagpur,PACKET_LOSS,MEDIUM,271,344,IN_PROGRESS
NE000297,2026-04-10,Nashik,HIGH_LATENCY,HIGH,185,1156,CLOSED
NE000298,2026-09-09,Nashik,OUTAGE,LOW,105,1985,OPEN
NE000299,2025-11-12,Nagpur,HIGH_LATENCY,HIGH,114,893,IN_PROGRESS
NE000300,2026-01-17,Mumbai,HIGH_LATENCY,CRITICAL,293,2429,RESOLVED
NE000301,2026-01-12,Bhopal,PACKET_LOSS,LOW,76,1181,RESOLVED
NE000302,2026-09-17,Thane,CONGESTION,MEDIUM,115,1653,OPEN
NE000303,2025-11-20,Nashik,OUTAGE,HIGH,231,444,IN_PROGRESS
NE000304,2026-08-12,Pune,CONGESTION,LOW,168,4221,RESOLVED
NE000305,2026-08-08,Indore,OUTAGE,MEDIUM,284,2473,IN_PROGRESS
NE000306,2026-02-16,Thane,PACKET_LOSS,MEDIUM,192,4851,OPEN
NE000307,2026-03-07,Nashik,HIGH_LATENCY,MEDIUM,273,3308,RESOLVED
NE000308,2025-11-30,Pune,HIGH_LATENCY,LOW,104,2238,CLOSED
NE000309,2026-01-01,Mumbai,CONGESTION,HIGH,39,1982,OPEN
NE000310,2026-01-22,Mumbai,OUTAGE,CRITICAL,149,4926,OPEN
NE000311,2025-12-31,Indore,OUTAGE,LOW,190,4707,OPEN
NE000312,2026-03-10,Pune,CONGESTION,HIGH,207,4895,CLOSED
NE000313,2026-02-26,Nashik,PACKET_LOSS,HIGH,6,3855,RESOLVED
NE000314,2026-02-21,Bhopal,PACKET_LOSS,LOW,40,3683,OPEN
NE000315,2025-11-15,Pune,OUTAGE,LOW,101,4117,OPEN
NE000316,2026-09-03,Thane,LOW_SIGNAL,MEDIUM,11,3223,OPEN
NE000317,2025-12-08,Pune,OUTAGE,LOW,26,815,OPEN
NE000318,2026-09-03,Pune,CONGESTION,HIGH,216,682,IN_PROGRESS
NE000319,2026-03-02,Bhopal,OUTAGE,HIGH,98,2781,RESOLVED
NE000320,2025-10-15,Mumbai,OUTAGE,HIGH,155,1507,IN_PROGRESS
NE000321,2025-11-19,Mumbai,PACKET_LOSS,HIGH,116,4102,RESOLVED
NE000322,2026-03-02,Bhopal,PACKET_LOSS,MEDIUM,108,4155,IN_PROGRESS
NE000323,2026-04-08,Mumbai,LOW_SIGNAL,HIGH,138,3655,RESOLVED
NE000324,2025-10-04,Thane,LOW_SIGNAL,CRITICAL,195,859,IN_PROGRESS
NE000325,2026-09-17,Indore,PACKET_LOSS,MEDIUM,17,1093,IN_PROGRESS
NE000326,2026-02-06,Mumbai,OUTAGE,MEDIUM,118,214,CLOSED
NE000327,2025-12-28,Pune,PACKET_LOSS,CRITICAL,88,3263,OPEN
NE000328,2026-05-27,Nagpur,HIGH_LATENCY,CRITICAL,76,156,CLOSED
NE000329,2026-09-05,Indore,OUTAGE,MEDIUM,82,3914,RESOLVED
NE000330,2025-11-13,Pune,OUTAGE,HIGH,17,1754,IN_PROGRESS
NE000331,2026-05-17,Thane,OUTAGE,LOW,297,1648,IN_PROGRESS
NE000332,2026-02-11,Nagpur,LOW_SIGNAL,LOW,169,3911,IN_PROGRESS
NE000333,2026-08-09,Bhopal,CONGESTION,HIGH,185,3814,RESOLVED
NE000334,2025-11-29,Nashik,OUTAGE,LOW,185,4869,IN_PROGRESS
NE000335,2026-02-14,Thane,LOW_SIGNAL,HIGH,11,706,OPEN
NE000336,2026-09-10,Nashik,CONGESTION,HIGH,242,4000,IN_PROGRESS
NE000337,2026-06-15,Pune,HIGH_LATENCY,LOW,138,3645,RESOLVED
NE000338,2026-01-27,Bhopal,LOW_SIGNAL,CRITICAL,277,1601,IN_PROGRESS
NE000339,2026-01-11,Thane,OUTAGE,MEDIUM,75,1410,RESOLVED
NE000340,2026-06-13,Bhopal,OUTAGE,CRITICAL,193,3559,OPEN
NE000341,2026-01-27,Thane,HIGH_LATENCY,MEDIUM,154,2590,IN_PROGRESS
NE000342,2026-09-12,Nashik,OUTAGE,MEDIUM,218,4831,OPEN
NE000343,2026-03-12,Mumbai,PACKET_LOSS,MEDIUM,6,1710,RESOLVED
NE000344,2025-12-01,Mumbai,PACKET_LOSS,MEDIUM,244,95,OPEN
NE000345,2026-01-12,Pune,PACKET_LOSS,HIGH,109,3364,RESOLVED
NE000346,2026-01-29,Mumbai,LOW_SIGNAL,MEDIUM,76,2132,IN_PROGRESS
NE000347,2025-11-15,Nashik,LOW_SIGNAL,MEDIUM,40,1939,RESOLVED
NE000348,2026-08-19,Thane,OUTAGE,MEDIUM,51,1629,IN_PROGRESS
NE000349,2026-04-20,Nagpur,CONGESTION,LOW,216,4290,IN_PROGRESS
NE000350,2026-05-22,Nashik,HIGH_LATENCY,HIGH,272,4848,RESOLVED
NE000351,2025-12-28,Pune,HIGH_LATENCY,MEDIUM,296,1375,IN_PROGRESS
NE000352,2025-10-17,Pune,CONGESTION,CRITICAL,269,3791,CLOSED
NE000353,2026-03-25,Indore,LOW_SIGNAL,HIGH,158,2668,RESOLVED
NE000354,2025-12-14,Pune,HIGH_LATENCY,HIGH,253,1129,CLOSED
NE000355,2025-12-08,Indore,LOW_SIGNAL,LOW,176,2095,IN_PROGRESS
NE000356,2026-04-25,Thane,OUTAGE,MEDIUM,126,690,CLOSED
NE000357,2025-10-23,Thane,PACKET_LOSS,MEDIUM,299,4573,RESOLVED
NE000358,2026-08-07,Pune,PACKET_LOSS,HIGH,230,65,IN_PROGRESS
NE000359,2026-03-21,Nagpur,OUTAGE,CRITICAL,220,4901,RESOLVED
NE000360,2026-07-07,Nagpur,PACKET_LOSS,MEDIUM,64,3924,RESOLVED
NE000361,2026-08-07,Nashik,OUTAGE,CRITICAL,119,1534,RESOLVED
NE000362,2025-12-02,Mumbai,CONGESTION,LOW,274,4090,RESOLVED
NE000363,2026-07-01,Indore,OUTAGE,MEDIUM,251,2570,RESOLVED
NE000364,2025-12-31,Nagpur,HIGH_LATENCY,LOW,244,2117,OPEN
NE000365,2026-07-13,Nashik,LOW_SIGNAL,LOW,31,2672,OPEN
NE000366,2026-01-27,Nagpur,PACKET_LOSS,HIGH,87,3895,IN_PROGRESS
NE000367,2026-06-15,Bhopal,OUTAGE,CRITICAL,207,4523,CLOSED
NE000368,2026-03-26,Mumbai,CONGESTION,MEDIUM,48,1297,IN_PROGRESS
NE000369,2026-05-29,Pune,PACKET_LOSS,MEDIUM,86,2316,OPEN
NE000370,2026-03-06,Mumbai,OUTAGE,HIGH,233,3849,CLOSED
NE000371,2026-06-11,Thane,HIGH_LATENCY,CRITICAL,186,1717,OPEN
NE000372,2025-10-29,Mumbai,PACKET_LOSS,LOW,71,229,IN_PROGRESS
NE000373,2026-08-06,Nashik,PACKET_LOSS,HIGH,64,4677,OPEN
NE000374,2026-04-18,Indore,CONGESTION,MEDIUM,152,795,CLOSED
NE000375,2026-01-05,Nagpur,LOW_SIGNAL,HIGH,165,4361,OPEN
NE000376,2026-05-04,Nashik,HIGH_LATENCY,MEDIUM,82,1225,IN_PROGRESS
NE000377,2026-09-05,Thane,HIGH_LATENCY,CRITICAL,127,861,OPEN
NE000378,2026-05-15,Nagpur,HIGH_LATENCY,HIGH,169,580,OPEN
NE000379,2025-12-16,Indore,PACKET_LOSS,MEDIUM,204,460,RESOLVED
NE000380,2026-08-27,Nagpur,LOW_SIGNAL,HIGH,147,2225,RESOLVED
NE000381,2026-02-21,Thane,HIGH_LATENCY,LOW,186,961,OPEN
NE000382,2026-06-19,Nagpur,HIGH_LATENCY,HIGH,33,3518,RESOLVED
NE000383,2026-02-20,Nagpur,PACKET_LOSS,MEDIUM,24,1873,OPEN
NE000384,2026-08-22,Pune,HIGH_LATENCY,LOW,171,475,OPEN
NE000385,2026-02-01,Thane,OUTAGE,MEDIUM,275,4667,OPEN
NE000386,2026-09-18,Nashik,HIGH_LATENCY,LOW,85,3068,CLOSED
NE000387,2026-07-29,Mumbai,OUTAGE,MEDIUM,25,387,IN_PROGRESS
NE000388,2026-05-22,Pune,LOW_SIGNAL,LOW,105,604,CLOSED
NE000389,2026-04-16,Bhopal,LOW_SIGNAL,LOW,281,888,CLOSED
NE000390,2026-04-15,Thane,OUTAGE,CRITICAL,277,956,RESOLVED
NE000391,2026-01-19,Bhopal,OUTAGE,LOW,260,2223,OPEN
NE000392,2026-01-26,Pune,HIGH_LATENCY,HIGH,101,3056,OPEN
NE000393,2026-07-07,Indore,PACKET_LOSS,HIGH,112,3964,CLOSED
NE000394,2026-07-04,Nagpur,CONGESTION,CRITICAL,143,4675,IN_PROGRESS
NE000395,2026-02-19,Mumbai,CONGESTION,HIGH,5,4473,OPEN
NE000396,2026-03-29,Pune,OUTAGE,MEDIUM,224,931,IN_PROGRESS
NE000397,2025-11-16,Thane,PACKET_LOSS,HIGH,141,1998,IN_PROGRESS
NE000398,2026-09-06,Bhopal,PACKET_LOSS,HIGH,204,2691,OPEN
NE000399,2026-06-09,Pune,LOW_SIGNAL,MEDIUM,212,1453,RESOLVED
NE000400,2026-02-17,Thane,OUTAGE,CRITICAL,130,1972,RESOLVED
NE000401,2026-09-17,Mumbai,LOW_SIGNAL,LOW,153,222,OPEN
NE000402,2026-05-06,Nagpur,PACKET_LOSS,HIGH,107,419,IN_PROGRESS
NE000403,2025-11-09,Bhopal,LOW_SIGNAL,MEDIUM,296,2369,OPEN
NE000404,2026-03-12,Bhopal,HIGH_LATENCY,MEDIUM,246,3663,IN_PROGRESS
NE000405,2025-09-25,Indore,HIGH_LATENCY,CRITICAL,288,4065,OPEN
NE000406,2026-09-17,Nagpur,HIGH_LATENCY,HIGH,44,2531,CLOSED
NE000407,2026-04-16,Mumbai,OUTAGE,LOW,246,3737,RESOLVED
NE000408,2026-01-12,Nagpur,HIGH_LATENCY,MEDIUM,126,262,CLOSED
NE000409,2026-03-08,Bhopal,CONGESTION,LOW,148,2330,CLOSED
NE000410,2026-04-24,Mumbai,OUTAGE,CRITICAL,121,4451,IN_PROGRESS
NE000411,2025-10-11,Indore,PACKET_LOSS,HIGH,139,767,IN_PROGRESS
NE000412,2026-08-17,Pune,LOW_SIGNAL,HIGH,75,107,RESOLVED
NE000413,2025-11-26,Nagpur,OUTAGE,MEDIUM,271,1305,OPEN
NE000414,2026-08-04,Mumbai,LOW_SIGNAL,CRITICAL,279,1169,CLOSED
NE000415,2026-03-08,Nagpur,LOW_SIGNAL,LOW,76,4545,CLOSED
NE000416,2026-02-28,Indore,CONGESTION,HIGH,86,1689,CLOSED
NE000417,2025-10-30,Nashik,LOW_SIGNAL,HIGH,282,3805,IN_PROGRESS
NE000418,2025-12-31,Pune,OUTAGE,LOW,265,15,CLOSED
NE000419,2026-04-14,Nagpur,CONGESTION,LOW,282,2752,RESOLVED
NE000420,2026-05-21,Indore,PACKET_LOSS,LOW,69,2609,CLOSED
NE000421,2025-10-18,Thane,PACKET_LOSS,MEDIUM,113,695,CLOSED
NE000422,2026-06-05,Indore,OUTAGE,LOW,97,287,OPEN
NE000423,2026-01-12,Mumbai,LOW_SIGNAL,HIGH,210,3084,OPEN
NE000424,2025-10-18,Indore,LOW_SIGNAL,HIGH,71,2924,IN_PROGRESS
NE000425,2026-08-09,Nagpur,PACKET_LOSS,LOW,123,3263,CLOSED
NE000426,2026-03-01,Nashik,PACKET_LOSS,MEDIUM,52,1790,RESOLVED
NE000427,2025-10-19,Pune,PACKET_LOSS,CRITICAL,260,3557,IN_PROGRESS
NE000428,2025-11-01,Nashik,OUTAGE,MEDIUM,15,2835,CLOSED
NE000429,2025-10-06,Nashik,LOW_SIGNAL,MEDIUM,25,4018,CLOSED
NE000430,2026-05-06,Thane,PACKET_LOSS,MEDIUM,72,409,IN_PROGRESS
NE000431,2026-09-16,Thane,HIGH_LATENCY,HIGH,119,1056,RESOLVED
NE000432,2026-04-06,Indore,HIGH_LATENCY,HIGH,123,3292,IN_PROGRESS
NE000433,2025-12-26,Thane,LOW_SIGNAL,MEDIUM,154,2394,RESOLVED
NE000434,2025-12-19,Pune,PACKET_LOSS,MEDIUM,97,1343,RESOLVED
NE000435,2026-01-08,Mumbai,HIGH_LATENCY,LOW,205,3535,CLOSED
NE000436,2026-07-10,Mumbai,LOW_SIGNAL,CRITICAL,81,4916,IN_PROGRESS
NE000437,2026-02-11,Nashik,HIGH_LATENCY,MEDIUM,50,1733,IN_PROGRESS
NE000438,2025-10-20,Mumbai,PACKET_LOSS,CRITICAL,221,3402,IN_PROGRESS
NE000439,2025-11-26,Bhopal,HIGH_LATENCY,CRITICAL,134,2642,RESOLVED
NE000440,2026-09-03,Thane,LOW_SIGNAL,MEDIUM,151,3163,CLOSED
NE000441,2025-10-09,Indore,PACKET_LOSS,CRITICAL,191,4702,OPEN
NE000442,2026-07-28,Thane,CONGESTION,CRITICAL,76,3526,IN_PROGRESS
NE000443,2026-06-13,Pune,LOW_SIGNAL,LOW,156,2881,OPEN
NE000444,2026-02-12,Mumbai,OUTAGE,MEDIUM,98,2037,OPEN
NE000445,2026-03-30,Mumbai,HIGH_LATENCY,CRITICAL,138,174,IN_PROGRESS
NE000446,2026-05-24,Pune,PACKET_LOSS,HIGH,185,867,RESOLVED
NE000447,2025-11-24,Nashik,HIGH_LATENCY,CRITICAL,294,4447,IN_PROGRESS
NE000448,2026-01-17,Thane,PACKET_LOSS,HIGH,299,3698,OPEN
NE000449,2026-04-19,Thane,CONGESTION,HIGH,50,4059,RESOLVED
NE000450,2026-08-12,Indore,PACKET_LOSS,LOW,228,2151,CLOSED
NE000451,2025-09-28,Bhopal,PACKET_LOSS,MEDIUM,280,4953,IN_PROGRESS
NE000452,2026-05-04,Thane,OUTAGE,CRITICAL,213,3379,CLOSED
NE000453,2026-04-21,Thane,LOW_SIGNAL,MEDIUM,261,722,IN_PROGRESS
NE000454,2026-07-04,Pune,LOW_SIGNAL,CRITICAL,98,4578,IN_PROGRESS
NE000455,2026-09-08,Mumbai,HIGH_LATENCY,CRITICAL,240,2247,CLOSED
NE000456,2026-07-27,Mumbai,HIGH_LATENCY,LOW,233,1725,RESOLVED
NE000457,2026-08-30,Thane,HIGH_LATENCY,HIGH,30,4799,IN_PROGRESS
NE000458,2026-05-03,Thane,LOW_SIGNAL,HIGH,59,1454,RESOLVED
NE000459,2025-10-27,Nagpur,LOW_SIGNAL,MEDIUM,74,873,IN_PROGRESS
NE000460,2026-05-20,Indore,OUTAGE,LOW,118,730,OPEN
NE000461,2026-01-21,Mumbai,PACKET_LOSS,MEDIUM,268,3452,RESOLVED
NE000462,2026-06-22,Nagpur,PACKET_LOSS,HIGH,145,4413,CLOSED
NE000463,2025-11-15,Pune,PACKET_LOSS,HIGH,250,4227,IN_PROGRESS
NE000464,2026-05-20,Bhopal,PACKET_LOSS,CRITICAL,224,3310,RESOLVED
NE000465,2026-07-27,Nagpur,CONGESTION,CRITICAL,172,1989,CLOSED
NE000466,2026-09-10,Nagpur,HIGH_LATENCY,MEDIUM,263,2118,CLOSED
NE000467,2026-03-04,Thane,OUTAGE,MEDIUM,185,3507,IN_PROGRESS
NE000468,2026-01-18,Nashik,CONGESTION,HIGH,175,195,IN_PROGRESS
NE000469,2026-09-19,Thane,PACKET_LOSS,HIGH,188,3378,CLOSED
NE000470,2025-11-09,Indore,CONGESTION,CRITICAL,266,715,RESOLVED
NE000471,2026-04-19,Thane,HIGH_LATENCY,HIGH,176,4340,OPEN
NE000472,2025-11-09,Indore,CONGESTION,MEDIUM,197,914,RESOLVED
NE000473,2025-11-12,Thane,OUTAGE,LOW,159,1925,OPEN
NE000474,2026-01-10,Nashik,OUTAGE,LOW,72,568,IN_PROGRESS
NE000475,2026-03-31,Bhopal,LOW_SIGNAL,HIGH,234,1873,IN_PROGRESS
NE000476,2026-08-11,Mumbai,CONGESTION,LOW,155,3531,RESOLVED
NE000477,2026-08-08,Pune,OUTAGE,LOW,47,48,CLOSED
NE000478,2025-12-24,Nagpur,CONGESTION,CRITICAL,278,1304,IN_PROGRESS
NE000479,2025-12-04,Bhopal,CONGESTION,HIGH,59,3420,RESOLVED
NE000480,2026-05-14,Thane,OUTAGE,HIGH,156,140,CLOSED
NE000481,2026-08-09,Pune,LOW_SIGNAL,MEDIUM,233,2572,RESOLVED
NE000482,2025-10-04,Thane,CONGESTION,CRITICAL,109,4281,OPEN
NE000483,2026-02-28,Indore,LOW_SIGNAL,MEDIUM,109,1969,IN_PROGRESS
NE000484,2026-01-12,Indore,HIGH_LATENCY,LOW,277,2816,CLOSED
NE000485,2026-08-09,Nagpur,PACKET_LOSS,LOW,152,1925,IN_PROGRESS
NE000486,2026-06-21,Nashik,LOW_SIGNAL,MEDIUM,109,1716,RESOLVED
NE000487,2026-05-18,Thane,OUTAGE,CRITICAL,5,3550,CLOSED
NE000488,2026-03-28,Indore,PACKET_LOSS,HIGH,92,2285,IN_PROGRESS
NE000489,2026-04-23,Thane,CONGESTION,MEDIUM,178,4542,RESOLVED
NE000490,2026-02-17,Nashik,CONGESTION,LOW,271,3785,OPEN
NE000491,2026-08-03,Thane,CONGESTION,CRITICAL,64,4574,RESOLVED
NE000492,2026-08-14,Bhopal,LOW_SIGNAL,CRITICAL,270,1085,CLOSED
NE000493,2026-06-10,Nagpur,OUTAGE,MEDIUM,85,3661,IN_PROGRESS
NE000494,2026-02-09,Nagpur,HIGH_LATENCY,MEDIUM,93,3919,OPEN
NE000495,2025-11-02,Nashik,PACKET_LOSS,MEDIUM,12,1420,IN_PROGRESS
NE000496,2025-12-07,Bhopal,PACKET_LOSS,MEDIUM,13,4643,RESOLVED
NE000497,2026-04-26,Bhopal,OUTAGE,MEDIUM,37,2370,IN_PROGRESS
NE000498,2026-07-03,Bhopal,CONGESTION,CRITICAL,242,198,IN_PROGRESS
NE000499,2026-03-15,Bhopal,HIGH_LATENCY,LOW,133,4630,CLOSED
NE000500,2026-01-16,Pune,HIGH_LATENCY,LOW,180,142,RESOLVED
NE000501,2025-09-23,Bhopal,HIGH_LATENCY,HIGH,47,2734,RESOLVED
NE000502,2026-05-16,Indore,HIGH_LATENCY,CRITICAL,25,1942,RESOLVED
NE000503,2026-05-30,Bhopal,OUTAGE,HIGH,209,3371,IN_PROGRESS
NE000504,2026-04-21,Thane,PACKET_LOSS,MEDIUM,185,1361,IN_PROGRESS
NE000505,2026-03-21,Thane,OUTAGE,LOW,163,3781,CLOSED
NE000506,2026-03-04,Mumbai,OUTAGE,CRITICAL,116,1805,RESOLVED
NE000507,2026-05-12,Pune,OUTAGE,HIGH,209,3659,IN_PROGRESS
NE000508,2026-09-16,Indore,CONGESTION,MEDIUM,125,2225,IN_PROGRESS
NE000509,2026-09-16,Nagpur,OUTAGE,MEDIUM,223,3283,CLOSED
NE000510,2026-02-26,Bhopal,OUTAGE,MEDIUM,240,4341,IN_PROGRESS
NE000511,2025-11-10,Indore,LOW_SIGNAL,HIGH,208,4924,IN_PROGRESS
NE000512,2026-09-13,Bhopal,PACKET_LOSS,HIGH,93,3263,OPEN
NE000513,2026-06-01,Indore,HIGH_LATENCY,CRITICAL,107,2771,IN_PROGRESS
NE000514,2026-03-09,Nashik,PACKET_LOSS,MEDIUM,88,2064,CLOSED
NE000515,2026-01-05,Indore,CONGESTION,HIGH,42,3276,OPEN
NE000516,2026-05-09,Bhopal,PACKET_LOSS,CRITICAL,229,2853,RESOLVED
NE000517,2026-04-28,Pune,HIGH_LATENCY,LOW,196,2072,OPEN
NE000518,2026-01-11,Pune,LOW_SIGNAL,MEDIUM,182,3827,CLOSED
NE000519,2025-10-03,Bhopal,OUTAGE,MEDIUM,104,1953,IN_PROGRESS
NE000520,2025-11-02,Pune,LOW_SIGNAL,MEDIUM,265,3429,RESOLVED
NE000521,2026-01-31,Indore,LOW_SIGNAL,HIGH,104,4681,IN_PROGRESS
NE000522,2025-11-19,Mumbai,LOW_SIGNAL,CRITICAL,16,1644,IN_PROGRESS
NE000523,2025-11-19,Thane,PACKET_LOSS,HIGH,80,1046,OPEN
NE000524,2026-01-30,Thane,LOW_SIGNAL,CRITICAL,213,886,RESOLVED
NE000525,2025-12-30,Pune,CONGESTION,CRITICAL,263,4999,RESOLVED
NE000526,2026-04-21,Bhopal,OUTAGE,CRITICAL,209,1682,IN_PROGRESS
NE000527,2026-01-25,Mumbai,PACKET_LOSS,HIGH,137,809,OPEN
NE000528,2026-03-09,Pune,PACKET_LOSS,MEDIUM,241,4303,OPEN
NE000529,2025-11-09,Pune,PACKET_LOSS,MEDIUM,190,1523,CLOSED
NE000530,2026-02-13,Pune,OUTAGE,MEDIUM,293,184,OPEN
NE000531,2026-07-19,Indore,PACKET_LOSS,MEDIUM,32,4566,OPEN
NE000532,2026-04-07,Thane,PACKET_LOSS,MEDIUM,10,3484,OPEN
NE000533,2025-10-25,Mumbai,LOW_SIGNAL,CRITICAL,193,3985,OPEN
NE000534,2026-05-08,Bhopal,CONGESTION,LOW,89,4696,OPEN
NE000535,2026-01-06,Nashik,PACKET_LOSS,MEDIUM,246,670,CLOSED
NE000536,2026-07-24,Nashik,LOW_SIGNAL,CRITICAL,133,98,IN_PROGRESS
NE000537,2026-01-20,Mumbai,CONGESTION,MEDIUM,149,645,IN_PROGRESS
NE000538,2026-06-02,Nashik,OUTAGE,LOW,168,3764,RESOLVED
NE000539,2025-12-05,Nashik,LOW_SIGNAL,LOW,87,3069,OPEN
NE000540,2025-11-05,Thane,PACKET_LOSS,LOW,198,880,IN_PROGRESS
NE000541,2026-08-01,Nagpur,HIGH_LATENCY,MEDIUM,134,1537,IN_PROGRESS
NE000542,2026-02-01,Thane,OUTAGE,LOW,285,3453,CLOSED
NE000543,2026-07-03,Pune,OUTAGE,MEDIUM,284,4827,CLOSED
NE000544,2026-02-19,Nagpur,HIGH_LATENCY,HIGH,126,2433,IN_PROGRESS
NE000545,2026-02-05,Bhopal,HIGH_LATENCY,CRITICAL,170,3463,CLOSED
NE000546,2025-10-11,Bhopal,CONGESTION,MEDIUM,216,3020,OPEN
NE000547,2026-09-22,Bhopal,PACKET_LOSS,MEDIUM,251,3867,IN_PROGRESS
NE000548,2026-05-09,Indore,PACKET_LOSS,HIGH,160,4560,RESOLVED
NE000549,2026-03-29,Nashik,PACKET_LOSS,LOW,121,1223,OPEN
NE000550,2026-07-21,Mumbai,HIGH_LATENCY,MEDIUM,54,1819,IN_PROGRESS
NE000551,2026-01-21,Nagpur,CONGESTION,MEDIUM,210,2417,RESOLVED
NE000552,2026-05-29,Nashik,OUTAGE,CRITICAL,136,2464,OPEN
NE000553,2026-04-09,Nashik,PACKET_LOSS,HIGH,178,946,CLOSED
NE000554,2025-12-10,Bhopal,CONGESTION,MEDIUM,201,2303,RESOLVED
NE000555,2026-04-08,Bhopal,LOW_SIGNAL,LOW,96,2539,RESOLVED
NE000556,2026-02-04,Bhopal,OUTAGE,HIGH,262,4497,CLOSED
NE000557,2026-05-25,Mumbai,LOW_SIGNAL,CRITICAL,145,2724,OPEN
NE000558,2025-09-27,Indore,LOW_SIGNAL,MEDIUM,234,723,CLOSED
NE000559,2025-12-14,Nagpur,HIGH_LATENCY,MEDIUM,187,4780,OPEN
NE000560,2026-02-13,Mumbai,PACKET_LOSS,MEDIUM,23,66,OPEN
NE000561,2026-07-19,Thane,OUTAGE,CRITICAL,116,724,OPEN
NE000562,2025-12-04,Mumbai,LOW_SIGNAL,MEDIUM,34,1783,CLOSED
NE000563,2025-12-11,Nagpur,OUTAGE,HIGH,25,2772,CLOSED
NE000564,2026-07-31,Bhopal,CONGESTION,LOW,153,4797,IN_PROGRESS
NE000565,2026-05-19,Pune,PACKET_LOSS,MEDIUM,155,4187,CLOSED
NE000566,2026-06-23,Bhopal,LOW_SIGNAL,MEDIUM,238,3236,RESOLVED
NE000567,2026-04-05,Thane,OUTAGE,MEDIUM,89,896,RESOLVED
NE000568,2026-05-10,Nashik,HIGH_LATENCY,MEDIUM,31,2839,CLOSED
NE000569,2025-12-01,Thane,PACKET_LOSS,LOW,204,2747,CLOSED
NE000570,2025-12-02,Indore,LOW_SIGNAL,CRITICAL,241,3067,IN_PROGRESS
NE000571,2026-03-15,Pune,PACKET_LOSS,CRITICAL,172,4842,OPEN
NE000572,2026-01-22,Nagpur,OUTAGE,MEDIUM,215,4284,RESOLVED
NE000573,2025-10-29,Pune,LOW_SIGNAL,CRITICAL,196,1647,OPEN
NE000574,2026-06-20,Pune,PACKET_LOSS,LOW,218,4563,OPEN
NE000575,2025-11-24,Thane,LOW_SIGNAL,HIGH,161,439,RESOLVED
NE000576,2026-07-09,Thane,OUTAGE,LOW,240,2963,CLOSED
NE000577,2026-04-09,Mumbai,HIGH_LATENCY,CRITICAL,229,3599,RESOLVED
NE000578,2026-01-02,Mumbai,PACKET_LOSS,MEDIUM,231,769,RESOLVED
NE000579,2026-05-13,Mumbai,LOW_SIGNAL,HIGH,193,317,OPEN
NE000580,2025-09-30,Indore,PACKET_LOSS,MEDIUM,252,875,IN_PROGRESS
NE000581,2026-04-12,Mumbai,OUTAGE,LOW,179,2014,OPEN
NE000582,2026-07-01,Mumbai,PACKET_LOSS,MEDIUM,62,237,IN_PROGRESS
NE000583,2026-05-20,Thane,HIGH_LATENCY,CRITICAL,179,3150,IN_PROGRESS
NE000584,2025-12-17,Mumbai,LOW_SIGNAL,CRITICAL,202,4664,RESOLVED
NE000585,2025-11-11,Bhopal,CONGESTION,CRITICAL,42,2229,RESOLVED
NE000586,2026-03-18,Thane,PACKET_LOSS,MEDIUM,263,4803,OPEN
NE000587,2026-02-23,Nagpur,CONGESTION,MEDIUM,35,2735,IN_PROGRESS
NE000588,2025-11-09,Bhopal,CONGESTION,HIGH,259,984,CLOSED
NE000589,2025-12-01,Nagpur,OUTAGE,MEDIUM,280,3066,IN_PROGRESS
NE000590,2026-03-08,Indore,OUTAGE,MEDIUM,176,2376,IN_PROGRESS
NE000591,2026-01-22,Pune,CONGESTION,CRITICAL,95,1379,OPEN
NE000592,2026-07-06,Nagpur,OUTAGE,MEDIUM,290,1335,IN_PROGRESS
NE000593,2026-06-15,Pune,PACKET_LOSS,CRITICAL,83,2501,OPEN
NE000594,2026-01-12,Indore,CONGESTION,HIGH,285,4426,IN_PROGRESS
NE000595,2026-01-02,Thane,CONGESTION,LOW,194,3165,OPEN
NE000596,2026-05-15,Pune,HIGH_LATENCY,LOW,249,2867,CLOSED
NE000597,2026-07-02,Indore,CONGESTION,HIGH,31,4814,IN_PROGRESS
NE000598,2026-04-21,Thane,HIGH_LATENCY,MEDIUM,211,3936,OPEN
NE000599,2025-11-08,Nagpur,CONGESTION,LOW,14,4690,IN_PROGRESS
NE000600,2026-05-29,Thane,HIGH_LATENCY,LOW,72,3609,RESOLVED
NE000601,2026-02-06,Pune,OUTAGE,LOW,73,1553,RESOLVED
NE000602,2025-11-05,Mumbai,OUTAGE,MEDIUM,257,4445,CLOSED
NE000603,2026-03-16,Indore,HIGH_LATENCY,HIGH,245,4142,CLOSED
NE000604,2026-03-12,Pune,HIGH_LATENCY,LOW,205,2755,IN_PROGRESS
NE000605,2026-06-25,Nagpur,OUTAGE,MEDIUM,164,552,RESOLVED
NE000606,2025-11-15,Mumbai,OUTAGE,LOW,214,1050,CLOSED
NE000607,2025-12-03,Thane,CONGESTION,MEDIUM,30,3963,IN_PROGRESS
NE000608,2026-02-26,Mumbai,HIGH_LATENCY,LOW,182,3182,RESOLVED
NE000609,2026-09-10,Mumbai,CONGESTION,MEDIUM,161,4247,RESOLVED
NE000610,2026-01-24,Indore,PACKET_LOSS,CRITICAL,110,4296,IN_PROGRESS
NE000611,2025-10-23,Indore,PACKET_LOSS,MEDIUM,158,3864,CLOSED
NE000612,2026-09-07,Bhopal,HIGH_LATENCY,HIGH,289,4252,OPEN
NE000613,2026-08-04,Mumbai,LOW_SIGNAL,MEDIUM,265,2742,CLOSED
NE000614,2025-10-06,Nashik,HIGH_LATENCY,LOW,220,696,RESOLVED
NE000615,2025-10-08,Indore,CONGESTION,HIGH,149,31,IN_PROGRESS
NE000616,2026-06-03,Pune,LOW_SIGNAL,LOW,155,446,IN_PROGRESS
NE000617,2025-10-04,Mumbai,OUTAGE,HIGH,75,3759,CLOSED
NE000618,2026-03-24,Bhopal,CONGESTION,HIGH,49,3969,IN_PROGRESS
NE000619,2026-02-20,Thane,OUTAGE,HIGH,124,3674,RESOLVED
NE000620,2026-02-27,Nashik,LOW_SIGNAL,MEDIUM,135,3987,CLOSED
NE000621,2026-06-12,Indore,PACKET_LOSS,CRITICAL,149,618,RESOLVED
NE000622,2025-10-12,Nagpur,PACKET_LOSS,LOW,28,2827,RESOLVED
NE000623,2025-12-17,Nagpur,HIGH_LATENCY,HIGH,281,3406,OPEN
NE000624,2026-06-10,Thane,PACKET_LOSS,LOW,176,3016,RESOLVED
NE000625,2026-09-08,Bhopal,HIGH_LATENCY,LOW,25,2802,OPEN
NE000626,2026-01-19,Pune,HIGH_LATENCY,MEDIUM,61,4015,IN_PROGRESS
NE000627,2026-09-14,Nashik,PACKET_LOSS,HIGH,45,3008,IN_PROGRESS
NE000628,2026-08-26,Bhopal,HIGH_LATENCY,LOW,43,2075,CLOSED
NE000629,2025-11-27,Bhopal,PACKET_LOSS,HIGH,91,2178,IN_PROGRESS
NE000630,2025-09-24,Indore,PACKET_LOSS,MEDIUM,190,4864,IN_PROGRESS
NE000631,2025-10-10,Indore,OUTAGE,MEDIUM,109,1583,RESOLVED
NE000632,2025-10-08,Nagpur,OUTAGE,LOW,143,2845,RESOLVED
NE000633,2026-03-04,Nashik,LOW_SIGNAL,CRITICAL,74,4499,CLOSED
NE000634,2026-05-29,Nashik,LOW_SIGNAL,HIGH,252,12,OPEN
NE000635,2026-02-21,Nagpur,LOW_SIGNAL,HIGH,185,3086,OPEN
NE000636,2025-09-27,Thane,PACKET_LOSS,CRITICAL,172,548,IN_PROGRESS
NE000637,2026-09-07,Nashik,OUTAGE,MEDIUM,209,466,OPEN
NE000638,2026-07-22,Pune,PACKET_LOSS,MEDIUM,30,2483,CLOSED
NE000639,2026-07-30,Thane,HIGH_LATENCY,HIGH,240,3956,IN_PROGRESS
NE000640,2026-02-26,Bhopal,OUTAGE,MEDIUM,238,2950,OPEN
NE000641,2026-01-19,Indore,CONGESTION,CRITICAL,118,210,CLOSED
NE000642,2026-03-18,Mumbai,LOW_SIGNAL,MEDIUM,54,1948,RESOLVED
NE000643,2026-07-24,Bhopal,HIGH_LATENCY,MEDIUM,212,1482,RESOLVED
NE000644,2025-12-07,Bhopal,OUTAGE,MEDIUM,13,1755,CLOSED
NE000645,2026-06-02,Nashik,OUTAGE,MEDIUM,135,3716,CLOSED
NE000646,2026-09-13,Pune,PACKET_LOSS,HIGH,188,4760,CLOSED
NE000647,2026-06-14,Bhopal,OUTAGE,CRITICAL,201,2140,OPEN
NE000648,2026-08-03,Indore,LOW_SIGNAL,LOW,242,547,CLOSED
NE000649,2026-04-09,Indore,HIGH_LATENCY,HIGH,174,3964,CLOSED
NE000650,2026-06-08,Bhopal,PACKET_LOSS,CRITICAL,83,1273,CLOSED
NE000651,2026-09-19,Nashik,CONGESTION,LOW,110,1189,OPEN
NE000652,2026-01-05,Pune,OUTAGE,CRITICAL,102,3942,RESOLVED
NE000653,2026-04-06,Indore,OUTAGE,LOW,26,4087,OPEN
NE000654,2026-09-06,Bhopal,PACKET_LOSS,LOW,135,3645,OPEN
NE000655,2026-03-01,Thane,HIGH_LATENCY,HIGH,235,1434,IN_PROGRESS
NE000656,2025-11-08,Bhopal,HIGH_LATENCY,MEDIUM,300,86,RESOLVED
NE000657,2026-08-27,Indore,PACKET_LOSS,MEDIUM,257,1686,RESOLVED
NE000658,2026-03-29,Pune,CONGESTION,LOW,230,3588,IN_PROGRESS
NE000659,2026-08-03,Bhopal,LOW_SIGNAL,MEDIUM,137,2924,OPEN
NE000660,2026-04-19,Nagpur,HIGH_LATENCY,LOW,63,877,OPEN
NE000661,2026-06-23,Nashik,LOW_SIGNAL,MEDIUM,121,1369,RESOLVED
NE000662,2026-09-04,Thane,OUTAGE,CRITICAL,231,4425,OPEN
NE000663,2026-05-11,Nashik,HIGH_LATENCY,CRITICAL,27,1648,OPEN
NE000664,2025-10-19,Mumbai,HIGH_LATENCY,MEDIUM,58,2107,OPEN
NE000665,2026-06-12,Indore,LOW_SIGNAL,HIGH,152,4032,RESOLVED
NE000666,2026-03-24,Thane,CONGESTION,LOW,9,2535,OPEN
NE000667,2026-08-23,Mumbai,CONGESTION,HIGH,63,2596,OPEN
NE000668,2025-12-19,Nagpur,OUTAGE,CRITICAL,63,3415,CLOSED
NE000669,2026-03-03,Bhopal,PACKET_LOSS,MEDIUM,84,4446,RESOLVED
NE000670,2026-09-08,Nagpur,CONGESTION,LOW,285,2920,RESOLVED
NE000671,2026-04-17,Pune,LOW_SIGNAL,MEDIUM,171,1605,IN_PROGRESS
NE000672,2025-12-06,Indore,CONGESTION,LOW,116,1334,IN_PROGRESS
NE000673,2026-02-16,Bhopal,HIGH_LATENCY,CRITICAL,55,4501,IN_PROGRESS
NE000674,2026-03-13,Mumbai,HIGH_LATENCY,CRITICAL,8,230,IN_PROGRESS
NE000675,2026-09-20,Indore,LOW_SIGNAL,CRITICAL,191,3828,OPEN
NE000676,2026-03-22,Indore,PACKET_LOSS,MEDIUM,286,2502,CLOSED
NE000677,2026-05-25,Mumbai,CONGESTION,HIGH,82,3451,IN_PROGRESS
NE000678,2026-04-11,Bhopal,LOW_SIGNAL,MEDIUM,295,2063,CLOSED
NE000679,2025-09-28,Mumbai,LOW_SIGNAL,HIGH,291,2603,CLOSED
NE000680,2026-06-22,Thane,PACKET_LOSS,MEDIUM,52,3592,RESOLVED
NE000681,2025-12-13,Mumbai,PACKET_LOSS,LOW,274,3894,RESOLVED
NE000682,2025-12-25,Pune,LOW_SIGNAL,HIGH,128,271,CLOSED
NE000683,2026-05-18,Nagpur,LOW_SIGNAL,MEDIUM,216,558,CLOSED
NE000684,2026-08-23,Mumbai,CONGESTION,CRITICAL,71,2085,OPEN
NE000685,2026-01-11,Indore,OUTAGE,MEDIUM,291,2254,CLOSED
NE000686,2026-02-15,Mumbai,PACKET_LOSS,LOW,240,2447,IN_PROGRESS
NE000687,2026-09-01,Nashik,PACKET_LOSS,MEDIUM,15,4029,RESOLVED
NE000688,2026-09-10,Nashik,PACKET_LOSS,LOW,153,4071,CLOSED
NE000689,2025-11-15,Pune,PACKET_LOSS,CRITICAL,10,1141,IN_PROGRESS
NE000690,2025-12-29,Pune,HIGH_LATENCY,CRITICAL,283,1600,RESOLVED
NE000691,2026-07-05,Indore,OUTAGE,CRITICAL,289,829,RESOLVED
NE000692,2025-10-06,Thane,OUTAGE,LOW,245,3504,CLOSED
NE000693,2026-04-23,Thane,HIGH_LATENCY,CRITICAL,93,4380,IN_PROGRESS
NE000694,2026-08-18,Nashik,PACKET_LOSS,CRITICAL,57,4703,OPEN
NE000695,2026-03-10,Pune,HIGH_LATENCY,LOW,224,1446,IN_PROGRESS
NE000696,2026-08-21,Nagpur,LOW_SIGNAL,CRITICAL,88,322,CLOSED
NE000697,2025-09-28,Bhopal,HIGH_LATENCY,HIGH,259,1767,RESOLVED
NE000698,2025-12-04,Nashik,OUTAGE,MEDIUM,108,4992,RESOLVED
NE000699,2026-05-07,Pune,HIGH_LATENCY,LOW,27,3984,CLOSED
NE000700,2026-04-03,Indore,HIGH_LATENCY,MEDIUM,14,2678,OPEN
NE000701,2025-11-30,Mumbai,CONGESTION,MEDIUM,137,2655,IN_PROGRESS
NE000702,2025-12-03,Nagpur,PACKET_LOSS,MEDIUM,136,2488,RESOLVED
NE000703,2026-08-28,Pune,LOW_SIGNAL,CRITICAL,297,3717,RESOLVED
NE000704,2026-04-16,Nashik,PACKET_LOSS,HIGH,66,1485,OPEN
NE000705,2026-02-13,Thane,OUTAGE,LOW,189,612,IN_PROGRESS
NE000706,2026-08-20,Nashik,HIGH_LATENCY,LOW,286,2637,IN_PROGRESS
NE000707,2026-02-05,Indore,CONGESTION,CRITICAL,287,4077,IN_PROGRESS
NE000708,2026-07-27,Nashik,OUTAGE,MEDIUM,186,3540,RESOLVED
NE000709,2026-06-26,Indore,CONGESTION,CRITICAL,238,1702,CLOSED
NE000710,2026-09-01,Mumbai,LOW_SIGNAL,MEDIUM,150,2177,RESOLVED
NE000711,2026-04-18,Thane,LOW_SIGNAL,MEDIUM,49,1392,IN_PROGRESS
NE000712,2025-10-05,Indore,LOW_SIGNAL,CRITICAL,96,841,IN_PROGRESS
NE000713,2026-06-20,Nagpur,HIGH_LATENCY,HIGH,192,3799,OPEN
NE000714,2026-02-18,Thane,OUTAGE,MEDIUM,212,1730,RESOLVED
NE000715,2025-12-07,Nagpur,HIGH_LATENCY,MEDIUM,68,739,CLOSED
NE000716,2026-04-16,Nagpur,OUTAGE,MEDIUM,10,2350,OPEN
NE000717,2026-07-27,Indore,CONGESTION,MEDIUM,16,2842,CLOSED
NE000718,2026-09-08,Thane,HIGH_LATENCY,CRITICAL,29,3100,CLOSED
NE000719,2026-04-23,Pune,PACKET_LOSS,LOW,138,2578,IN_PROGRESS
NE000720,2026-04-12,Nashik,PACKET_LOSS,LOW,15,3010,IN_PROGRESS
NE000721,2026-05-28,Bhopal,CONGESTION,MEDIUM,225,886,CLOSED
NE000722,2026-06-07,Thane,CONGESTION,HIGH,190,3706,IN_PROGRESS
NE000723,2025-12-16,Indore,CONGESTION,HIGH,165,3929,RESOLVED
NE000724,2026-04-06,Nashik,PACKET_LOSS,LOW,230,2779,OPEN
NE000725,2026-07-03,Nagpur,PACKET_LOSS,MEDIUM,118,4072,IN_PROGRESS
NE000726,2026-07-30,Thane,CONGESTION,MEDIUM,244,3335,RESOLVED
NE000727,2026-01-01,Bhopal,HIGH_LATENCY,MEDIUM,106,3573,IN_PROGRESS
NE000728,2026-08-12,Pune,CONGESTION,HIGH,29,1841,CLOSED
NE000729,2026-04-29,Pune,OUTAGE,CRITICAL,84,828,OPEN
NE000730,2026-06-18,Indore,CONGESTION,LOW,248,575,IN_PROGRESS
NE000731,2026-04-23,Pune,HIGH_LATENCY,LOW,99,4070,IN_PROGRESS
NE000732,2026-06-24,Pune,CONGESTION,MEDIUM,266,4583,OPEN
NE000733,2026-03-10,Bhopal,PACKET_LOSS,HIGH,141,4471,CLOSED
NE000734,2026-02-26,Nashik,LOW_SIGNAL,HIGH,287,612,OPEN
NE000735,2026-07-05,Nashik,CONGESTION,LOW,78,86,OPEN
NE000736,2026-04-16,Nashik,CONGESTION,MEDIUM,285,1426,RESOLVED
NE000737,2026-03-02,Mumbai,OUTAGE,MEDIUM,59,2872,OPEN
NE000738,2026-03-06,Mumbai,OUTAGE,CRITICAL,206,3180,CLOSED
NE000739,2026-08-30,Nagpur,OUTAGE,MEDIUM,28,1269,CLOSED
NE000740,2026-05-11,Bhopal,OUTAGE,HIGH,174,2903,OPEN
NE000741,2025-10-24,Thane,HIGH_LATENCY,MEDIUM,200,2782,OPEN
NE000742,2026-05-30,Indore,PACKET_LOSS,HIGH,250,4130,RESOLVED
NE000743,2026-04-09,Nashik,OUTAGE,LOW,203,513,IN_PROGRESS
NE000744,2026-01-07,Pune,HIGH_LATENCY,HIGH,240,1753,RESOLVED
NE000745,2025-12-29,Mumbai,LOW_SIGNAL,CRITICAL,36,4936,RESOLVED
NE000746,2026-05-27,Thane,PACKET_LOSS,MEDIUM,169,1598,IN_PROGRESS
NE000747,2026-07-08,Mumbai,OUTAGE,HIGH,235,4618,OPEN
NE000748,2025-09-25,Pune,HIGH_LATENCY,LOW,55,2567,OPEN
NE000749,2026-08-22,Indore,OUTAGE,HIGH,264,3397,CLOSED
NE000750,2025-10-18,Thane,HIGH_LATENCY,HIGH,244,3505,CLOSED
NE000751,2025-11-06,Indore,HIGH_LATENCY,MEDIUM,175,1980,OPEN
NE000752,2026-04-20,Nashik,CONGESTION,CRITICAL,113,852,OPEN
NE000753,2026-02-14,Pune,PACKET_LOSS,MEDIUM,241,463,CLOSED
NE000754,2026-01-01,Bhopal,PACKET_LOSS,LOW,279,2138,CLOSED
NE000755,2025-12-10,Mumbai,CONGESTION,MEDIUM,66,750,IN_PROGRESS
NE000756,2026-03-04,Pune,HIGH_LATENCY,MEDIUM,32,2854,CLOSED
NE000757,2026-07-03,Nagpur,PACKET_LOSS,CRITICAL,269,1538,RESOLVED
NE000758,2026-07-27,Nashik,HIGH_LATENCY,MEDIUM,93,3763,CLOSED
NE000759,2026-04-21,Indore,HIGH_LATENCY,MEDIUM,204,1773,RESOLVED
NE000760,2025-10-28,Nashik,PACKET_LOSS,MEDIUM,251,2498,RESOLVED
NE000761,2026-09-12,Nashik,CONGESTION,LOW,196,3048,CLOSED
NE000762,2026-05-02,Nagpur,CONGESTION,CRITICAL,221,2373,IN_PROGRESS
NE000763,2025-11-30,Bhopal,PACKET_LOSS,MEDIUM,11,442,CLOSED
NE000764,2026-08-30,Nashik,OUTAGE,HIGH,143,4907,IN_PROGRESS
NE000765,2026-09-05,Indore,HIGH_LATENCY,MEDIUM,236,2113,RESOLVED
NE000766,2026-06-13,Nashik,PACKET_LOSS,LOW,90,3865,RESOLVED
NE000767,2026-03-08,Indore,LOW_SIGNAL,MEDIUM,269,1317,IN_PROGRESS
NE000768,2026-01-05,Pune,LOW_SIGNAL,CRITICAL,240,3719,OPEN
NE000769,2025-10-24,Thane,LOW_SIGNAL,CRITICAL,28,3497,OPEN
NE000770,2026-09-21,Thane,OUTAGE,MEDIUM,27,4881,CLOSED
NE000771,2025-10-07,Nagpur,CONGESTION,MEDIUM,31,730,RESOLVED
NE000772,2026-04-14,Bhopal,LOW_SIGNAL,LOW,83,3356,RESOLVED
NE000773,2026-05-24,Mumbai,OUTAGE,HIGH,133,2991,OPEN
NE000774,2026-05-23,Nagpur,LOW_SIGNAL,CRITICAL,236,4003,OPEN
NE000775,2026-07-18,Thane,PACKET_LOSS,LOW,14,1256,CLOSED
NE000776,2026-03-05,Pune,LOW_SIGNAL,HIGH,75,4142,OPEN
NE000777,2025-12-11,Nashik,CONGESTION,MEDIUM,25,835,RESOLVED
NE000778,2026-01-30,Nagpur,LOW_SIGNAL,CRITICAL,19,1026,IN_PROGRESS
NE000779,2026-08-10,Bhopal,OUTAGE,LOW,122,285,IN_PROGRESS
NE000780,2025-10-28,Pune,LOW_SIGNAL,HIGH,46,863,IN_PROGRESS
NE000781,2025-11-29,Pune,OUTAGE,LOW,183,3310,IN_PROGRESS
NE000782,2026-05-11,Mumbai,PACKET_LOSS,HIGH,259,2404,CLOSED
NE000783,2026-01-20,Pune,LOW_SIGNAL,CRITICAL,270,3426,IN_PROGRESS
NE000784,2026-04-16,Mumbai,OUTAGE,LOW,25,3394,IN_PROGRESS
NE000785,2026-09-05,Indore,CONGESTION,CRITICAL,235,3023,OPEN
NE000786,2025-11-17,Thane,HIGH_LATENCY,MEDIUM,22,2766,RESOLVED
NE000787,2025-12-18,Pune,HIGH_LATENCY,MEDIUM,192,1659,CLOSED
NE000788,2026-01-17,Nashik,OUTAGE,CRITICAL,191,2147,RESOLVED
NE000789,2026-05-10,Pune,PACKET_LOSS,LOW,13,369,OPEN
NE000790,2026-04-21,Bhopal,PACKET_LOSS,MEDIUM,89,2563,RESOLVED
NE000791,2025-12-04,Thane,HIGH_LATENCY,HIGH,275,4064,RESOLVED
NE000792,2025-10-01,Pune,CONGESTION,CRITICAL,49,1349,RESOLVED
NE000793,2026-03-30,Bhopal,PACKET_LOSS,LOW,137,3258,RESOLVED
NE000794,2026-01-12,Thane,LOW_SIGNAL,MEDIUM,272,4765,RESOLVED
NE000795,2025-12-13,Thane,OUTAGE,HIGH,255,3942,RESOLVED
NE000796,2026-02-15,Mumbai,CONGESTION,CRITICAL,56,4545,IN_PROGRESS
NE000797,2026-06-14,Bhopal,HIGH_LATENCY,HIGH,108,4078,CLOSED
NE000798,2025-12-07,Bhopal,CONGESTION,HIGH,22,77,RESOLVED
NE000799,2026-03-21,Thane,HIGH_LATENCY,MEDIUM,96,303,OPEN
NE000800,2026-03-09,Thane,PACKET_LOSS,MEDIUM,251,3569,RESOLVED
NE000801,2025-12-02,Bhopal,PACKET_LOSS,MEDIUM,263,1573,CLOSED
NE000802,2025-10-25,Bhopal,HIGH_LATENCY,LOW,196,1465,OPEN
NE000803,2025-12-13,Thane,PACKET_LOSS,LOW,256,113,IN_PROGRESS
NE000804,2026-06-28,Nashik,HIGH_LATENCY,CRITICAL,161,2845,CLOSED
NE000805,2026-09-21,Mumbai,LOW_SIGNAL,LOW,242,4210,RESOLVED
NE000806,2026-06-13,Indore,OUTAGE,MEDIUM,209,3944,IN_PROGRESS
NE000807,2026-08-19,Nashik,PACKET_LOSS,MEDIUM,124,3485,IN_PROGRESS
NE000808,2026-01-15,Indore,PACKET_LOSS,MEDIUM,189,676,RESOLVED
NE000809,2026-02-10,Thane,PACKET_LOSS,LOW,47,3335,IN_PROGRESS
NE000810,2026-05-16,Mumbai,PACKET_LOSS,MEDIUM,139,4121,OPEN
NE000811,2026-01-25,Nashik,CONGESTION,MEDIUM,186,1669,OPEN
NE000812,2026-08-14,Nagpur,LOW_SIGNAL,MEDIUM,28,989,CLOSED
NE000813,2026-09-20,Bhopal,CONGESTION,HIGH,61,1366,OPEN
NE000814,2026-06-18,Bhopal,LOW_SIGNAL,MEDIUM,82,4033,RESOLVED
NE000815,2026-06-19,Nashik,OUTAGE,HIGH,184,3490,IN_PROGRESS
NE000816,2025-12-22,Nagpur,HIGH_LATENCY,LOW,50,3018,IN_PROGRESS
NE000817,2026-06-29,Thane,LOW_SIGNAL,MEDIUM,254,4417,CLOSED
NE000818,2026-01-23,Bhopal,CONGESTION,CRITICAL,292,2065,OPEN
NE000819,2026-07-11,Bhopal,CONGESTION,MEDIUM,142,1044,OPEN
NE000820,2026-03-12,Pune,OUTAGE,MEDIUM,54,70,IN_PROGRESS
NE000821,2026-02-27,Thane,PACKET_LOSS,MEDIUM,70,430,IN_PROGRESS
NE000822,2026-01-08,Thane,PACKET_LOSS,MEDIUM,235,2620,OPEN
NE000823,2026-08-11,Indore,HIGH_LATENCY,MEDIUM,128,3775,IN_PROGRESS
NE000824,2026-08-29,Indore,LOW_SIGNAL,MEDIUM,165,1501,CLOSED
NE000825,2026-07-08,Pune,PACKET_LOSS,LOW,110,1495,OPEN
NE000826,2026-06-14,Nashik,CONGESTION,MEDIUM,294,4641,CLOSED
NE000827,2026-05-05,Nashik,CONGESTION,MEDIUM,247,3143,RESOLVED
NE000828,2026-07-02,Bhopal,PACKET_LOSS,MEDIUM,177,3128,OPEN
NE000829,2026-05-24,Thane,OUTAGE,HIGH,266,1986,OPEN
NE000830,2026-07-06,Mumbai,OUTAGE,LOW,134,722,RESOLVED
NE000831,2026-09-12,Mumbai,PACKET_LOSS,MEDIUM,270,4767,CLOSED
NE000832,2026-03-15,Mumbai,PACKET_LOSS,CRITICAL,52,1070,CLOSED
NE000833,2026-09-12,Indore,HIGH_LATENCY,MEDIUM,70,2728,OPEN
NE000834,2026-06-06,Indore,LOW_SIGNAL,LOW,194,4653,RESOLVED
NE000835,2026-09-02,Nashik,CONGESTION,LOW,179,2162,RESOLVED
NE000836,2026-01-24,Bhopal,PACKET_LOSS,CRITICAL,239,1158,CLOSED
NE000837,2026-07-22,Pune,CONGESTION,LOW,188,4661,RESOLVED
NE000838,2026-01-05,Nashik,CONGESTION,HIGH,259,3197,IN_PROGRESS
NE000839,2025-10-25,Indore,CONGESTION,LOW,75,2350,CLOSED
NE000840,2025-10-09,Mumbai,PACKET_LOSS,CRITICAL,83,1952,RESOLVED
NE000841,2025-10-07,Pune,PACKET_LOSS,CRITICAL,63,15,OPEN
NE000842,2025-12-03,Mumbai,OUTAGE,MEDIUM,248,1643,IN_PROGRESS
NE000843,2026-01-05,Pune,OUTAGE,LOW,50,3073,IN_PROGRESS
NE000844,2026-08-21,Mumbai,LOW_SIGNAL,MEDIUM,289,1579,IN_PROGRESS
NE000845,2026-07-03,Nashik,HIGH_LATENCY,MEDIUM,100,3927,OPEN
NE000846,2026-03-27,Bhopal,HIGH_LATENCY,MEDIUM,197,1259,CLOSED
NE000847,2026-08-28,Nagpur,OUTAGE,HIGH,173,2684,OPEN
NE000848,2026-09-01,Mumbai,OUTAGE,MEDIUM,266,723,OPEN
NE000849,2026-02-03,Bhopal,CONGESTION,HIGH,186,4039,IN_PROGRESS
NE000850,2025-11-10,Bhopal,HIGH_LATENCY,MEDIUM,12,423,OPEN
NE000851,2026-03-10,Nagpur,LOW_SIGNAL,MEDIUM,71,1096,IN_PROGRESS
NE000852,2026-04-25,Nashik,OUTAGE,CRITICAL,14,4146,CLOSED
NE000853,2026-05-19,Nashik,LOW_SIGNAL,CRITICAL,81,77,CLOSED
NE000854,2026-07-25,Thane,LOW_SIGNAL,HIGH,140,4438,OPEN
NE000855,2026-03-27,Nagpur,HIGH_LATENCY,CRITICAL,88,4718,RESOLVED
NE000856,2026-05-29,Nagpur,CONGESTION,LOW,164,555,OPEN
NE000857,2026-07-12,Thane,OUTAGE,HIGH,227,2989,IN_PROGRESS
NE000858,2026-06-05,Thane,CONGESTION,HIGH,92,4227,RESOLVED
NE000859,2026-07-12,Indore,PACKET_LOSS,MEDIUM,238,1276,RESOLVED
NE000860,2026-08-24,Mumbai,LOW_SIGNAL,MEDIUM,228,13,RESOLVED
NE000861,2025-12-10,Indore,CONGESTION,MEDIUM,72,4514,CLOSED
NE000862,2026-05-25,Bhopal,LOW_SIGNAL,MEDIUM,202,4280,IN_PROGRESS
NE000863,2026-04-16,Thane,OUTAGE,MEDIUM,273,4033,IN_PROGRESS
NE000864,2026-08-11,Mumbai,HIGH_LATENCY,CRITICAL,91,4745,CLOSED
NE000865,2026-04-07,Nagpur,CONGESTION,HIGH,21,4237,CLOSED
NE000866,2026-09-08,Pune,PACKET_LOSS,MEDIUM,6,4559,IN_PROGRESS
NE000867,2026-05-26,Bhopal,OUTAGE,HIGH,253,496,RESOLVED
NE000868,2026-08-05,Indore,LOW_SIGNAL,LOW,263,113,RESOLVED
NE000869,2026-03-17,Thane,OUTAGE,MEDIUM,216,421,IN_PROGRESS
NE000870,2026-04-03,Thane,LOW_SIGNAL,MEDIUM,104,1231,IN_PROGRESS
NE000871,2026-08-13,Mumbai,HIGH_LATENCY,LOW,219,3267,CLOSED
NE000872,2026-09-09,Nashik,OUTAGE,HIGH,267,578,RESOLVED
NE000873,2026-06-09,Thane,LOW_SIGNAL,MEDIUM,60,2356,OPEN
NE000874,2026-08-07,Nagpur,OUTAGE,MEDIUM,295,2276,IN_PROGRESS
NE000875,2025-12-22,Nagpur,OUTAGE,HIGH,296,1177,OPEN
NE000876,2026-08-26,Bhopal,OUTAGE,HIGH,78,4101,CLOSED
NE000877,2025-11-25,Mumbai,HIGH_LATENCY,MEDIUM,38,240,CLOSED
NE000878,2026-02-01,Mumbai,OUTAGE,LOW,35,2232,RESOLVED
NE000879,2026-04-08,Bhopal,OUTAGE,MEDIUM,219,3961,OPEN
NE000880,2026-09-10,Nagpur,PACKET_LOSS,CRITICAL,237,1051,IN_PROGRESS
NE000881,2026-03-05,Pune,HIGH_LATENCY,MEDIUM,150,38,RESOLVED
NE000882,2025-10-24,Nashik,CONGESTION,MEDIUM,66,4371,CLOSED
NE000883,2026-07-25,Pune,LOW_SIGNAL,MEDIUM,238,1134,OPEN
NE000884,2025-11-29,Mumbai,CONGESTION,LOW,271,2817,IN_PROGRESS
NE000885,2026-08-20,Mumbai,LOW_SIGNAL,CRITICAL,11,3255,RESOLVED
NE000886,2026-04-04,Mumbai,CONGESTION,MEDIUM,142,1163,IN_PROGRESS
NE000887,2026-05-29,Nashik,HIGH_LATENCY,LOW,181,3147,RESOLVED
NE000888,2026-05-02,Indore,OUTAGE,MEDIUM,209,117,IN_PROGRESS
NE000889,2025-11-11,Pune,LOW_SIGNAL,MEDIUM,15,671,OPEN
NE000890,2026-08-24,Bhopal,PACKET_LOSS,LOW,211,554,IN_PROGRESS
NE000891,2026-07-28,Bhopal,HIGH_LATENCY,MEDIUM,283,1316,CLOSED
NE000892,2026-01-22,Pune,HIGH_LATENCY,HIGH,129,4561,CLOSED
NE000893,2026-01-31,Pune,OUTAGE,CRITICAL,78,1281,RESOLVED
NE000894,2025-11-10,Nagpur,PACKET_LOSS,LOW,139,4689,RESOLVED
NE000895,2026-06-21,Nashik,PACKET_LOSS,MEDIUM,105,1573,CLOSED
NE000896,2026-07-31,Indore,PACKET_LOSS,CRITICAL,226,3976,CLOSED
NE000897,2025-12-28,Indore,OUTAGE,MEDIUM,239,717,CLOSED
NE000898,2025-12-28,Indore,LOW_SIGNAL,MEDIUM,20,77,CLOSED
NE000899,2025-12-15,Nashik,PACKET_LOSS,MEDIUM,203,3596,IN_PROGRESS
NE000900,2026-08-03,Thane,HIGH_LATENCY,LOW,196,1830,OPEN
NE000901,2026-06-10,Mumbai,LOW_SIGNAL,LOW,37,497,IN_PROGRESS
NE000902,2026-08-10,Mumbai,PACKET_LOSS,MEDIUM,74,3377,CLOSED
NE000903,2025-12-27,Pune,PACKET_LOSS,MEDIUM,72,3167,IN_PROGRESS
NE000904,2026-04-08,Mumbai,PACKET_LOSS,HIGH,174,2160,CLOSED
NE000905,2025-10-25,Nagpur,PACKET_LOSS,HIGH,130,3615,RESOLVED
NE000906,2025-09-24,Pune,HIGH_LATENCY,MEDIUM,107,2132,IN_PROGRESS
NE000907,2026-09-22,Mumbai,OUTAGE,LOW,125,4772,RESOLVED
NE000908,2026-01-29,Pune,CONGESTION,LOW,151,3817,RESOLVED
NE000909,2026-03-18,Nashik,CONGESTION,MEDIUM,210,3348,OPEN
NE000910,2025-11-29,Thane,CONGESTION,HIGH,188,1771,OPEN
NE000911,2025-11-20,Indore,LOW_SIGNAL,MEDIUM,96,3600,OPEN
NE000912,2026-04-10,Bhopal,CONGESTION,CRITICAL,245,2576,OPEN
NE000913,2026-05-27,Bhopal,CONGESTION,LOW,236,998,CLOSED
NE000914,2025-12-30,Mumbai,CONGESTION,CRITICAL,6,4255,IN_PROGRESS
NE000915,2025-11-14,Bhopal,HIGH_LATENCY,LOW,89,1763,RESOLVED
NE000916,2026-01-17,Pune,PACKET_LOSS,MEDIUM,134,270,IN_PROGRESS
NE000917,2025-12-25,Mumbai,OUTAGE,MEDIUM,12,4941,RESOLVED
NE000918,2026-09-09,Indore,PACKET_LOSS,MEDIUM,161,1720,OPEN
NE000919,2026-03-15,Nashik,HIGH_LATENCY,CRITICAL,6,184,OPEN
NE000920,2025-11-01,Mumbai,CONGESTION,HIGH,196,2682,IN_PROGRESS
NE000921,2026-09-17,Thane,PACKET_LOSS,HIGH,54,3752,OPEN
NE000922,2026-08-04,Nashik,HIGH_LATENCY,LOW,135,1052,RESOLVED
NE000923,2025-11-18,Pune,CONGESTION,LOW,208,4842,CLOSED
NE000924,2026-06-05,Nagpur,HIGH_LATENCY,MEDIUM,158,2415,OPEN
NE000925,2026-07-28,Nashik,PACKET_LOSS,MEDIUM,284,2632,CLOSED
NE000926,2026-03-09,Nagpur,LOW_SIGNAL,MEDIUM,166,3140,OPEN
NE000927,2025-12-18,Nagpur,LOW_SIGNAL,CRITICAL,67,4668,IN_PROGRESS
NE000928,2026-07-11,Thane,HIGH_LATENCY,MEDIUM,287,3524,IN_PROGRESS
NE000929,2026-05-29,Indore,CONGESTION,MEDIUM,161,1156,CLOSED
NE000930,2025-11-23,Mumbai,CONGESTION,MEDIUM,117,1590,OPEN
NE000931,2026-08-30,Bhopal,CONGESTION,HIGH,14,2859,RESOLVED
NE000932,2026-01-11,Bhopal,LOW_SIGNAL,CRITICAL,74,1304,RESOLVED
NE000933,2025-12-23,Nagpur,HIGH_LATENCY,MEDIUM,88,4248,CLOSED
NE000934,2026-04-01,Thane,PACKET_LOSS,MEDIUM,17,254,IN_PROGRESS
NE000935,2026-06-23,Pune,LOW_SIGNAL,MEDIUM,184,76,RESOLVED
NE000936,2026-05-27,Pune,OUTAGE,CRITICAL,208,722,RESOLVED
NE000937,2025-11-29,Mumbai,CONGESTION,LOW,90,289,CLOSED
NE000938,2025-12-23,Mumbai,CONGESTION,HIGH,15,1262,OPEN
NE000939,2026-04-17,Bhopal,CONGESTION,HIGH,22,2355,RESOLVED
NE000940,2026-05-26,Indore,CONGESTION,MEDIUM,95,753,CLOSED
NE000941,2026-02-09,Thane,OUTAGE,MEDIUM,185,735,IN_PROGRESS
NE000942,2026-04-14,Nagpur,PACKET_LOSS,MEDIUM,300,2449,RESOLVED
NE000943,2026-01-13,Mumbai,HIGH_LATENCY,LOW,103,285,OPEN
NE000944,2026-03-08,Nagpur,CONGESTION,LOW,276,4742,CLOSED
NE000945,2026-03-23,Nagpur,PACKET_LOSS,LOW,169,3630,IN_PROGRESS
NE000946,2026-02-27,Mumbai,CONGESTION,MEDIUM,165,4390,IN_PROGRESS
NE000947,2026-07-05,Thane,HIGH_LATENCY,MEDIUM,6,1863,OPEN
NE000948,2026-03-16,Mumbai,CONGESTION,LOW,107,4333,OPEN
NE000949,2026-05-01,Indore,CONGESTION,MEDIUM,263,4437,IN_PROGRESS
NE000950,2025-10-09,Nagpur,CONGESTION,MEDIUM,168,1594,IN_PROGRESS
NE000951,2026-06-05,Nagpur,LOW_SIGNAL,MEDIUM,76,4810,OPEN
NE000952,2025-10-02,Pune,LOW_SIGNAL,MEDIUM,78,4409,IN_PROGRESS
NE000953,2025-10-22,Pune,OUTAGE,MEDIUM,280,2008,OPEN
NE000954,2026-06-04,Pune,LOW_SIGNAL,MEDIUM,278,299,RESOLVED
NE000955,2026-05-15,Nashik,PACKET_LOSS,MEDIUM,207,3076,IN_PROGRESS
NE000956,2026-04-14,Bhopal,LOW_SIGNAL,LOW,12,3704,RESOLVED
NE000957,2026-08-02,Nashik,PACKET_LOSS,MEDIUM,220,4885,IN_PROGRESS
NE000958,2026-02-20,Pune,PACKET_LOSS,MEDIUM,53,590,OPEN
NE000959,2026-07-06,Nagpur,HIGH_LATENCY,LOW,159,4442,RESOLVED
NE000960,2026-03-03,Pune,OUTAGE,CRITICAL,35,4465,RESOLVED
NE000961,2026-06-29,Nagpur,HIGH_LATENCY,LOW,233,671,RESOLVED
NE000962,2026-09-12,Pune,OUTAGE,MEDIUM,52,1407,IN_PROGRESS
NE000963,2025-12-16,Bhopal,LOW_SIGNAL,MEDIUM,78,2555,RESOLVED
NE000964,2026-04-22,Mumbai,CONGESTION,MEDIUM,168,541,RESOLVED
NE000965,2026-08-31,Mumbai,CONGESTION,MEDIUM,126,1370,CLOSED
NE000966,2026-08-28,Mumbai,PACKET_LOSS,MEDIUM,100,79,RESOLVED
NE000967,2025-12-24,Pune,OUTAGE,LOW,26,3732,CLOSED
NE000968,2025-12-28,Thane,PACKET_LOSS,MEDIUM,271,3692,IN_PROGRESS
NE000969,2026-09-05,Thane,CONGESTION,CRITICAL,160,4708,CLOSED
NE000970,2026-06-18,Pune,HIGH_LATENCY,MEDIUM,34,3589,OPEN
NE000971,2026-06-29,Thane,LOW_SIGNAL,MEDIUM,65,4408,IN_PROGRESS
NE000972,2026-03-17,Indore,HIGH_LATENCY,MEDIUM,296,2978,RESOLVED
NE000973,2026-03-05,Bhopal,LOW_SIGNAL,MEDIUM,66,4572,OPEN
NE000974,2026-03-25,Bhopal,HIGH_LATENCY,MEDIUM,74,4032,OPEN
NE000975,2026-08-30,Nashik,PACKET_LOSS,HIGH,104,2847,CLOSED
NE000976,2025-12-14,Pune,LOW_SIGNAL,MEDIUM,285,4782,RESOLVED
NE000977,2026-03-27,Nagpur,HIGH_LATENCY,CRITICAL,79,2886,IN_PROGRESS
NE000978,2026-08-28,Nashik,CONGESTION,MEDIUM,297,2749,OPEN
NE000979,2026-02-04,Bhopal,PACKET_LOSS,MEDIUM,107,3115,IN_PROGRESS
NE000980,2026-05-26,Pune,PACKET_LOSS,MEDIUM,18,3133,RESOLVED
NE000981,2025-10-09,Mumbai,CONGESTION,LOW,64,2613,IN_PROGRESS
NE000982,2026-03-09,Bhopal,HIGH_LATENCY,CRITICAL,221,3440,CLOSED
NE000983,2026-02-11,Mumbai,CONGESTION,CRITICAL,296,2728,IN_PROGRESS
NE000984,2026-06-15,Nashik,PACKET_LOSS,CRITICAL,172,4713,RESOLVED
NE000985,2026-07-21,Thane,HIGH_LATENCY,MEDIUM,295,3132,OPEN
NE000986,2026-07-22,Bhopal,CONGESTION,MEDIUM,108,1143,RESOLVED
NE000987,2026-03-26,Indore,LOW_SIGNAL,CRITICAL,242,3252,OPEN
NE000988,2026-05-20,Nagpur,PACKET_LOSS,LOW,121,2493,CLOSED
NE000989,2026-01-07,Nashik,OUTAGE,HIGH,56,880,RESOLVED
NE000990,2026-09-15,Bhopal,CONGESTION,CRITICAL,69,109,OPEN
NE000991,2025-11-20,Thane,PACKET_LOSS,MEDIUM,116,2773,IN_PROGRESS
NE000992,2026-04-06,Bhopal,LOW_SIGNAL,CRITICAL,90,1265,CLOSED
NE000993,2026-06-26,Indore,CONGESTION,MEDIUM,264,523,IN_PROGRESS
NE000994,2026-03-16,Mumbai,OUTAGE,HIGH,169,144,CLOSED
NE000995,2026-03-06,Nashik,PACKET_LOSS,LOW,243,972,IN_PROGRESS
NE000996,2026-04-21,Thane,HIGH_LATENCY,LOW,42,1426,CLOSED
NE000997,2026-02-13,Nashik,HIGH_LATENCY,MEDIUM,99,1503,CLOSED
NE000998,2026-08-18,Pune,HIGH_LATENCY,CRITICAL,210,1360,RESOLVED
NE000999,2026-07-05,Bhopal,LOW_SIGNAL,HIGH,100,1854,OPEN
NE001000,2026-05-05,Pune,OUTAGE,LOW,23,4323,OPEN
NE001001,2026-09-19,Thane,PACKET_LOSS,MEDIUM,224,3251,CLOSED
NE001002,2026-05-15,Pune,HIGH_LATENCY,CRITICAL,93,4322,OPEN
NE001003,2026-05-29,Thane,HIGH_LATENCY,MEDIUM,104,2385,OPEN
NE001004,2025-11-26,Pune,HIGH_LATENCY,CRITICAL,5,3900,CLOSED
NE001005,2026-02-13,Indore,PACKET_LOSS,CRITICAL,126,1946,IN_PROGRESS
NE001006,2026-08-03,Bhopal,CONGESTION,CRITICAL,34,2606,IN_PROGRESS
NE001007,2025-11-01,Pune,CONGESTION,MEDIUM,276,3526,IN_PROGRESS
NE001008,2026-05-07,Pune,PACKET_LOSS,HIGH,105,3573,IN_PROGRESS
NE001009,2026-02-10,Pune,HIGH_LATENCY,MEDIUM,138,1825,RESOLVED
NE001010,2026-03-16,Nagpur,HIGH_LATENCY,MEDIUM,254,64,CLOSED
NE001011,2025-10-17,Mumbai,OUTAGE,MEDIUM,216,3605,RESOLVED
NE001012,2026-03-15,Pune,LOW_SIGNAL,MEDIUM,8,2576,IN_PROGRESS
NE001013,2025-12-08,Thane,HIGH_LATENCY,HIGH,118,4392,CLOSED
NE001014,2025-10-21,Indore,HIGH_LATENCY,HIGH,130,2357,RESOLVED
NE001015,2026-04-05,Nashik,PACKET_LOSS,MEDIUM,134,1945,CLOSED
NE001016,2025-11-10,Pune,HIGH_LATENCY,MEDIUM,264,1228,CLOSED
NE001017,2026-06-15,Mumbai,PACKET_LOSS,HIGH,289,101,IN_PROGRESS
NE001018,2026-01-22,Nagpur,PACKET_LOSS,HIGH,119,1525,IN_PROGRESS
NE001019,2025-12-03,Mumbai,PACKET_LOSS,HIGH,196,1474,OPEN
NE001020,2025-09-29,Bhopal,HIGH_LATENCY,CRITICAL,297,1955,OPEN
NE001021,2026-06-10,Thane,PACKET_LOSS,CRITICAL,196,4558,RESOLVED
NE001022,2026-04-14,Nashik,OUTAGE,MEDIUM,201,3237,RESOLVED
NE001023,2026-01-01,Pune,LOW_SIGNAL,MEDIUM,229,4874,CLOSED
NE001024,2026-01-27,Bhopal,HIGH_LATENCY,MEDIUM,167,367,RESOLVED
NE001025,2026-04-10,Bhopal,OUTAGE,LOW,221,3406,IN_PROGRESS
NE001026,2026-06-09,Nagpur,LOW_SIGNAL,CRITICAL,19,2114,CLOSED
NE001027,2026-01-24,Nagpur,LOW_SIGNAL,CRITICAL,91,2097,RESOLVED
NE001028,2026-05-02,Nagpur,CONGESTION,LOW,85,3328,OPEN
NE001029,2025-10-16,Indore,PACKET_LOSS,MEDIUM,185,1027,OPEN
NE001030,2026-04-11,Mumbai,LOW_SIGNAL,HIGH,185,3463,RESOLVED
NE001031,2026-06-28,Mumbai,OUTAGE,HIGH,96,3719,RESOLVED
NE001032,2026-07-12,Nashik,OUTAGE,MEDIUM,31,2409,OPEN
NE001033,2025-12-15,Thane,CONGESTION,CRITICAL,46,3556,RESOLVED
NE001034,2025-10-05,Nashik,CONGESTION,CRITICAL,253,1810,IN_PROGRESS
NE001035,2026-01-20,Pune,OUTAGE,HIGH,274,898,CLOSED
NE001036,2026-07-12,Indore,LOW_SIGNAL,LOW,80,2181,OPEN
NE001037,2025-10-04,Mumbai,PACKET_LOSS,HIGH,247,4751,CLOSED
NE001038,2026-03-04,Bhopal,LOW_SIGNAL,HIGH,24,565,IN_PROGRESS
NE001039,2026-06-28,Indore,CONGESTION,HIGH,287,807,IN_PROGRESS
NE001040,2025-12-12,Bhopal,CONGESTION,HIGH,95,4134,IN_PROGRESS
NE001041,2026-07-21,Nashik,CONGESTION,MEDIUM,218,354,RESOLVED
NE001042,2025-12-14,Thane,PACKET_LOSS,LOW,278,3809,IN_PROGRESS
NE001043,2026-02-15,Nashik,PACKET_LOSS,HIGH,246,2488,RESOLVED
NE001044,2025-10-15,Nashik,LOW_SIGNAL,MEDIUM,254,4159,OPEN
NE001045,2026-02-07,Mumbai,HIGH_LATENCY,CRITICAL,82,395,RESOLVED
NE001046,2025-12-03,Nagpur,HIGH_LATENCY,MEDIUM,190,1718,OPEN
NE001047,2026-03-06,Nashik,OUTAGE,MEDIUM,206,1307,IN_PROGRESS
NE001048,2026-06-19,Bhopal,LOW_SIGNAL,MEDIUM,115,1764,OPEN
NE001049,2026-01-09,Bhopal,HIGH_LATENCY,LOW,198,223,IN_PROGRESS
NE001050,2026-05-01,Mumbai,OUTAGE,HIGH,228,477,CLOSED
NE001051,2026-04-14,Nashik,HIGH_LATENCY,MEDIUM,82,3991,OPEN
NE001052,2026-06-12,Bhopal,OUTAGE,CRITICAL,279,4990,RESOLVED
NE001053,2025-10-01,Bhopal,PACKET_LOSS,MEDIUM,72,2104,CLOSED
NE001054,2026-02-02,Indore,HIGH_LATENCY,MEDIUM,113,1753,CLOSED
NE001055,2026-05-24,Bhopal,LOW_SIGNAL,MEDIUM,268,865,OPEN
NE001056,2026-04-22,Bhopal,LOW_SIGNAL,HIGH,128,2650,CLOSED
NE001057,2026-03-23,Mumbai,OUTAGE,LOW,96,1173,IN_PROGRESS
NE001058,2026-01-27,Thane,HIGH_LATENCY,LOW,16,4836,RESOLVED
NE001059,2026-09-04,Nashik,CONGESTION,MEDIUM,122,2511,OPEN
NE001060,2026-03-16,Mumbai,CONGESTION,MEDIUM,107,34,CLOSED
NE001061,2026-03-13,Nashik,LOW_SIGNAL,LOW,149,2946,IN_PROGRESS
NE001062,2026-01-21,Nashik,CONGESTION,CRITICAL,23,3896,OPEN
NE001063,2025-11-03,Indore,CONGESTION,MEDIUM,19,952,RESOLVED
NE001064,2026-05-22,Nagpur,LOW_SIGNAL,MEDIUM,80,1170,IN_PROGRESS
NE001065,2026-08-01,Nagpur,PACKET_LOSS,HIGH,145,1829,RESOLVED
NE001066,2026-09-04,Thane,OUTAGE,HIGH,149,2178,CLOSED
NE001067,2026-09-09,Pune,PACKET_LOSS,CRITICAL,12,362,CLOSED
NE001068,2026-04-30,Pune,LOW_SIGNAL,MEDIUM,240,4568,IN_PROGRESS
NE001069,2026-01-31,Mumbai,OUTAGE,MEDIUM,27,4291,CLOSED
NE001070,2026-03-17,Pune,OUTAGE,HIGH,171,2802,OPEN
NE001071,2026-09-08,Mumbai,LOW_SIGNAL,LOW,163,4433,OPEN
NE001072,2026-06-21,Nagpur,HIGH_LATENCY,MEDIUM,6,2169,CLOSED
NE001073,2026-07-01,Pune,PACKET_LOSS,HIGH,290,2518,CLOSED
NE001074,2026-03-26,Thane,LOW_SIGNAL,LOW,190,3698,IN_PROGRESS
NE001075,2026-08-07,Mumbai,CONGESTION,CRITICAL,63,2887,OPEN
NE001076,2026-07-06,Nashik,CONGESTION,LOW,136,1897,CLOSED
NE001077,2026-05-26,Indore,CONGESTION,MEDIUM,40,758,IN_PROGRESS
NE001078,2025-12-11,Pune,CONGESTION,MEDIUM,158,1376,OPEN
NE001079,2026-08-01,Thane,CONGESTION,MEDIUM,55,4638,OPEN
NE001080,2026-06-12,Indore,LOW_SIGNAL,MEDIUM,269,4050,IN_PROGRESS
NE001081,2026-09-01,Indore,HIGH_LATENCY,MEDIUM,83,1608,RESOLVED
NE001082,2026-02-02,Mumbai,CONGESTION,MEDIUM,59,513,OPEN
NE001083,2026-05-22,Nashik,PACKET_LOSS,MEDIUM,135,1220,IN_PROGRESS
NE001084,2026-07-17,Thane,PACKET_LOSS,MEDIUM,159,4161,RESOLVED
NE001085,2025-12-03,Thane,HIGH_LATENCY,CRITICAL,87,628,OPEN
NE001086,2025-09-28,Nashik,HIGH_LATENCY,CRITICAL,55,2003,OPEN
NE001087,2026-05-22,Mumbai,OUTAGE,CRITICAL,209,3016,OPEN
NE001088,2026-07-05,Indore,PACKET_LOSS,MEDIUM,167,3486,CLOSED
NE001089,2026-03-27,Nagpur,CONGESTION,HIGH,123,1762,RESOLVED
NE001090,2026-05-23,Mumbai,CONGESTION,HIGH,212,4854,CLOSED
NE001091,2026-08-04,Mumbai,LOW_SIGNAL,LOW,78,540,CLOSED
NE001092,2026-09-18,Mumbai,PACKET_LOSS,MEDIUM,259,3003,CLOSED
NE001093,2025-11-13,Bhopal,OUTAGE,MEDIUM,215,2283,OPEN
NE001094,2025-12-01,Bhopal,CONGESTION,MEDIUM,23,4734,RESOLVED
NE001095,2025-11-26,Bhopal,OUTAGE,LOW,173,1625,CLOSED
NE001096,2026-07-26,Indore,OUTAGE,CRITICAL,189,4160,IN_PROGRESS
NE001097,2026-04-04,Nagpur,PACKET_LOSS,MEDIUM,42,437,IN_PROGRESS
NE001098,2025-10-26,Nashik,HIGH_LATENCY,CRITICAL,189,1386,RESOLVED
NE001099,2026-01-22,Bhopal,HIGH_LATENCY,MEDIUM,81,4364,OPEN
NE001100,2025-11-02,Thane,OUTAGE,HIGH,182,787,IN_PROGRESS
NE001101,2025-12-28,Mumbai,LOW_SIGNAL,LOW,243,4649,RESOLVED
NE001102,2026-05-29,Thane,HIGH_LATENCY,MEDIUM,114,3261,IN_PROGRESS
NE001103,2026-01-01,Pune,PACKET_LOSS,MEDIUM,84,4761,OPEN
NE001104,2025-10-19,Indore,PACKET_LOSS,MEDIUM,202,1568,OPEN
NE001105,2025-11-27,Nagpur,CONGESTION,MEDIUM,292,1501,OPEN
NE001106,2026-08-16,Mumbai,OUTAGE,MEDIUM,231,3334,OPEN
NE001107,2025-11-16,Nagpur,CONGESTION,MEDIUM,169,208,IN_PROGRESS
NE001108,2026-05-15,Nagpur,CONGESTION,HIGH,214,2505,OPEN
NE001109,2026-03-11,Thane,OUTAGE,MEDIUM,283,3976,CLOSED
NE001110,2026-06-12,Mumbai,LOW_SIGNAL,MEDIUM,269,2543,RESOLVED
NE001111,2026-03-10,Nagpur,OUTAGE,CRITICAL,256,1255,CLOSED
NE001112,2026-09-19,Pune,PACKET_LOSS,LOW,61,4067,OPEN
NE001113,2026-04-20,Indore,LOW_SIGNAL,CRITICAL,142,1650,RESOLVED
NE001114,2026-02-03,Bhopal,PACKET_LOSS,MEDIUM,278,2171,RESOLVED
NE001115,2025-11-22,Bhopal,LOW_SIGNAL,MEDIUM,78,3665,CLOSED
NE001116,2026-03-16,Indore,HIGH_LATENCY,MEDIUM,133,3557,CLOSED
NE001117,2026-08-08,Thane,HIGH_LATENCY,LOW,292,1918,RESOLVED
NE001118,2026-07-23,Indore,LOW_SIGNAL,HIGH,51,1709,RESOLVED
NE001119,2026-02-16,Nashik,CONGESTION,HIGH,280,2807,RESOLVED
NE001120,2026-06-06,Indore,HIGH_LATENCY,HIGH,168,2497,RESOLVED
NE001121,2026-02-15,Nagpur,LOW_SIGNAL,MEDIUM,245,3964,CLOSED
NE001122,2026-05-21,Nagpur,LOW_SIGNAL,MEDIUM,288,1644,RESOLVED
NE001123,2026-03-15,Bhopal,LOW_SIGNAL,MEDIUM,70,3113,RESOLVED
NE001124,2026-02-18,Bhopal,CONGESTION,MEDIUM,53,3371,RESOLVED
NE001125,2026-06-18,Pune,CONGESTION,MEDIUM,106,1425,IN_PROGRESS
NE001126,2026-02-10,Pune,HIGH_LATENCY,HIGH,274,2543,RESOLVED
NE001127,2025-11-03,Nashik,HIGH_LATENCY,MEDIUM,185,844,IN_PROGRESS
NE001128,2025-10-10,Mumbai,HIGH_LATENCY,MEDIUM,16,1730,CLOSED
NE001129,2026-03-27,Thane,PACKET_LOSS,CRITICAL,99,1277,IN_PROGRESS
NE001130,2026-07-14,Nashik,PACKET_LOSS,MEDIUM,229,4394,IN_PROGRESS
NE001131,2026-08-22,Thane,CONGESTION,HIGH,80,2742,RESOLVED
NE001132,2025-12-22,Nagpur,OUTAGE,MEDIUM,126,2344,CLOSED
NE001133,2026-07-16,Thane,LOW_SIGNAL,MEDIUM,268,1213,CLOSED
NE001134,2026-05-16,Bhopal,OUTAGE,CRITICAL,182,3266,OPEN
NE001135,2026-03-04,Pune,OUTAGE,HIGH,263,3229,RESOLVED
NE001136,2026-05-03,Nagpur,OUTAGE,CRITICAL,99,465,CLOSED
NE001137,2026-01-05,Nashik,CONGESTION,MEDIUM,243,1584,CLOSED
NE001138,2026-08-17,Nashik,HIGH_LATENCY,MEDIUM,290,4966,RESOLVED
NE001139,2026-02-26,Indore,PACKET_LOSS,MEDIUM,282,4215,OPEN
NE001140,2026-02-09,Nashik,PACKET_LOSS,LOW,86,2845,RESOLVED
NE001141,2025-10-11,Nashik,CONGESTION,HIGH,112,3345,CLOSED
NE001142,2026-01-31,Bhopal,OUTAGE,MEDIUM,82,3111,RESOLVED
NE001143,2025-11-07,Nagpur,CONGESTION,MEDIUM,289,2915,CLOSED
NE001144,2026-09-08,Nagpur,CONGESTION,MEDIUM,66,1048,OPEN
NE001145,2026-05-20,Indore,OUTAGE,HIGH,282,4420,IN_PROGRESS
NE001146,2025-11-04,Pune,CONGESTION,CRITICAL,170,283,RESOLVED
NE001147,2026-03-22,Nagpur,LOW_SIGNAL,CRITICAL,218,3188,IN_PROGRESS
NE001148,2026-05-31,Thane,PACKET_LOSS,CRITICAL,116,1438,RESOLVED
NE001149,2026-03-02,Mumbai,PACKET_LOSS,CRITICAL,293,4647,IN_PROGRESS
NE001150,2025-11-29,Mumbai,PACKET_LOSS,HIGH,251,431,CLOSED
NE001151,2025-10-24,Nagpur,CONGESTION,MEDIUM,116,2411,RESOLVED
NE001152,2026-06-23,Indore,PACKET_LOSS,CRITICAL,25,3865,RESOLVED
NE001153,2026-06-12,Mumbai,PACKET_LOSS,MEDIUM,267,3776,RESOLVED
NE001154,2026-05-15,Nashik,CONGESTION,CRITICAL,114,1664,RESOLVED
NE001155,2026-02-12,Thane,CONGESTION,CRITICAL,246,465,IN_PROGRESS
NE001156,2026-04-22,Pune,PACKET_LOSS,MEDIUM,268,2888,OPEN
NE001157,2026-01-16,Pune,CONGESTION,HIGH,204,4815,RESOLVED
NE001158,2025-11-08,Mumbai,PACKET_LOSS,HIGH,273,3698,OPEN
NE001159,2026-03-01,Nashik,OUTAGE,LOW,193,2101,RESOLVED
NE001160,2026-01-07,Nagpur,PACKET_LOSS,MEDIUM,259,3900,RESOLVED
NE001161,2026-03-24,Nashik,CONGESTION,MEDIUM,39,877,OPEN
NE001162,2026-05-01,Bhopal,PACKET_LOSS,LOW,94,1224,OPEN
NE001163,2026-02-16,Indore,OUTAGE,LOW,82,616,IN_PROGRESS
NE001164,2025-11-15,Indore,LOW_SIGNAL,HIGH,174,3703,RESOLVED
NE001165,2026-03-21,Thane,OUTAGE,MEDIUM,241,2563,RESOLVED
NE001166,2026-01-01,Nashik,PACKET_LOSS,MEDIUM,77,4189,RESOLVED
NE001167,2025-11-12,Pune,OUTAGE,MEDIUM,64,3459,OPEN
NE001168,2026-02-12,Bhopal,HIGH_LATENCY,LOW,235,2500,RESOLVED
NE001169,2026-04-25,Mumbai,CONGESTION,LOW,146,2719,CLOSED
NE001170,2026-09-18,Pune,CONGESTION,MEDIUM,189,4879,IN_PROGRESS
NE001171,2026-06-26,Mumbai,OUTAGE,MEDIUM,110,3719,RESOLVED
NE001172,2026-08-22,Pune,OUTAGE,LOW,289,4058,CLOSED
NE001173,2025-10-16,Indore,OUTAGE,HIGH,209,2780,OPEN
NE001174,2026-05-06,Mumbai,OUTAGE,MEDIUM,180,2167,RESOLVED
NE001175,2025-11-13,Nagpur,HIGH_LATENCY,LOW,151,4312,CLOSED
NE001176,2026-07-30,Indore,LOW_SIGNAL,CRITICAL,245,706,CLOSED
NE001177,2026-07-26,Nagpur,HIGH_LATENCY,MEDIUM,210,1268,OPEN
NE001178,2026-03-26,Nagpur,LOW_SIGNAL,MEDIUM,228,2465,CLOSED
NE001179,2026-04-26,Mumbai,OUTAGE,LOW,154,184,IN_PROGRESS
NE001180,2025-12-28,Pune,LOW_SIGNAL,MEDIUM,183,3051,OPEN
NE001181,2026-07-20,Nagpur,LOW_SIGNAL,HIGH,23,3612,IN_PROGRESS
NE001182,2026-03-20,Pune,CONGESTION,HIGH,131,4309,IN_PROGRESS
NE001183,2026-05-27,Thane,LOW_SIGNAL,MEDIUM,210,1393,CLOSED
NE001184,2026-05-05,Pune,OUTAGE,HIGH,179,3870,IN_PROGRESS
NE001185,2026-03-24,Pune,OUTAGE,LOW,222,2239,RESOLVED
NE001186,2026-07-30,Thane,LOW_SIGNAL,MEDIUM,79,447,CLOSED
NE001187,2026-09-01,Nashik,PACKET_LOSS,MEDIUM,34,4871,IN_PROGRESS
NE001188,2026-03-28,Bhopal,PACKET_LOSS,MEDIUM,288,3463,IN_PROGRESS
NE001189,2025-11-02,Indore,HIGH_LATENCY,CRITICAL,209,3737,OPEN
NE001190,2026-05-16,Mumbai,CONGESTION,LOW,125,538,OPEN
NE001191,2026-01-20,Nagpur,PACKET_LOSS,LOW,141,4144,IN_PROGRESS
NE001192,2026-06-19,Thane,OUTAGE,CRITICAL,161,4178,RESOLVED
NE001193,2026-08-17,Mumbai,HIGH_LATENCY,MEDIUM,107,3692,IN_PROGRESS
NE001194,2026-05-25,Mumbai,PACKET_LOSS,HIGH,280,2234,OPEN
NE001195,2026-02-13,Nagpur,PACKET_LOSS,MEDIUM,250,3970,CLOSED
NE001196,2026-05-12,Thane,LOW_SIGNAL,HIGH,262,2245,OPEN
NE001197,2025-10-02,Nashik,OUTAGE,MEDIUM,201,367,CLOSED
NE001198,2026-02-08,Nashik,LOW_SIGNAL,LOW,210,652,IN_PROGRESS
NE001199,2025-11-11,Nashik,CONGESTION,CRITICAL,224,3637,OPEN
NE001200,2025-10-09,Indore,HIGH_LATENCY,CRITICAL,237,583,IN_PROGRESS
NE001201,2025-10-19,Bhopal,LOW_SIGNAL,MEDIUM,285,3373,CLOSED
NE001202,2026-03-28,Bhopal,PACKET_LOSS,LOW,58,4909,RESOLVED
NE001203,2025-11-17,Mumbai,HIGH_LATENCY,HIGH,50,2587,OPEN
NE001204,2026-08-07,Nagpur,CONGESTION,LOW,74,2116,RESOLVED
NE001205,2025-11-27,Indore,OUTAGE,HIGH,248,3576,CLOSED
NE001206,2026-09-06,Pune,HIGH_LATENCY,HIGH,239,831,RESOLVED
NE001207,2026-03-20,Thane,CONGESTION,MEDIUM,196,3775,CLOSED
NE001208,2026-02-24,Indore,HIGH_LATENCY,MEDIUM,54,2466,OPEN
NE001209,2026-03-25,Indore,LOW_SIGNAL,MEDIUM,36,3768,IN_PROGRESS
NE001210,2025-10-12,Bhopal,CONGESTION,CRITICAL,160,2019,CLOSED
NE001211,2026-01-12,Mumbai,LOW_SIGNAL,HIGH,281,2307,RESOLVED
NE001212,2025-12-04,Thane,HIGH_LATENCY,MEDIUM,126,3062,OPEN
NE001213,2025-12-27,Nagpur,OUTAGE,CRITICAL,268,635,IN_PROGRESS
NE001214,2026-01-29,Thane,OUTAGE,CRITICAL,213,4183,IN_PROGRESS
NE001215,2026-01-09,Nagpur,LOW_SIGNAL,MEDIUM,66,201,RESOLVED
NE001216,2026-03-25,Thane,HIGH_LATENCY,MEDIUM,125,491,RESOLVED
NE001217,2026-01-13,Bhopal,OUTAGE,LOW,99,1126,CLOSED
NE001218,2026-01-01,Nashik,CONGESTION,MEDIUM,30,2724,CLOSED
NE001219,2026-09-05,Nagpur,PACKET_LOSS,LOW,89,41,IN_PROGRESS
NE001220,2026-01-05,Indore,LOW_SIGNAL,HIGH,147,2585,OPEN
NE001221,2025-11-21,Bhopal,HIGH_LATENCY,MEDIUM,112,353,RESOLVED
NE001222,2026-08-17,Nashik,LOW_SIGNAL,LOW,22,3275,IN_PROGRESS
NE001223,2026-05-31,Pune,CONGESTION,HIGH,128,2384,CLOSED
NE001224,2026-06-14,Nashik,LOW_SIGNAL,MEDIUM,168,3615,OPEN
NE001225,2025-11-19,Nagpur,LOW_SIGNAL,MEDIUM,272,2779,OPEN
NE001226,2026-04-15,Mumbai,OUTAGE,MEDIUM,293,1782,RESOLVED
NE001227,2026-06-27,Nashik,OUTAGE,HIGH,72,1437,IN_PROGRESS
NE001228,2026-07-13,Nashik,CONGESTION,MEDIUM,165,4040,OPEN
NE001229,2025-10-28,Mumbai,HIGH_LATENCY,MEDIUM,24,4332,CLOSED
NE001230,2026-09-02,Pune,OUTAGE,MEDIUM,139,2298,CLOSED
NE001231,2025-12-29,Nashik,PACKET_LOSS,LOW,179,149,RESOLVED
NE001232,2025-12-12,Nashik,CONGESTION,MEDIUM,214,1338,IN_PROGRESS
NE001233,2026-01-06,Indore,LOW_SIGNAL,CRITICAL,25,2519,CLOSED
NE001234,2026-09-02,Mumbai,CONGESTION,HIGH,232,3680,CLOSED
NE001235,2026-05-30,Bhopal,PACKET_LOSS,MEDIUM,145,3129,OPEN
NE001236,2026-04-10,Nagpur,CONGESTION,CRITICAL,140,1848,CLOSED
NE001237,2026-09-12,Indore,HIGH_LATENCY,CRITICAL,243,4370,IN_PROGRESS
NE001238,2026-06-23,Nashik,LOW_SIGNAL,MEDIUM,246,470,OPEN
NE001239,2025-10-11,Pune,PACKET_LOSS,MEDIUM,180,4718,RESOLVED
NE001240,2026-05-05,Nagpur,CONGESTION,CRITICAL,161,3925,IN_PROGRESS
NE001241,2025-11-06,Nagpur,CONGESTION,MEDIUM,112,4860,RESOLVED
NE001242,2026-06-26,Nashik,OUTAGE,MEDIUM,192,3555,IN_PROGRESS
NE001243,2026-01-18,Indore,OUTAGE,MEDIUM,247,2243,CLOSED
NE001244,2026-08-21,Mumbai,OUTAGE,MEDIUM,102,4389,CLOSED
NE001245,2025-11-05,Nagpur,LOW_SIGNAL,LOW,124,3789,OPEN
NE001246,2025-11-08,Thane,PACKET_LOSS,CRITICAL,134,2536,IN_PROGRESS
NE001247,2026-01-17,Nashik,CONGESTION,HIGH,89,1034,OPEN
NE001248,2026-07-15,Pune,OUTAGE,MEDIUM,283,3632,CLOSED
NE001249,2026-08-18,Indore,CONGESTION,LOW,213,1635,CLOSED
NE001250,2026-04-29,Nagpur,PACKET_LOSS,MEDIUM,60,3244,IN_PROGRESS
NE001251,2025-12-04,Mumbai,LOW_SIGNAL,HIGH,277,3048,IN_PROGRESS
NE001252,2026-07-25,Indore,PACKET_LOSS,LOW,141,4955,IN_PROGRESS
NE001253,2025-12-21,Indore,HIGH_LATENCY,HIGH,38,1068,OPEN
NE001254,2025-12-26,Thane,HIGH_LATENCY,MEDIUM,112,1467,IN_PROGRESS
NE001255,2025-10-04,Mumbai,LOW_SIGNAL,HIGH,257,1876,RESOLVED
NE001256,2026-02-21,Nagpur,HIGH_LATENCY,LOW,69,1214,OPEN
NE001257,2026-02-27,Indore,OUTAGE,LOW,141,3329,OPEN
NE001258,2025-11-01,Nashik,OUTAGE,CRITICAL,71,2726,CLOSED
NE001259,2025-11-02,Pune,HIGH_LATENCY,MEDIUM,147,3365,OPEN
NE001260,2026-02-18,Nagpur,CONGESTION,CRITICAL,228,4585,OPEN
NE001261,2026-01-21,Nagpur,HIGH_LATENCY,CRITICAL,200,461,OPEN
NE001262,2026-03-15,Nagpur,HIGH_LATENCY,CRITICAL,226,159,CLOSED
NE001263,2026-03-27,Pune,LOW_SIGNAL,MEDIUM,233,1131,IN_PROGRESS
NE001264,2026-06-05,Nashik,PACKET_LOSS,HIGH,242,2680,CLOSED
NE001265,2025-10-21,Mumbai,LOW_SIGNAL,MEDIUM,250,3251,IN_PROGRESS
NE001266,2026-05-12,Nagpur,PACKET_LOSS,MEDIUM,42,2121,CLOSED
NE001267,2025-10-13,Mumbai,CONGESTION,MEDIUM,7,448,OPEN
NE001268,2026-09-14,Nashik,LOW_SIGNAL,MEDIUM,255,187,IN_PROGRESS
NE001269,2026-07-07,Pune,OUTAGE,MEDIUM,141,1249,IN_PROGRESS
NE001270,2025-12-22,Nagpur,LOW_SIGNAL,LOW,135,1605,CLOSED
NE001271,2026-01-08,Thane,LOW_SIGNAL,MEDIUM,149,1790,RESOLVED
NE001272,2025-10-28,Bhopal,CONGESTION,CRITICAL,235,799,IN_PROGRESS
NE001273,2026-01-30,Bhopal,HIGH_LATENCY,LOW,265,1028,IN_PROGRESS
NE001274,2026-07-16,Mumbai,CONGESTION,LOW,300,4477,OPEN
NE001275,2026-05-12,Indore,LOW_SIGNAL,MEDIUM,28,3706,RESOLVED
NE001276,2025-09-26,Indore,OUTAGE,MEDIUM,42,2747,IN_PROGRESS
NE001277,2025-10-20,Indore,CONGESTION,CRITICAL,108,4141,RESOLVED
NE001278,2025-11-01,Bhopal,HIGH_LATENCY,HIGH,274,853,IN_PROGRESS
NE001279,2026-08-01,Mumbai,HIGH_LATENCY,MEDIUM,173,3805,IN_PROGRESS
NE001280,2026-02-16,Pune,OUTAGE,MEDIUM,168,2508,OPEN
NE001281,2025-12-01,Indore,OUTAGE,MEDIUM,202,3215,CLOSED
NE001282,2025-12-29,Thane,HIGH_LATENCY,MEDIUM,47,2526,CLOSED
NE001283,2025-10-03,Pune,PACKET_LOSS,HIGH,47,645,IN_PROGRESS
NE001284,2026-05-18,Indore,LOW_SIGNAL,MEDIUM,13,2627,CLOSED
NE001285,2026-03-19,Nagpur,OUTAGE,MEDIUM,194,1038,OPEN
NE001286,2026-08-13,Mumbai,CONGESTION,HIGH,225,1763,OPEN
NE001287,2026-05-11,Nashik,CONGESTION,CRITICAL,7,4400,CLOSED
NE001288,2026-01-29,Nagpur,PACKET_LOSS,HIGH,288,2398,IN_PROGRESS
NE001289,2026-06-10,Nashik,HIGH_LATENCY,CRITICAL,175,4247,CLOSED
NE001290,2026-01-01,Pune,LOW_SIGNAL,CRITICAL,36,2130,IN_PROGRESS
NE001291,2026-02-08,Mumbai,PACKET_LOSS,CRITICAL,260,3874,IN_PROGRESS
NE001292,2025-10-10,Indore,PACKET_LOSS,CRITICAL,126,3645,OPEN
NE001293,2026-05-28,Nagpur,OUTAGE,MEDIUM,90,3014,CLOSED
NE001294,2026-04-20,Nashik,PACKET_LOSS,HIGH,81,2697,OPEN
NE001295,2025-11-16,Nashik,CONGESTION,LOW,262,3759,OPEN
NE001296,2026-01-25,Nashik,CONGESTION,LOW,265,201,RESOLVED
NE001297,2026-07-18,Nashik,OUTAGE,MEDIUM,11,2101,OPEN
NE001298,2026-03-16,Pune,PACKET_LOSS,CRITICAL,222,2481,CLOSED
NE001299,2026-09-13,Nashik,CONGESTION,LOW,117,2382,IN_PROGRESS
NE001300,2026-05-31,Pune,OUTAGE,MEDIUM,296,1563,CLOSED
NE001301,2025-10-12,Nagpur,HIGH_LATENCY,HIGH,215,2346,OPEN
NE001302,2026-05-06,Thane,CONGESTION,CRITICAL,267,1217,OPEN
NE001303,2026-09-04,Bhopal,CONGESTION,CRITICAL,131,427,OPEN
NE001304,2026-04-17,Mumbai,PACKET_LOSS,LOW,113,4383,CLOSED
NE001305,2026-09-21,Nashik,HIGH_LATENCY,LOW,230,4191,CLOSED
NE001306,2026-02-17,Mumbai,LOW_SIGNAL,CRITICAL,144,1125,OPEN
NE001307,2026-01-27,Thane,CONGESTION,CRITICAL,197,3770,IN_PROGRESS
NE001308,2025-12-24,Nashik,CONGESTION,MEDIUM,150,3096,RESOLVED
NE001309,2026-01-23,Thane,HIGH_LATENCY,MEDIUM,82,4533,RESOLVED
NE001310,2026-01-04,Nagpur,CONGESTION,LOW,61,811,RESOLVED
NE001311,2025-11-11,Nagpur,OUTAGE,MEDIUM,277,448,RESOLVED
NE001312,2025-12-16,Indore,LOW_SIGNAL,MEDIUM,102,1136,CLOSED
NE001313,2026-07-24,Thane,LOW_SIGNAL,LOW,259,3924,OPEN
NE001314,2026-03-04,Nagpur,LOW_SIGNAL,LOW,207,1807,OPEN
NE001315,2026-05-23,Pune,LOW_SIGNAL,CRITICAL,82,3756,OPEN
NE001316,2026-09-01,Pune,OUTAGE,MEDIUM,21,172,OPEN
NE001317,2025-10-04,Pune,OUTAGE,CRITICAL,175,3327,IN_PROGRESS
NE001318,2026-07-27,Bhopal,OUTAGE,MEDIUM,68,2945,IN_PROGRESS
NE001319,2025-12-19,Thane,CONGESTION,MEDIUM,71,1681,IN_PROGRESS
NE001320,2026-05-20,Nagpur,CONGESTION,CRITICAL,201,1663,RESOLVED
NE001321,2026-08-10,Bhopal,CONGESTION,CRITICAL,8,2020,CLOSED
NE001322,2026-08-07,Nagpur,CONGESTION,MEDIUM,113,1930,RESOLVED
NE001323,2026-02-10,Thane,PACKET_LOSS,HIGH,58,217,OPEN
NE001324,2026-07-17,Bhopal,LOW_SIGNAL,HIGH,45,2583,IN_PROGRESS
NE001325,2025-10-22,Nashik,LOW_SIGNAL,LOW,6,3013,CLOSED
NE001326,2026-01-24,Nashik,OUTAGE,HIGH,99,2282,RESOLVED
NE001327,2026-05-14,Bhopal,PACKET_LOSS,HIGH,34,2610,RESOLVED
NE001328,2026-07-22,Nashik,CONGESTION,MEDIUM,19,2273,CLOSED
NE001329,2026-06-18,Nashik,PACKET_LOSS,CRITICAL,137,4216,RESOLVED
NE001330,2025-12-12,Indore,CONGESTION,MEDIUM,223,3496,CLOSED
NE001331,2026-06-13,Mumbai,HIGH_LATENCY,LOW,121,2799,OPEN
NE001332,2025-12-12,Thane,PACKET_LOSS,HIGH,75,4007,CLOSED
NE001333,2026-05-14,Nagpur,PACKET_LOSS,HIGH,28,631,RESOLVED
NE001334,2026-03-11,Mumbai,LOW_SIGNAL,LOW,6,4832,OPEN
NE001335,2026-02-10,Indore,CONGESTION,HIGH,237,4259,IN_PROGRESS
NE001336,2026-01-28,Pune,OUTAGE,MEDIUM,99,1972,IN_PROGRESS
NE001337,2026-08-10,Indore,HIGH_LATENCY,MEDIUM,33,3771,RESOLVED
NE001338,2026-08-26,Mumbai,CONGESTION,MEDIUM,113,4841,OPEN
NE001339,2026-01-22,Mumbai,CONGESTION,MEDIUM,293,2959,RESOLVED
NE001340,2026-03-23,Indore,CONGESTION,MEDIUM,48,3498,OPEN
NE001341,2026-02-01,Nagpur,PACKET_LOSS,MEDIUM,40,1522,CLOSED
NE001342,2026-09-15,Bhopal,HIGH_LATENCY,LOW,187,4460,CLOSED
NE001343,2025-09-26,Mumbai,CONGESTION,MEDIUM,105,1652,CLOSED
NE001344,2026-04-19,Nagpur,PACKET_LOSS,LOW,281,3079,IN_PROGRESS
NE001345,2026-08-01,Indore,CONGESTION,LOW,27,3479,OPEN
NE001346,2026-04-15,Pune,PACKET_LOSS,HIGH,293,3358,RESOLVED
NE001347,2026-09-07,Nagpur,CONGESTION,HIGH,158,3886,OPEN
NE001348,2026-05-25,Nagpur,HIGH_LATENCY,HIGH,273,2177,OPEN
NE001349,2025-11-04,Bhopal,PACKET_LOSS,MEDIUM,230,1958,IN_PROGRESS
NE001350,2026-03-12,Thane,HIGH_LATENCY,MEDIUM,81,1078,OPEN
NE001351,2026-08-13,Nagpur,OUTAGE,MEDIUM,22,2272,RESOLVED
NE001352,2026-08-05,Thane,PACKET_LOSS,LOW,295,2381,RESOLVED
NE001353,2026-08-11,Nagpur,PACKET_LOSS,CRITICAL,24,2143,IN_PROGRESS
NE001354,2026-01-10,Pune,CONGESTION,HIGH,219,832,IN_PROGRESS
NE001355,2025-12-30,Nashik,LOW_SIGNAL,MEDIUM,144,183,CLOSED
NE001356,2026-01-12,Mumbai,PACKET_LOSS,MEDIUM,91,314,OPEN
NE001357,2026-01-24,Mumbai,LOW_SIGNAL,CRITICAL,117,3604,OPEN
NE001358,2026-08-07,Mumbai,LOW_SIGNAL,LOW,246,1248,RESOLVED
NE001359,2026-04-11,Pune,OUTAGE,CRITICAL,262,35,IN_PROGRESS
NE001360,2025-11-07,Bhopal,OUTAGE,MEDIUM,290,4869,RESOLVED
NE001361,2025-12-28,Mumbai,HIGH_LATENCY,LOW,228,2266,RESOLVED
NE001362,2026-02-24,Indore,OUTAGE,LOW,205,2794,OPEN
NE001363,2026-08-20,Nashik,PACKET_LOSS,LOW,108,2224,CLOSED
NE001364,2026-02-16,Nagpur,HIGH_LATENCY,MEDIUM,254,3097,OPEN
NE001365,2026-09-03,Indore,LOW_SIGNAL,CRITICAL,107,2336,RESOLVED
NE001366,2026-04-22,Pune,OUTAGE,MEDIUM,130,1714,RESOLVED
NE001367,2025-12-28,Pune,PACKET_LOSS,HIGH,263,2490,OPEN
NE001368,2026-03-03,Indore,PACKET_LOSS,MEDIUM,214,1952,OPEN
NE001369,2026-09-15,Thane,HIGH_LATENCY,LOW,275,1781,IN_PROGRESS
NE001370,2026-07-20,Nashik,CONGESTION,MEDIUM,211,2146,RESOLVED
NE001371,2026-04-13,Mumbai,LOW_SIGNAL,MEDIUM,70,582,RESOLVED
NE001372,2026-01-16,Bhopal,HIGH_LATENCY,LOW,77,757,CLOSED
NE001373,2025-11-14,Pune,CONGESTION,CRITICAL,226,3796,IN_PROGRESS
NE001374,2026-02-08,Mumbai,LOW_SIGNAL,HIGH,153,901,IN_PROGRESS
NE001375,2026-02-10,Bhopal,HIGH_LATENCY,LOW,245,3350,CLOSED
NE001376,2026-01-28,Bhopal,CONGESTION,MEDIUM,161,3822,IN_PROGRESS
NE001377,2026-06-30,Bhopal,OUTAGE,MEDIUM,263,1924,OPEN
NE001378,2025-11-08,Bhopal,OUTAGE,HIGH,54,3386,RESOLVED
NE001379,2026-08-08,Pune,CONGESTION,MEDIUM,30,3321,RESOLVED
NE001380,2026-08-28,Bhopal,OUTAGE,HIGH,229,2164,OPEN
NE001381,2025-10-16,Mumbai,OUTAGE,CRITICAL,243,4103,OPEN
NE001382,2026-03-19,Mumbai,LOW_SIGNAL,LOW,282,1384,CLOSED
NE001383,2026-01-07,Nagpur,PACKET_LOSS,HIGH,17,1430,RESOLVED
NE001384,2026-04-17,Bhopal,PACKET_LOSS,LOW,263,4710,RESOLVED
NE001385,2025-11-05,Thane,OUTAGE,MEDIUM,151,3918,CLOSED
NE001386,2026-08-24,Pune,LOW_SIGNAL,CRITICAL,210,1420,IN_PROGRESS
NE001387,2025-11-13,Pune,CONGESTION,HIGH,189,4333,IN_PROGRESS
NE001388,2026-07-09,Mumbai,HIGH_LATENCY,HIGH,13,3786,CLOSED
NE001389,2026-08-26,Thane,HIGH_LATENCY,MEDIUM,88,2321,CLOSED
NE001390,2026-04-06,Mumbai,OUTAGE,MEDIUM,218,653,OPEN
NE001391,2026-03-27,Pune,PACKET_LOSS,HIGH,37,1172,RESOLVED
NE001392,2025-11-01,Bhopal,PACKET_LOSS,MEDIUM,120,4397,RESOLVED
NE001393,2025-11-30,Nagpur,LOW_SIGNAL,HIGH,62,4450,IN_PROGRESS
NE001394,2026-09-14,Nashik,PACKET_LOSS,HIGH,258,4001,IN_PROGRESS
NE001395,2026-08-30,Thane,CONGESTION,HIGH,227,499,RESOLVED
NE001396,2026-07-25,Thane,PACKET_LOSS,MEDIUM,222,2030,CLOSED
NE001397,2025-11-29,Mumbai,PACKET_LOSS,CRITICAL,127,2150,CLOSED
NE001398,2025-12-27,Bhopal,CONGESTION,MEDIUM,117,712,IN_PROGRESS
NE001399,2025-10-11,Indore,PACKET_LOSS,CRITICAL,109,2078,RESOLVED
NE001400,2026-08-29,Thane,PACKET_LOSS,MEDIUM,156,94,RESOLVED
NE001401,2026-03-24,Mumbai,HIGH_LATENCY,LOW,271,2200,RESOLVED
NE001402,2026-08-10,Mumbai,PACKET_LOSS,LOW,65,1825,RESOLVED
NE001403,2026-02-09,Thane,LOW_SIGNAL,HIGH,46,4526,IN_PROGRESS
NE001404,2026-02-09,Nashik,CONGESTION,LOW,40,2755,IN_PROGRESS
NE001405,2026-09-11,Thane,PACKET_LOSS,HIGH,43,342,CLOSED
NE001406,2026-09-16,Thane,CONGESTION,CRITICAL,224,3878,OPEN
NE001407,2026-01-09,Thane,PACKET_LOSS,CRITICAL,300,147,OPEN
NE001408,2026-06-19,Pune,PACKET_LOSS,CRITICAL,222,3296,RESOLVED
NE001409,2026-07-18,Nashik,PACKET_LOSS,MEDIUM,296,4741,CLOSED
NE001410,2026-09-16,Bhopal,PACKET_LOSS,LOW,260,3716,IN_PROGRESS
NE001411,2025-11-16,Nagpur,PACKET_LOSS,MEDIUM,239,1729,RESOLVED
NE001412,2026-02-09,Thane,CONGESTION,MEDIUM,189,1114,RESOLVED
NE001413,2026-09-02,Nashik,PACKET_LOSS,MEDIUM,219,4583,IN_PROGRESS
NE001414,2026-01-23,Thane,HIGH_LATENCY,CRITICAL,134,3834,OPEN
NE001415,2025-11-25,Thane,LOW_SIGNAL,MEDIUM,253,2033,IN_PROGRESS
NE001416,2026-06-01,Thane,LOW_SIGNAL,MEDIUM,264,3348,IN_PROGRESS
NE001417,2026-07-17,Indore,OUTAGE,MEDIUM,128,2516,OPEN
NE001418,2025-09-23,Mumbai,PACKET_LOSS,MEDIUM,86,1075,RESOLVED
NE001419,2025-11-29,Nashik,CONGESTION,CRITICAL,39,2953,RESOLVED
NE001420,2026-05-24,Nashik,HIGH_LATENCY,CRITICAL,147,2377,CLOSED
NE001421,2025-11-08,Indore,CONGESTION,LOW,200,4302,OPEN
NE001422,2026-05-27,Nashik,HIGH_LATENCY,CRITICAL,65,1076,CLOSED
NE001423,2025-10-09,Mumbai,HIGH_LATENCY,MEDIUM,284,4793,IN_PROGRESS
NE001424,2026-03-01,Bhopal,OUTAGE,MEDIUM,144,4135,RESOLVED
NE001425,2026-05-28,Indore,PACKET_LOSS,LOW,186,1290,RESOLVED
NE001426,2026-09-06,Pune,LOW_SIGNAL,MEDIUM,293,3987,IN_PROGRESS
NE001427,2025-11-22,Mumbai,PACKET_LOSS,HIGH,222,2622,IN_PROGRESS
NE001428,2026-06-30,Indore,HIGH_LATENCY,MEDIUM,242,269,RESOLVED
NE001429,2026-09-14,Mumbai,OUTAGE,CRITICAL,108,388,IN_PROGRESS
NE001430,2026-08-15,Mumbai,LOW_SIGNAL,MEDIUM,72,2920,CLOSED
NE001431,2025-11-03,Nashik,OUTAGE,MEDIUM,85,49,RESOLVED
NE001432,2026-04-27,Nagpur,PACKET_LOSS,LOW,50,4308,RESOLVED
NE001433,2025-12-27,Bhopal,CONGESTION,MEDIUM,59,2940,RESOLVED
NE001434,2026-08-19,Indore,HIGH_LATENCY,MEDIUM,189,1593,OPEN
NE001435,2026-05-04,Pune,HIGH_LATENCY,MEDIUM,127,1491,CLOSED
NE001436,2026-04-25,Bhopal,OUTAGE,MEDIUM,251,4734,CLOSED
NE001437,2025-12-30,Bhopal,CONGESTION,MEDIUM,93,1579,CLOSED
NE001438,2026-01-04,Pune,HIGH_LATENCY,MEDIUM,95,1258,RESOLVED
NE001439,2025-11-30,Thane,OUTAGE,LOW,106,939,RESOLVED
NE001440,2025-11-24,Bhopal,PACKET_LOSS,CRITICAL,197,2564,CLOSED
NE001441,2026-05-01,Nashik,CONGESTION,CRITICAL,173,79,RESOLVED
NE001442,2026-01-18,Pune,LOW_SIGNAL,HIGH,248,4194,RESOLVED
NE001443,2026-05-31,Thane,OUTAGE,MEDIUM,291,2576,RESOLVED
NE001444,2025-11-16,Nashik,OUTAGE,MEDIUM,228,1634,RESOLVED
NE001445,2026-07-22,Nashik,LOW_SIGNAL,LOW,138,4521,IN_PROGRESS
NE001446,2026-02-03,Nashik,PACKET_LOSS,MEDIUM,236,3403,CLOSED
NE001447,2026-06-13,Thane,OUTAGE,CRITICAL,110,254,OPEN
NE001448,2025-11-19,Pune,PACKET_LOSS,HIGH,5,4868,OPEN
NE001449,2026-09-17,Mumbai,CONGESTION,LOW,275,1216,CLOSED
NE001450,2026-04-19,Mumbai,OUTAGE,MEDIUM,155,4098,OPEN
NE001451,2026-02-04,Nagpur,OUTAGE,CRITICAL,224,1988,RESOLVED
NE001452,2026-05-24,Indore,LOW_SIGNAL,MEDIUM,123,1081,IN_PROGRESS
NE001453,2026-04-21,Pune,LOW_SIGNAL,HIGH,57,2570,OPEN
NE001454,2026-06-20,Thane,LOW_SIGNAL,MEDIUM,297,4590,RESOLVED
NE001455,2026-09-01,Indore,CONGESTION,MEDIUM,61,334,CLOSED
NE001456,2025-11-02,Thane,LOW_SIGNAL,LOW,27,2073,OPEN
NE001457,2026-08-20,Nagpur,LOW_SIGNAL,LOW,283,1283,IN_PROGRESS
NE001458,2025-10-24,Bhopal,LOW_SIGNAL,CRITICAL,15,3202,CLOSED
NE001459,2025-12-06,Bhopal,LOW_SIGNAL,HIGH,237,4144,OPEN
NE001460,2026-01-19,Bhopal,PACKET_LOSS,CRITICAL,64,2320,RESOLVED
NE001461,2025-11-26,Pune,LOW_SIGNAL,MEDIUM,220,2494,OPEN
NE001462,2026-06-27,Nagpur,HIGH_LATENCY,CRITICAL,133,3925,RESOLVED
NE001463,2026-05-16,Nagpur,HIGH_LATENCY,MEDIUM,127,4654,RESOLVED
NE001464,2026-01-07,Nagpur,HIGH_LATENCY,CRITICAL,114,4187,IN_PROGRESS
NE001465,2026-06-22,Indore,OUTAGE,MEDIUM,66,1252,IN_PROGRESS
NE001466,2026-08-13,Nashik,LOW_SIGNAL,MEDIUM,171,274,RESOLVED
NE001467,2026-03-18,Bhopal,PACKET_LOSS,HIGH,7,2657,CLOSED
NE001468,2026-03-24,Thane,PACKET_LOSS,LOW,273,2382,RESOLVED
NE001469,2026-06-18,Mumbai,PACKET_LOSS,CRITICAL,127,183,RESOLVED
NE001470,2026-07-06,Mumbai,CONGESTION,MEDIUM,183,89,CLOSED
NE001471,2026-09-08,Thane,PACKET_LOSS,MEDIUM,100,542,OPEN
NE001472,2026-09-17,Thane,LOW_SIGNAL,MEDIUM,201,4706,IN_PROGRESS
NE001473,2025-11-08,Thane,PACKET_LOSS,MEDIUM,48,2282,IN_PROGRESS
NE001474,2026-04-21,Bhopal,CONGESTION,MEDIUM,180,2579,IN_PROGRESS
NE001475,2026-03-31,Bhopal,LOW_SIGNAL,MEDIUM,110,2938,RESOLVED
NE001476,2026-08-13,Indore,OUTAGE,LOW,94,1750,CLOSED
NE001477,2025-11-22,Pune,OUTAGE,MEDIUM,95,1211,RESOLVED
NE001478,2026-04-24,Indore,OUTAGE,CRITICAL,212,58,OPEN
NE001479,2026-07-05,Thane,PACKET_LOSS,LOW,236,348,IN_PROGRESS
NE001480,2026-01-20,Thane,LOW_SIGNAL,CRITICAL,91,2724,CLOSED
NE001481,2026-08-18,Bhopal,CONGESTION,MEDIUM,123,2495,IN_PROGRESS
NE001482,2026-02-05,Mumbai,OUTAGE,LOW,5,2784,OPEN
NE001483,2025-11-20,Pune,CONGESTION,CRITICAL,38,4887,CLOSED
NE001484,2026-08-14,Mumbai,OUTAGE,MEDIUM,55,2855,IN_PROGRESS
NE001485,2025-12-02,Indore,HIGH_LATENCY,MEDIUM,38,2171,RESOLVED
NE001486,2025-09-25,Nagpur,OUTAGE,LOW,119,207,CLOSED
NE001487,2026-09-17,Pune,LOW_SIGNAL,MEDIUM,143,3278,OPEN
NE001488,2026-05-27,Thane,LOW_SIGNAL,MEDIUM,41,2521,IN_PROGRESS
NE001489,2026-08-06,Nagpur,CONGESTION,HIGH,100,3615,OPEN
NE001490,2026-05-12,Nashik,HIGH_LATENCY,LOW,18,2762,OPEN
NE001491,2025-12-20,Indore,CONGESTION,HIGH,294,1943,RESOLVED
NE001492,2026-04-05,Indore,OUTAGE,LOW,281,1274,IN_PROGRESS
NE001493,2025-11-06,Nagpur,LOW_SIGNAL,CRITICAL,45,3107,RESOLVED
NE001494,2026-07-20,Mumbai,PACKET_LOSS,MEDIUM,285,38,OPEN
NE001495,2026-06-01,Thane,HIGH_LATENCY,HIGH,278,4743,CLOSED
NE001496,2026-08-23,Indore,LOW_SIGNAL,CRITICAL,33,569,RESOLVED
NE001497,2026-07-27,Nashik,HIGH_LATENCY,MEDIUM,227,4252,RESOLVED
NE001498,2025-09-27,Thane,HIGH_LATENCY,HIGH,237,4145,CLOSED
NE001499,2026-05-18,Indore,HIGH_LATENCY,MEDIUM,169,2357,CLOSED
NE001500,2025-11-03,Pune,CONGESTION,MEDIUM,142,2722,IN_PROGRESS
NE001501,2026-08-08,Indore,OUTAGE,LOW,299,4660,IN_PROGRESS
NE001502,2026-07-05,Indore,CONGESTION,MEDIUM,245,1097,CLOSED
NE001503,2026-07-22,Thane,OUTAGE,HIGH,242,1157,OPEN
NE001504,2026-09-14,Bhopal,CONGESTION,HIGH,38,3676,IN_PROGRESS
NE001505,2026-03-30,Nagpur,PACKET_LOSS,HIGH,45,3815,CLOSED
NE001506,2026-05-29,Thane,CONGESTION,MEDIUM,186,4983,CLOSED
NE001507,2025-12-04,Mumbai,LOW_SIGNAL,MEDIUM,164,3592,IN_PROGRESS
NE001508,2025-09-30,Nagpur,HIGH_LATENCY,MEDIUM,158,4898,RESOLVED
NE001509,2026-06-19,Nagpur,PACKET_LOSS,MEDIUM,31,69,OPEN
NE001510,2025-10-17,Indore,LOW_SIGNAL,CRITICAL,212,4662,OPEN
NE001511,2026-07-26,Thane,LOW_SIGNAL,MEDIUM,126,3935,RESOLVED
NE001512,2026-09-14,Bhopal,OUTAGE,MEDIUM,77,3666,RESOLVED
NE001513,2025-12-05,Pune,OUTAGE,MEDIUM,104,4294,OPEN
NE001514,2026-03-12,Indore,OUTAGE,LOW,130,3612,CLOSED
NE001515,2026-07-24,Thane,HIGH_LATENCY,LOW,219,548,IN_PROGRESS
NE001516,2025-09-29,Nagpur,CONGESTION,MEDIUM,298,3410,OPEN
NE001517,2026-04-09,Nagpur,CONGESTION,MEDIUM,117,4177,IN_PROGRESS
NE001518,2025-12-10,Nashik,LOW_SIGNAL,CRITICAL,59,2404,IN_PROGRESS
NE001519,2026-01-05,Thane,LOW_SIGNAL,HIGH,194,188,CLOSED
NE001520,2026-07-05,Indore,HIGH_LATENCY,LOW,234,2962,RESOLVED
NE001521,2026-03-22,Nagpur,CONGESTION,CRITICAL,83,1420,CLOSED
NE001522,2025-10-16,Nashik,LOW_SIGNAL,CRITICAL,9,1586,IN_PROGRESS
NE001523,2026-06-15,Thane,OUTAGE,LOW,97,3925,IN_PROGRESS
NE001524,2026-03-29,Indore,PACKET_LOSS,LOW,112,2207,IN_PROGRESS
NE001525,2025-10-20,Nashik,CONGESTION,CRITICAL,65,4808,IN_PROGRESS
NE001526,2026-07-04,Mumbai,LOW_SIGNAL,CRITICAL,20,3956,RESOLVED
NE001527,2026-01-03,Indore,OUTAGE,MEDIUM,101,3455,OPEN
NE001528,2025-11-11,Bhopal,HIGH_LATENCY,HIGH,183,2402,RESOLVED
NE001529,2026-07-31,Nashik,OUTAGE,MEDIUM,37,4295,RESOLVED
NE001530,2026-04-10,Indore,CONGESTION,HIGH,56,3266,CLOSED
NE001531,2026-03-02,Nashik,OUTAGE,MEDIUM,244,1991,OPEN
NE001532,2026-03-05,Mumbai,LOW_SIGNAL,MEDIUM,103,474,CLOSED
NE001533,2026-01-30,Bhopal,CONGESTION,LOW,299,1261,CLOSED
NE001534,2026-01-28,Mumbai,OUTAGE,MEDIUM,281,3738,RESOLVED
NE001535,2026-05-18,Nashik,OUTAGE,MEDIUM,105,1599,IN_PROGRESS
NE001536,2026-04-13,Thane,PACKET_LOSS,MEDIUM,294,4106,OPEN
NE001537,2026-05-23,Mumbai,HIGH_LATENCY,LOW,182,2329,IN_PROGRESS
NE001538,2026-07-23,Mumbai,LOW_SIGNAL,HIGH,216,1713,RESOLVED
NE001539,2026-09-05,Indore,OUTAGE,CRITICAL,254,1984,OPEN
NE001540,2026-05-10,Thane,HIGH_LATENCY,HIGH,97,2578,RESOLVED
NE001541,2026-01-12,Mumbai,CONGESTION,CRITICAL,138,1714,CLOSED
NE001542,2026-02-11,Mumbai,CONGESTION,LOW,127,4315,OPEN
NE001543,2025-10-11,Indore,OUTAGE,MEDIUM,182,2082,CLOSED
NE001544,2026-08-25,Thane,HIGH_LATENCY,MEDIUM,31,1238,IN_PROGRESS
NE001545,2026-03-04,Nagpur,CONGESTION,MEDIUM,208,4551,RESOLVED
NE001546,2025-12-12,Pune,OUTAGE,CRITICAL,215,4982,CLOSED
NE001547,2025-10-13,Bhopal,CONGESTION,MEDIUM,295,3412,RESOLVED
NE001548,2026-05-26,Indore,OUTAGE,HIGH,120,2220,IN_PROGRESS
NE001549,2025-12-19,Thane,CONGESTION,LOW,94,3570,RESOLVED
NE001550,2025-10-01,Indore,OUTAGE,LOW,255,2669,OPEN
NE001551,2025-12-15,Bhopal,LOW_SIGNAL,MEDIUM,229,185,RESOLVED
NE001552,2025-12-18,Nashik,PACKET_LOSS,MEDIUM,12,4030,CLOSED
NE001553,2026-09-09,Nagpur,PACKET_LOSS,MEDIUM,264,110,OPEN
NE001554,2026-02-14,Nagpur,HIGH_LATENCY,HIGH,124,1798,IN_PROGRESS
NE001555,2025-10-27,Bhopal,OUTAGE,LOW,101,4764,CLOSED
NE001556,2026-04-29,Mumbai,OUTAGE,HIGH,271,3870,IN_PROGRESS
NE001557,2025-10-17,Bhopal,LOW_SIGNAL,HIGH,49,2814,CLOSED
NE001558,2025-10-21,Bhopal,LOW_SIGNAL,LOW,170,145,CLOSED
NE001559,2026-08-28,Nashik,CONGESTION,LOW,239,4449,RESOLVED
NE001560,2026-03-17,Bhopal,PACKET_LOSS,HIGH,127,77,CLOSED
NE001561,2025-11-27,Thane,PACKET_LOSS,LOW,189,2223,IN_PROGRESS
NE001562,2026-09-19,Nagpur,HIGH_LATENCY,LOW,5,2299,CLOSED
NE001563,2026-02-27,Thane,OUTAGE,MEDIUM,161,4358,CLOSED
NE001564,2026-05-14,Pune,HIGH_LATENCY,MEDIUM,128,4946,OPEN
NE001565,2026-04-29,Pune,PACKET_LOSS,LOW,292,1213,RESOLVED
NE001566,2026-03-31,Bhopal,HIGH_LATENCY,HIGH,142,4864,OPEN
NE001567,2025-10-19,Indore,OUTAGE,HIGH,189,4839,CLOSED
NE001568,2026-01-25,Pune,LOW_SIGNAL,LOW,83,4544,IN_PROGRESS
NE001569,2026-08-24,Indore,HIGH_LATENCY,HIGH,256,3875,RESOLVED
NE001570,2026-09-04,Bhopal,HIGH_LATENCY,CRITICAL,104,3740,RESOLVED
NE001571,2026-04-02,Pune,HIGH_LATENCY,CRITICAL,211,601,RESOLVED
NE001572,2026-02-04,Nashik,LOW_SIGNAL,MEDIUM,215,3407,OPEN
NE001573,2026-01-26,Bhopal,OUTAGE,MEDIUM,136,2026,IN_PROGRESS
NE001574,2025-10-09,Bhopal,PACKET_LOSS,CRITICAL,20,3919,OPEN
NE001575,2026-01-26,Bhopal,CONGESTION,HIGH,132,2181,RESOLVED
NE001576,2026-05-12,Thane,LOW_SIGNAL,MEDIUM,261,504,IN_PROGRESS
NE001577,2026-06-14,Nashik,LOW_SIGNAL,CRITICAL,141,161,IN_PROGRESS
NE001578,2026-07-02,Bhopal,HIGH_LATENCY,MEDIUM,287,589,RESOLVED
NE001579,2025-10-08,Bhopal,HIGH_LATENCY,MEDIUM,150,1762,OPEN
NE001580,2026-03-21,Thane,HIGH_LATENCY,CRITICAL,51,4430,CLOSED
NE001581,2026-08-18,Nashik,PACKET_LOSS,LOW,214,2513,IN_PROGRESS
NE001582,2026-04-18,Bhopal,HIGH_LATENCY,MEDIUM,296,3048,CLOSED
NE001583,2025-12-25,Thane,HIGH_LATENCY,CRITICAL,222,1530,IN_PROGRESS
NE001584,2026-09-20,Indore,OUTAGE,HIGH,193,2154,RESOLVED
NE001585,2026-02-04,Indore,PACKET_LOSS,HIGH,293,704,RESOLVED
NE001586,2026-02-06,Nashik,OUTAGE,MEDIUM,92,3338,CLOSED
NE001587,2026-09-06,Nashik,OUTAGE,HIGH,101,294,IN_PROGRESS
NE001588,2026-09-13,Thane,OUTAGE,CRITICAL,203,2036,IN_PROGRESS
NE001589,2026-07-27,Thane,CONGESTION,MEDIUM,206,3409,RESOLVED
NE001590,2026-05-21,Mumbai,PACKET_LOSS,LOW,102,3182,RESOLVED
NE001591,2025-10-26,Nagpur,HIGH_LATENCY,MEDIUM,293,980,OPEN
NE001592,2025-12-19,Pune,PACKET_LOSS,MEDIUM,271,901,IN_PROGRESS
NE001593,2026-04-01,Nagpur,LOW_SIGNAL,MEDIUM,46,1161,OPEN
NE001594,2026-02-09,Bhopal,HIGH_LATENCY,CRITICAL,250,306,IN_PROGRESS
NE001595,2025-12-25,Bhopal,LOW_SIGNAL,MEDIUM,135,3586,CLOSED
NE001596,2026-09-19,Mumbai,HIGH_LATENCY,MEDIUM,89,4360,IN_PROGRESS
NE001597,2026-03-31,Mumbai,OUTAGE,MEDIUM,106,1184,RESOLVED
NE001598,2025-11-03,Pune,OUTAGE,LOW,190,1593,CLOSED
NE001599,2026-01-04,Nashik,OUTAGE,MEDIUM,153,888,CLOSED
NE001600,2026-03-09,Mumbai,LOW_SIGNAL,MEDIUM,257,1299,OPEN
NE001601,2025-11-28,Nashik,CONGESTION,MEDIUM,20,2401,IN_PROGRESS
NE001602,2025-12-22,Bhopal,OUTAGE,MEDIUM,157,2305,OPEN
NE001603,2025-09-29,Bhopal,LOW_SIGNAL,LOW,45,4686,OPEN
NE001604,2026-07-09,Indore,OUTAGE,MEDIUM,71,2638,OPEN
NE001605,2026-06-27,Mumbai,LOW_SIGNAL,LOW,104,1911,CLOSED
NE001606,2026-01-27,Nashik,HIGH_LATENCY,HIGH,273,737,RESOLVED
NE001607,2025-10-19,Bhopal,CONGESTION,HIGH,188,2011,IN_PROGRESS
NE001608,2025-11-22,Indore,HIGH_LATENCY,MEDIUM,223,4385,OPEN
NE001609,2026-06-26,Pune,LOW_SIGNAL,LOW,178,300,CLOSED
NE001610,2026-05-27,Nagpur,CONGESTION,MEDIUM,35,2319,OPEN
NE001611,2026-02-22,Nashik,LOW_SIGNAL,LOW,201,2060,OPEN
NE001612,2026-07-23,Pune,HIGH_LATENCY,MEDIUM,173,1944,CLOSED
NE001613,2025-11-15,Mumbai,HIGH_LATENCY,CRITICAL,119,1041,RESOLVED
NE001614,2026-09-17,Bhopal,OUTAGE,MEDIUM,15,2182,IN_PROGRESS
NE001615,2026-06-05,Bhopal,CONGESTION,HIGH,64,1139,CLOSED
NE001616,2026-03-13,Indore,HIGH_LATENCY,MEDIUM,179,3987,CLOSED
NE001617,2026-03-10,Nashik,PACKET_LOSS,CRITICAL,250,393,CLOSED
NE001618,2026-01-09,Pune,OUTAGE,HIGH,138,234,OPEN
NE001619,2025-11-14,Mumbai,CONGESTION,HIGH,243,3279,IN_PROGRESS
NE001620,2025-12-15,Indore,OUTAGE,CRITICAL,17,4110,RESOLVED
NE001621,2025-10-20,Pune,OUTAGE,HIGH,68,1800,RESOLVED
NE001622,2026-06-12,Thane,HIGH_LATENCY,MEDIUM,104,3059,RESOLVED
NE001623,2026-01-09,Pune,HIGH_LATENCY,CRITICAL,57,2705,OPEN
NE001624,2026-01-01,Mumbai,PACKET_LOSS,MEDIUM,233,3659,RESOLVED
NE001625,2026-05-02,Indore,PACKET_LOSS,LOW,74,786,CLOSED
NE001626,2026-02-22,Pune,CONGESTION,CRITICAL,120,4733,OPEN
NE001627,2026-08-30,Nashik,CONGESTION,CRITICAL,182,4658,CLOSED
NE001628,2025-10-30,Bhopal,HIGH_LATENCY,CRITICAL,167,4333,OPEN
NE001629,2026-05-25,Indore,CONGESTION,CRITICAL,125,1579,CLOSED
NE001630,2026-06-15,Thane,CONGESTION,CRITICAL,259,1851,CLOSED
NE001631,2025-09-23,Mumbai,CONGESTION,MEDIUM,75,4552,RESOLVED
NE001632,2025-10-14,Mumbai,CONGESTION,CRITICAL,290,2820,OPEN
NE001633,2025-10-13,Indore,OUTAGE,LOW,279,590,OPEN
NE001634,2026-04-09,Nashik,LOW_SIGNAL,LOW,219,2131,OPEN
NE001635,2026-05-25,Bhopal,CONGESTION,LOW,142,4430,CLOSED
NE001636,2025-12-09,Nashik,LOW_SIGNAL,MEDIUM,25,4143,IN_PROGRESS
NE001637,2026-06-06,Thane,HIGH_LATENCY,HIGH,182,1669,CLOSED
NE001638,2026-01-15,Nashik,PACKET_LOSS,CRITICAL,112,224,IN_PROGRESS
NE001639,2026-07-28,Thane,PACKET_LOSS,LOW,175,1822,CLOSED
NE001640,2026-06-13,Pune,HIGH_LATENCY,LOW,23,2691,RESOLVED
NE001641,2025-10-14,Bhopal,PACKET_LOSS,LOW,11,4126,OPEN
NE001642,2026-05-28,Nashik,OUTAGE,CRITICAL,175,4417,OPEN
NE001643,2025-12-20,Pune,HIGH_LATENCY,MEDIUM,140,3831,CLOSED
NE001644,2025-10-27,Nashik,HIGH_LATENCY,CRITICAL,172,416,IN_PROGRESS
NE001645,2026-08-21,Mumbai,HIGH_LATENCY,HIGH,83,1161,OPEN
NE001646,2026-07-28,Indore,OUTAGE,LOW,94,3880,OPEN
NE001647,2026-02-05,Bhopal,LOW_SIGNAL,MEDIUM,218,291,IN_PROGRESS
NE001648,2026-07-23,Thane,HIGH_LATENCY,MEDIUM,252,518,IN_PROGRESS
NE001649,2026-05-23,Indore,LOW_SIGNAL,MEDIUM,237,4473,IN_PROGRESS
NE001650,2026-01-15,Bhopal,LOW_SIGNAL,HIGH,140,3306,IN_PROGRESS
NE001651,2025-10-16,Indore,CONGESTION,MEDIUM,28,841,OPEN
NE001652,2026-04-12,Nagpur,LOW_SIGNAL,MEDIUM,197,4595,CLOSED
NE001653,2026-06-09,Pune,OUTAGE,MEDIUM,239,3779,CLOSED
NE001654,2025-11-27,Nagpur,CONGESTION,MEDIUM,185,956,RESOLVED
NE001655,2026-01-08,Thane,HIGH_LATENCY,CRITICAL,70,4915,IN_PROGRESS
NE001656,2025-12-30,Nagpur,CONGESTION,LOW,135,64,RESOLVED
NE001657,2025-11-08,Mumbai,OUTAGE,MEDIUM,35,3909,RESOLVED
NE001658,2026-05-28,Bhopal,PACKET_LOSS,MEDIUM,222,2738,CLOSED
NE001659,2026-05-11,Indore,PACKET_LOSS,HIGH,204,725,IN_PROGRESS
NE001660,2026-05-06,Bhopal,HIGH_LATENCY,MEDIUM,124,1359,IN_PROGRESS
NE001661,2026-02-24,Thane,HIGH_LATENCY,MEDIUM,234,4502,RESOLVED
NE001662,2025-12-17,Thane,OUTAGE,MEDIUM,243,1886,RESOLVED
NE001663,2025-10-09,Pune,HIGH_LATENCY,HIGH,131,935,IN_PROGRESS
NE001664,2026-08-09,Mumbai,PACKET_LOSS,MEDIUM,93,3506,CLOSED
NE001665,2026-07-03,Indore,OUTAGE,MEDIUM,46,371,CLOSED
NE001666,2026-05-05,Pune,PACKET_LOSS,CRITICAL,283,1453,RESOLVED
NE001667,2026-01-04,Thane,PACKET_LOSS,MEDIUM,118,3269,RESOLVED
NE001668,2026-06-13,Thane,PACKET_LOSS,LOW,131,2574,OPEN
NE001669,2025-12-16,Mumbai,CONGESTION,HIGH,56,1275,RESOLVED
NE001670,2026-05-01,Indore,LOW_SIGNAL,MEDIUM,287,4796,IN_PROGRESS
NE001671,2025-10-21,Mumbai,OUTAGE,HIGH,71,866,OPEN
NE001672,2026-08-01,Nagpur,HIGH_LATENCY,MEDIUM,292,2309,IN_PROGRESS
NE001673,2026-01-19,Nashik,CONGESTION,MEDIUM,234,4100,OPEN
NE001674,2026-07-29,Pune,PACKET_LOSS,MEDIUM,217,4663,CLOSED
NE001675,2025-10-23,Nagpur,PACKET_LOSS,CRITICAL,209,4756,OPEN
NE001676,2025-11-01,Nagpur,CONGESTION,LOW,255,2193,OPEN
NE001677,2026-01-14,Mumbai,CONGESTION,MEDIUM,98,1446,IN_PROGRESS
NE001678,2025-10-26,Indore,LOW_SIGNAL,MEDIUM,72,3319,OPEN
NE001679,2025-12-01,Thane,PACKET_LOSS,MEDIUM,293,1707,RESOLVED
NE001680,2026-07-12,Nagpur,LOW_SIGNAL,LOW,149,49,RESOLVED
NE001681,2026-03-02,Pune,CONGESTION,MEDIUM,125,4336,OPEN
NE001682,2026-05-23,Bhopal,CONGESTION,MEDIUM,209,4167,CLOSED
NE001683,2025-11-02,Nashik,CONGESTION,LOW,179,2627,RESOLVED
NE001684,2025-11-16,Indore,PACKET_LOSS,CRITICAL,117,3205,OPEN
NE001685,2026-07-06,Nashik,PACKET_LOSS,MEDIUM,107,4453,RESOLVED
NE001686,2026-08-16,Bhopal,PACKET_LOSS,CRITICAL,89,1273,CLOSED
NE001687,2026-09-06,Mumbai,PACKET_LOSS,HIGH,29,1484,CLOSED
NE001688,2026-05-16,Bhopal,PACKET_LOSS,CRITICAL,47,1803,OPEN
NE001689,2026-01-09,Nagpur,LOW_SIGNAL,HIGH,59,3398,CLOSED
NE001690,2025-11-21,Indore,CONGESTION,HIGH,292,481,RESOLVED
NE001691,2025-12-13,Indore,PACKET_LOSS,MEDIUM,180,4525,RESOLVED
NE001692,2026-06-04,Nagpur,CONGESTION,MEDIUM,273,3320,OPEN
NE001693,2026-07-10,Nashik,HIGH_LATENCY,CRITICAL,58,3893,CLOSED
NE001694,2026-02-17,Nagpur,HIGH_LATENCY,HIGH,209,4417,IN_PROGRESS
NE001695,2025-10-18,Nashik,LOW_SIGNAL,MEDIUM,251,746,IN_PROGRESS
NE001696,2026-07-11,Nagpur,CONGESTION,HIGH,203,4881,CLOSED
NE001697,2026-07-25,Pune,PACKET_LOSS,MEDIUM,125,2122,IN_PROGRESS
NE001698,2026-05-07,Mumbai,OUTAGE,MEDIUM,278,62,IN_PROGRESS
NE001699,2025-11-16,Thane,CONGESTION,HIGH,125,3019,CLOSED
NE001700,2026-04-28,Nagpur,CONGESTION,CRITICAL,50,3546,CLOSED
NE001701,2026-01-13,Mumbai,LOW_SIGNAL,LOW,17,3772,IN_PROGRESS
NE001702,2025-09-30,Pune,LOW_SIGNAL,HIGH,254,3837,CLOSED
NE001703,2025-10-02,Nashik,HIGH_LATENCY,HIGH,94,1784,IN_PROGRESS
NE001704,2026-08-08,Mumbai,OUTAGE,MEDIUM,209,4170,IN_PROGRESS
NE001705,2026-04-03,Thane,LOW_SIGNAL,LOW,190,1852,IN_PROGRESS
NE001706,2026-01-24,Mumbai,PACKET_LOSS,CRITICAL,169,3613,OPEN
NE001707,2026-07-04,Pune,CONGESTION,MEDIUM,91,4115,CLOSED
NE001708,2026-02-01,Bhopal,HIGH_LATENCY,MEDIUM,174,3306,CLOSED
NE001709,2026-08-29,Indore,OUTAGE,MEDIUM,16,2063,OPEN
NE001710,2026-01-21,Bhopal,CONGESTION,CRITICAL,140,1842,OPEN
NE001711,2025-11-22,Mumbai,CONGESTION,LOW,161,4313,CLOSED
NE001712,2025-12-22,Thane,LOW_SIGNAL,HIGH,81,994,CLOSED
NE001713,2026-05-17,Indore,PACKET_LOSS,MEDIUM,55,4641,OPEN
NE001714,2026-09-17,Pune,OUTAGE,LOW,96,3566,CLOSED
NE001715,2026-01-06,Nashik,OUTAGE,LOW,272,961,CLOSED
NE001716,2026-09-13,Mumbai,CONGESTION,CRITICAL,205,2771,IN_PROGRESS
NE001717,2026-02-01,Nagpur,CONGESTION,MEDIUM,63,3236,CLOSED
NE001718,2026-06-11,Bhopal,CONGESTION,HIGH,208,2190,OPEN
NE001719,2026-09-06,Thane,OUTAGE,HIGH,49,1986,RESOLVED
NE001720,2026-02-19,Nashik,PACKET_LOSS,CRITICAL,196,4823,RESOLVED
NE001721,2026-09-13,Bhopal,OUTAGE,LOW,117,2217,IN_PROGRESS
NE001722,2026-01-17,Nagpur,LOW_SIGNAL,MEDIUM,255,4430,RESOLVED
NE001723,2025-12-21,Bhopal,HIGH_LATENCY,CRITICAL,69,4822,IN_PROGRESS
NE001724,2026-01-24,Nashik,OUTAGE,CRITICAL,146,3818,RESOLVED
NE001725,2025-10-28,Mumbai,CONGESTION,CRITICAL,47,3102,RESOLVED
NE001726,2026-02-15,Indore,CONGESTION,MEDIUM,161,1114,IN_PROGRESS
NE001727,2026-03-26,Indore,CONGESTION,MEDIUM,176,1448,OPEN
NE001728,2026-01-30,Thane,HIGH_LATENCY,LOW,268,1410,RESOLVED
NE001729,2026-07-26,Nashik,CONGESTION,HIGH,63,4048,IN_PROGRESS
NE001730,2025-09-24,Bhopal,OUTAGE,LOW,119,3472,CLOSED
NE001731,2025-11-20,Nashik,PACKET_LOSS,MEDIUM,237,231,OPEN
NE001732,2026-04-05,Bhopal,LOW_SIGNAL,HIGH,238,2257,OPEN
NE001733,2026-01-07,Pune,PACKET_LOSS,MEDIUM,295,1402,RESOLVED
NE001734,2025-10-27,Nagpur,PACKET_LOSS,MEDIUM,183,922,OPEN
NE001735,2026-06-28,Nashik,OUTAGE,MEDIUM,5,4823,CLOSED
NE001736,2026-08-24,Pune,CONGESTION,MEDIUM,68,1447,OPEN
NE001737,2025-10-13,Nashik,PACKET_LOSS,CRITICAL,293,1516,CLOSED
NE001738,2026-06-16,Thane,HIGH_LATENCY,MEDIUM,291,1869,RESOLVED
NE001739,2026-05-23,Nagpur,LOW_SIGNAL,MEDIUM,284,4069,CLOSED
NE001740,2025-11-09,Thane,CONGESTION,CRITICAL,223,2121,OPEN
NE001741,2026-06-25,Mumbai,CONGESTION,MEDIUM,263,2648,IN_PROGRESS
NE001742,2026-01-18,Nagpur,LOW_SIGNAL,MEDIUM,29,3604,OPEN
NE001743,2026-09-20,Indore,OUTAGE,CRITICAL,196,423,CLOSED
NE001744,2026-01-20,Thane,CONGESTION,MEDIUM,285,2755,OPEN
NE001745,2026-02-13,Nashik,HIGH_LATENCY,HIGH,51,4317,CLOSED
NE001746,2026-05-05,Indore,PACKET_LOSS,HIGH,98,3069,RESOLVED
NE001747,2025-12-13,Mumbai,PACKET_LOSS,MEDIUM,173,3863,OPEN
NE001748,2026-08-26,Nagpur,HIGH_LATENCY,MEDIUM,289,4465,CLOSED
NE001749,2026-08-19,Mumbai,PACKET_LOSS,LOW,173,1365,CLOSED
NE001750,2026-04-03,Mumbai,PACKET_LOSS,MEDIUM,194,1815,IN_PROGRESS
NE001751,2026-06-11,Pune,CONGESTION,LOW,52,2234,IN_PROGRESS
NE001752,2025-10-22,Indore,CONGESTION,MEDIUM,57,1709,CLOSED
NE001753,2025-12-08,Pune,CONGESTION,HIGH,23,3162,CLOSED
NE001754,2026-01-03,Thane,PACKET_LOSS,CRITICAL,289,485,OPEN
NE001755,2026-09-09,Nashik,HIGH_LATENCY,MEDIUM,122,4380,OPEN
NE001756,2026-04-05,Nashik,LOW_SIGNAL,LOW,10,4548,IN_PROGRESS
NE001757,2025-11-22,Indore,OUTAGE,MEDIUM,13,4857,RESOLVED
NE001758,2025-10-31,Indore,CONGESTION,MEDIUM,28,1623,IN_PROGRESS
NE001759,2026-04-15,Indore,OUTAGE,MEDIUM,131,1110,OPEN
NE001760,2026-03-29,Pune,HIGH_LATENCY,LOW,111,1459,CLOSED
NE001761,2025-10-26,Bhopal,CONGESTION,MEDIUM,67,2213,OPEN
NE001762,2026-05-08,Pune,HIGH_LATENCY,HIGH,189,2092,RESOLVED
NE001763,2026-07-03,Pune,OUTAGE,CRITICAL,226,3272,RESOLVED
NE001764,2025-12-24,Mumbai,CONGESTION,MEDIUM,210,1603,RESOLVED
NE001765,2026-04-05,Thane,OUTAGE,MEDIUM,248,284,OPEN
NE001766,2025-11-27,Bhopal,OUTAGE,MEDIUM,258,2371,OPEN
NE001767,2025-12-01,Pune,OUTAGE,MEDIUM,133,4263,IN_PROGRESS
NE001768,2025-11-10,Bhopal,HIGH_LATENCY,MEDIUM,274,3198,RESOLVED
NE001769,2026-06-15,Thane,HIGH_LATENCY,LOW,183,1908,OPEN
NE001770,2025-11-11,Pune,CONGESTION,HIGH,58,4746,RESOLVED
NE001771,2026-01-26,Mumbai,OUTAGE,HIGH,26,888,RESOLVED
NE001772,2026-03-21,Nagpur,LOW_SIGNAL,LOW,112,3499,OPEN
NE001773,2025-12-25,Thane,PACKET_LOSS,MEDIUM,290,175,IN_PROGRESS
NE001774,2026-03-28,Thane,PACKET_LOSS,MEDIUM,13,4041,IN_PROGRESS
NE001775,2026-08-04,Indore,PACKET_LOSS,MEDIUM,34,3199,IN_PROGRESS
NE001776,2026-06-19,Pune,OUTAGE,MEDIUM,27,337,IN_PROGRESS
NE001777,2026-09-12,Indore,OUTAGE,MEDIUM,72,143,RESOLVED
NE001778,2026-04-30,Mumbai,PACKET_LOSS,HIGH,122,4218,RESOLVED
NE001779,2025-12-28,Mumbai,CONGESTION,MEDIUM,110,2145,CLOSED
NE001780,2025-10-23,Thane,LOW_SIGNAL,MEDIUM,297,1539,CLOSED
NE001781,2026-09-04,Mumbai,CONGESTION,CRITICAL,12,2292,RESOLVED
NE001782,2026-06-05,Mumbai,OUTAGE,HIGH,38,215,RESOLVED
NE001783,2026-04-13,Pune,HIGH_LATENCY,MEDIUM,156,2031,OPEN
NE001784,2026-03-03,Mumbai,OUTAGE,HIGH,84,4670,CLOSED
NE001785,2026-04-11,Thane,HIGH_LATENCY,CRITICAL,231,3885,RESOLVED
NE001786,2026-09-17,Mumbai,OUTAGE,HIGH,291,75,IN_PROGRESS
NE001787,2026-06-04,Nashik,LOW_SIGNAL,MEDIUM,158,3285,RESOLVED
NE001788,2026-04-13,Bhopal,HIGH_LATENCY,HIGH,279,3220,OPEN
NE001789,2025-11-14,Bhopal,PACKET_LOSS,HIGH,160,4234,CLOSED
NE001790,2026-04-07,Pune,HIGH_LATENCY,HIGH,281,476,IN_PROGRESS
NE001791,2025-11-13,Thane,HIGH_LATENCY,CRITICAL,14,1601,CLOSED
NE001792,2026-05-23,Pune,HIGH_LATENCY,CRITICAL,139,3239,OPEN
NE001793,2026-03-25,Thane,CONGESTION,MEDIUM,175,1490,CLOSED
NE001794,2025-10-25,Nagpur,PACKET_LOSS,LOW,32,3703,IN_PROGRESS
NE001795,2026-08-21,Bhopal,PACKET_LOSS,CRITICAL,62,622,RESOLVED
NE001796,2026-04-06,Thane,HIGH_LATENCY,MEDIUM,72,4232,IN_PROGRESS
NE001797,2026-07-20,Thane,CONGESTION,HIGH,100,1649,RESOLVED
NE001798,2026-04-01,Indore,LOW_SIGNAL,HIGH,106,1457,OPEN
NE001799,2025-12-10,Mumbai,HIGH_LATENCY,LOW,237,1593,IN_PROGRESS
NE001800,2026-01-04,Mumbai,LOW_SIGNAL,MEDIUM,162,3962,RESOLVED
NE001801,2025-09-26,Thane,CONGESTION,LOW,230,2424,IN_PROGRESS
NE001802,2026-02-20,Nagpur,OUTAGE,CRITICAL,258,192,OPEN
NE001803,2026-06-07,Nashik,LOW_SIGNAL,HIGH,42,4006,RESOLVED
NE001804,2025-11-24,Bhopal,OUTAGE,HIGH,226,1751,CLOSED
NE001805,2026-03-02,Nashik,HIGH_LATENCY,MEDIUM,50,4121,CLOSED
NE001806,2026-05-30,Nagpur,PACKET_LOSS,LOW,244,1870,OPEN
NE001807,2026-01-18,Nagpur,OUTAGE,HIGH,256,263,RESOLVED
NE001808,2026-06-19,Nashik,LOW_SIGNAL,HIGH,76,2156,RESOLVED
NE001809,2025-10-16,Nagpur,LOW_SIGNAL,MEDIUM,24,2183,CLOSED
NE001810,2026-06-28,Bhopal,LOW_SIGNAL,MEDIUM,134,4178,RESOLVED
NE001811,2026-03-07,Mumbai,CONGESTION,HIGH,282,2073,RESOLVED
NE001812,2026-06-28,Pune,OUTAGE,MEDIUM,150,4384,RESOLVED
NE001813,2025-11-21,Thane,PACKET_LOSS,MEDIUM,44,516,CLOSED
NE001814,2026-08-14,Mumbai,LOW_SIGNAL,LOW,89,3346,OPEN
NE001815,2026-08-27,Mumbai,CONGESTION,HIGH,276,205,OPEN
NE001816,2025-12-21,Bhopal,LOW_SIGNAL,MEDIUM,185,1045,OPEN
NE001817,2026-05-30,Nashik,OUTAGE,MEDIUM,211,1312,OPEN
NE001818,2026-07-26,Thane,PACKET_LOSS,MEDIUM,30,3179,CLOSED
NE001819,2025-12-16,Thane,LOW_SIGNAL,MEDIUM,277,2226,OPEN
NE001820,2025-12-24,Bhopal,PACKET_LOSS,MEDIUM,73,4523,RESOLVED
NE001821,2026-09-21,Thane,HIGH_LATENCY,CRITICAL,138,1771,CLOSED
NE001822,2025-12-07,Indore,LOW_SIGNAL,CRITICAL,154,4941,OPEN
NE001823,2026-06-21,Nagpur,LOW_SIGNAL,LOW,291,339,OPEN
NE001824,2026-06-14,Pune,OUTAGE,MEDIUM,273,4004,RESOLVED
NE001825,2026-01-24,Thane,OUTAGE,MEDIUM,139,2770,RESOLVED
NE001826,2026-08-09,Nagpur,PACKET_LOSS,LOW,61,4868,CLOSED
NE001827,2026-09-01,Thane,OUTAGE,CRITICAL,233,971,IN_PROGRESS
NE001828,2025-10-09,Nagpur,OUTAGE,MEDIUM,246,1342,OPEN
NE001829,2026-09-18,Nagpur,LOW_SIGNAL,HIGH,282,1646,RESOLVED
NE001830,2026-06-27,Bhopal,LOW_SIGNAL,HIGH,182,142,OPEN
NE001831,2026-02-01,Nagpur,OUTAGE,MEDIUM,259,4781,RESOLVED
NE001832,2026-08-05,Thane,OUTAGE,HIGH,222,3474,RESOLVED
NE001833,2026-01-25,Mumbai,CONGESTION,HIGH,208,2243,RESOLVED
NE001834,2026-04-24,Mumbai,HIGH_LATENCY,HIGH,259,2288,CLOSED
NE001835,2026-08-04,Pune,PACKET_LOSS,LOW,42,4914,CLOSED
NE001836,2026-06-03,Bhopal,CONGESTION,MEDIUM,265,2413,CLOSED
NE001837,2026-06-10,Thane,OUTAGE,LOW,156,484,CLOSED
NE001838,2026-03-22,Indore,OUTAGE,MEDIUM,283,261,IN_PROGRESS
NE001839,2025-12-30,Thane,LOW_SIGNAL,LOW,260,4588,RESOLVED
NE001840,2026-01-28,Pune,PACKET_LOSS,MEDIUM,116,420,OPEN
NE001841,2025-11-07,Pune,LOW_SIGNAL,LOW,187,435,OPEN
NE001842,2025-10-23,Bhopal,LOW_SIGNAL,CRITICAL,223,1771,CLOSED
NE001843,2025-10-20,Pune,PACKET_LOSS,MEDIUM,233,4706,RESOLVED
NE001844,2026-04-14,Pune,LOW_SIGNAL,HIGH,95,826,IN_PROGRESS
NE001845,2026-08-24,Nashik,OUTAGE,CRITICAL,105,899,RESOLVED
NE001846,2025-10-22,Bhopal,PACKET_LOSS,MEDIUM,230,1821,RESOLVED
NE001847,2026-01-13,Thane,OUTAGE,HIGH,211,4130,CLOSED
NE001848,2025-11-03,Thane,OUTAGE,CRITICAL,58,4949,IN_PROGRESS
NE001849,2025-12-18,Mumbai,HIGH_LATENCY,MEDIUM,118,345,CLOSED
NE001850,2026-01-19,Indore,PACKET_LOSS,CRITICAL,12,2991,RESOLVED
NE001851,2026-08-31,Nashik,PACKET_LOSS,MEDIUM,59,87,OPEN
NE001852,2026-06-30,Pune,PACKET_LOSS,HIGH,250,4621,OPEN
NE001853,2025-12-17,Bhopal,PACKET_LOSS,MEDIUM,241,4818,OPEN
NE001854,2026-07-04,Indore,OUTAGE,HIGH,284,3772,RESOLVED
NE001855,2025-11-17,Indore,LOW_SIGNAL,HIGH,20,607,RESOLVED
NE001856,2026-08-04,Bhopal,LOW_SIGNAL,LOW,90,1564,CLOSED
NE001857,2025-12-06,Mumbai,PACKET_LOSS,MEDIUM,194,3355,RESOLVED
NE001858,2026-04-25,Bhopal,HIGH_LATENCY,LOW,192,1241,OPEN
NE001859,2025-10-30,Nagpur,CONGESTION,MEDIUM,38,507,OPEN
NE001860,2026-09-09,Nagpur,PACKET_LOSS,MEDIUM,300,2141,OPEN
NE001861,2025-10-13,Mumbai,OUTAGE,CRITICAL,262,3318,CLOSED
NE001862,2025-10-26,Mumbai,CONGESTION,HIGH,255,4898,CLOSED
NE001863,2025-10-20,Mumbai,LOW_SIGNAL,HIGH,278,3001,OPEN
NE001864,2026-09-14,Thane,HIGH_LATENCY,CRITICAL,24,4363,CLOSED
NE001865,2025-10-20,Nagpur,CONGESTION,MEDIUM,174,1504,RESOLVED
NE001866,2025-11-09,Nashik,PACKET_LOSS,HIGH,143,139,RESOLVED
NE001867,2026-08-04,Bhopal,CONGESTION,MEDIUM,287,3358,RESOLVED
NE001868,2025-11-23,Thane,CONGESTION,HIGH,273,2727,CLOSED
NE001869,2026-03-08,Pune,HIGH_LATENCY,MEDIUM,121,4470,IN_PROGRESS
NE001870,2025-10-07,Nashik,HIGH_LATENCY,CRITICAL,169,4920,CLOSED
NE001871,2026-08-30,Bhopal,LOW_SIGNAL,CRITICAL,101,1779,IN_PROGRESS
NE001872,2026-01-01,Thane,OUTAGE,MEDIUM,153,4322,OPEN
NE001873,2026-02-27,Nagpur,PACKET_LOSS,MEDIUM,225,2785,RESOLVED
NE001874,2026-08-05,Nashik,OUTAGE,MEDIUM,38,1497,CLOSED
NE001875,2026-03-23,Nagpur,OUTAGE,LOW,192,86,IN_PROGRESS
NE001876,2026-05-20,Pune,HIGH_LATENCY,HIGH,88,1055,CLOSED
NE001877,2026-03-16,Pune,PACKET_LOSS,CRITICAL,140,2904,CLOSED
NE001878,2025-09-23,Nagpur,HIGH_LATENCY,MEDIUM,114,528,CLOSED
NE001879,2026-03-23,Pune,LOW_SIGNAL,MEDIUM,100,1306,OPEN
NE001880,2026-06-15,Nashik,PACKET_LOSS,CRITICAL,172,2456,CLOSED
NE001881,2026-09-08,Nashik,PACKET_LOSS,LOW,22,455,OPEN
NE001882,2026-01-29,Nagpur,CONGESTION,CRITICAL,5,1290,IN_PROGRESS
NE001883,2026-02-12,Thane,LOW_SIGNAL,MEDIUM,28,366,OPEN
NE001884,2025-10-12,Bhopal,PACKET_LOSS,LOW,226,1374,IN_PROGRESS
NE001885,2026-06-07,Bhopal,OUTAGE,CRITICAL,110,3533,RESOLVED
NE001886,2026-09-05,Bhopal,PACKET_LOSS,MEDIUM,274,4580,OPEN
NE001887,2026-09-19,Mumbai,HIGH_LATENCY,LOW,234,1140,CLOSED
NE001888,2025-10-22,Indore,CONGESTION,HIGH,159,2081,OPEN
NE001889,2025-10-18,Thane,OUTAGE,CRITICAL,205,2764,IN_PROGRESS
NE001890,2026-01-02,Pune,PACKET_LOSS,MEDIUM,260,2321,OPEN
NE001891,2026-03-27,Nagpur,LOW_SIGNAL,HIGH,200,1749,RESOLVED
NE001892,2025-10-31,Mumbai,OUTAGE,MEDIUM,36,3024,OPEN
NE001893,2026-01-18,Mumbai,LOW_SIGNAL,MEDIUM,29,1726,OPEN
NE001894,2026-09-19,Nagpur,OUTAGE,MEDIUM,127,1447,RESOLVED
NE001895,2025-11-02,Pune,HIGH_LATENCY,LOW,101,1697,OPEN
NE001896,2026-03-16,Nagpur,CONGESTION,MEDIUM,171,1568,RESOLVED
NE001897,2026-07-03,Nashik,HIGH_LATENCY,HIGH,89,2760,RESOLVED
NE001898,2025-10-01,Nashik,HIGH_LATENCY,HIGH,161,2117,RESOLVED
NE001899,2025-10-08,Pune,CONGESTION,MEDIUM,52,2779,IN_PROGRESS
NE001900,2026-09-17,Thane,OUTAGE,MEDIUM,148,3970,IN_PROGRESS
NE001901,2026-08-06,Mumbai,PACKET_LOSS,LOW,155,1673,OPEN
NE001902,2025-11-10,Mumbai,LOW_SIGNAL,HIGH,208,52,CLOSED
NE001903,2026-06-04,Nagpur,PACKET_LOSS,CRITICAL,273,3314,RESOLVED
NE001904,2026-06-23,Indore,OUTAGE,LOW,198,3768,RESOLVED
NE001905,2026-03-11,Pune,PACKET_LOSS,HIGH,224,2808,OPEN
NE001906,2026-08-21,Pune,PACKET_LOSS,MEDIUM,53,1178,CLOSED
NE001907,2025-10-18,Bhopal,HIGH_LATENCY,LOW,290,4375,IN_PROGRESS
NE001908,2025-09-30,Mumbai,LOW_SIGNAL,MEDIUM,248,4337,IN_PROGRESS
NE001909,2026-01-17,Bhopal,LOW_SIGNAL,MEDIUM,273,4726,IN_PROGRESS
NE001910,2026-03-09,Pune,OUTAGE,MEDIUM,102,2730,RESOLVED
NE001911,2026-08-11,Indore,OUTAGE,HIGH,274,2463,CLOSED
NE001912,2025-11-18,Nashik,OUTAGE,MEDIUM,268,4394,OPEN
NE001913,2025-10-17,Bhopal,OUTAGE,HIGH,85,4189,RESOLVED
NE001914,2026-09-08,Mumbai,LOW_SIGNAL,MEDIUM,185,571,CLOSED
NE001915,2026-07-20,Bhopal,OUTAGE,LOW,208,3491,IN_PROGRESS
NE001916,2026-05-07,Nagpur,PACKET_LOSS,MEDIUM,27,2434,CLOSED
NE001917,2026-06-05,Pune,CONGESTION,CRITICAL,36,4507,CLOSED
NE001918,2026-02-19,Pune,CONGESTION,MEDIUM,121,3753,IN_PROGRESS
NE001919,2026-06-23,Mumbai,PACKET_LOSS,MEDIUM,28,27,IN_PROGRESS
NE001920,2026-05-04,Mumbai,CONGESTION,HIGH,223,1169,OPEN
NE001921,2026-03-21,Nashik,OUTAGE,MEDIUM,292,1202,IN_PROGRESS
NE001922,2026-09-04,Indore,PACKET_LOSS,HIGH,183,4431,OPEN
NE001923,2025-12-28,Thane,PACKET_LOSS,MEDIUM,196,1990,CLOSED
NE001924,2026-06-23,Bhopal,PACKET_LOSS,HIGH,245,1625,CLOSED
NE001925,2026-08-15,Indore,PACKET_LOSS,CRITICAL,197,995,RESOLVED
NE001926,2026-06-13,Indore,HIGH_LATENCY,MEDIUM,282,2693,RESOLVED
NE001927,2026-08-08,Pune,CONGESTION,MEDIUM,37,667,RESOLVED
NE001928,2026-07-01,Indore,LOW_SIGNAL,MEDIUM,37,3814,OPEN
NE001929,2025-10-23,Indore,HIGH_LATENCY,MEDIUM,192,256,IN_PROGRESS
NE001930,2026-09-10,Nagpur,PACKET_LOSS,HIGH,150,2399,CLOSED
NE001931,2025-12-21,Bhopal,CONGESTION,MEDIUM,40,801,OPEN
NE001932,2026-04-27,Nagpur,LOW_SIGNAL,MEDIUM,129,1917,IN_PROGRESS
NE001933,2025-10-12,Bhopal,LOW_SIGNAL,MEDIUM,30,3965,CLOSED
NE001934,2026-06-12,Nashik,LOW_SIGNAL,HIGH,67,4235,OPEN
NE001935,2026-07-12,Indore,LOW_SIGNAL,MEDIUM,270,1778,CLOSED
NE001936,2026-03-07,Mumbai,LOW_SIGNAL,MEDIUM,299,1888,IN_PROGRESS
NE001937,2026-09-01,Thane,PACKET_LOSS,CRITICAL,65,1706,IN_PROGRESS
NE001938,2026-08-26,Pune,CONGESTION,LOW,34,1040,RESOLVED
NE001939,2026-07-19,Nagpur,HIGH_LATENCY,LOW,124,3977,RESOLVED
NE001940,2026-02-12,Mumbai,PACKET_LOSS,MEDIUM,144,2367,IN_PROGRESS
NE001941,2025-10-18,Bhopal,LOW_SIGNAL,MEDIUM,7,697,RESOLVED
NE001942,2026-01-06,Indore,LOW_SIGNAL,MEDIUM,262,681,CLOSED
NE001943,2026-05-18,Nashik,PACKET_LOSS,MEDIUM,177,731,RESOLVED
NE001944,2026-03-21,Thane,LOW_SIGNAL,CRITICAL,5,2130,IN_PROGRESS
NE001945,2026-07-24,Thane,CONGESTION,CRITICAL,84,3083,RESOLVED
NE001946,2026-04-02,Mumbai,PACKET_LOSS,MEDIUM,38,3729,IN_PROGRESS
NE001947,2026-08-22,Thane,HIGH_LATENCY,MEDIUM,84,1091,CLOSED
NE001948,2026-01-18,Indore,LOW_SIGNAL,LOW,294,3361,IN_PROGRESS
NE001949,2026-05-04,Nagpur,LOW_SIGNAL,LOW,227,420,CLOSED
NE001950,2026-03-29,Indore,PACKET_LOSS,MEDIUM,197,2202,CLOSED
NE001951,2026-05-19,Mumbai,LOW_SIGNAL,HIGH,259,1596,CLOSED
NE001952,2026-05-19,Thane,LOW_SIGNAL,LOW,75,2569,IN_PROGRESS
NE001953,2026-08-06,Nashik,PACKET_LOSS,HIGH,232,3511,IN_PROGRESS
NE001954,2025-12-12,Pune,HIGH_LATENCY,CRITICAL,264,1160,IN_PROGRESS
NE001955,2026-04-11,Indore,OUTAGE,CRITICAL,208,2834,RESOLVED
NE001956,2026-01-05,Mumbai,LOW_SIGNAL,MEDIUM,279,1277,OPEN
NE001957,2026-02-23,Mumbai,LOW_SIGNAL,CRITICAL,97,3814,OPEN
NE001958,2026-05-27,Nagpur,CONGESTION,CRITICAL,196,3385,RESOLVED
NE001959,2026-02-19,Mumbai,PACKET_LOSS,HIGH,7,1988,OPEN
NE001960,2026-01-16,Thane,PACKET_LOSS,HIGH,150,1836,IN_PROGRESS
NE001961,2026-06-02,Pune,CONGESTION,LOW,232,4156,IN_PROGRESS
NE001962,2026-05-26,Nagpur,CONGESTION,MEDIUM,272,3476,IN_PROGRESS
NE001963,2026-03-24,Indore,HIGH_LATENCY,MEDIUM,136,818,RESOLVED
NE001964,2026-06-26,Pune,PACKET_LOSS,LOW,35,801,RESOLVED
NE001965,2025-12-11,Thane,CONGESTION,CRITICAL,131,3280,RESOLVED
NE001966,2026-06-01,Thane,PACKET_LOSS,MEDIUM,215,1656,CLOSED
NE001967,2025-11-21,Thane,LOW_SIGNAL,LOW,161,2913,OPEN
NE001968,2026-05-18,Indore,PACKET_LOSS,HIGH,259,692,IN_PROGRESS
NE001969,2026-02-08,Bhopal,HIGH_LATENCY,LOW,179,120,RESOLVED
NE001970,2026-08-25,Nashik,PACKET_LOSS,CRITICAL,247,710,OPEN
NE001971,2026-07-15,Nashik,CONGESTION,MEDIUM,108,518,OPEN
NE001972,2025-10-25,Bhopal,HIGH_LATENCY,HIGH,221,1111,IN_PROGRESS
NE001973,2026-05-28,Nashik,PACKET_LOSS,MEDIUM,290,3309,IN_PROGRESS
NE001974,2026-04-21,Thane,PACKET_LOSS,LOW,175,3709,RESOLVED
NE001975,2026-01-05,Indore,CONGESTION,MEDIUM,255,2960,IN_PROGRESS
NE001976,2025-10-06,Pune,HIGH_LATENCY,MEDIUM,21,2766,RESOLVED
NE001977,2026-03-09,Thane,PACKET_LOSS,LOW,270,4392,RESOLVED
NE001978,2026-05-21,Mumbai,CONGESTION,MEDIUM,200,4205,OPEN
NE001979,2025-11-30,Nashik,OUTAGE,CRITICAL,29,2046,CLOSED
NE001980,2026-06-19,Thane,LOW_SIGNAL,MEDIUM,145,1441,OPEN
NE001981,2026-08-17,Nagpur,PACKET_LOSS,MEDIUM,275,2200,RESOLVED
NE001982,2026-05-07,Nagpur,HIGH_LATENCY,MEDIUM,170,4134,IN_PROGRESS
NE001983,2026-07-27,Nashik,PACKET_LOSS,HIGH,178,120,OPEN
NE001984,2025-10-08,Mumbai,CONGESTION,CRITICAL,173,1411,CLOSED
NE001985,2026-05-07,Nagpur,OUTAGE,HIGH,33,2081,OPEN
NE001986,2026-05-15,Thane,CONGESTION,MEDIUM,97,3026,RESOLVED
NE001987,2025-10-02,Indore,PACKET_LOSS,CRITICAL,51,806,RESOLVED
NE001988,2026-04-17,Bhopal,OUTAGE,LOW,125,3540,IN_PROGRESS
NE001989,2026-03-27,Nagpur,OUTAGE,MEDIUM,158,1517,OPEN
NE001990,2026-03-12,Pune,CONGESTION,MEDIUM,243,4533,OPEN
NE001991,2026-07-07,Nashik,LOW_SIGNAL,MEDIUM,296,462,RESOLVED
NE001992,2026-04-29,Nashik,LOW_SIGNAL,LOW,250,4174,IN_PROGRESS
NE001993,2025-11-30,Pune,CONGESTION,CRITICAL,35,4684,OPEN
NE001994,2025-10-25,Mumbai,OUTAGE,HIGH,69,1364,OPEN
NE001995,2025-10-16,Thane,OUTAGE,MEDIUM,108,1326,IN_PROGRESS
NE001996,2026-02-05,Nagpur,OUTAGE,HIGH,245,3848,IN_PROGRESS
NE001997,2025-11-28,Bhopal,OUTAGE,MEDIUM,165,1982,IN_PROGRESS
NE001998,2026-04-16,Nagpur,PACKET_LOSS,MEDIUM,15,4344,RESOLVED
NE001999,2025-12-21,Nagpur,OUTAGE,CRITICAL,95,2315,IN_PROGRESS
NE002000,2026-05-03,Mumbai,PACKET_LOSS,CRITICAL,56,1824,CLOSED
NE002001,2026-04-24,Nashik,OUTAGE,CRITICAL,115,2620,OPEN
NE002002,2026-03-07,Bhopal,HIGH_LATENCY,LOW,182,387,IN_PROGRESS
NE002003,2025-11-25,Nashik,CONGESTION,HIGH,91,1414,CLOSED
NE002004,2026-04-13,Bhopal,LOW_SIGNAL,HIGH,131,2218,RESOLVED
NE002005,2025-10-03,Thane,HIGH_LATENCY,MEDIUM,180,2185,CLOSED
NE002006,2025-11-16,Nashik,PACKET_LOSS,MEDIUM,230,2532,OPEN
NE002007,2026-06-30,Nashik,LOW_SIGNAL,CRITICAL,152,474,IN_PROGRESS
NE002008,2026-04-20,Nagpur,CONGESTION,HIGH,253,2962,RESOLVED
NE002009,2025-12-08,Bhopal,LOW_SIGNAL,LOW,33,2487,CLOSED
NE002010,2026-01-17,Nagpur,HIGH_LATENCY,MEDIUM,206,3838,RESOLVED
NE002011,2026-07-19,Nagpur,CONGESTION,MEDIUM,252,2224,CLOSED
NE002012,2026-01-21,Indore,HIGH_LATENCY,CRITICAL,25,973,CLOSED
NE002013,2025-11-11,Mumbai,PACKET_LOSS,MEDIUM,121,4650,IN_PROGRESS
NE002014,2026-02-08,Thane,CONGESTION,MEDIUM,65,4336,OPEN
NE002015,2025-10-07,Nagpur,PACKET_LOSS,LOW,215,129,OPEN
NE002016,2026-03-23,Thane,PACKET_LOSS,LOW,202,890,RESOLVED
NE002017,2026-06-10,Nashik,PACKET_LOSS,MEDIUM,118,113,IN_PROGRESS
NE002018,2026-01-07,Bhopal,OUTAGE,LOW,51,2137,RESOLVED
NE002019,2026-02-27,Bhopal,OUTAGE,MEDIUM,109,589,RESOLVED
NE002020,2025-11-29,Thane,OUTAGE,MEDIUM,140,811,OPEN
NE002021,2026-05-18,Thane,OUTAGE,MEDIUM,173,3032,OPEN
NE002022,2026-09-20,Bhopal,OUTAGE,HIGH,237,4161,RESOLVED
NE002023,2026-05-09,Indore,CONGESTION,MEDIUM,124,1760,IN_PROGRESS
NE002024,2025-11-04,Indore,HIGH_LATENCY,HIGH,226,2446,OPEN
NE002025,2026-09-13,Thane,PACKET_LOSS,MEDIUM,122,4446,OPEN
NE002026,2025-11-21,Mumbai,PACKET_LOSS,LOW,23,544,OPEN
NE002027,2026-08-16,Pune,PACKET_LOSS,MEDIUM,121,497,IN_PROGRESS
NE002028,2025-11-10,Thane,CONGESTION,CRITICAL,91,4927,CLOSED
NE002029,2026-01-25,Mumbai,PACKET_LOSS,HIGH,138,756,RESOLVED
NE002030,2026-01-01,Nagpur,OUTAGE,LOW,77,1314,CLOSED
NE002031,2026-06-10,Indore,HIGH_LATENCY,HIGH,295,4015,IN_PROGRESS
NE002032,2026-05-18,Nagpur,OUTAGE,LOW,179,4857,OPEN
NE002033,2026-01-17,Indore,PACKET_LOSS,CRITICAL,212,4572,OPEN
NE002034,2026-06-30,Nashik,LOW_SIGNAL,CRITICAL,223,1422,CLOSED
NE002035,2025-12-24,Thane,PACKET_LOSS,CRITICAL,260,3517,IN_PROGRESS
NE002036,2025-12-14,Bhopal,PACKET_LOSS,MEDIUM,232,4833,IN_PROGRESS
NE002037,2025-10-24,Pune,HIGH_LATENCY,MEDIUM,207,251,CLOSED
NE002038,2025-12-01,Mumbai,LOW_SIGNAL,MEDIUM,84,2713,OPEN
NE002039,2026-02-07,Indore,HIGH_LATENCY,CRITICAL,91,1078,IN_PROGRESS
NE002040,2026-07-18,Pune,PACKET_LOSS,HIGH,128,2869,RESOLVED
NE002041,2026-07-19,Indore,LOW_SIGNAL,CRITICAL,94,3915,CLOSED
NE002042,2026-03-18,Bhopal,PACKET_LOSS,MEDIUM,48,4624,IN_PROGRESS
NE002043,2026-03-11,Thane,LOW_SIGNAL,MEDIUM,182,2115,IN_PROGRESS
NE002044,2026-04-25,Thane,CONGESTION,MEDIUM,174,416,OPEN
NE002045,2026-07-30,Thane,CONGESTION,MEDIUM,141,2877,RESOLVED
NE002046,2026-04-03,Indore,CONGESTION,CRITICAL,241,4910,IN_PROGRESS
NE002047,2026-03-21,Pune,CONGESTION,MEDIUM,261,328,IN_PROGRESS
NE002048,2026-01-05,Bhopal,LOW_SIGNAL,CRITICAL,135,614,RESOLVED
NE002049,2026-08-27,Pune,OUTAGE,CRITICAL,284,1928,RESOLVED
NE002050,2026-09-04,Bhopal,LOW_SIGNAL,LOW,17,3464,IN_PROGRESS
NE002051,2026-02-10,Mumbai,HIGH_LATENCY,LOW,96,3636,OPEN
NE002052,2026-04-02,Nashik,PACKET_LOSS,CRITICAL,24,2681,IN_PROGRESS
NE002053,2026-09-13,Bhopal,HIGH_LATENCY,MEDIUM,78,2584,OPEN
NE002054,2025-10-30,Bhopal,LOW_SIGNAL,MEDIUM,99,2327,CLOSED
NE002055,2026-04-16,Nashik,OUTAGE,CRITICAL,261,632,RESOLVED
NE002056,2026-03-22,Pune,OUTAGE,MEDIUM,12,3114,RESOLVED
NE002057,2025-10-22,Bhopal,CONGESTION,CRITICAL,99,1393,IN_PROGRESS
NE002058,2025-11-04,Indore,OUTAGE,CRITICAL,221,3835,OPEN
NE002059,2025-12-30,Nagpur,HIGH_LATENCY,MEDIUM,60,1597,CLOSED
NE002060,2026-06-18,Thane,CONGESTION,MEDIUM,258,1044,CLOSED
NE002061,2026-04-12,Pune,LOW_SIGNAL,LOW,33,2429,CLOSED
NE002062,2025-11-22,Nashik,CONGESTION,CRITICAL,235,1998,CLOSED
NE002063,2026-07-22,Mumbai,OUTAGE,MEDIUM,63,2823,CLOSED
NE002064,2026-05-03,Indore,PACKET_LOSS,HIGH,154,4775,CLOSED
NE002065,2025-11-18,Thane,LOW_SIGNAL,HIGH,47,4794,CLOSED
NE002066,2025-11-21,Nashik,PACKET_LOSS,HIGH,250,4257,OPEN
NE002067,2025-10-07,Bhopal,HIGH_LATENCY,MEDIUM,17,4628,RESOLVED
NE002068,2026-03-18,Thane,PACKET_LOSS,CRITICAL,289,2843,IN_PROGRESS
NE002069,2025-10-20,Mumbai,HIGH_LATENCY,MEDIUM,41,3062,OPEN
NE002070,2026-06-12,Thane,CONGESTION,HIGH,142,1039,CLOSED
NE002071,2026-01-27,Mumbai,HIGH_LATENCY,MEDIUM,284,27,RESOLVED
NE002072,2026-09-11,Pune,OUTAGE,MEDIUM,259,1520,IN_PROGRESS
NE002073,2026-01-14,Bhopal,OUTAGE,CRITICAL,20,2858,CLOSED
NE002074,2026-03-13,Thane,HIGH_LATENCY,HIGH,11,3921,IN_PROGRESS
NE002075,2026-05-07,Mumbai,OUTAGE,MEDIUM,150,2438,IN_PROGRESS
NE002076,2025-12-09,Nagpur,LOW_SIGNAL,MEDIUM,218,804,OPEN
NE002077,2026-08-24,Nagpur,LOW_SIGNAL,MEDIUM,130,2343,IN_PROGRESS
NE002078,2026-09-08,Mumbai,OUTAGE,MEDIUM,25,13,CLOSED
NE002079,2025-12-14,Indore,PACKET_LOSS,MEDIUM,86,194,IN_PROGRESS
NE002080,2026-09-16,Nagpur,CONGESTION,MEDIUM,128,2059,RESOLVED
NE002081,2026-07-28,Indore,OUTAGE,CRITICAL,195,3901,RESOLVED
NE002082,2026-01-01,Indore,HIGH_LATENCY,CRITICAL,80,1888,RESOLVED
NE002083,2026-04-03,Nashik,LOW_SIGNAL,MEDIUM,247,3689,CLOSED
NE002084,2026-01-26,Nagpur,PACKET_LOSS,MEDIUM,190,3337,OPEN
NE002085,2026-08-23,Thane,HIGH_LATENCY,MEDIUM,230,1205,OPEN
NE002086,2026-05-09,Pune,LOW_SIGNAL,CRITICAL,69,4429,RESOLVED
NE002087,2026-04-10,Pune,HIGH_LATENCY,MEDIUM,84,1316,OPEN
NE002088,2026-07-30,Indore,HIGH_LATENCY,MEDIUM,233,1115,OPEN
NE002089,2026-04-13,Pune,HIGH_LATENCY,MEDIUM,210,220,RESOLVED
NE002090,2026-05-31,Pune,OUTAGE,MEDIUM,191,3734,IN_PROGRESS
NE002091,2025-11-16,Mumbai,HIGH_LATENCY,CRITICAL,127,4873,CLOSED
NE002092,2025-12-28,Nashik,PACKET_LOSS,LOW,14,589,CLOSED
NE002093,2026-09-20,Nashik,PACKET_LOSS,MEDIUM,177,2959,CLOSED
NE002094,2026-04-07,Thane,LOW_SIGNAL,MEDIUM,170,3385,IN_PROGRESS
NE002095,2026-04-21,Bhopal,CONGESTION,CRITICAL,203,751,IN_PROGRESS
NE002096,2026-09-19,Nagpur,OUTAGE,HIGH,185,4861,CLOSED
NE002097,2026-07-09,Indore,CONGESTION,HIGH,221,2302,RESOLVED
NE002098,2026-04-17,Nashik,PACKET_LOSS,HIGH,232,1437,IN_PROGRESS
NE002099,2026-03-14,Bhopal,LOW_SIGNAL,MEDIUM,169,2038,OPEN
NE002100,2025-11-15,Nashik,LOW_SIGNAL,HIGH,291,2874,CLOSED
NE002101,2026-02-02,Nagpur,OUTAGE,HIGH,170,1102,OPEN
NE002102,2026-07-10,Pune,OUTAGE,HIGH,45,611,OPEN
NE002103,2026-02-10,Nagpur,HIGH_LATENCY,HIGH,278,3529,CLOSED
NE002104,2026-05-28,Indore,PACKET_LOSS,MEDIUM,41,2611,OPEN
NE002105,2025-11-16,Mumbai,LOW_SIGNAL,CRITICAL,64,1566,OPEN
NE002106,2025-11-11,Nashik,PACKET_LOSS,LOW,94,1606,CLOSED
NE002107,2026-02-20,Indore,LOW_SIGNAL,CRITICAL,224,3829,CLOSED
NE002108,2026-08-18,Thane,OUTAGE,LOW,110,1476,CLOSED
NE002109,2026-05-22,Thane,PACKET_LOSS,MEDIUM,64,3150,RESOLVED
NE002110,2025-09-26,Mumbai,CONGESTION,MEDIUM,29,4315,OPEN
NE002111,2026-06-15,Nagpur,PACKET_LOSS,CRITICAL,18,4544,RESOLVED
NE002112,2026-06-18,Pune,LOW_SIGNAL,HIGH,11,1728,IN_PROGRESS
NE002113,2026-03-01,Mumbai,HIGH_LATENCY,LOW,226,1872,IN_PROGRESS
NE002114,2026-02-05,Mumbai,HIGH_LATENCY,CRITICAL,156,2516,OPEN
NE002115,2026-04-03,Nashik,OUTAGE,LOW,40,4022,CLOSED
NE002116,2026-06-24,Pune,LOW_SIGNAL,MEDIUM,22,810,CLOSED
NE002117,2026-08-29,Nagpur,LOW_SIGNAL,MEDIUM,27,3375,CLOSED
NE002118,2025-12-09,Nashik,CONGESTION,MEDIUM,277,1298,RESOLVED
NE002119,2025-10-02,Bhopal,CONGESTION,LOW,22,1610,OPEN
NE002120,2026-01-23,Nagpur,LOW_SIGNAL,HIGH,28,1473,IN_PROGRESS
NE002121,2026-09-11,Mumbai,CONGESTION,CRITICAL,205,344,OPEN
NE002122,2026-07-10,Indore,LOW_SIGNAL,HIGH,254,955,OPEN
NE002123,2026-01-25,Pune,OUTAGE,MEDIUM,30,711,OPEN
NE002124,2026-06-23,Thane,HIGH_LATENCY,LOW,59,443,RESOLVED
NE002125,2026-07-28,Thane,CONGESTION,LOW,230,695,RESOLVED
NE002126,2026-02-20,Mumbai,HIGH_LATENCY,CRITICAL,128,808,RESOLVED
NE002127,2026-09-22,Pune,LOW_SIGNAL,MEDIUM,14,593,OPEN
NE002128,2026-06-14,Pune,OUTAGE,LOW,265,4708,CLOSED
NE002129,2025-11-28,Mumbai,OUTAGE,MEDIUM,69,3128,CLOSED
NE002130,2026-05-06,Thane,CONGESTION,MEDIUM,57,4922,CLOSED
NE002131,2026-02-24,Pune,LOW_SIGNAL,MEDIUM,60,2250,IN_PROGRESS
NE002132,2025-10-02,Mumbai,PACKET_LOSS,LOW,282,2679,RESOLVED
NE002133,2026-09-20,Bhopal,OUTAGE,HIGH,16,2081,RESOLVED
NE002134,2025-11-03,Bhopal,HIGH_LATENCY,MEDIUM,14,1162,IN_PROGRESS
NE002135,2026-04-23,Nagpur,LOW_SIGNAL,HIGH,176,758,IN_PROGRESS
NE002136,2026-01-04,Nagpur,HIGH_LATENCY,LOW,78,2979,RESOLVED
NE002137,2026-03-08,Nashik,PACKET_LOSS,LOW,71,2985,OPEN
NE002138,2026-07-26,Mumbai,OUTAGE,MEDIUM,8,1579,OPEN
NE002139,2026-05-31,Pune,CONGESTION,LOW,98,4050,CLOSED
NE002140,2026-06-23,Pune,HIGH_LATENCY,HIGH,180,2112,OPEN
NE002141,2026-02-16,Mumbai,PACKET_LOSS,MEDIUM,59,703,RESOLVED
NE002142,2026-06-19,Nashik,OUTAGE,LOW,29,2185,IN_PROGRESS
NE002143,2025-11-19,Thane,CONGESTION,MEDIUM,236,4814,IN_PROGRESS
NE002144,2026-09-08,Nashik,OUTAGE,CRITICAL,112,642,IN_PROGRESS
NE002145,2026-01-18,Mumbai,PACKET_LOSS,HIGH,60,429,IN_PROGRESS
NE002146,2026-02-26,Nashik,OUTAGE,MEDIUM,152,1840,RESOLVED
NE002147,2026-08-13,Nagpur,PACKET_LOSS,CRITICAL,258,4124,CLOSED
NE002148,2026-07-10,Nashik,CONGESTION,MEDIUM,41,2508,OPEN
NE002149,2026-06-05,Bhopal,CONGESTION,MEDIUM,218,1024,CLOSED
NE002150,2026-06-09,Mumbai,CONGESTION,MEDIUM,72,2026,RESOLVED
NE002151,2025-11-27,Nashik,OUTAGE,CRITICAL,131,4036,OPEN
NE002152,2026-04-11,Nashik,LOW_SIGNAL,CRITICAL,273,398,CLOSED
NE002153,2025-11-22,Nashik,OUTAGE,MEDIUM,78,3528,RESOLVED
NE002154,2026-07-15,Pune,LOW_SIGNAL,MEDIUM,230,1408,OPEN
NE002155,2026-06-19,Thane,HIGH_LATENCY,MEDIUM,146,4479,RESOLVED
NE002156,2025-11-20,Nagpur,CONGESTION,LOW,207,977,IN_PROGRESS
NE002157,2025-11-06,Pune,OUTAGE,LOW,81,3651,OPEN
NE002158,2026-03-25,Indore,OUTAGE,MEDIUM,128,24,IN_PROGRESS
NE002159,2026-08-11,Nagpur,LOW_SIGNAL,HIGH,18,20,IN_PROGRESS
NE002160,2026-06-18,Thane,HIGH_LATENCY,LOW,65,1972,RESOLVED
NE002161,2026-07-22,Indore,OUTAGE,CRITICAL,28,2958,RESOLVED
NE002162,2025-12-11,Nashik,OUTAGE,LOW,93,4372,RESOLVED
NE002163,2026-02-25,Indore,OUTAGE,LOW,179,3702,RESOLVED
NE002164,2026-05-12,Pune,OUTAGE,HIGH,229,2887,RESOLVED
NE002165,2026-01-07,Mumbai,HIGH_LATENCY,MEDIUM,37,4440,IN_PROGRESS
NE002166,2026-01-28,Bhopal,CONGESTION,MEDIUM,223,3469,CLOSED
NE002167,2026-02-07,Thane,CONGESTION,MEDIUM,217,3379,CLOSED
NE002168,2026-07-25,Nashik,CONGESTION,MEDIUM,99,1956,OPEN
NE002169,2026-04-27,Thane,HIGH_LATENCY,MEDIUM,234,644,OPEN
NE002170,2026-06-26,Pune,CONGESTION,LOW,112,1740,RESOLVED
NE002171,2026-01-07,Mumbai,HIGH_LATENCY,CRITICAL,258,1363,CLOSED
NE002172,2026-06-18,Mumbai,HIGH_LATENCY,LOW,91,624,CLOSED
NE002173,2026-06-17,Nashik,PACKET_LOSS,MEDIUM,241,2735,OPEN
NE002174,2025-12-03,Nagpur,PACKET_LOSS,HIGH,110,3346,OPEN
NE002175,2026-01-11,Bhopal,PACKET_LOSS,LOW,192,3560,OPEN
NE002176,2026-08-10,Mumbai,LOW_SIGNAL,LOW,66,4058,IN_PROGRESS
NE002177,2026-06-04,Bhopal,LOW_SIGNAL,HIGH,139,632,IN_PROGRESS
NE002178,2026-01-07,Pune,CONGESTION,LOW,38,4875,RESOLVED
NE002179,2026-09-16,Mumbai,CONGESTION,LOW,223,2632,IN_PROGRESS
NE002180,2026-09-11,Indore,CONGESTION,LOW,51,324,RESOLVED
NE002181,2025-11-21,Bhopal,OUTAGE,HIGH,163,3000,IN_PROGRESS
NE002182,2026-04-13,Bhopal,PACKET_LOSS,LOW,50,893,CLOSED
NE002183,2026-01-03,Nagpur,OUTAGE,CRITICAL,166,2487,CLOSED
NE002184,2026-09-12,Bhopal,HIGH_LATENCY,HIGH,156,621,RESOLVED
NE002185,2026-07-16,Indore,LOW_SIGNAL,LOW,186,3420,RESOLVED
NE002186,2026-06-22,Indore,LOW_SIGNAL,HIGH,238,3284,IN_PROGRESS
NE002187,2026-08-10,Pune,HIGH_LATENCY,MEDIUM,240,4450,RESOLVED
NE002188,2025-10-19,Pune,OUTAGE,MEDIUM,91,672,RESOLVED
NE002189,2025-12-18,Nagpur,LOW_SIGNAL,MEDIUM,134,165,OPEN
NE002190,2025-12-24,Indore,CONGESTION,MEDIUM,208,2556,IN_PROGRESS
NE002191,2026-02-24,Nagpur,PACKET_LOSS,HIGH,106,3602,IN_PROGRESS
NE002192,2026-05-11,Mumbai,LOW_SIGNAL,MEDIUM,215,4232,IN_PROGRESS
NE002193,2025-12-30,Mumbai,HIGH_LATENCY,CRITICAL,253,2168,IN_PROGRESS
NE002194,2025-12-29,Nashik,OUTAGE,LOW,177,4048,OPEN
NE002195,2026-08-23,Bhopal,PACKET_LOSS,MEDIUM,222,3974,CLOSED
NE002196,2025-11-16,Bhopal,LOW_SIGNAL,MEDIUM,109,881,CLOSED
NE002197,2026-02-25,Bhopal,PACKET_LOSS,MEDIUM,71,1991,RESOLVED
NE002198,2026-01-26,Nashik,PACKET_LOSS,HIGH,64,661,CLOSED
NE002199,2026-05-24,Indore,HIGH_LATENCY,MEDIUM,104,2370,CLOSED
NE002200,2025-11-26,Nagpur,HIGH_LATENCY,MEDIUM,237,3915,IN_PROGRESS
NE002201,2026-07-30,Indore,LOW_SIGNAL,HIGH,277,1427,CLOSED
NE002202,2026-05-10,Nagpur,PACKET_LOSS,MEDIUM,257,4617,CLOSED
NE002203,2026-07-11,Nashik,PACKET_LOSS,LOW,286,2861,OPEN
NE002204,2025-10-07,Bhopal,CONGESTION,MEDIUM,159,3962,IN_PROGRESS
NE002205,2026-08-25,Mumbai,HIGH_LATENCY,MEDIUM,247,419,CLOSED
NE002206,2026-08-23,Thane,HIGH_LATENCY,CRITICAL,204,3786,IN_PROGRESS
NE002207,2026-07-11,Indore,LOW_SIGNAL,CRITICAL,290,2675,CLOSED
NE002208,2026-08-27,Nagpur,PACKET_LOSS,HIGH,113,3530,RESOLVED
NE002209,2025-10-01,Indore,OUTAGE,MEDIUM,129,2337,OPEN
NE002210,2026-09-06,Indore,CONGESTION,CRITICAL,123,2840,CLOSED
NE002211,2026-08-18,Indore,OUTAGE,MEDIUM,60,995,CLOSED
NE002212,2026-04-25,Nashik,LOW_SIGNAL,LOW,84,4711,RESOLVED
NE002213,2025-10-12,Nashik,OUTAGE,HIGH,74,1405,RESOLVED
NE002214,2026-02-06,Nagpur,HIGH_LATENCY,MEDIUM,110,4005,IN_PROGRESS
NE002215,2026-03-27,Nashik,OUTAGE,MEDIUM,131,2268,OPEN
NE002216,2026-02-28,Mumbai,LOW_SIGNAL,LOW,157,3402,CLOSED
NE002217,2025-12-18,Indore,OUTAGE,LOW,146,3094,RESOLVED
NE002218,2026-04-23,Bhopal,CONGESTION,MEDIUM,172,4915,RESOLVED
NE002219,2025-12-28,Nashik,HIGH_LATENCY,HIGH,221,620,RESOLVED
NE002220,2025-09-24,Pune,HIGH_LATENCY,HIGH,79,233,CLOSED
NE002221,2026-01-08,Nashik,PACKET_LOSS,MEDIUM,281,765,CLOSED
NE002222,2026-04-27,Indore,HIGH_LATENCY,CRITICAL,20,4646,CLOSED
NE002223,2025-12-21,Nashik,CONGESTION,MEDIUM,148,697,IN_PROGRESS
NE002224,2026-07-19,Pune,OUTAGE,LOW,102,4396,RESOLVED
NE002225,2026-05-15,Nashik,CONGESTION,LOW,71,1729,OPEN
NE002226,2025-12-27,Nagpur,OUTAGE,LOW,279,2456,CLOSED
NE002227,2026-01-24,Thane,PACKET_LOSS,MEDIUM,213,910,CLOSED
NE002228,2026-04-20,Nashik,OUTAGE,CRITICAL,280,4726,RESOLVED
NE002229,2025-12-28,Thane,CONGESTION,CRITICAL,25,2417,IN_PROGRESS
NE002230,2025-09-24,Thane,LOW_SIGNAL,CRITICAL,133,1065,RESOLVED
NE002231,2025-11-16,Pune,CONGESTION,MEDIUM,55,2776,OPEN
NE002232,2025-12-21,Bhopal,PACKET_LOSS,MEDIUM,125,4803,IN_PROGRESS
NE002233,2026-02-24,Bhopal,OUTAGE,LOW,82,3936,CLOSED
NE002234,2025-10-21,Pune,LOW_SIGNAL,MEDIUM,112,1005,OPEN
NE002235,2026-08-19,Bhopal,OUTAGE,CRITICAL,176,1224,RESOLVED
NE002236,2026-09-07,Mumbai,PACKET_LOSS,CRITICAL,92,1794,IN_PROGRESS
NE002237,2026-05-30,Mumbai,PACKET_LOSS,CRITICAL,59,2646,OPEN
NE002238,2026-01-06,Nagpur,LOW_SIGNAL,LOW,222,4068,CLOSED
NE002239,2025-12-07,Nagpur,LOW_SIGNAL,MEDIUM,86,2990,OPEN
NE002240,2026-03-31,Nashik,LOW_SIGNAL,LOW,57,3926,OPEN
NE002241,2026-08-18,Pune,LOW_SIGNAL,LOW,71,3035,IN_PROGRESS
NE002242,2025-11-18,Nashik,HIGH_LATENCY,MEDIUM,253,1445,RESOLVED
NE002243,2026-01-03,Thane,HIGH_LATENCY,HIGH,295,3071,IN_PROGRESS
NE002244,2026-02-11,Nashik,LOW_SIGNAL,MEDIUM,51,3527,CLOSED
NE002245,2026-05-02,Pune,OUTAGE,MEDIUM,248,3344,CLOSED
NE002246,2026-08-20,Thane,CONGESTION,HIGH,209,2224,OPEN
NE002247,2026-08-03,Nashik,PACKET_LOSS,MEDIUM,89,1250,OPEN
NE002248,2026-07-11,Nagpur,LOW_SIGNAL,MEDIUM,276,4323,OPEN
NE002249,2026-05-24,Nagpur,PACKET_LOSS,MEDIUM,64,4705,CLOSED
NE002250,2025-12-16,Nashik,OUTAGE,LOW,253,111,IN_PROGRESS
NE002251,2026-02-09,Nagpur,OUTAGE,MEDIUM,228,809,OPEN
NE002252,2026-02-26,Bhopal,PACKET_LOSS,MEDIUM,134,4806,CLOSED
NE002253,2026-08-31,Nagpur,LOW_SIGNAL,MEDIUM,211,1071,IN_PROGRESS
NE002254,2026-06-22,Pune,PACKET_LOSS,MEDIUM,275,2455,CLOSED
NE002255,2026-05-21,Bhopal,HIGH_LATENCY,CRITICAL,143,3568,IN_PROGRESS
NE002256,2026-05-23,Mumbai,LOW_SIGNAL,HIGH,234,4861,CLOSED
NE002257,2026-05-15,Bhopal,LOW_SIGNAL,MEDIUM,142,1214,OPEN
NE002258,2026-08-29,Nagpur,CONGESTION,HIGH,235,2597,RESOLVED
NE002259,2026-04-09,Indore,OUTAGE,MEDIUM,191,2700,CLOSED
NE002260,2026-01-25,Mumbai,OUTAGE,LOW,166,2452,CLOSED
NE002261,2025-12-07,Nagpur,HIGH_LATENCY,CRITICAL,173,3162,RESOLVED
NE002262,2025-12-20,Pune,CONGESTION,MEDIUM,56,686,RESOLVED
NE002263,2025-12-12,Indore,LOW_SIGNAL,MEDIUM,133,3756,OPEN
NE002264,2026-04-26,Thane,LOW_SIGNAL,MEDIUM,203,3470,OPEN
NE002265,2025-12-17,Indore,CONGESTION,LOW,215,2880,OPEN
NE002266,2025-10-31,Nashik,PACKET_LOSS,LOW,240,3509,IN_PROGRESS
NE002267,2026-02-19,Nashik,OUTAGE,CRITICAL,98,1714,CLOSED
NE002268,2025-11-06,Mumbai,OUTAGE,MEDIUM,94,1216,RESOLVED
NE002269,2026-06-30,Nashik,CONGESTION,MEDIUM,293,1787,IN_PROGRESS
NE002270,2026-02-26,Pune,CONGESTION,MEDIUM,85,1032,RESOLVED
NE002271,2026-07-02,Indore,PACKET_LOSS,MEDIUM,37,3237,CLOSED
NE002272,2026-07-10,Pune,PACKET_LOSS,MEDIUM,244,3817,CLOSED
NE002273,2025-10-18,Nashik,PACKET_LOSS,MEDIUM,225,4454,RESOLVED
NE002274,2026-02-18,Nagpur,OUTAGE,HIGH,38,2379,OPEN
NE002275,2026-04-12,Nashik,HIGH_LATENCY,HIGH,229,601,OPEN
NE002276,2026-05-23,Thane,HIGH_LATENCY,MEDIUM,125,823,IN_PROGRESS
NE002277,2026-05-06,Nagpur,PACKET_LOSS,MEDIUM,172,305,IN_PROGRESS
NE002278,2025-11-10,Nagpur,CONGESTION,MEDIUM,96,2925,CLOSED
NE002279,2026-05-08,Nagpur,CONGESTION,LOW,36,1139,IN_PROGRESS
NE002280,2026-06-08,Nagpur,PACKET_LOSS,MEDIUM,225,3408,RESOLVED
NE002281,2026-06-07,Nagpur,HIGH_LATENCY,LOW,117,4335,IN_PROGRESS
NE002282,2026-03-24,Nashik,HIGH_LATENCY,CRITICAL,285,2734,OPEN
NE002283,2025-11-04,Thane,PACKET_LOSS,MEDIUM,273,726,RESOLVED
NE002284,2026-02-20,Nagpur,OUTAGE,LOW,255,154,CLOSED
NE002285,2026-06-01,Nashik,HIGH_LATENCY,MEDIUM,270,1105,IN_PROGRESS
NE002286,2025-10-11,Thane,PACKET_LOSS,MEDIUM,268,1152,IN_PROGRESS
NE002287,2026-07-05,Mumbai,OUTAGE,LOW,95,4560,RESOLVED
NE002288,2026-05-05,Nashik,HIGH_LATENCY,MEDIUM,120,472,CLOSED
NE002289,2026-04-04,Nagpur,PACKET_LOSS,CRITICAL,106,212,CLOSED
NE002290,2026-03-25,Bhopal,LOW_SIGNAL,LOW,46,4108,CLOSED
NE002291,2026-07-04,Nagpur,PACKET_LOSS,HIGH,13,4476,CLOSED
NE002292,2025-10-19,Thane,OUTAGE,CRITICAL,218,2147,RESOLVED
NE002293,2026-06-15,Bhopal,PACKET_LOSS,HIGH,159,79,RESOLVED
NE002294,2025-11-26,Nagpur,HIGH_LATENCY,MEDIUM,134,402,IN_PROGRESS
NE002295,2025-11-09,Indore,OUTAGE,MEDIUM,52,2233,OPEN
NE002296,2026-08-19,Mumbai,CONGESTION,CRITICAL,279,1635,OPEN
NE002297,2025-10-25,Mumbai,OUTAGE,MEDIUM,64,679,OPEN
NE002298,2025-10-24,Indore,OUTAGE,MEDIUM,35,3736,RESOLVED
NE002299,2026-04-06,Mumbai,PACKET_LOSS,MEDIUM,110,1277,RESOLVED
NE002300,2025-09-29,Nagpur,HIGH_LATENCY,MEDIUM,100,1141,IN_PROGRESS
NE002301,2026-08-25,Nagpur,PACKET_LOSS,MEDIUM,208,2966,OPEN
NE002302,2026-04-22,Pune,HIGH_LATENCY,HIGH,267,4097,CLOSED
NE002303,2025-12-02,Pune,PACKET_LOSS,MEDIUM,45,2536,IN_PROGRESS
NE002304,2025-10-20,Indore,LOW_SIGNAL,MEDIUM,185,3944,RESOLVED
NE002305,2026-01-07,Indore,CONGESTION,HIGH,97,710,OPEN
NE002306,2025-10-02,Indore,LOW_SIGNAL,LOW,272,20,RESOLVED
NE002307,2026-09-03,Nashik,HIGH_LATENCY,MEDIUM,138,3346,OPEN
NE002308,2025-12-04,Nashik,HIGH_LATENCY,LOW,134,3440,CLOSED
NE002309,2026-02-19,Nashik,PACKET_LOSS,MEDIUM,219,1780,RESOLVED
NE002310,2026-04-29,Nashik,CONGESTION,HIGH,75,3187,OPEN
NE002311,2025-12-23,Nashik,HIGH_LATENCY,HIGH,229,3434,RESOLVED
NE002312,2026-06-11,Bhopal,OUTAGE,LOW,80,372,IN_PROGRESS
NE002313,2026-05-30,Bhopal,HIGH_LATENCY,MEDIUM,134,2679,RESOLVED
NE002314,2026-02-12,Nagpur,OUTAGE,CRITICAL,212,4713,OPEN
NE002315,2026-08-24,Bhopal,LOW_SIGNAL,CRITICAL,201,793,OPEN
NE002316,2025-10-26,Indore,CONGESTION,MEDIUM,33,3292,OPEN
NE002317,2026-07-05,Nashik,PACKET_LOSS,HIGH,40,123,IN_PROGRESS
NE002318,2026-02-25,Nashik,HIGH_LATENCY,CRITICAL,258,2436,IN_PROGRESS
NE002319,2026-01-31,Indore,OUTAGE,MEDIUM,119,4744,RESOLVED
NE002320,2025-11-17,Mumbai,HIGH_LATENCY,MEDIUM,168,2031,IN_PROGRESS
NE002321,2026-09-18,Nashik,PACKET_LOSS,MEDIUM,153,1987,RESOLVED
NE002322,2025-12-02,Thane,LOW_SIGNAL,MEDIUM,25,4475,OPEN
NE002323,2026-01-29,Pune,HIGH_LATENCY,HIGH,215,1844,IN_PROGRESS
NE002324,2026-01-06,Thane,OUTAGE,HIGH,64,3414,IN_PROGRESS
NE002325,2026-02-26,Pune,OUTAGE,MEDIUM,250,4880,CLOSED
NE002326,2026-03-03,Pune,LOW_SIGNAL,LOW,289,458,RESOLVED
NE002327,2025-12-03,Mumbai,PACKET_LOSS,MEDIUM,272,1117,OPEN
NE002328,2026-02-28,Bhopal,CONGESTION,LOW,28,3784,IN_PROGRESS
NE002329,2025-10-27,Nagpur,OUTAGE,LOW,155,1952,OPEN
NE002330,2026-08-18,Nashik,PACKET_LOSS,LOW,229,3441,CLOSED
NE002331,2026-09-01,Nashik,OUTAGE,CRITICAL,103,2870,CLOSED
NE002332,2026-06-22,Mumbai,OUTAGE,HIGH,28,1959,OPEN
NE002333,2026-06-13,Pune,CONGESTION,LOW,142,2730,CLOSED
NE002334,2026-04-29,Mumbai,HIGH_LATENCY,LOW,72,3806,IN_PROGRESS
NE002335,2026-01-07,Mumbai,LOW_SIGNAL,CRITICAL,275,492,IN_PROGRESS
NE002336,2026-09-03,Bhopal,PACKET_LOSS,MEDIUM,216,4009,CLOSED
NE002337,2026-04-17,Nashik,CONGESTION,HIGH,291,1064,OPEN
NE002338,2025-09-24,Thane,HIGH_LATENCY,MEDIUM,293,2941,IN_PROGRESS
NE002339,2026-03-12,Thane,OUTAGE,HIGH,15,3580,OPEN
NE002340,2026-09-22,Thane,PACKET_LOSS,MEDIUM,277,3217,OPEN
NE002341,2026-04-22,Bhopal,CONGESTION,MEDIUM,272,2777,RESOLVED
NE002342,2026-09-03,Bhopal,HIGH_LATENCY,MEDIUM,217,2464,OPEN
NE002343,2025-10-11,Thane,PACKET_LOSS,MEDIUM,87,2713,OPEN
NE002344,2025-12-25,Mumbai,HIGH_LATENCY,MEDIUM,282,316,OPEN
NE002345,2025-12-25,Nagpur,CONGESTION,HIGH,34,4861,CLOSED
NE002346,2026-04-12,Indore,OUTAGE,MEDIUM,52,4375,CLOSED
NE002347,2026-02-08,Nagpur,OUTAGE,MEDIUM,189,1915,CLOSED
NE002348,2026-05-31,Mumbai,LOW_SIGNAL,LOW,22,3026,CLOSED
NE002349,2025-12-08,Bhopal,LOW_SIGNAL,MEDIUM,73,2908,CLOSED
NE002350,2025-11-15,Bhopal,HIGH_LATENCY,MEDIUM,99,759,RESOLVED
NE002351,2025-11-04,Nashik,CONGESTION,MEDIUM,298,3273,OPEN
NE002352,2025-12-11,Pune,LOW_SIGNAL,MEDIUM,5,1943,IN_PROGRESS
NE002353,2026-03-07,Nagpur,HIGH_LATENCY,LOW,103,1913,IN_PROGRESS
NE002354,2026-07-02,Indore,CONGESTION,CRITICAL,29,2618,OPEN
NE002355,2025-10-25,Thane,PACKET_LOSS,MEDIUM,48,1115,IN_PROGRESS
NE002356,2026-05-31,Bhopal,OUTAGE,CRITICAL,193,1347,IN_PROGRESS
NE002357,2026-07-17,Nagpur,LOW_SIGNAL,MEDIUM,210,903,RESOLVED
NE002358,2025-10-28,Nashik,HIGH_LATENCY,HIGH,281,3920,CLOSED
NE002359,2025-10-26,Nagpur,HIGH_LATENCY,MEDIUM,264,4052,RESOLVED
NE002360,2026-09-12,Bhopal,CONGESTION,MEDIUM,190,4531,IN_PROGRESS
NE002361,2026-09-11,Pune,OUTAGE,LOW,198,4797,RESOLVED
NE002362,2026-09-08,Nagpur,PACKET_LOSS,MEDIUM,127,93,RESOLVED
NE002363,2026-04-07,Mumbai,HIGH_LATENCY,HIGH,275,451,RESOLVED
NE002364,2026-07-15,Thane,HIGH_LATENCY,LOW,100,4738,IN_PROGRESS
NE002365,2025-10-11,Nagpur,OUTAGE,MEDIUM,205,4389,IN_PROGRESS
NE002366,2026-04-24,Nashik,HIGH_LATENCY,MEDIUM,61,2604,RESOLVED
NE002367,2025-10-31,Nashik,CONGESTION,MEDIUM,202,2785,CLOSED
NE002368,2026-02-03,Indore,PACKET_LOSS,MEDIUM,133,4967,IN_PROGRESS
NE002369,2026-06-20,Thane,LOW_SIGNAL,HIGH,45,3835,CLOSED
NE002370,2026-02-11,Bhopal,LOW_SIGNAL,MEDIUM,108,1329,IN_PROGRESS
NE002371,2025-12-17,Thane,HIGH_LATENCY,MEDIUM,261,2625,RESOLVED
NE002372,2025-10-04,Mumbai,CONGESTION,LOW,248,4399,IN_PROGRESS
NE002373,2026-05-09,Bhopal,CONGESTION,MEDIUM,215,4795,CLOSED
NE002374,2026-07-14,Indore,OUTAGE,LOW,277,3614,CLOSED
NE002375,2026-01-30,Indore,CONGESTION,LOW,83,1347,OPEN
NE002376,2026-01-08,Pune,CONGESTION,MEDIUM,149,2733,RESOLVED
NE002377,2026-08-04,Nagpur,OUTAGE,MEDIUM,51,4315,CLOSED
NE002378,2026-07-08,Thane,HIGH_LATENCY,CRITICAL,123,2680,CLOSED
NE002379,2026-01-04,Mumbai,CONGESTION,CRITICAL,203,4905,RESOLVED
NE002380,2026-07-08,Pune,LOW_SIGNAL,CRITICAL,80,2956,IN_PROGRESS
NE002381,2026-04-24,Thane,LOW_SIGNAL,HIGH,93,4994,IN_PROGRESS
NE002382,2026-08-04,Mumbai,LOW_SIGNAL,CRITICAL,147,675,CLOSED
NE002383,2026-04-23,Pune,PACKET_LOSS,HIGH,174,4416,RESOLVED
NE002384,2026-02-12,Thane,PACKET_LOSS,MEDIUM,49,1452,CLOSED
NE002385,2026-07-31,Bhopal,PACKET_LOSS,CRITICAL,31,3373,IN_PROGRESS
NE002386,2026-02-24,Mumbai,OUTAGE,MEDIUM,97,1476,CLOSED
NE002387,2026-06-17,Nagpur,PACKET_LOSS,LOW,40,3495,OPEN
NE002388,2025-11-13,Indore,LOW_SIGNAL,HIGH,164,4446,CLOSED
NE002389,2026-02-06,Thane,HIGH_LATENCY,LOW,88,2128,OPEN
NE002390,2026-05-10,Pune,OUTAGE,MEDIUM,65,1625,IN_PROGRESS
NE002391,2026-04-20,Mumbai,CONGESTION,MEDIUM,150,2570,OPEN
NE002392,2025-10-24,Nashik,LOW_SIGNAL,MEDIUM,293,1528,CLOSED
NE002393,2026-02-28,Mumbai,HIGH_LATENCY,LOW,235,4714,OPEN
NE002394,2025-10-20,Bhopal,LOW_SIGNAL,LOW,9,1829,OPEN
NE002395,2026-02-06,Bhopal,CONGESTION,CRITICAL,6,582,OPEN
NE002396,2026-03-07,Nagpur,CONGESTION,LOW,206,2822,CLOSED
NE002397,2026-08-06,Mumbai,OUTAGE,LOW,274,389,OPEN
NE002398,2025-09-29,Nagpur,CONGESTION,MEDIUM,236,4862,RESOLVED
NE002399,2025-12-25,Pune,LOW_SIGNAL,MEDIUM,235,13,RESOLVED
NE002400,2026-03-19,Mumbai,CONGESTION,LOW,12,3342,CLOSED
NE002401,2026-08-27,Bhopal,CONGESTION,LOW,259,2867,RESOLVED
NE002402,2026-06-05,Indore,CONGESTION,LOW,66,2161,IN_PROGRESS
NE002403,2026-06-15,Indore,HIGH_LATENCY,MEDIUM,142,160,IN_PROGRESS
NE002404,2026-09-11,Bhopal,LOW_SIGNAL,LOW,121,1302,OPEN
NE002405,2026-05-10,Indore,OUTAGE,CRITICAL,59,598,IN_PROGRESS
NE002406,2026-07-10,Bhopal,CONGESTION,MEDIUM,214,662,OPEN
NE002407,2026-05-22,Nashik,HIGH_LATENCY,MEDIUM,252,1836,IN_PROGRESS
NE002408,2025-11-18,Nagpur,HIGH_LATENCY,MEDIUM,203,3031,CLOSED
NE002409,2026-01-15,Indore,PACKET_LOSS,CRITICAL,234,844,IN_PROGRESS
NE002410,2026-05-28,Bhopal,LOW_SIGNAL,HIGH,80,1359,RESOLVED
NE002411,2025-11-17,Bhopal,LOW_SIGNAL,HIGH,117,1871,CLOSED
NE002412,2026-06-05,Nashik,OUTAGE,CRITICAL,104,2005,OPEN
NE002413,2026-05-09,Bhopal,CONGESTION,HIGH,143,3239,RESOLVED
NE002414,2026-09-17,Mumbai,CONGESTION,HIGH,204,4586,IN_PROGRESS
NE002415,2026-05-17,Bhopal,PACKET_LOSS,MEDIUM,103,4888,OPEN
NE002416,2026-04-30,Pune,PACKET_LOSS,LOW,55,191,RESOLVED
NE002417,2026-06-11,Mumbai,HIGH_LATENCY,LOW,116,4710,CLOSED
NE002418,2026-01-14,Nagpur,CONGESTION,MEDIUM,184,783,CLOSED
NE002419,2026-09-16,Mumbai,PACKET_LOSS,HIGH,261,875,CLOSED
NE002420,2026-05-17,Nashik,CONGESTION,MEDIUM,277,114,CLOSED
NE002421,2025-10-25,Nashik,LOW_SIGNAL,MEDIUM,161,3406,IN_PROGRESS
NE002422,2026-04-21,Mumbai,LOW_SIGNAL,MEDIUM,98,358,RESOLVED
NE002423,2026-04-28,Nashik,CONGESTION,LOW,296,3490,RESOLVED
NE002424,2026-09-15,Indore,CONGESTION,LOW,278,92,CLOSED
NE002425,2026-07-26,Nashik,LOW_SIGNAL,MEDIUM,72,4394,IN_PROGRESS
NE002426,2026-04-08,Indore,OUTAGE,LOW,262,2204,CLOSED
NE002427,2025-10-06,Pune,OUTAGE,HIGH,251,3590,IN_PROGRESS
NE002428,2026-05-20,Mumbai,CONGESTION,MEDIUM,161,2729,CLOSED
NE002429,2025-10-02,Indore,LOW_SIGNAL,MEDIUM,64,3143,RESOLVED
NE002430,2026-07-20,Bhopal,PACKET_LOSS,MEDIUM,115,4598,IN_PROGRESS
NE002431,2026-08-25,Nashik,CONGESTION,MEDIUM,262,2934,OPEN
NE002432,2026-05-17,Thane,OUTAGE,MEDIUM,9,711,CLOSED
NE002433,2026-03-17,Nagpur,OUTAGE,LOW,28,4416,OPEN
NE002434,2026-02-19,Indore,OUTAGE,CRITICAL,198,1457,RESOLVED
NE002435,2026-03-12,Nagpur,HIGH_LATENCY,MEDIUM,263,3099,OPEN
NE002436,2026-05-13,Indore,LOW_SIGNAL,HIGH,169,174,RESOLVED
NE002437,2025-09-26,Thane,LOW_SIGNAL,HIGH,62,4370,CLOSED
NE002438,2026-03-29,Nashik,OUTAGE,HIGH,74,782,RESOLVED
NE002439,2026-09-07,Mumbai,CONGESTION,CRITICAL,229,4357,OPEN
NE002440,2025-11-08,Bhopal,OUTAGE,HIGH,55,2400,IN_PROGRESS
NE002441,2026-04-30,Mumbai,LOW_SIGNAL,HIGH,14,3118,IN_PROGRESS
NE002442,2026-05-24,Indore,CONGESTION,LOW,252,1989,RESOLVED
NE002443,2026-01-16,Mumbai,PACKET_LOSS,MEDIUM,287,3495,RESOLVED
NE002444,2026-03-26,Pune,PACKET_LOSS,MEDIUM,114,601,IN_PROGRESS
NE002445,2026-03-02,Nagpur,CONGESTION,LOW,18,3792,IN_PROGRESS
NE002446,2026-01-15,Thane,PACKET_LOSS,LOW,136,2787,IN_PROGRESS
NE002447,2026-01-15,Mumbai,CONGESTION,MEDIUM,152,3291,OPEN
NE002448,2026-09-14,Thane,OUTAGE,MEDIUM,257,4286,OPEN
NE002449,2026-08-04,Bhopal,CONGESTION,LOW,204,2966,IN_PROGRESS
NE002450,2025-11-10,Bhopal,LOW_SIGNAL,CRITICAL,179,1332,IN_PROGRESS
NE002451,2026-04-03,Bhopal,CONGESTION,MEDIUM,138,3952,IN_PROGRESS
NE002452,2026-03-22,Indore,LOW_SIGNAL,MEDIUM,208,533,OPEN
NE002453,2025-10-21,Nagpur,PACKET_LOSS,CRITICAL,247,1012,OPEN
NE002454,2026-05-05,Indore,HIGH_LATENCY,HIGH,113,285,IN_PROGRESS
NE002455,2026-08-14,Bhopal,PACKET_LOSS,LOW,234,4212,RESOLVED
NE002456,2025-10-30,Nashik,OUTAGE,CRITICAL,46,4674,IN_PROGRESS
NE002457,2026-01-13,Nagpur,CONGESTION,CRITICAL,274,1374,CLOSED
NE002458,2026-03-04,Thane,HIGH_LATENCY,MEDIUM,35,2164,OPEN
NE002459,2025-11-14,Pune,OUTAGE,LOW,110,4633,CLOSED
NE002460,2026-04-02,Nagpur,CONGESTION,HIGH,294,1984,IN_PROGRESS
NE002461,2026-05-01,Nashik,PACKET_LOSS,CRITICAL,264,2965,CLOSED
NE002462,2026-02-28,Pune,OUTAGE,CRITICAL,122,2981,IN_PROGRESS
NE002463,2026-04-27,Nashik,PACKET_LOSS,CRITICAL,114,3980,CLOSED
NE002464,2025-10-16,Thane,HIGH_LATENCY,LOW,106,2079,RESOLVED
NE002465,2026-06-24,Indore,CONGESTION,LOW,125,3182,CLOSED
NE002466,2026-05-16,Bhopal,CONGESTION,HIGH,299,1103,CLOSED
NE002467,2026-03-24,Mumbai,CONGESTION,MEDIUM,197,4940,CLOSED
NE002468,2025-12-20,Indore,HIGH_LATENCY,HIGH,187,2524,RESOLVED
NE002469,2025-12-12,Thane,HIGH_LATENCY,CRITICAL,202,649,RESOLVED
NE002470,2025-09-26,Nashik,LOW_SIGNAL,CRITICAL,110,3329,OPEN
NE002471,2026-08-16,Indore,CONGESTION,LOW,51,1052,OPEN
NE002472,2026-04-08,Bhopal,OUTAGE,CRITICAL,232,4230,OPEN
NE002473,2026-05-10,Mumbai,CONGESTION,MEDIUM,234,1964,IN_PROGRESS
NE002474,2025-09-28,Pune,HIGH_LATENCY,MEDIUM,129,1220,IN_PROGRESS
NE002475,2026-09-17,Bhopal,OUTAGE,MEDIUM,292,2819,OPEN
NE002476,2025-12-28,Thane,PACKET_LOSS,LOW,48,4011,RESOLVED
NE002477,2025-10-18,Bhopal,PACKET_LOSS,CRITICAL,147,4769,OPEN
NE002478,2026-02-06,Nagpur,CONGESTION,HIGH,212,1601,OPEN
NE002479,2026-05-30,Pune,PACKET_LOSS,HIGH,20,282,OPEN
NE002480,2026-02-05,Nagpur,PACKET_LOSS,CRITICAL,153,1760,CLOSED
NE002481,2026-09-21,Nagpur,OUTAGE,LOW,219,979,IN_PROGRESS
NE002482,2026-03-16,Thane,HIGH_LATENCY,MEDIUM,249,4907,RESOLVED
NE002483,2026-04-23,Nashik,CONGESTION,MEDIUM,58,4886,IN_PROGRESS
NE002484,2026-05-30,Bhopal,OUTAGE,LOW,192,1706,CLOSED
NE002485,2025-11-09,Mumbai,LOW_SIGNAL,LOW,110,3061,IN_PROGRESS
NE002486,2025-11-21,Indore,OUTAGE,HIGH,209,3956,CLOSED
NE002487,2026-08-29,Nashik,CONGESTION,LOW,52,3630,RESOLVED
NE002488,2026-07-21,Nashik,PACKET_LOSS,CRITICAL,203,3895,RESOLVED
NE002489,2025-12-26,Nagpur,LOW_SIGNAL,MEDIUM,64,1019,CLOSED
NE002490,2026-03-12,Indore,OUTAGE,CRITICAL,47,1124,IN_PROGRESS
NE002491,2026-04-26,Nashik,LOW_SIGNAL,MEDIUM,164,116,IN_PROGRESS
NE002492,2025-11-01,Nashik,OUTAGE,LOW,280,4112,OPEN
NE002493,2026-03-21,Thane,HIGH_LATENCY,MEDIUM,28,1972,CLOSED
NE002494,2026-04-07,Nagpur,OUTAGE,HIGH,76,3429,CLOSED
NE002495,2026-03-27,Pune,PACKET_LOSS,CRITICAL,94,4470,OPEN
NE002496,2025-12-27,Thane,OUTAGE,MEDIUM,158,4136,IN_PROGRESS
NE002497,2026-03-30,Pune,HIGH_LATENCY,MEDIUM,273,2083,OPEN
NE002498,2026-09-11,Nashik,CONGESTION,CRITICAL,106,4381,IN_PROGRESS
NE002499,2026-01-27,Bhopal,HIGH_LATENCY,MEDIUM,198,1181,CLOSED
NE002500,2026-03-12,Nagpur,PACKET_LOSS,MEDIUM,72,3774,OPEN
NE002501,2026-01-03,Thane,PACKET_LOSS,MEDIUM,287,2363,OPEN
NE002502,2025-10-24,Thane,PACKET_LOSS,CRITICAL,253,362,IN_PROGRESS
NE002503,2026-05-19,Indore,LOW_SIGNAL,MEDIUM,60,3937,CLOSED
NE002504,2025-12-20,Pune,HIGH_LATENCY,MEDIUM,244,1759,RESOLVED
NE002505,2026-02-18,Indore,HIGH_LATENCY,HIGH,195,4913,RESOLVED
NE002506,2025-11-17,Indore,HIGH_LATENCY,MEDIUM,64,3781,OPEN
NE002507,2026-01-18,Bhopal,PACKET_LOSS,CRITICAL,152,4028,IN_PROGRESS
NE002508,2026-07-08,Indore,OUTAGE,MEDIUM,211,1583,CLOSED
NE002509,2025-10-25,Bhopal,PACKET_LOSS,MEDIUM,111,2976,CLOSED
NE002510,2026-03-07,Pune,PACKET_LOSS,CRITICAL,220,353,CLOSED
NE002511,2026-07-06,Pune,CONGESTION,HIGH,86,1865,RESOLVED
NE002512,2026-02-18,Thane,PACKET_LOSS,MEDIUM,126,2780,OPEN
NE002513,2026-05-11,Pune,LOW_SIGNAL,LOW,59,3170,IN_PROGRESS
NE002514,2026-02-15,Mumbai,LOW_SIGNAL,MEDIUM,14,107,IN_PROGRESS
NE002515,2025-10-05,Bhopal,LOW_SIGNAL,LOW,273,4849,CLOSED
NE002516,2026-06-09,Thane,CONGESTION,MEDIUM,272,3789,IN_PROGRESS
NE002517,2026-04-07,Pune,HIGH_LATENCY,MEDIUM,9,1678,IN_PROGRESS
NE002518,2026-07-15,Indore,HIGH_LATENCY,HIGH,175,3784,CLOSED
NE002519,2026-06-14,Thane,OUTAGE,CRITICAL,145,1636,IN_PROGRESS
NE002520,2026-02-24,Nashik,HIGH_LATENCY,HIGH,186,1617,CLOSED
NE002521,2025-11-26,Indore,HIGH_LATENCY,HIGH,173,3240,CLOSED
NE002522,2026-05-14,Mumbai,CONGESTION,MEDIUM,81,1750,CLOSED
NE002523,2025-12-10,Nagpur,OUTAGE,HIGH,126,92,CLOSED
NE002524,2026-01-17,Mumbai,LOW_SIGNAL,HIGH,137,4887,CLOSED
NE002525,2026-01-13,Pune,OUTAGE,LOW,275,1923,CLOSED
NE002526,2025-12-02,Nagpur,CONGESTION,LOW,40,269,CLOSED
NE002527,2025-12-17,Nashik,LOW_SIGNAL,HIGH,299,534,CLOSED
NE002528,2025-10-30,Pune,CONGESTION,MEDIUM,177,2392,RESOLVED
NE002529,2026-01-03,Thane,OUTAGE,CRITICAL,71,1483,IN_PROGRESS
NE002530,2025-12-07,Bhopal,HIGH_LATENCY,MEDIUM,31,1211,IN_PROGRESS
NE002531,2026-02-09,Pune,HIGH_LATENCY,MEDIUM,255,2019,IN_PROGRESS
NE002532,2026-02-08,Pune,CONGESTION,CRITICAL,37,1567,CLOSED
NE002533,2026-06-03,Bhopal,HIGH_LATENCY,HIGH,53,4774,OPEN
NE002534,2025-10-20,Nagpur,LOW_SIGNAL,MEDIUM,235,1372,OPEN
NE002535,2026-04-24,Nagpur,OUTAGE,HIGH,228,3384,CLOSED
NE002536,2025-12-15,Pune,LOW_SIGNAL,MEDIUM,154,3514,OPEN
NE002537,2026-03-27,Thane,HIGH_LATENCY,CRITICAL,240,4551,OPEN
NE002538,2026-02-14,Nagpur,PACKET_LOSS,CRITICAL,129,421,OPEN
NE002539,2026-01-20,Nashik,OUTAGE,LOW,75,1217,IN_PROGRESS
NE002540,2026-03-14,Indore,LOW_SIGNAL,LOW,175,571,IN_PROGRESS
NE002541,2025-10-17,Mumbai,LOW_SIGNAL,MEDIUM,19,2144,OPEN
NE002542,2026-05-11,Nashik,CONGESTION,LOW,39,1063,OPEN
NE002543,2025-11-18,Bhopal,HIGH_LATENCY,LOW,281,4837,OPEN
NE002544,2026-09-21,Nagpur,PACKET_LOSS,CRITICAL,237,4551,RESOLVED
NE002545,2026-03-21,Nagpur,HIGH_LATENCY,LOW,106,355,IN_PROGRESS
NE002546,2025-12-26,Indore,OUTAGE,HIGH,227,2245,OPEN
NE002547,2025-12-24,Indore,HIGH_LATENCY,MEDIUM,97,2721,CLOSED
NE002548,2026-03-15,Mumbai,HIGH_LATENCY,LOW,196,1669,OPEN
NE002549,2025-10-24,Mumbai,OUTAGE,MEDIUM,117,2940,RESOLVED
NE002550,2026-06-10,Nashik,CONGESTION,CRITICAL,186,4557,IN_PROGRESS
NE002551,2026-07-26,Bhopal,PACKET_LOSS,CRITICAL,200,3395,IN_PROGRESS
NE002552,2025-11-03,Nashik,CONGESTION,MEDIUM,114,3854,OPEN
NE002553,2026-05-04,Mumbai,OUTAGE,LOW,174,3402,IN_PROGRESS
NE002554,2026-03-12,Mumbai,OUTAGE,MEDIUM,99,1508,OPEN
NE002555,2026-07-21,Nashik,LOW_SIGNAL,HIGH,167,2546,IN_PROGRESS
NE002556,2025-12-21,Nagpur,CONGESTION,LOW,6,3545,IN_PROGRESS
NE002557,2026-06-15,Pune,OUTAGE,HIGH,31,1240,OPEN
NE002558,2026-03-15,Thane,LOW_SIGNAL,LOW,113,550,CLOSED
NE002559,2025-09-26,Nagpur,PACKET_LOSS,MEDIUM,79,2073,RESOLVED
NE002560,2026-08-21,Mumbai,OUTAGE,MEDIUM,204,3122,OPEN
NE002561,2026-08-26,Nagpur,PACKET_LOSS,LOW,262,3099,OPEN
NE002562,2026-05-01,Thane,PACKET_LOSS,LOW,234,700,OPEN
NE002563,2026-02-11,Thane,OUTAGE,MEDIUM,175,3557,OPEN
NE002564,2025-11-07,Bhopal,PACKET_LOSS,CRITICAL,195,870,OPEN
NE002565,2026-01-08,Nagpur,OUTAGE,LOW,259,162,IN_PROGRESS
NE002566,2025-12-10,Nagpur,OUTAGE,LOW,102,395,CLOSED
NE002567,2026-02-16,Indore,PACKET_LOSS,HIGH,266,4243,IN_PROGRESS
NE002568,2026-07-07,Pune,CONGESTION,HIGH,65,4649,CLOSED
NE002569,2025-12-14,Nashik,CONGESTION,HIGH,44,2091,RESOLVED
NE002570,2026-03-16,Nagpur,HIGH_LATENCY,HIGH,120,538,RESOLVED
NE002571,2025-12-03,Indore,CONGESTION,MEDIUM,59,1575,RESOLVED
NE002572,2026-02-26,Nashik,HIGH_LATENCY,HIGH,295,282,RESOLVED
NE002573,2026-08-10,Thane,PACKET_LOSS,MEDIUM,36,4133,IN_PROGRESS
NE002574,2026-08-30,Mumbai,CONGESTION,HIGH,36,3239,IN_PROGRESS
NE002575,2026-05-30,Indore,CONGESTION,MEDIUM,269,1504,RESOLVED
NE002576,2026-02-10,Thane,HIGH_LATENCY,MEDIUM,215,193,OPEN
NE002577,2025-11-14,Nashik,HIGH_LATENCY,HIGH,105,205,RESOLVED
NE002578,2026-05-03,Nagpur,HIGH_LATENCY,LOW,17,2172,OPEN
NE002579,2025-12-15,Pune,HIGH_LATENCY,LOW,161,4142,IN_PROGRESS
NE002580,2026-09-21,Mumbai,CONGESTION,MEDIUM,131,1128,CLOSED
NE002581,2026-07-24,Nagpur,LOW_SIGNAL,MEDIUM,63,728,OPEN
NE002582,2026-06-02,Bhopal,OUTAGE,CRITICAL,34,2409,CLOSED
NE002583,2025-09-23,Bhopal,HIGH_LATENCY,LOW,111,4540,RESOLVED
NE002584,2025-12-28,Indore,LOW_SIGNAL,HIGH,141,3001,IN_PROGRESS
NE002585,2026-01-31,Indore,LOW_SIGNAL,LOW,202,534,RESOLVED
NE002586,2026-04-24,Pune,PACKET_LOSS,CRITICAL,171,1652,OPEN
NE002587,2026-05-31,Indore,CONGESTION,CRITICAL,234,2844,IN_PROGRESS
NE002588,2025-12-15,Nagpur,PACKET_LOSS,MEDIUM,253,623,OPEN
NE002589,2026-03-31,Mumbai,HIGH_LATENCY,CRITICAL,273,1752,RESOLVED
NE002590,2026-04-12,Thane,LOW_SIGNAL,LOW,296,1138,IN_PROGRESS
NE002591,2025-11-17,Thane,HIGH_LATENCY,MEDIUM,165,589,OPEN
NE002592,2026-04-13,Nagpur,LOW_SIGNAL,MEDIUM,180,2894,IN_PROGRESS
NE002593,2026-07-15,Mumbai,OUTAGE,LOW,107,3967,CLOSED
NE002594,2026-03-21,Nashik,CONGESTION,LOW,212,2082,CLOSED
NE002595,2026-03-15,Indore,LOW_SIGNAL,LOW,197,1634,RESOLVED
NE002596,2026-01-06,Thane,CONGESTION,HIGH,22,3424,OPEN
NE002597,2026-05-30,Nashik,LOW_SIGNAL,CRITICAL,245,4172,RESOLVED
NE002598,2026-06-06,Bhopal,CONGESTION,CRITICAL,7,426,OPEN
NE002599,2025-10-30,Pune,LOW_SIGNAL,MEDIUM,136,3309,CLOSED
NE002600,2026-04-24,Indore,OUTAGE,MEDIUM,47,2649,CLOSED
NE002601,2026-07-14,Pune,PACKET_LOSS,HIGH,137,4479,OPEN
NE002602,2026-04-07,Nagpur,LOW_SIGNAL,MEDIUM,62,1061,RESOLVED
NE002603,2026-07-17,Nagpur,PACKET_LOSS,MEDIUM,211,3439,CLOSED
NE002604,2026-02-20,Thane,PACKET_LOSS,MEDIUM,148,1767,OPEN
NE002605,2025-12-16,Nashik,LOW_SIGNAL,MEDIUM,292,1067,IN_PROGRESS
NE002606,2026-05-13,Thane,HIGH_LATENCY,CRITICAL,274,2376,RESOLVED
NE002607,2026-04-07,Bhopal,OUTAGE,LOW,180,528,RESOLVED
NE002608,2026-06-26,Mumbai,LOW_SIGNAL,LOW,231,2430,CLOSED
NE002609,2026-09-20,Nashik,HIGH_LATENCY,HIGH,86,2760,IN_PROGRESS
NE002610,2026-03-21,Bhopal,HIGH_LATENCY,LOW,244,3945,CLOSED
NE002611,2026-07-17,Thane,CONGESTION,HIGH,122,4460,CLOSED
NE002612,2026-01-26,Indore,PACKET_LOSS,HIGH,147,375,OPEN
NE002613,2026-05-18,Mumbai,LOW_SIGNAL,CRITICAL,232,4525,IN_PROGRESS
NE002614,2026-04-27,Bhopal,PACKET_LOSS,HIGH,81,3284,CLOSED
NE002615,2026-06-12,Pune,HIGH_LATENCY,MEDIUM,114,4041,CLOSED
NE002616,2025-12-13,Mumbai,OUTAGE,LOW,124,2518,OPEN
NE002617,2026-03-09,Mumbai,LOW_SIGNAL,MEDIUM,176,2469,CLOSED
NE002618,2026-01-09,Pune,OUTAGE,MEDIUM,284,122,OPEN
NE002619,2025-12-07,Nagpur,LOW_SIGNAL,HIGH,151,2078,RESOLVED
NE002620,2026-04-26,Indore,HIGH_LATENCY,LOW,90,443,OPEN
NE002621,2026-05-23,Indore,LOW_SIGNAL,LOW,155,3521,CLOSED
NE002622,2026-04-30,Pune,HIGH_LATENCY,CRITICAL,116,730,CLOSED
NE002623,2026-05-18,Nagpur,HIGH_LATENCY,HIGH,300,3145,IN_PROGRESS
NE002624,2026-01-14,Indore,LOW_SIGNAL,CRITICAL,91,1121,IN_PROGRESS
NE002625,2026-07-15,Thane,HIGH_LATENCY,MEDIUM,269,3386,OPEN
NE002626,2026-05-27,Pune,CONGESTION,HIGH,256,3360,CLOSED
NE002627,2026-06-24,Nashik,HIGH_LATENCY,HIGH,221,239,OPEN
NE002628,2026-08-10,Bhopal,PACKET_LOSS,CRITICAL,184,2659,IN_PROGRESS
NE002629,2026-04-21,Mumbai,LOW_SIGNAL,CRITICAL,39,227,CLOSED
NE002630,2026-03-20,Indore,HIGH_LATENCY,CRITICAL,283,3317,RESOLVED
NE002631,2025-11-02,Thane,OUTAGE,MEDIUM,238,1136,RESOLVED
NE002632,2026-03-11,Nashik,OUTAGE,LOW,207,4988,CLOSED
NE002633,2025-12-31,Nagpur,PACKET_LOSS,HIGH,237,888,OPEN
NE002634,2026-02-05,Mumbai,PACKET_LOSS,LOW,12,940,CLOSED
NE002635,2026-01-24,Thane,PACKET_LOSS,HIGH,136,3185,OPEN
NE002636,2026-08-25,Indore,PACKET_LOSS,HIGH,271,2352,OPEN
NE002637,2026-05-14,Thane,LOW_SIGNAL,CRITICAL,59,3622,IN_PROGRESS
NE002638,2026-07-01,Pune,LOW_SIGNAL,CRITICAL,239,3657,IN_PROGRESS
NE002639,2026-03-26,Nashik,OUTAGE,HIGH,238,1268,IN_PROGRESS
NE002640,2026-06-25,Bhopal,HIGH_LATENCY,MEDIUM,280,1458,CLOSED
NE002641,2025-12-10,Nashik,CONGESTION,HIGH,134,425,OPEN
NE002642,2026-01-29,Nagpur,HIGH_LATENCY,MEDIUM,10,662,IN_PROGRESS
NE002643,2025-11-10,Indore,LOW_SIGNAL,HIGH,164,2937,OPEN
NE002644,2026-08-02,Nagpur,LOW_SIGNAL,LOW,77,4240,CLOSED
NE002645,2026-09-13,Mumbai,OUTAGE,LOW,152,3165,RESOLVED
NE002646,2026-03-17,Pune,PACKET_LOSS,CRITICAL,16,1120,CLOSED
NE002647,2026-01-10,Nagpur,LOW_SIGNAL,HIGH,41,4784,RESOLVED
NE002648,2025-10-12,Mumbai,OUTAGE,CRITICAL,264,3035,CLOSED
NE002649,2026-08-07,Nagpur,OUTAGE,HIGH,188,451,OPEN
NE002650,2026-05-14,Nashik,PACKET_LOSS,HIGH,107,515,RESOLVED
NE002651,2026-03-08,Mumbai,CONGESTION,HIGH,294,3090,IN_PROGRESS
NE002652,2026-04-30,Indore,LOW_SIGNAL,MEDIUM,277,4463,CLOSED
NE002653,2026-02-09,Mumbai,OUTAGE,LOW,250,4946,RESOLVED
NE002654,2026-02-20,Indore,HIGH_LATENCY,CRITICAL,80,2168,RESOLVED
NE002655,2026-01-08,Bhopal,CONGESTION,HIGH,298,3643,OPEN
NE002656,2025-11-08,Pune,HIGH_LATENCY,HIGH,207,4319,RESOLVED
NE002657,2026-06-17,Bhopal,LOW_SIGNAL,MEDIUM,27,1626,RESOLVED
NE002658,2026-05-25,Bhopal,PACKET_LOSS,MEDIUM,297,1536,OPEN
NE002659,2025-12-22,Nagpur,LOW_SIGNAL,CRITICAL,195,1643,IN_PROGRESS
NE002660,2026-05-31,Indore,OUTAGE,LOW,182,3883,IN_PROGRESS
NE002661,2026-04-22,Mumbai,PACKET_LOSS,CRITICAL,64,4971,OPEN
NE002662,2026-03-19,Indore,LOW_SIGNAL,HIGH,175,2707,IN_PROGRESS
NE002663,2026-07-31,Bhopal,CONGESTION,MEDIUM,29,621,OPEN
NE002664,2026-08-04,Pune,PACKET_LOSS,MEDIUM,220,2901,CLOSED
NE002665,2025-11-21,Pune,CONGESTION,CRITICAL,272,55,OPEN
NE002666,2026-05-02,Nashik,LOW_SIGNAL,LOW,52,663,IN_PROGRESS
NE002667,2026-03-30,Indore,PACKET_LOSS,LOW,150,4449,OPEN
NE002668,2026-01-06,Thane,PACKET_LOSS,MEDIUM,202,1846,RESOLVED
NE002669,2026-09-01,Bhopal,LOW_SIGNAL,MEDIUM,243,3819,IN_PROGRESS
NE002670,2026-01-11,Indore,CONGESTION,MEDIUM,256,2061,OPEN
NE002671,2026-08-03,Indore,OUTAGE,HIGH,266,2900,RESOLVED
NE002672,2026-05-09,Bhopal,PACKET_LOSS,HIGH,288,2294,IN_PROGRESS
NE002673,2026-04-17,Pune,LOW_SIGNAL,LOW,86,1491,IN_PROGRESS
NE002674,2026-09-14,Mumbai,HIGH_LATENCY,MEDIUM,142,907,IN_PROGRESS
NE002675,2025-11-06,Pune,HIGH_LATENCY,MEDIUM,95,1514,OPEN
NE002676,2026-01-07,Indore,HIGH_LATENCY,HIGH,176,100,CLOSED
NE002677,2026-03-26,Mumbai,HIGH_LATENCY,MEDIUM,6,274,OPEN
NE002678,2026-01-18,Bhopal,LOW_SIGNAL,CRITICAL,220,2838,CLOSED
NE002679,2025-11-11,Mumbai,PACKET_LOSS,MEDIUM,173,657,IN_PROGRESS
NE002680,2026-07-14,Pune,LOW_SIGNAL,HIGH,298,2219,IN_PROGRESS
NE002681,2025-09-30,Nashik,CONGESTION,MEDIUM,209,519,RESOLVED
NE002682,2026-05-24,Thane,CONGESTION,MEDIUM,154,2656,OPEN
NE002683,2025-10-22,Pune,HIGH_LATENCY,HIGH,142,2738,IN_PROGRESS
NE002684,2025-11-24,Indore,PACKET_LOSS,MEDIUM,50,223,RESOLVED
NE002685,2026-01-06,Indore,PACKET_LOSS,MEDIUM,138,2947,IN_PROGRESS
NE002686,2026-05-19,Nagpur,LOW_SIGNAL,MEDIUM,120,3985,OPEN
NE002687,2025-11-06,Mumbai,PACKET_LOSS,HIGH,252,3421,RESOLVED
NE002688,2026-01-15,Pune,CONGESTION,HIGH,66,4297,CLOSED
NE002689,2026-08-19,Nashik,CONGESTION,MEDIUM,58,4214,OPEN
NE002690,2026-06-25,Mumbai,LOW_SIGNAL,HIGH,265,3226,IN_PROGRESS
NE002691,2026-09-16,Bhopal,CONGESTION,CRITICAL,252,4036,IN_PROGRESS
NE002692,2026-07-13,Indore,PACKET_LOSS,MEDIUM,292,1572,RESOLVED
NE002693,2025-10-24,Mumbai,HIGH_LATENCY,MEDIUM,158,1114,IN_PROGRESS
NE002694,2025-09-23,Nagpur,OUTAGE,MEDIUM,244,1726,IN_PROGRESS
NE002695,2025-11-14,Thane,CONGESTION,MEDIUM,117,3574,CLOSED
NE002696,2026-03-19,Pune,PACKET_LOSS,MEDIUM,62,1949,OPEN
NE002697,2025-11-28,Mumbai,PACKET_LOSS,MEDIUM,278,2851,RESOLVED
NE002698,2026-02-25,Nashik,LOW_SIGNAL,CRITICAL,242,3568,OPEN
NE002699,2025-10-22,Thane,CONGESTION,HIGH,287,317,OPEN
NE002700,2026-03-05,Pune,OUTAGE,LOW,9,1241,RESOLVED
NE002701,2026-07-25,Thane,LOW_SIGNAL,LOW,294,1148,IN_PROGRESS
NE002702,2026-08-19,Nashik,HIGH_LATENCY,HIGH,88,1749,CLOSED
NE002703,2026-01-15,Nashik,CONGESTION,MEDIUM,133,980,IN_PROGRESS
NE002704,2026-02-14,Indore,LOW_SIGNAL,MEDIUM,95,2573,OPEN
NE002705,2026-05-07,Nagpur,OUTAGE,CRITICAL,101,4942,CLOSED
NE002706,2026-04-13,Thane,LOW_SIGNAL,LOW,15,2415,OPEN
NE002707,2026-07-06,Thane,LOW_SIGNAL,CRITICAL,162,3994,RESOLVED
NE002708,2026-01-25,Nagpur,HIGH_LATENCY,MEDIUM,122,3972,RESOLVED
NE002709,2026-07-19,Nashik,CONGESTION,MEDIUM,177,2971,IN_PROGRESS
NE002710,2026-08-20,Mumbai,OUTAGE,LOW,243,2614,CLOSED
NE002711,2025-11-29,Nashik,CONGESTION,MEDIUM,225,3462,IN_PROGRESS
NE002712,2025-09-28,Bhopal,HIGH_LATENCY,CRITICAL,209,4174,RESOLVED
NE002713,2026-06-16,Nagpur,CONGESTION,HIGH,146,4932,OPEN
NE002714,2026-03-14,Pune,HIGH_LATENCY,MEDIUM,243,742,OPEN
NE002715,2026-06-27,Bhopal,PACKET_LOSS,HIGH,148,104,CLOSED
NE002716,2026-02-01,Indore,CONGESTION,MEDIUM,114,1873,CLOSED
NE002717,2026-05-25,Mumbai,CONGESTION,MEDIUM,188,4260,IN_PROGRESS
NE002718,2025-10-09,Pune,LOW_SIGNAL,LOW,22,459,IN_PROGRESS
NE002719,2026-04-01,Indore,LOW_SIGNAL,MEDIUM,226,2242,RESOLVED
NE002720,2026-07-29,Pune,PACKET_LOSS,LOW,214,2625,IN_PROGRESS
NE002721,2026-07-26,Nashik,PACKET_LOSS,HIGH,195,2150,OPEN
NE002722,2026-07-19,Nashik,CONGESTION,CRITICAL,58,3442,IN_PROGRESS
NE002723,2026-08-20,Nashik,LOW_SIGNAL,LOW,259,4674,CLOSED
NE002724,2025-12-17,Nashik,CONGESTION,CRITICAL,124,2554,OPEN
NE002725,2026-01-30,Indore,OUTAGE,LOW,225,3263,CLOSED
NE002726,2026-03-19,Pune,HIGH_LATENCY,MEDIUM,72,2422,IN_PROGRESS
NE002727,2026-08-30,Thane,LOW_SIGNAL,CRITICAL,5,1320,OPEN
NE002728,2026-03-05,Thane,CONGESTION,LOW,25,2385,RESOLVED
NE002729,2026-03-03,Nagpur,PACKET_LOSS,HIGH,247,4321,RESOLVED
NE002730,2026-01-21,Nagpur,LOW_SIGNAL,CRITICAL,147,4500,CLOSED
NE002731,2026-05-25,Nagpur,HIGH_LATENCY,CRITICAL,130,552,RESOLVED
NE002732,2025-10-12,Indore,LOW_SIGNAL,HIGH,34,2830,RESOLVED
NE002733,2026-09-20,Indore,OUTAGE,MEDIUM,144,2160,IN_PROGRESS
NE002734,2025-11-16,Mumbai,HIGH_LATENCY,MEDIUM,203,482,OPEN
NE002735,2026-05-10,Thane,HIGH_LATENCY,MEDIUM,105,2861,OPEN
NE002736,2025-10-28,Thane,PACKET_LOSS,LOW,155,3110,IN_PROGRESS
NE002737,2026-06-12,Indore,LOW_SIGNAL,MEDIUM,21,1671,IN_PROGRESS
NE002738,2026-06-04,Nashik,HIGH_LATENCY,LOW,226,3706,RESOLVED
NE002739,2025-10-15,Bhopal,CONGESTION,MEDIUM,291,3703,CLOSED
NE002740,2026-01-22,Nashik,CONGESTION,CRITICAL,138,4684,RESOLVED
NE002741,2026-09-06,Nashik,PACKET_LOSS,MEDIUM,129,1907,CLOSED
NE002742,2026-07-16,Indore,PACKET_LOSS,CRITICAL,37,4871,IN_PROGRESS
NE002743,2026-07-08,Nashik,CONGESTION,MEDIUM,88,4434,RESOLVED
NE002744,2025-11-30,Nashik,HIGH_LATENCY,MEDIUM,56,2778,OPEN
NE002745,2026-07-22,Mumbai,HIGH_LATENCY,CRITICAL,189,1223,IN_PROGRESS
NE002746,2026-06-29,Nashik,LOW_SIGNAL,HIGH,196,918,RESOLVED
NE002747,2026-06-03,Mumbai,HIGH_LATENCY,LOW,57,422,OPEN
NE002748,2025-11-05,Thane,LOW_SIGNAL,MEDIUM,251,2175,CLOSED
NE002749,2026-07-22,Indore,PACKET_LOSS,MEDIUM,237,2787,OPEN
NE002750,2026-07-01,Nagpur,CONGESTION,MEDIUM,135,4896,RESOLVED
NE002751,2025-12-28,Thane,PACKET_LOSS,CRITICAL,171,1413,RESOLVED
NE002752,2025-12-11,Bhopal,HIGH_LATENCY,MEDIUM,155,4151,RESOLVED
NE002753,2026-01-24,Bhopal,CONGESTION,MEDIUM,243,3077,RESOLVED
NE002754,2026-06-02,Mumbai,HIGH_LATENCY,MEDIUM,10,2843,RESOLVED
NE002755,2026-03-03,Pune,HIGH_LATENCY,MEDIUM,7,2715,CLOSED
NE002756,2026-02-18,Thane,HIGH_LATENCY,MEDIUM,30,441,RESOLVED
NE002757,2025-11-16,Mumbai,OUTAGE,MEDIUM,204,942,RESOLVED
NE002758,2026-04-26,Nashik,OUTAGE,MEDIUM,164,1489,CLOSED
NE002759,2025-11-30,Nashik,PACKET_LOSS,MEDIUM,193,1974,CLOSED
NE002760,2026-05-11,Nagpur,CONGESTION,CRITICAL,258,2629,IN_PROGRESS
NE002761,2026-04-30,Nashik,LOW_SIGNAL,MEDIUM,189,3910,CLOSED
NE002762,2025-11-15,Mumbai,HIGH_LATENCY,CRITICAL,250,1761,CLOSED
NE002763,2026-05-15,Mumbai,CONGESTION,MEDIUM,265,3172,OPEN
NE002764,2025-10-21,Nashik,OUTAGE,LOW,164,4971,IN_PROGRESS
NE002765,2026-06-21,Nashik,OUTAGE,CRITICAL,118,2081,OPEN
NE002766,2025-12-06,Pune,LOW_SIGNAL,CRITICAL,299,4092,OPEN
NE002767,2026-08-04,Pune,PACKET_LOSS,HIGH,15,2527,CLOSED
NE002768,2025-12-12,Thane,LOW_SIGNAL,HIGH,296,4085,OPEN
NE002769,2026-01-04,Mumbai,CONGESTION,HIGH,55,1725,OPEN
NE002770,2026-02-03,Mumbai,CONGESTION,MEDIUM,282,2679,RESOLVED
NE002771,2025-10-23,Bhopal,LOW_SIGNAL,CRITICAL,171,1341,RESOLVED
NE002772,2025-12-04,Indore,OUTAGE,LOW,142,3167,RESOLVED
NE002773,2025-10-02,Nashik,PACKET_LOSS,MEDIUM,96,569,OPEN
NE002774,2026-05-16,Thane,LOW_SIGNAL,MEDIUM,60,860,OPEN
NE002775,2026-04-26,Mumbai,CONGESTION,MEDIUM,167,3486,RESOLVED
NE002776,2026-02-28,Nashik,PACKET_LOSS,MEDIUM,174,1923,RESOLVED
NE002777,2026-06-05,Bhopal,CONGESTION,MEDIUM,264,2621,OPEN
NE002778,2026-09-21,Indore,LOW_SIGNAL,MEDIUM,7,2556,OPEN
NE002779,2026-04-25,Nashik,LOW_SIGNAL,HIGH,237,1644,IN_PROGRESS
NE002780,2026-01-11,Thane,PACKET_LOSS,MEDIUM,133,2867,CLOSED
NE002781,2025-11-16,Mumbai,CONGESTION,MEDIUM,8,3253,OPEN
NE002782,2026-02-09,Nashik,OUTAGE,MEDIUM,9,3225,CLOSED
NE002783,2026-05-01,Indore,CONGESTION,MEDIUM,185,3401,RESOLVED
NE002784,2026-05-09,Nagpur,CONGESTION,MEDIUM,65,4168,IN_PROGRESS
NE002785,2026-07-30,Mumbai,HIGH_LATENCY,MEDIUM,263,629,CLOSED
NE002786,2025-10-02,Thane,HIGH_LATENCY,MEDIUM,287,3547,IN_PROGRESS
NE002787,2025-12-20,Thane,PACKET_LOSS,CRITICAL,41,4537,OPEN
NE002788,2026-07-13,Mumbai,PACKET_LOSS,HIGH,66,2298,IN_PROGRESS
NE002789,2026-05-06,Nagpur,OUTAGE,MEDIUM,65,1542,RESOLVED
NE002790,2026-09-11,Bhopal,CONGESTION,MEDIUM,296,2830,RESOLVED
NE002791,2026-02-01,Bhopal,PACKET_LOSS,MEDIUM,134,4281,IN_PROGRESS
NE002792,2025-10-02,Indore,LOW_SIGNAL,LOW,98,574,OPEN
NE002793,2026-02-01,Bhopal,PACKET_LOSS,LOW,205,2621,RESOLVED
NE002794,2026-01-07,Pune,LOW_SIGNAL,HIGH,40,3954,OPEN
NE002795,2025-10-07,Mumbai,OUTAGE,MEDIUM,264,1079,CLOSED
NE002796,2025-10-05,Thane,HIGH_LATENCY,HIGH,87,2804,OPEN
NE002797,2026-04-20,Indore,OUTAGE,MEDIUM,85,2504,RESOLVED
NE002798,2026-05-09,Pune,PACKET_LOSS,HIGH,42,1446,RESOLVED
NE002799,2026-09-02,Nashik,OUTAGE,MEDIUM,53,1546,OPEN
NE002800,2026-03-26,Nashik,PACKET_LOSS,MEDIUM,26,4645,RESOLVED
NE002801,2025-12-14,Thane,PACKET_LOSS,MEDIUM,298,553,OPEN
NE002802,2025-10-31,Nashik,CONGESTION,MEDIUM,219,1384,OPEN
NE002803,2026-01-29,Mumbai,OUTAGE,MEDIUM,185,4800,IN_PROGRESS
NE002804,2026-03-30,Mumbai,LOW_SIGNAL,MEDIUM,140,487,IN_PROGRESS
NE002805,2026-02-28,Indore,OUTAGE,MEDIUM,283,206,CLOSED
NE002806,2026-06-17,Bhopal,CONGESTION,MEDIUM,297,4926,RESOLVED
NE002807,2026-01-16,Thane,HIGH_LATENCY,LOW,196,357,RESOLVED
NE002808,2026-02-04,Mumbai,OUTAGE,MEDIUM,238,3702,OPEN
NE002809,2026-06-09,Bhopal,LOW_SIGNAL,CRITICAL,263,3607,CLOSED
NE002810,2026-09-07,Indore,LOW_SIGNAL,MEDIUM,222,764,OPEN
NE002811,2025-11-08,Mumbai,CONGESTION,MEDIUM,279,4574,IN_PROGRESS
NE002812,2026-03-29,Pune,CONGESTION,HIGH,249,4970,IN_PROGRESS
NE002813,2025-10-15,Indore,PACKET_LOSS,MEDIUM,189,665,RESOLVED
NE002814,2026-04-23,Indore,PACKET_LOSS,MEDIUM,181,4244,RESOLVED
NE002815,2026-08-08,Thane,CONGESTION,MEDIUM,110,782,IN_PROGRESS
NE002816,2026-07-18,Thane,CONGESTION,CRITICAL,258,1317,RESOLVED
NE002817,2026-03-03,Bhopal,CONGESTION,HIGH,16,2857,CLOSED
NE002818,2026-02-19,Nagpur,HIGH_LATENCY,MEDIUM,144,4829,IN_PROGRESS
NE002819,2026-03-31,Indore,OUTAGE,MEDIUM,186,632,RESOLVED
NE002820,2025-10-17,Nagpur,LOW_SIGNAL,MEDIUM,213,2615,CLOSED
NE002821,2025-11-28,Nagpur,LOW_SIGNAL,LOW,168,2214,CLOSED
NE002822,2026-01-27,Indore,HIGH_LATENCY,HIGH,54,93,IN_PROGRESS
NE002823,2026-07-08,Mumbai,PACKET_LOSS,LOW,244,4198,OPEN
NE002824,2026-03-08,Thane,PACKET_LOSS,MEDIUM,243,4999,OPEN
NE002825,2025-09-26,Nagpur,LOW_SIGNAL,LOW,171,4694,OPEN
NE002826,2026-02-03,Indore,LOW_SIGNAL,LOW,49,3409,IN_PROGRESS
NE002827,2026-06-11,Bhopal,HIGH_LATENCY,LOW,46,234,OPEN
NE002828,2026-05-26,Mumbai,CONGESTION,CRITICAL,125,2058,OPEN
NE002829,2026-07-23,Mumbai,LOW_SIGNAL,LOW,107,4750,IN_PROGRESS
NE002830,2026-07-20,Thane,LOW_SIGNAL,CRITICAL,163,3357,CLOSED
NE002831,2026-09-20,Nashik,CONGESTION,LOW,88,1529,OPEN
NE002832,2026-05-18,Bhopal,PACKET_LOSS,HIGH,69,172,CLOSED
NE002833,2025-10-29,Mumbai,CONGESTION,HIGH,119,4959,IN_PROGRESS
NE002834,2025-12-20,Nashik,PACKET_LOSS,MEDIUM,206,3571,RESOLVED
NE002835,2026-09-18,Thane,CONGESTION,MEDIUM,62,4105,RESOLVED
NE002836,2026-02-02,Indore,OUTAGE,CRITICAL,225,312,RESOLVED
NE002837,2026-09-22,Thane,HIGH_LATENCY,HIGH,209,4907,IN_PROGRESS
NE002838,2025-10-01,Mumbai,LOW_SIGNAL,MEDIUM,293,3736,OPEN
NE002839,2025-10-02,Bhopal,LOW_SIGNAL,MEDIUM,47,3641,IN_PROGRESS
NE002840,2026-02-03,Thane,OUTAGE,MEDIUM,126,4502,CLOSED
NE002841,2026-02-22,Thane,LOW_SIGNAL,HIGH,258,3704,RESOLVED
NE002842,2026-03-17,Nashik,OUTAGE,CRITICAL,66,4003,OPEN
NE002843,2026-09-11,Indore,LOW_SIGNAL,LOW,76,3249,OPEN
NE002844,2026-07-21,Thane,LOW_SIGNAL,LOW,176,1802,IN_PROGRESS
NE002845,2025-12-27,Nashik,LOW_SIGNAL,HIGH,281,1324,CLOSED
NE002846,2025-11-02,Thane,CONGESTION,LOW,199,3861,CLOSED
NE002847,2026-03-29,Pune,OUTAGE,LOW,261,2434,CLOSED
NE002848,2025-11-15,Pune,CONGESTION,HIGH,226,3382,RESOLVED
NE002849,2026-04-06,Mumbai,CONGESTION,CRITICAL,234,223,RESOLVED
NE002850,2026-04-24,Indore,PACKET_LOSS,MEDIUM,226,4808,IN_PROGRESS
NE002851,2026-04-05,Bhopal,PACKET_LOSS,MEDIUM,244,1118,RESOLVED
NE002852,2026-02-02,Pune,PACKET_LOSS,LOW,153,2294,CLOSED
NE002853,2026-08-03,Indore,LOW_SIGNAL,LOW,188,3481,IN_PROGRESS
NE002854,2026-07-03,Bhopal,CONGESTION,HIGH,151,3841,IN_PROGRESS
NE002855,2026-05-22,Bhopal,HIGH_LATENCY,MEDIUM,202,1699,CLOSED
NE002856,2026-02-03,Indore,HIGH_LATENCY,MEDIUM,132,1249,CLOSED
NE002857,2026-01-23,Bhopal,LOW_SIGNAL,CRITICAL,130,2565,CLOSED
NE002858,2026-08-24,Pune,LOW_SIGNAL,MEDIUM,279,3588,CLOSED
NE002859,2026-05-13,Nashik,CONGESTION,HIGH,108,3876,RESOLVED
NE002860,2026-04-27,Thane,CONGESTION,CRITICAL,69,19,CLOSED
NE002861,2026-03-11,Indore,HIGH_LATENCY,CRITICAL,108,3249,OPEN
NE002862,2026-06-25,Mumbai,OUTAGE,CRITICAL,154,4886,OPEN
NE002863,2026-01-17,Indore,OUTAGE,HIGH,290,3678,RESOLVED
NE002864,2026-01-15,Mumbai,LOW_SIGNAL,LOW,53,536,CLOSED
NE002865,2026-03-15,Thane,HIGH_LATENCY,HIGH,295,1181,OPEN
NE002866,2026-01-29,Thane,OUTAGE,HIGH,97,4754,OPEN
NE002867,2026-03-26,Nashik,LOW_SIGNAL,CRITICAL,62,2727,OPEN
NE002868,2025-09-25,Thane,HIGH_LATENCY,MEDIUM,246,2637,CLOSED
NE002869,2026-08-08,Mumbai,PACKET_LOSS,MEDIUM,176,199,OPEN
NE002870,2026-08-11,Indore,PACKET_LOSS,MEDIUM,176,2858,RESOLVED
NE002871,2026-01-07,Nashik,PACKET_LOSS,CRITICAL,276,4791,CLOSED
NE002872,2026-09-11,Thane,OUTAGE,MEDIUM,190,4616,IN_PROGRESS
NE002873,2026-05-12,Mumbai,OUTAGE,LOW,40,3031,OPEN
NE002874,2025-10-03,Mumbai,PACKET_LOSS,HIGH,187,1007,OPEN
NE002875,2025-12-23,Nashik,OUTAGE,MEDIUM,136,1884,IN_PROGRESS
NE002876,2025-11-17,Bhopal,HIGH_LATENCY,HIGH,76,4355,IN_PROGRESS
NE002877,2025-10-30,Nagpur,OUTAGE,HIGH,86,2179,IN_PROGRESS
NE002878,2026-07-09,Nagpur,OUTAGE,HIGH,37,698,RESOLVED
NE002879,2025-10-02,Mumbai,CONGESTION,MEDIUM,235,1566,IN_PROGRESS
NE002880,2026-01-07,Bhopal,PACKET_LOSS,MEDIUM,281,4331,CLOSED
NE002881,2026-06-24,Nagpur,CONGESTION,HIGH,289,276,CLOSED
NE002882,2026-07-16,Nagpur,LOW_SIGNAL,LOW,126,3756,RESOLVED
NE002883,2026-05-15,Pune,HIGH_LATENCY,LOW,17,2462,OPEN
NE002884,2026-03-19,Thane,PACKET_LOSS,CRITICAL,142,3118,CLOSED
NE002885,2026-07-24,Nashik,HIGH_LATENCY,CRITICAL,156,4777,CLOSED
NE002886,2025-09-29,Bhopal,LOW_SIGNAL,CRITICAL,278,3426,OPEN
NE002887,2026-01-19,Bhopal,LOW_SIGNAL,LOW,218,1688,RESOLVED
NE002888,2026-06-24,Bhopal,HIGH_LATENCY,HIGH,288,4639,OPEN
NE002889,2026-06-11,Nagpur,PACKET_LOSS,CRITICAL,107,2136,OPEN
NE002890,2025-10-12,Thane,PACKET_LOSS,HIGH,87,4860,IN_PROGRESS
NE002891,2026-04-01,Nagpur,HIGH_LATENCY,HIGH,219,38,RESOLVED
NE002892,2026-04-08,Mumbai,PACKET_LOSS,MEDIUM,229,797,RESOLVED
NE002893,2026-03-24,Bhopal,LOW_SIGNAL,CRITICAL,159,1182,RESOLVED
NE002894,2025-11-11,Mumbai,OUTAGE,HIGH,222,3503,OPEN
NE002895,2026-02-12,Pune,LOW_SIGNAL,MEDIUM,13,4456,RESOLVED
NE002896,2025-09-30,Nashik,CONGESTION,HIGH,136,2835,RESOLVED
NE002897,2026-01-20,Indore,CONGESTION,MEDIUM,289,2400,OPEN
NE002898,2026-07-12,Nashik,HIGH_LATENCY,MEDIUM,189,486,IN_PROGRESS
NE002899,2026-08-13,Nashik,CONGESTION,MEDIUM,30,1159,IN_PROGRESS
NE002900,2025-09-23,Pune,HIGH_LATENCY,MEDIUM,281,507,CLOSED
NE002901,2026-04-15,Indore,PACKET_LOSS,MEDIUM,153,1425,OPEN
NE002902,2026-08-26,Indore,HIGH_LATENCY,MEDIUM,266,3950,RESOLVED
NE002903,2026-09-03,Pune,HIGH_LATENCY,LOW,25,983,CLOSED
NE002904,2025-09-23,Mumbai,HIGH_LATENCY,MEDIUM,244,981,CLOSED
NE002905,2026-03-30,Pune,PACKET_LOSS,CRITICAL,166,3886,RESOLVED
NE002906,2026-02-15,Indore,PACKET_LOSS,MEDIUM,143,1315,CLOSED
NE002907,2026-03-16,Bhopal,OUTAGE,HIGH,122,1693,RESOLVED
NE002908,2026-02-08,Nagpur,CONGESTION,MEDIUM,28,3604,CLOSED
NE002909,2025-10-31,Nashik,PACKET_LOSS,MEDIUM,138,2041,RESOLVED
NE002910,2025-10-31,Nagpur,PACKET_LOSS,MEDIUM,18,2563,CLOSED
NE002911,2026-02-15,Mumbai,CONGESTION,CRITICAL,9,2813,RESOLVED
NE002912,2026-07-06,Nashik,LOW_SIGNAL,LOW,11,2267,OPEN
NE002913,2026-02-25,Mumbai,OUTAGE,CRITICAL,32,3942,OPEN
NE002914,2025-10-06,Indore,HIGH_LATENCY,CRITICAL,271,4999,OPEN
NE002915,2026-06-14,Nagpur,OUTAGE,MEDIUM,77,1811,OPEN
NE002916,2026-03-31,Thane,CONGESTION,HIGH,191,1211,CLOSED
NE002917,2026-02-01,Nagpur,PACKET_LOSS,MEDIUM,167,2715,IN_PROGRESS
NE002918,2025-11-17,Indore,CONGESTION,MEDIUM,143,203,OPEN
NE002919,2026-08-11,Nagpur,OUTAGE,HIGH,197,414,CLOSED
NE002920,2026-06-20,Mumbai,PACKET_LOSS,HIGH,65,307,RESOLVED
NE002921,2026-02-21,Bhopal,PACKET_LOSS,LOW,223,675,IN_PROGRESS
NE002922,2025-12-24,Thane,HIGH_LATENCY,LOW,55,3253,OPEN
NE002923,2025-12-29,Nashik,LOW_SIGNAL,CRITICAL,101,3452,CLOSED
NE002924,2026-06-04,Pune,LOW_SIGNAL,HIGH,114,2744,CLOSED
NE002925,2026-07-31,Thane,HIGH_LATENCY,MEDIUM,264,3028,OPEN
NE002926,2025-10-30,Pune,HIGH_LATENCY,MEDIUM,189,4859,CLOSED
NE002927,2025-11-10,Indore,PACKET_LOSS,CRITICAL,11,4598,IN_PROGRESS
NE002928,2026-07-16,Mumbai,HIGH_LATENCY,MEDIUM,61,4680,RESOLVED
NE002929,2026-05-04,Mumbai,LOW_SIGNAL,LOW,166,3680,IN_PROGRESS
NE002930,2025-10-12,Nagpur,HIGH_LATENCY,CRITICAL,243,1793,IN_PROGRESS
NE002931,2026-03-22,Thane,HIGH_LATENCY,MEDIUM,36,4079,CLOSED
NE002932,2026-03-16,Mumbai,HIGH_LATENCY,CRITICAL,157,1577,OPEN
NE002933,2025-12-18,Bhopal,OUTAGE,HIGH,75,863,IN_PROGRESS
NE002934,2025-11-10,Nashik,OUTAGE,MEDIUM,293,3392,CLOSED
NE002935,2025-10-07,Thane,HIGH_LATENCY,MEDIUM,200,3955,CLOSED
NE002936,2026-04-03,Thane,OUTAGE,HIGH,61,2740,IN_PROGRESS
NE002937,2025-10-20,Thane,LOW_SIGNAL,LOW,113,3312,IN_PROGRESS
NE002938,2025-11-29,Pune,PACKET_LOSS,HIGH,128,2065,IN_PROGRESS
NE002939,2026-01-29,Bhopal,PACKET_LOSS,CRITICAL,293,1812,CLOSED
NE002940,2025-12-07,Bhopal,CONGESTION,LOW,240,1317,OPEN
NE002941,2026-09-21,Nagpur,OUTAGE,CRITICAL,248,4621,OPEN
NE002942,2025-11-26,Nagpur,CONGESTION,CRITICAL,10,2344,RESOLVED
NE002943,2026-04-02,Bhopal,OUTAGE,LOW,194,1789,CLOSED
NE002944,2026-01-13,Pune,PACKET_LOSS,MEDIUM,197,520,IN_PROGRESS
NE002945,2026-06-02,Pune,PACKET_LOSS,LOW,238,1551,OPEN
NE002946,2026-04-29,Thane,LOW_SIGNAL,MEDIUM,207,625,IN_PROGRESS
NE002947,2026-07-22,Bhopal,OUTAGE,MEDIUM,45,3281,OPEN
NE002948,2026-05-20,Indore,HIGH_LATENCY,CRITICAL,261,2242,OPEN
NE002949,2026-07-17,Indore,HIGH_LATENCY,MEDIUM,127,4383,RESOLVED
NE002950,2026-07-11,Thane,HIGH_LATENCY,LOW,231,88,CLOSED
NE002951,2026-05-11,Pune,OUTAGE,MEDIUM,59,1881,CLOSED
NE002952,2026-01-27,Thane,HIGH_LATENCY,MEDIUM,257,4558,OPEN
NE002953,2026-07-21,Nagpur,CONGESTION,LOW,30,2943,OPEN
NE002954,2026-03-25,Pune,PACKET_LOSS,LOW,238,2957,CLOSED
NE002955,2026-02-15,Indore,PACKET_LOSS,LOW,113,853,CLOSED
NE002956,2026-09-07,Nashik,PACKET_LOSS,MEDIUM,65,3304,OPEN
NE002957,2026-02-13,Thane,OUTAGE,HIGH,294,4595,OPEN
NE002958,2026-05-08,Nagpur,CONGESTION,MEDIUM,200,2294,OPEN
NE002959,2026-07-20,Indore,CONGESTION,MEDIUM,102,3129,CLOSED
NE002960,2026-01-30,Bhopal,HIGH_LATENCY,MEDIUM,177,3966,OPEN
NE002961,2026-01-01,Mumbai,LOW_SIGNAL,MEDIUM,213,2467,RESOLVED
NE002962,2026-05-20,Bhopal,CONGESTION,MEDIUM,211,4745,RESOLVED
NE002963,2025-11-17,Bhopal,HIGH_LATENCY,HIGH,38,4614,IN_PROGRESS
NE002964,2026-02-03,Thane,LOW_SIGNAL,LOW,84,280,CLOSED
NE002965,2026-02-20,Indore,OUTAGE,MEDIUM,170,4179,OPEN
NE002966,2026-07-29,Nashik,PACKET_LOSS,CRITICAL,77,2837,IN_PROGRESS
NE002967,2025-12-31,Nagpur,PACKET_LOSS,MEDIUM,265,262,OPEN
NE002968,2026-04-10,Nagpur,CONGESTION,HIGH,26,3808,CLOSED
NE002969,2026-07-19,Mumbai,HIGH_LATENCY,HIGH,266,4798,RESOLVED
NE002970,2025-12-23,Pune,OUTAGE,HIGH,203,4649,RESOLVED
NE002971,2026-04-16,Pune,CONGESTION,MEDIUM,25,3473,IN_PROGRESS
NE002972,2026-05-20,Pune,HIGH_LATENCY,MEDIUM,135,4507,RESOLVED
NE002973,2026-01-24,Pune,HIGH_LATENCY,HIGH,89,772,OPEN
NE002974,2026-08-24,Nashik,PACKET_LOSS,CRITICAL,236,2733,CLOSED
NE002975,2025-10-16,Mumbai,OUTAGE,MEDIUM,295,171,RESOLVED
NE002976,2026-02-09,Nashik,PACKET_LOSS,CRITICAL,178,1474,RESOLVED
NE002977,2026-01-17,Nagpur,HIGH_LATENCY,LOW,28,2372,RESOLVED
NE002978,2026-08-28,Mumbai,OUTAGE,MEDIUM,228,372,OPEN
NE002979,2026-02-09,Pune,CONGESTION,MEDIUM,168,3123,IN_PROGRESS
NE002980,2025-11-13,Pune,PACKET_LOSS,MEDIUM,189,726,CLOSED
NE002981,2025-09-28,Thane,HIGH_LATENCY,MEDIUM,12,4817,CLOSED
NE002982,2026-05-27,Bhopal,OUTAGE,CRITICAL,32,3195,RESOLVED
NE002983,2026-01-01,Thane,CONGESTION,CRITICAL,143,4018,RESOLVED
NE002984,2026-04-01,Pune,CONGESTION,CRITICAL,117,2905,RESOLVED
NE002985,2025-10-10,Pune,CONGESTION,MEDIUM,279,755,RESOLVED
NE002986,2026-02-27,Thane,CONGESTION,CRITICAL,140,3689,RESOLVED
NE002987,2026-02-22,Thane,LOW_SIGNAL,HIGH,260,3106,RESOLVED
NE002988,2026-03-12,Pune,HIGH_LATENCY,CRITICAL,69,2991,CLOSED
NE002989,2025-12-24,Bhopal,LOW_SIGNAL,MEDIUM,283,2029,RESOLVED
NE002990,2026-06-20,Bhopal,OUTAGE,MEDIUM,37,2651,RESOLVED
NE002991,2025-12-13,Mumbai,HIGH_LATENCY,MEDIUM,26,1528,OPEN
NE002992,2026-08-26,Mumbai,PACKET_LOSS,MEDIUM,71,2907,CLOSED
NE002993,2025-10-05,Pune,LOW_SIGNAL,MEDIUM,176,4032,IN_PROGRESS
NE002994,2025-12-11,Pune,HIGH_LATENCY,MEDIUM,116,3647,IN_PROGRESS
NE002995,2025-12-22,Bhopal,LOW_SIGNAL,MEDIUM,144,109,IN_PROGRESS
NE002996,2026-04-08,Pune,OUTAGE,CRITICAL,19,4802,OPEN
NE002997,2026-06-05,Bhopal,LOW_SIGNAL,MEDIUM,166,2444,IN_PROGRESS
NE002998,2026-03-24,Thane,HIGH_LATENCY,LOW,298,3748,RESOLVED
NE002999,2026-03-07,Nashik,CONGESTION,MEDIUM,184,2689,IN_PROGRESS
NE003000,2026-08-21,Nagpur,LOW_SIGNAL,CRITICAL,59,707,CLOSED
