payment_id,customer_id,payment_date,amount,payment_method,status
PAY000001,C000338,2026-09-18,599,NET_BANKING,REFUNDED
PAY000002,C000008,2025-10-01,399,UPI,SUCCESS
PAY000003,C000352,2026-01-09,199,NET_BANKING,SUCCESS
PAY000004,C000985,2026-08-04,299,WALLET,SUCCESS
PAY000005,C000203,2026-03-11,1499,NET_BANKING,SUCCESS
PAY000006,C000693,2026-07-11,999,NET_BANKING,SUCCESS
PAY000007,C000879,2025-11-06,599,UPI,PENDING
PAY000008,C000192,2026-09-21,799,CARD,SUCCESS
PAY000009,C000769,2026-07-12,599,WALLET,FAILED
PAY000010,C000490,2025-12-26,299,NET_BANKING,SUCCESS
PAY000011,C000239,2025-10-14,199,UPI,REFUNDED
PAY000012,C000862,2026-06-01,499,NET_BANKING,SUCCESS
PAY000013,C000361,2026-07-25,799,UPI,SUCCESS
PAY000014,C000062,2026-06-21,499,NET_BANKING,FAILED
PAY000015,C000213,2026-09-12,1499,UPI,SUCCESS
PAY000016,C000041,2025-12-26,299,WALLET,PENDING
PAY000017,C000629,2025-12-11,799,CARD,SUCCESS
PAY000018,C000664,2026-02-19,599,UPI,SUCCESS
PAY000019,C000985,2026-01-20,799,CARD,PENDING
PAY000020,C000940,2026-07-26,399,NET_BANKING,REFUNDED
PAY000021,C000932,2026-05-24,999,WALLET,FAILED
PAY000022,C000542,2025-11-14,799,NET_BANKING,REFUNDED
PAY000023,C000745,2026-04-26,499,WALLET,SUCCESS
PAY000024,C000410,2026-05-10,399,UPI,SUCCESS
PAY000025,C000873,2026-04-08,1499,UPI,SUCCESS
PAY000026,C000443,2026-06-14,399,UPI,SUCCESS
PAY000027,C000327,2025-10-25,199,NET_BANKING,FAILED
PAY000028,C000384,2026-05-17,199,CARD,SUCCESS
PAY000029,C000588,2026-06-16,399,CARD,SUCCESS
PAY000030,C000576,2026-07-24,199,UPI,SUCCESS
PAY000031,C000975,2026-01-28,199,CARD,REFUNDED
PAY000032,C000368,2025-12-23,599,WALLET,SUCCESS
PAY000033,C000156,2025-09-26,799,CARD,SUCCESS
PAY000034,C000770,2025-11-07,199,WALLET,SUCCESS
PAY000035,C000820,2026-07-12,199,NET_BANKING,PENDING
PAY000036,C000198,2026-08-20,1499,UPI,REFUNDED
PAY000037,C000530,2026-06-04,999,WALLET,SUCCESS
PAY000038,C000942,2026-03-23,299,CARD,SUCCESS
PAY000039,C000610,2026-03-24,799,CARD,PENDING
PAY000040,C000310,2026-04-07,599,WALLET,SUCCESS
PAY000041,C000138,2026-05-12,799,WALLET,SUCCESS
PAY000042,C000684,2026-09-22,599,WALLET,FAILED
PAY000043,C000145,2026-04-24,799,WALLET,SUCCESS
PAY000044,C000524,2026-04-15,599,UPI,FAILED
PAY000045,C000735,2026-09-19,999,UPI,PENDING
PAY000046,C000977,2025-11-21,799,CARD,SUCCESS
PAY000047,C000768,2026-01-10,799,UPI,SUCCESS
PAY000048,C000009,2026-09-16,799,UPI,PENDING
PAY000049,C000402,2026-01-28,1499,NET_BANKING,SUCCESS
PAY000050,C000558,2025-11-05,399,UPI,SUCCESS
PAY000051,C000058,2025-12-22,399,UPI,SUCCESS
PAY000052,C000061,2026-04-08,199,NET_BANKING,REFUNDED
PAY000053,C000365,2026-03-31,999,WALLET,PENDING
PAY000054,C000069,2026-08-06,599,UPI,PENDING
PAY000055,C000802,2026-06-02,599,WALLET,SUCCESS
PAY000056,C000113,2026-04-24,599,NET_BANKING,SUCCESS
PAY000057,C000270,2026-05-04,199,CARD,SUCCESS
PAY000058,C000240,2026-06-28,799,WALLET,PENDING
PAY000059,C000541,2025-10-07,199,NET_BANKING,SUCCESS
PAY000060,C000822,2026-01-25,199,CARD,FAILED
PAY000061,C000604,2026-06-08,399,UPI,SUCCESS
PAY000062,C000024,2025-11-03,199,NET_BANKING,SUCCESS
PAY000063,C000486,2026-07-06,1499,NET_BANKING,SUCCESS
PAY000064,C000753,2026-06-29,1499,CARD,SUCCESS
PAY000065,C000769,2025-11-15,1499,CARD,PENDING
PAY000066,C000417,2026-09-22,199,NET_BANKING,SUCCESS
PAY000067,C000141,2026-03-21,299,WALLET,SUCCESS
PAY000068,C000928,2026-02-08,999,UPI,SUCCESS
PAY000069,C000964,2025-12-25,799,NET_BANKING,FAILED
PAY000070,C000067,2026-08-10,599,WALLET,REFUNDED
PAY000071,C000331,2026-05-13,1499,CARD,SUCCESS
PAY000072,C000387,2025-11-12,399,NET_BANKING,SUCCESS
PAY000073,C000225,2026-06-25,599,WALLET,SUCCESS
PAY000074,C000039,2026-05-12,599,UPI,FAILED
PAY000075,C000030,2026-05-23,799,NET_BANKING,SUCCESS
PAY000076,C000900,2026-03-31,399,NET_BANKING,FAILED
PAY000077,C000990,2026-02-03,199,WALLET,SUCCESS
PAY000078,C000149,2026-03-04,199,UPI,FAILED
PAY000079,C000100,2026-05-22,599,NET_BANKING,SUCCESS
PAY000080,C000628,2026-09-20,299,UPI,SUCCESS
PAY000081,C000784,2026-02-25,299,WALLET,SUCCESS
PAY000082,C000278,2025-10-09,999,UPI,PENDING
PAY000083,C000573,2026-04-08,599,NET_BANKING,FAILED
PAY000084,C000459,2026-08-03,999,UPI,SUCCESS
PAY000085,C000706,2025-11-02,499,CARD,SUCCESS
PAY000086,C000811,2026-05-05,1499,WALLET,SUCCESS
PAY000087,C000204,2025-10-13,299,WALLET,REFUNDED
PAY000088,C000943,2025-11-29,399,WALLET,SUCCESS
PAY000089,C000544,2025-12-23,1499,CARD,PENDING
PAY000090,C000737,2026-06-03,499,NET_BANKING,SUCCESS
PAY000091,C000990,2025-12-20,599,UPI,SUCCESS
PAY000092,C000232,2026-07-28,1499,CARD,SUCCESS
PAY000093,C000777,2025-11-29,399,NET_BANKING,SUCCESS
PAY000094,C000605,2026-08-02,999,WALLET,SUCCESS
PAY000095,C000597,2026-03-11,799,NET_BANKING,SUCCESS
PAY000096,C000921,2026-04-28,299,NET_BANKING,SUCCESS
PAY000097,C000892,2026-09-20,799,WALLET,SUCCESS
PAY000098,C000886,2026-07-22,399,UPI,SUCCESS
PAY000099,C000146,2025-11-06,199,UPI,REFUNDED
PAY000100,C000639,2025-12-09,799,CARD,SUCCESS
PAY000101,C000283,2025-12-19,299,UPI,FAILED
PAY000102,C000707,2025-12-08,799,CARD,SUCCESS
PAY000103,C000068,2026-09-07,999,CARD,SUCCESS
PAY000104,C000305,2026-02-26,799,NET_BANKING,PENDING
PAY000105,C000754,2025-10-26,999,UPI,SUCCESS
PAY000106,C000361,2026-07-10,799,UPI,SUCCESS
PAY000107,C000180,2026-06-13,299,NET_BANKING,SUCCESS
PAY000108,C000870,2026-03-24,399,NET_BANKING,FAILED
PAY000109,C000937,2026-09-09,299,WALLET,SUCCESS
PAY000110,C000004,2026-04-19,1499,NET_BANKING,SUCCESS
PAY000111,C000905,2025-10-28,199,WALLET,PENDING
PAY000112,C000478,2025-10-23,299,NET_BANKING,SUCCESS
PAY000113,C000359,2026-04-04,999,UPI,SUCCESS
PAY000114,C000585,2026-04-19,599,CARD,REFUNDED
PAY000115,C000477,2026-05-22,999,UPI,SUCCESS
PAY000116,C000825,2026-02-09,799,NET_BANKING,SUCCESS
PAY000117,C000730,2026-08-10,999,UPI,SUCCESS
PAY000118,C000700,2026-03-27,599,NET_BANKING,REFUNDED
PAY000119,C000994,2026-06-06,599,UPI,SUCCESS
PAY000120,C000862,2025-12-04,799,CARD,REFUNDED
PAY000121,C000399,2026-04-24,399,CARD,PENDING
PAY000122,C000257,2026-02-13,399,UPI,PENDING
PAY000123,C000768,2025-10-01,599,UPI,SUCCESS
PAY000124,C000523,2026-05-31,999,UPI,SUCCESS
PAY000125,C000716,2025-09-30,399,WALLET,FAILED
PAY000126,C000825,2026-06-19,599,WALLET,SUCCESS
PAY000127,C000245,2026-02-01,499,CARD,PENDING
PAY000128,C000713,2026-04-12,299,CARD,FAILED
PAY000129,C000051,2025-12-09,199,UPI,SUCCESS
PAY000130,C000661,2026-04-14,999,CARD,SUCCESS
PAY000131,C000420,2026-09-12,299,WALLET,PENDING
PAY000132,C000854,2026-02-03,599,WALLET,SUCCESS
PAY000133,C000155,2026-02-01,499,CARD,SUCCESS
PAY000134,C000642,2026-05-27,999,NET_BANKING,SUCCESS
PAY000135,C000525,2026-01-22,599,NET_BANKING,SUCCESS
PAY000136,C000991,2026-04-28,999,WALLET,REFUNDED
PAY000137,C000015,2026-01-30,499,UPI,SUCCESS
PAY000138,C000760,2026-03-27,299,WALLET,REFUNDED
PAY000139,C000813,2025-12-25,1499,UPI,SUCCESS
PAY000140,C000569,2026-08-08,999,NET_BANKING,SUCCESS
PAY000141,C000176,2026-06-15,399,CARD,SUCCESS
PAY000142,C000308,2026-09-02,499,CARD,SUCCESS
PAY000143,C000044,2026-06-02,499,WALLET,REFUNDED
PAY000144,C000103,2025-11-20,399,NET_BANKING,SUCCESS
PAY000145,C000284,2026-03-26,199,CARD,SUCCESS
PAY000146,C000237,2026-04-15,399,WALLET,FAILED
PAY000147,C000844,2026-02-06,299,CARD,FAILED
PAY000148,C000945,2025-10-02,999,NET_BANKING,SUCCESS
PAY000149,C000874,2026-03-16,599,NET_BANKING,PENDING
PAY000150,C000041,2026-03-11,299,UPI,SUCCESS
PAY000151,C000437,2026-02-16,799,CARD,REFUNDED
PAY000152,C000132,2026-04-18,999,UPI,FAILED
PAY000153,C000710,2026-01-19,799,WALLET,REFUNDED
PAY000154,C000830,2026-06-01,999,CARD,SUCCESS
PAY000155,C000962,2026-06-02,999,NET_BANKING,SUCCESS
PAY000156,C000916,2026-08-05,399,WALLET,SUCCESS
PAY000157,C000662,2025-12-15,399,UPI,REFUNDED
PAY000158,C000152,2025-12-09,499,UPI,FAILED
PAY000159,C000740,2025-10-25,799,WALLET,FAILED
PAY000160,C000597,2025-12-21,199,UPI,FAILED
PAY000161,C000043,2025-10-29,499,NET_BANKING,FAILED
PAY000162,C000035,2025-12-17,999,NET_BANKING,SUCCESS
PAY000163,C000039,2026-07-29,299,WALLET,SUCCESS
PAY000164,C000062,2025-12-21,199,CARD,PENDING
PAY000165,C000726,2026-07-18,299,CARD,REFUNDED
PAY000166,C000518,2026-09-18,999,WALLET,SUCCESS
PAY000167,C000860,2025-11-08,299,WALLET,SUCCESS
PAY000168,C000794,2025-11-11,299,NET_BANKING,SUCCESS
PAY000169,C000162,2026-08-24,599,UPI,REFUNDED
PAY000170,C000908,2026-04-08,499,WALLET,PENDING
PAY000171,C000578,2026-06-08,999,UPI,PENDING
PAY000172,C000539,2026-05-09,599,CARD,SUCCESS
PAY000173,C000499,2026-03-10,299,CARD,SUCCESS
PAY000174,C000130,2026-07-25,599,WALLET,SUCCESS
PAY000175,C000499,2026-02-22,499,UPI,SUCCESS
PAY000176,C000273,2026-08-23,999,UPI,FAILED
PAY000177,C000467,2026-07-12,499,CARD,REFUNDED
PAY000178,C000410,2025-12-12,599,CARD,FAILED
PAY000179,C000608,2025-09-30,299,WALLET,SUCCESS
PAY000180,C000949,2026-06-17,999,CARD,SUCCESS
PAY000181,C000146,2025-12-15,499,CARD,REFUNDED
PAY000182,C000936,2026-03-22,1499,CARD,PENDING
PAY000183,C000367,2026-05-23,1499,NET_BANKING,SUCCESS
PAY000184,C000609,2026-09-16,799,WALLET,SUCCESS
PAY000185,C000987,2026-03-10,599,CARD,SUCCESS
PAY000186,C000753,2026-08-06,999,WALLET,PENDING
PAY000187,C000465,2026-07-30,499,CARD,SUCCESS
PAY000188,C000074,2026-02-02,299,NET_BANKING,PENDING
PAY000189,C000745,2025-10-06,799,WALLET,SUCCESS
PAY000190,C000872,2025-10-27,299,UPI,SUCCESS
PAY000191,C000844,2026-05-06,299,UPI,SUCCESS
PAY000192,C000986,2026-04-24,299,NET_BANKING,SUCCESS
PAY000193,C000555,2026-04-05,399,CARD,SUCCESS
PAY000194,C000896,2026-07-04,299,WALLET,REFUNDED
PAY000195,C000075,2025-11-17,999,CARD,FAILED
PAY000196,C000735,2026-09-02,599,CARD,SUCCESS
PAY000197,C000201,2026-03-04,599,CARD,REFUNDED
PAY000198,C000001,2026-07-04,499,CARD,SUCCESS
PAY000199,C000304,2025-10-18,999,NET_BANKING,FAILED
PAY000200,C000863,2025-12-31,199,NET_BANKING,SUCCESS
PAY000201,C000055,2026-06-11,399,NET_BANKING,SUCCESS
PAY000202,C000113,2026-08-17,1499,NET_BANKING,SUCCESS
PAY000203,C000404,2025-10-27,799,UPI,FAILED
PAY000204,C000883,2025-11-11,299,NET_BANKING,PENDING
PAY000205,C000665,2026-06-04,199,NET_BANKING,PENDING
PAY000206,C000016,2026-05-01,999,WALLET,SUCCESS
PAY000207,C000888,2026-05-22,499,NET_BANKING,SUCCESS
PAY000208,C000286,2026-07-16,1499,CARD,REFUNDED
PAY000209,C000989,2026-02-14,1499,NET_BANKING,REFUNDED
PAY000210,C000195,2026-03-28,999,CARD,SUCCESS
PAY000211,C000043,2026-06-13,399,WALLET,PENDING
PAY000212,C000610,2025-11-29,199,CARD,SUCCESS
PAY000213,C000983,2026-08-10,199,CARD,PENDING
PAY000214,C001000,2026-07-15,199,WALLET,SUCCESS
PAY000215,C000983,2025-10-25,299,NET_BANKING,PENDING
PAY000216,C000525,2026-01-20,799,UPI,SUCCESS
PAY000217,C000775,2026-02-22,299,NET_BANKING,SUCCESS
PAY000218,C000346,2026-02-24,1499,WALLET,SUCCESS
PAY000219,C000181,2025-11-04,199,CARD,PENDING
PAY000220,C000911,2025-11-27,599,WALLET,SUCCESS
PAY000221,C000342,2026-03-05,1499,NET_BANKING,SUCCESS
PAY000222,C000080,2025-09-26,1499,CARD,FAILED
PAY000223,C000876,2026-02-11,399,NET_BANKING,REFUNDED
PAY000224,C000939,2025-10-23,599,NET_BANKING,SUCCESS
PAY000225,C000759,2025-10-20,799,NET_BANKING,FAILED
PAY000226,C000786,2026-09-02,199,CARD,SUCCESS
PAY000227,C000901,2026-03-06,999,WALLET,REFUNDED
PAY000228,C000539,2026-08-08,299,CARD,SUCCESS
PAY000229,C000175,2026-01-31,999,CARD,REFUNDED
PAY000230,C000283,2026-06-29,799,CARD,SUCCESS
PAY000231,C000823,2026-04-20,499,WALLET,SUCCESS
PAY000232,C000877,2025-12-02,299,CARD,PENDING
PAY000233,C000994,2026-07-01,999,NET_BANKING,PENDING
PAY000234,C000170,2025-12-20,599,NET_BANKING,SUCCESS
PAY000235,C000977,2026-09-14,399,CARD,PENDING
PAY000236,C000566,2026-02-01,799,WALLET,SUCCESS
PAY000237,C000431,2026-03-24,199,CARD,FAILED
PAY000238,C000320,2025-11-03,599,NET_BANKING,FAILED
PAY000239,C000631,2025-09-30,799,UPI,FAILED
PAY000240,C000105,2026-01-17,599,CARD,PENDING
PAY000241,C000723,2026-03-08,499,UPI,SUCCESS
PAY000242,C000272,2026-08-16,799,WALLET,SUCCESS
PAY000243,C000911,2026-04-14,799,WALLET,SUCCESS
PAY000244,C000859,2025-10-21,799,NET_BANKING,SUCCESS
PAY000245,C000788,2026-09-14,799,UPI,PENDING
PAY000246,C000278,2025-09-30,399,NET_BANKING,SUCCESS
PAY000247,C000744,2025-10-02,399,NET_BANKING,PENDING
PAY000248,C000885,2026-01-13,499,NET_BANKING,PENDING
PAY000249,C000385,2026-05-28,599,NET_BANKING,SUCCESS
PAY000250,C000661,2025-12-02,399,NET_BANKING,PENDING
PAY000251,C000197,2026-03-29,599,CARD,REFUNDED
PAY000252,C000213,2026-05-03,499,NET_BANKING,PENDING
PAY000253,C000942,2026-01-06,599,UPI,SUCCESS
PAY000254,C000376,2026-03-20,199,CARD,SUCCESS
PAY000255,C000545,2025-11-21,399,NET_BANKING,PENDING
PAY000256,C000007,2025-11-05,499,CARD,SUCCESS
PAY000257,C000625,2026-01-24,199,WALLET,PENDING
PAY000258,C000739,2025-12-11,799,UPI,PENDING
PAY000259,C000180,2026-07-20,399,NET_BANKING,SUCCESS
PAY000260,C000049,2026-05-20,999,WALLET,SUCCESS
PAY000261,C000373,2025-11-09,199,WALLET,SUCCESS
PAY000262,C000094,2026-09-10,1499,WALLET,SUCCESS
PAY000263,C000662,2025-12-29,199,WALLET,SUCCESS
PAY000264,C000424,2026-08-26,999,UPI,SUCCESS
PAY000265,C000220,2026-02-16,299,UPI,SUCCESS
PAY000266,C000854,2026-05-10,1499,CARD,SUCCESS
PAY000267,C000037,2026-07-04,299,WALLET,SUCCESS
PAY000268,C000677,2026-07-10,499,UPI,SUCCESS
PAY000269,C000434,2025-10-30,999,NET_BANKING,SUCCESS
PAY000270,C000145,2026-04-21,799,UPI,SUCCESS
PAY000271,C000340,2025-10-08,399,WALLET,SUCCESS
PAY000272,C000167,2026-04-01,1499,UPI,PENDING
PAY000273,C000755,2025-12-28,1499,NET_BANKING,FAILED
PAY000274,C000959,2025-12-31,1499,UPI,SUCCESS
PAY000275,C000856,2026-04-10,999,CARD,SUCCESS
PAY000276,C000508,2026-03-26,299,WALLET,FAILED
PAY000277,C000539,2026-07-25,999,CARD,PENDING
PAY000278,C000369,2025-12-21,799,CARD,SUCCESS
PAY000279,C000011,2026-08-20,799,NET_BANKING,FAILED
PAY000280,C000966,2025-11-28,299,NET_BANKING,REFUNDED
PAY000281,C000509,2025-12-29,499,CARD,SUCCESS
PAY000282,C000734,2026-01-27,199,NET_BANKING,PENDING
PAY000283,C000748,2026-06-15,299,WALLET,PENDING
PAY000284,C000633,2026-03-31,399,CARD,SUCCESS
PAY000285,C000532,2025-10-28,199,CARD,REFUNDED
PAY000286,C000751,2026-09-16,999,UPI,SUCCESS
PAY000287,C000375,2025-10-02,499,NET_BANKING,SUCCESS
PAY000288,C000228,2025-10-14,499,NET_BANKING,SUCCESS
PAY000289,C000353,2025-12-29,299,NET_BANKING,SUCCESS
PAY000290,C000331,2025-12-05,999,CARD,REFUNDED
PAY000291,C000227,2026-03-28,199,WALLET,SUCCESS
PAY000292,C000286,2025-11-17,799,UPI,PENDING
PAY000293,C000298,2026-05-29,299,CARD,SUCCESS
PAY000294,C000100,2026-02-15,199,CARD,SUCCESS
PAY000295,C000840,2025-09-27,499,UPI,FAILED
PAY000296,C000990,2026-02-25,799,CARD,REFUNDED
PAY000297,C000610,2026-07-31,299,CARD,REFUNDED
PAY000298,C000408,2025-10-02,299,WALLET,SUCCESS
PAY000299,C000564,2026-08-12,799,CARD,FAILED
PAY000300,C000393,2026-06-24,999,UPI,REFUNDED
PAY000301,C000261,2026-04-21,199,WALLET,SUCCESS
PAY000302,C000656,2026-01-19,499,UPI,SUCCESS
PAY000303,C000561,2026-04-26,199,CARD,SUCCESS
PAY000304,C000444,2026-01-21,999,UPI,FAILED
PAY000305,C000713,2026-07-20,499,WALLET,FAILED
PAY000306,C000735,2026-07-14,599,WALLET,REFUNDED
PAY000307,C000161,2026-09-06,599,WALLET,SUCCESS
PAY000308,C000838,2026-07-15,299,CARD,PENDING
PAY000309,C000831,2026-02-21,599,UPI,FAILED
PAY000310,C000978,2026-06-08,599,CARD,SUCCESS
PAY000311,C000246,2026-03-29,999,NET_BANKING,REFUNDED
PAY000312,C000193,2025-12-11,799,WALLET,REFUNDED
PAY000313,C000303,2026-06-25,299,UPI,PENDING
PAY000314,C000378,2025-12-21,499,CARD,PENDING
PAY000315,C000313,2026-02-11,999,CARD,REFUNDED
PAY000316,C000564,2026-04-27,499,CARD,FAILED
PAY000317,C000799,2026-01-17,1499,UPI,SUCCESS
PAY000318,C000562,2026-04-21,599,WALLET,PENDING
PAY000319,C000036,2026-01-16,799,UPI,REFUNDED
PAY000320,C000701,2026-03-29,199,UPI,SUCCESS
PAY000321,C000004,2026-08-17,999,NET_BANKING,SUCCESS
PAY000322,C000807,2026-05-13,999,CARD,SUCCESS
PAY000323,C000183,2025-10-26,299,WALLET,SUCCESS
PAY000324,C000739,2026-07-20,399,CARD,SUCCESS
PAY000325,C000845,2026-08-09,499,UPI,REFUNDED
PAY000326,C000315,2026-07-14,799,UPI,REFUNDED
PAY000327,C000877,2026-09-07,1499,WALLET,PENDING
PAY000328,C000890,2026-06-23,199,NET_BANKING,REFUNDED
PAY000329,C000153,2026-06-14,999,NET_BANKING,FAILED
PAY000330,C000060,2025-10-31,199,WALLET,FAILED
PAY000331,C000953,2025-10-31,999,WALLET,REFUNDED
PAY000332,C000287,2026-05-15,299,CARD,SUCCESS
PAY000333,C000998,2026-01-26,799,CARD,SUCCESS
PAY000334,C000439,2026-03-19,1499,WALLET,REFUNDED
PAY000335,C000992,2026-08-18,499,NET_BANKING,SUCCESS
PAY000336,C000015,2026-09-22,299,UPI,SUCCESS
PAY000337,C000794,2025-11-03,799,WALLET,SUCCESS
PAY000338,C000108,2026-04-27,999,CARD,SUCCESS
PAY000339,C000769,2025-10-17,599,UPI,REFUNDED
PAY000340,C000320,2026-03-27,299,UPI,SUCCESS
PAY000341,C000090,2025-09-30,499,UPI,SUCCESS
PAY000342,C000316,2025-12-16,399,WALLET,SUCCESS
PAY000343,C000790,2026-09-06,499,UPI,SUCCESS
PAY000344,C000907,2026-09-18,799,NET_BANKING,SUCCESS
PAY000345,C000970,2026-07-22,599,NET_BANKING,REFUNDED
PAY000346,C000460,2026-08-11,399,WALLET,REFUNDED
PAY000347,C000196,2025-12-14,599,UPI,SUCCESS
PAY000348,C000522,2026-07-14,199,UPI,SUCCESS
PAY000349,C000590,2025-12-07,299,NET_BANKING,REFUNDED
PAY000350,C000030,2025-11-09,299,NET_BANKING,PENDING
PAY000351,C000418,2026-07-22,599,NET_BANKING,REFUNDED
PAY000352,C000904,2025-12-27,399,WALLET,REFUNDED
PAY000353,C000775,2026-03-07,1499,NET_BANKING,SUCCESS
PAY000354,C000358,2026-07-11,299,NET_BANKING,REFUNDED
PAY000355,C000443,2026-05-23,999,NET_BANKING,SUCCESS
PAY000356,C000960,2026-08-08,1499,UPI,SUCCESS
PAY000357,C000405,2026-06-17,399,NET_BANKING,REFUNDED
PAY000358,C000477,2026-02-13,199,CARD,SUCCESS
PAY000359,C000572,2025-12-30,199,NET_BANKING,REFUNDED
PAY000360,C000878,2026-07-01,499,NET_BANKING,SUCCESS
PAY000361,C000301,2025-11-16,1499,NET_BANKING,SUCCESS
PAY000362,C000770,2025-10-27,199,WALLET,REFUNDED
PAY000363,C000355,2025-12-19,399,WALLET,SUCCESS
PAY000364,C000582,2026-04-08,499,CARD,SUCCESS
PAY000365,C000644,2026-07-04,499,NET_BANKING,SUCCESS
PAY000366,C000494,2025-12-06,299,NET_BANKING,SUCCESS
PAY000367,C000330,2026-08-30,999,UPI,FAILED
PAY000368,C000507,2025-10-28,999,NET_BANKING,FAILED
PAY000369,C000430,2026-01-13,299,CARD,PENDING
PAY000370,C000902,2026-06-24,599,CARD,FAILED
PAY000371,C000425,2025-12-31,499,UPI,SUCCESS
PAY000372,C000766,2025-11-24,999,CARD,FAILED
PAY000373,C000990,2026-04-15,799,WALLET,SUCCESS
PAY000374,C000236,2025-12-09,399,UPI,PENDING
PAY000375,C000273,2026-05-01,799,UPI,SUCCESS
PAY000376,C000201,2025-11-26,1499,CARD,REFUNDED
PAY000377,C000657,2026-06-20,599,CARD,SUCCESS
PAY000378,C000495,2026-08-13,599,WALLET,REFUNDED
PAY000379,C000676,2026-02-13,799,UPI,SUCCESS
PAY000380,C000480,2026-05-06,799,UPI,SUCCESS
PAY000381,C000075,2025-11-21,199,WALLET,REFUNDED
PAY000382,C000031,2026-02-15,199,UPI,SUCCESS
PAY000383,C000739,2026-05-22,399,NET_BANKING,SUCCESS
PAY000384,C000039,2025-11-09,199,WALLET,SUCCESS
PAY000385,C000696,2025-11-16,399,WALLET,PENDING
PAY000386,C000175,2026-09-05,399,CARD,REFUNDED
PAY000387,C000302,2025-11-09,299,NET_BANKING,REFUNDED
PAY000388,C000590,2026-01-28,399,CARD,SUCCESS
PAY000389,C000701,2026-07-14,199,WALLET,SUCCESS
PAY000390,C000936,2025-12-25,499,WALLET,FAILED
PAY000391,C000995,2026-03-18,399,WALLET,REFUNDED
PAY000392,C000496,2026-03-02,799,NET_BANKING,SUCCESS
PAY000393,C000321,2026-04-18,499,CARD,SUCCESS
PAY000394,C000025,2026-07-27,299,CARD,REFUNDED
PAY000395,C000829,2025-10-12,999,UPI,FAILED
PAY000396,C000578,2026-01-16,999,UPI,SUCCESS
PAY000397,C000141,2026-03-15,599,WALLET,PENDING
PAY000398,C000034,2026-02-10,1499,WALLET,SUCCESS
PAY000399,C000449,2026-06-01,799,WALLET,REFUNDED
PAY000400,C000910,2026-03-09,299,UPI,SUCCESS
PAY000401,C000025,2026-09-03,199,UPI,PENDING
PAY000402,C000212,2025-12-13,599,UPI,SUCCESS
PAY000403,C000549,2026-02-22,199,UPI,SUCCESS
PAY000404,C000372,2026-08-05,499,NET_BANKING,FAILED
PAY000405,C000003,2026-08-10,199,NET_BANKING,SUCCESS
PAY000406,C000724,2025-10-05,499,CARD,REFUNDED
PAY000407,C000298,2026-07-20,499,CARD,REFUNDED
PAY000408,C000716,2026-06-16,299,CARD,REFUNDED
PAY000409,C000258,2026-08-02,1499,CARD,SUCCESS
PAY000410,C000549,2026-04-09,799,UPI,FAILED
PAY000411,C000431,2026-03-27,399,CARD,SUCCESS
PAY000412,C000143,2026-04-26,499,UPI,REFUNDED
PAY000413,C000613,2026-02-19,499,NET_BANKING,SUCCESS
PAY000414,C000700,2025-12-04,199,UPI,FAILED
PAY000415,C000261,2026-02-15,799,NET_BANKING,SUCCESS
PAY000416,C000243,2026-03-06,399,UPI,REFUNDED
PAY000417,C000416,2025-11-05,799,WALLET,SUCCESS
PAY000418,C000610,2026-07-30,1499,NET_BANKING,SUCCESS
PAY000419,C000558,2026-04-30,199,CARD,SUCCESS
PAY000420,C000174,2026-05-05,599,UPI,SUCCESS
PAY000421,C000187,2026-03-23,499,UPI,FAILED
PAY000422,C000911,2025-11-10,299,CARD,REFUNDED
PAY000423,C000424,2025-10-02,499,NET_BANKING,PENDING
PAY000424,C000004,2026-04-02,199,CARD,REFUNDED
PAY000425,C000501,2025-11-21,1499,NET_BANKING,SUCCESS
PAY000426,C000182,2025-11-02,1499,CARD,REFUNDED
PAY000427,C000023,2025-10-27,1499,UPI,SUCCESS
PAY000428,C000903,2026-09-05,499,UPI,SUCCESS
PAY000429,C000698,2026-08-15,799,CARD,FAILED
PAY000430,C000946,2026-01-28,499,CARD,SUCCESS
PAY000431,C000642,2026-05-13,499,WALLET,SUCCESS
PAY000432,C000253,2026-01-05,799,UPI,SUCCESS
PAY000433,C000726,2026-05-16,599,CARD,SUCCESS
PAY000434,C000323,2026-06-25,199,NET_BANKING,SUCCESS
PAY000435,C000021,2025-11-30,599,UPI,SUCCESS
PAY000436,C000620,2025-10-26,299,CARD,SUCCESS
PAY000437,C000328,2026-06-18,1499,WALLET,SUCCESS
PAY000438,C000853,2026-05-30,499,NET_BANKING,PENDING
PAY000439,C000751,2026-02-11,299,CARD,SUCCESS
PAY000440,C000323,2026-02-18,299,CARD,SUCCESS
PAY000441,C000112,2026-08-11,299,UPI,PENDING
PAY000442,C000083,2026-05-16,999,WALLET,SUCCESS
PAY000443,C000886,2026-02-21,599,UPI,REFUNDED
PAY000444,C000639,2026-04-04,599,NET_BANKING,SUCCESS
PAY000445,C000343,2026-01-30,599,WALLET,SUCCESS
PAY000446,C000424,2025-10-31,599,CARD,FAILED
PAY000447,C000617,2025-11-07,399,UPI,FAILED
PAY000448,C000912,2026-01-29,1499,NET_BANKING,REFUNDED
PAY000449,C000824,2025-11-30,499,WALLET,PENDING
PAY000450,C000748,2025-11-26,399,NET_BANKING,SUCCESS
PAY000451,C000907,2026-02-06,499,CARD,PENDING
PAY000452,C000628,2026-02-01,599,WALLET,SUCCESS
PAY000453,C000746,2025-10-07,299,NET_BANKING,SUCCESS
PAY000454,C000883,2026-07-10,599,UPI,SUCCESS
PAY000455,C000515,2026-07-04,599,CARD,SUCCESS
PAY000456,C000018,2026-03-21,199,UPI,REFUNDED
PAY000457,C000638,2026-01-13,799,CARD,REFUNDED
PAY000458,C000420,2026-09-06,799,NET_BANKING,PENDING
PAY000459,C000355,2025-10-28,199,CARD,REFUNDED
PAY000460,C000668,2025-11-01,199,CARD,REFUNDED
PAY000461,C000560,2026-09-01,1499,UPI,REFUNDED
PAY000462,C000542,2025-12-06,399,WALLET,REFUNDED
PAY000463,C000208,2026-03-20,1499,NET_BANKING,FAILED
PAY000464,C000410,2026-09-18,799,NET_BANKING,PENDING
PAY000465,C000392,2026-09-10,299,WALLET,REFUNDED
PAY000466,C000739,2025-12-24,199,UPI,SUCCESS
PAY000467,C000306,2026-03-14,1499,NET_BANKING,SUCCESS
PAY000468,C000376,2026-04-05,399,WALLET,SUCCESS
PAY000469,C000532,2026-09-16,299,NET_BANKING,FAILED
PAY000470,C000625,2025-11-12,599,CARD,REFUNDED
PAY000471,C000895,2026-02-28,199,WALLET,SUCCESS
PAY000472,C000554,2026-07-31,1499,WALLET,SUCCESS
PAY000473,C000616,2026-03-18,799,WALLET,SUCCESS
PAY000474,C000843,2026-04-17,999,NET_BANKING,SUCCESS
PAY000475,C000555,2026-07-15,1499,WALLET,SUCCESS
PAY000476,C000595,2026-01-19,599,NET_BANKING,SUCCESS
PAY000477,C000564,2026-01-03,199,CARD,SUCCESS
PAY000478,C000261,2026-07-27,1499,UPI,PENDING
PAY000479,C000484,2026-04-06,199,WALLET,SUCCESS
PAY000480,C000364,2026-02-17,1499,NET_BANKING,SUCCESS
PAY000481,C000618,2026-04-10,199,WALLET,SUCCESS
PAY000482,C000659,2026-04-30,399,UPI,SUCCESS
PAY000483,C000758,2026-07-16,799,UPI,REFUNDED
PAY000484,C000173,2025-10-20,999,UPI,SUCCESS
PAY000485,C000252,2025-12-05,799,NET_BANKING,SUCCESS
PAY000486,C000268,2026-07-28,199,NET_BANKING,SUCCESS
PAY000487,C000369,2026-04-17,499,UPI,FAILED
PAY000488,C000847,2025-10-14,999,CARD,SUCCESS
PAY000489,C000754,2026-02-26,399,NET_BANKING,SUCCESS
PAY000490,C000613,2026-02-11,299,CARD,SUCCESS
PAY000491,C000964,2026-01-22,1499,NET_BANKING,PENDING
PAY000492,C000041,2026-01-25,399,WALLET,SUCCESS
PAY000493,C000399,2026-05-13,999,CARD,SUCCESS
PAY000494,C000359,2025-12-05,199,CARD,SUCCESS
PAY000495,C000379,2026-02-07,199,NET_BANKING,PENDING
PAY000496,C000036,2026-05-28,1499,WALLET,FAILED
PAY000497,C000221,2026-04-18,599,WALLET,SUCCESS
PAY000498,C000553,2025-10-21,599,NET_BANKING,FAILED
PAY000499,C000537,2025-11-19,599,NET_BANKING,SUCCESS
PAY000500,C000712,2026-09-21,999,CARD,FAILED
PAY000501,C000151,2026-03-22,999,NET_BANKING,FAILED
PAY000502,C000870,2025-10-31,299,NET_BANKING,SUCCESS
PAY000503,C000942,2026-06-24,299,NET_BANKING,FAILED
PAY000504,C000047,2026-03-17,1499,UPI,SUCCESS
PAY000505,C000537,2026-01-12,799,CARD,REFUNDED
PAY000506,C000812,2026-06-12,599,WALLET,FAILED
PAY000507,C000714,2026-01-15,299,WALLET,REFUNDED
PAY000508,C000730,2025-12-17,599,UPI,SUCCESS
PAY000509,C000132,2026-07-13,999,WALLET,SUCCESS
PAY000510,C000219,2026-09-14,799,UPI,SUCCESS
PAY000511,C000762,2025-11-21,1499,UPI,SUCCESS
PAY000512,C000944,2025-11-08,799,CARD,PENDING
PAY000513,C000046,2026-04-16,499,NET_BANKING,PENDING
PAY000514,C000677,2026-08-16,499,WALLET,PENDING
PAY000515,C000805,2026-03-14,599,CARD,REFUNDED
PAY000516,C000905,2026-07-11,599,UPI,PENDING
PAY000517,C000401,2026-04-19,599,UPI,SUCCESS
PAY000518,C000979,2026-03-21,299,NET_BANKING,SUCCESS
PAY000519,C000624,2025-10-13,799,CARD,PENDING
PAY000520,C000531,2026-03-29,199,CARD,SUCCESS
PAY000521,C000421,2026-08-12,999,CARD,FAILED
PAY000522,C000860,2025-10-31,1499,NET_BANKING,PENDING
PAY000523,C000856,2026-02-09,399,UPI,SUCCESS
PAY000524,C000432,2026-05-15,799,NET_BANKING,REFUNDED
PAY000525,C000426,2026-01-03,1499,UPI,SUCCESS
PAY000526,C000896,2025-10-02,999,NET_BANKING,SUCCESS
PAY000527,C000891,2026-02-21,299,UPI,SUCCESS
PAY000528,C000128,2026-07-29,499,WALLET,REFUNDED
PAY000529,C000428,2025-12-17,1499,CARD,REFUNDED
PAY000530,C000999,2025-10-03,399,NET_BANKING,SUCCESS
PAY000531,C000017,2026-02-11,999,NET_BANKING,SUCCESS
PAY000532,C000040,2026-01-25,499,UPI,SUCCESS
PAY000533,C000805,2025-11-26,1499,WALLET,FAILED
PAY000534,C000681,2026-03-23,599,NET_BANKING,SUCCESS
PAY000535,C000901,2025-12-30,199,WALLET,FAILED
PAY000536,C000264,2026-02-14,799,NET_BANKING,FAILED
PAY000537,C000911,2026-02-25,299,UPI,SUCCESS
PAY000538,C000504,2026-03-22,199,CARD,PENDING
PAY000539,C000638,2026-04-28,299,CARD,FAILED
PAY000540,C000952,2025-12-31,1499,WALLET,PENDING
PAY000541,C000926,2026-02-05,799,CARD,PENDING
PAY000542,C000028,2025-11-11,199,WALLET,SUCCESS
PAY000543,C000532,2026-09-01,399,WALLET,SUCCESS
PAY000544,C000333,2026-05-02,1499,CARD,REFUNDED
PAY000545,C000135,2026-05-15,499,UPI,PENDING
PAY000546,C000593,2026-04-22,499,NET_BANKING,SUCCESS
PAY000547,C000744,2025-12-01,499,WALLET,SUCCESS
PAY000548,C000920,2026-09-10,299,WALLET,SUCCESS
PAY000549,C000391,2026-09-02,399,WALLET,SUCCESS
PAY000550,C000922,2026-03-31,299,WALLET,SUCCESS
PAY000551,C000899,2025-12-07,499,CARD,FAILED
PAY000552,C000068,2026-02-21,199,NET_BANKING,SUCCESS
PAY000553,C000518,2026-04-07,599,NET_BANKING,REFUNDED
PAY000554,C000588,2026-07-14,299,NET_BANKING,PENDING
PAY000555,C000408,2026-04-24,299,WALLET,SUCCESS
PAY000556,C000667,2026-05-20,499,NET_BANKING,PENDING
PAY000557,C000471,2026-06-04,399,NET_BANKING,FAILED
PAY000558,C000079,2026-01-18,799,NET_BANKING,PENDING
PAY000559,C000472,2026-01-02,199,WALLET,FAILED
PAY000560,C000759,2026-09-21,399,CARD,REFUNDED
PAY000561,C000279,2026-09-02,799,CARD,PENDING
PAY000562,C000937,2025-10-16,999,UPI,SUCCESS
PAY000563,C000540,2026-03-21,399,CARD,REFUNDED
PAY000564,C000771,2025-11-26,999,CARD,PENDING
PAY000565,C000801,2026-07-02,299,UPI,SUCCESS
PAY000566,C000267,2025-09-26,599,UPI,FAILED
PAY000567,C000295,2026-03-23,1499,WALLET,FAILED
PAY000568,C000750,2026-04-10,599,CARD,SUCCESS
PAY000569,C000612,2026-07-26,799,CARD,PENDING
PAY000570,C000176,2025-11-11,399,UPI,PENDING
PAY000571,C000810,2026-04-22,1499,WALLET,REFUNDED
PAY000572,C000512,2026-06-10,299,NET_BANKING,PENDING
PAY000573,C000661,2026-02-05,199,UPI,FAILED
PAY000574,C000206,2026-06-10,1499,NET_BANKING,FAILED
PAY000575,C000249,2025-10-19,1499,WALLET,SUCCESS
PAY000576,C000228,2026-05-14,799,WALLET,PENDING
PAY000577,C000523,2025-10-09,299,NET_BANKING,FAILED
PAY000578,C000994,2026-08-05,999,NET_BANKING,SUCCESS
PAY000579,C000915,2026-01-10,999,CARD,SUCCESS
PAY000580,C000103,2026-04-19,999,CARD,SUCCESS
PAY000581,C000808,2026-03-12,499,NET_BANKING,FAILED
PAY000582,C000065,2026-08-24,999,NET_BANKING,REFUNDED
PAY000583,C000532,2026-08-03,799,NET_BANKING,FAILED
PAY000584,C000048,2026-05-23,199,NET_BANKING,SUCCESS
PAY000585,C000145,2026-04-10,799,WALLET,FAILED
PAY000586,C000624,2026-07-21,199,UPI,PENDING
PAY000587,C000711,2025-11-16,799,NET_BANKING,REFUNDED
PAY000588,C000509,2025-10-17,1499,WALLET,SUCCESS
PAY000589,C000622,2025-12-24,599,NET_BANKING,SUCCESS
PAY000590,C000013,2026-06-25,399,CARD,REFUNDED
PAY000591,C000914,2025-11-02,799,UPI,REFUNDED
PAY000592,C000869,2026-07-29,599,UPI,REFUNDED
PAY000593,C000960,2026-03-26,1499,CARD,FAILED
PAY000594,C000018,2026-05-20,199,UPI,PENDING
PAY000595,C000941,2026-01-01,999,WALLET,PENDING
PAY000596,C000598,2026-07-22,999,WALLET,SUCCESS
PAY000597,C000976,2026-03-20,399,CARD,SUCCESS
PAY000598,C000490,2026-03-23,299,CARD,REFUNDED
PAY000599,C000033,2025-12-19,499,WALLET,SUCCESS
PAY000600,C000129,2025-11-15,399,WALLET,SUCCESS
PAY000601,C000921,2025-12-27,199,NET_BANKING,SUCCESS
PAY000602,C000020,2025-12-12,999,NET_BANKING,SUCCESS
PAY000603,C000258,2025-10-31,399,NET_BANKING,FAILED
PAY000604,C000515,2026-06-28,499,WALLET,SUCCESS
PAY000605,C000951,2025-12-03,799,NET_BANKING,PENDING
PAY000606,C000529,2026-01-19,499,WALLET,PENDING
PAY000607,C000325,2026-04-03,999,UPI,SUCCESS
PAY000608,C000694,2025-11-20,799,WALLET,FAILED
PAY000609,C000490,2026-09-17,299,WALLET,FAILED
PAY000610,C000675,2026-01-30,199,UPI,FAILED
PAY000611,C000759,2026-08-13,199,CARD,SUCCESS
PAY000612,C000252,2026-06-04,199,WALLET,REFUNDED
PAY000613,C000369,2025-12-02,499,UPI,SUCCESS
PAY000614,C000746,2025-11-22,999,CARD,SUCCESS
PAY000615,C000670,2026-08-09,599,WALLET,SUCCESS
PAY000616,C000994,2025-10-12,599,UPI,PENDING
PAY000617,C000823,2026-04-15,1499,UPI,SUCCESS
PAY000618,C000992,2026-09-04,199,NET_BANKING,SUCCESS
PAY000619,C000889,2025-11-17,999,UPI,SUCCESS
PAY000620,C000528,2026-02-13,499,UPI,SUCCESS
PAY000621,C000085,2026-06-03,799,UPI,SUCCESS
PAY000622,C000010,2025-10-12,199,UPI,SUCCESS
PAY000623,C000162,2025-11-08,299,UPI,REFUNDED
PAY000624,C000944,2026-03-14,799,UPI,SUCCESS
PAY000625,C000388,2025-11-20,599,CARD,FAILED
PAY000626,C000892,2026-01-06,399,NET_BANKING,FAILED
PAY000627,C000834,2026-01-02,799,UPI,SUCCESS
PAY000628,C000853,2026-04-19,199,NET_BANKING,REFUNDED
PAY000629,C000621,2026-05-14,599,UPI,FAILED
PAY000630,C000485,2026-02-03,399,NET_BANKING,FAILED
PAY000631,C000187,2025-10-16,199,NET_BANKING,FAILED
PAY000632,C000732,2025-11-09,599,CARD,FAILED
PAY000633,C000650,2026-01-15,999,CARD,FAILED
PAY000634,C000172,2026-09-06,299,UPI,SUCCESS
PAY000635,C000604,2026-01-23,799,UPI,SUCCESS
PAY000636,C000325,2026-04-16,999,NET_BANKING,FAILED
PAY000637,C000940,2026-01-10,799,UPI,PENDING
PAY000638,C000237,2025-11-03,599,CARD,SUCCESS
PAY000639,C000557,2026-08-22,399,UPI,SUCCESS
PAY000640,C000695,2026-04-03,599,UPI,SUCCESS
PAY000641,C000717,2025-11-03,199,UPI,SUCCESS
PAY000642,C000017,2026-03-25,999,UPI,SUCCESS
PAY000643,C000710,2026-01-01,499,CARD,REFUNDED
PAY000644,C000895,2026-09-20,399,NET_BANKING,SUCCESS
PAY000645,C000557,2026-08-21,299,UPI,SUCCESS
PAY000646,C000065,2026-09-19,299,NET_BANKING,FAILED
PAY000647,C000333,2025-12-07,799,CARD,SUCCESS
PAY000648,C000930,2026-09-20,199,NET_BANKING,SUCCESS
PAY000649,C000392,2026-07-24,199,WALLET,FAILED
PAY000650,C000673,2026-06-26,399,NET_BANKING,FAILED
PAY000651,C000126,2026-05-04,799,UPI,SUCCESS
PAY000652,C000646,2026-03-21,599,WALLET,SUCCESS
PAY000653,C000866,2025-11-26,799,WALLET,SUCCESS
PAY000654,C000815,2026-01-24,999,WALLET,PENDING
PAY000655,C000901,2025-11-11,799,UPI,SUCCESS
PAY000656,C000498,2026-01-26,299,CARD,PENDING
PAY000657,C000234,2026-09-12,199,UPI,FAILED
PAY000658,C000438,2026-08-25,1499,NET_BANKING,SUCCESS
PAY000659,C000199,2025-12-03,799,CARD,SUCCESS
PAY000660,C000393,2025-11-12,199,NET_BANKING,SUCCESS
PAY000661,C000937,2025-11-29,1499,NET_BANKING,PENDING
PAY000662,C000761,2026-07-20,499,UPI,SUCCESS
PAY000663,C000470,2026-01-18,499,NET_BANKING,SUCCESS
PAY000664,C000485,2026-05-08,1499,CARD,SUCCESS
PAY000665,C000921,2026-05-19,999,NET_BANKING,PENDING
PAY000666,C000818,2025-11-14,499,CARD,FAILED
PAY000667,C000775,2025-10-01,999,NET_BANKING,FAILED
PAY000668,C000735,2026-04-20,599,WALLET,FAILED
PAY000669,C000175,2026-09-15,799,UPI,SUCCESS
PAY000670,C000593,2026-01-20,199,CARD,SUCCESS
PAY000671,C000624,2025-12-16,799,WALLET,SUCCESS
PAY000672,C000346,2026-06-24,299,NET_BANKING,PENDING
PAY000673,C000015,2025-11-25,399,NET_BANKING,SUCCESS
PAY000674,C000129,2025-10-13,199,NET_BANKING,SUCCESS
PAY000675,C000191,2026-02-17,999,WALLET,REFUNDED
PAY000676,C000139,2025-12-09,499,UPI,PENDING
PAY000677,C000416,2026-02-27,1499,UPI,FAILED
PAY000678,C000206,2026-02-20,299,CARD,SUCCESS
PAY000679,C000539,2026-01-31,1499,NET_BANKING,SUCCESS
PAY000680,C000519,2025-12-24,399,CARD,PENDING
PAY000681,C000923,2025-09-26,499,WALLET,SUCCESS
PAY000682,C000175,2026-09-03,599,CARD,SUCCESS
PAY000683,C000291,2025-11-29,299,NET_BANKING,SUCCESS
PAY000684,C000790,2026-02-08,999,UPI,SUCCESS
PAY000685,C000416,2026-05-21,999,WALLET,FAILED
PAY000686,C000266,2026-09-01,599,UPI,PENDING
PAY000687,C000341,2026-08-02,199,NET_BANKING,SUCCESS
PAY000688,C000543,2026-07-12,1499,UPI,PENDING
PAY000689,C000660,2025-11-26,1499,CARD,REFUNDED
PAY000690,C000834,2026-02-25,799,NET_BANKING,SUCCESS
PAY000691,C000966,2026-07-05,799,UPI,SUCCESS
PAY000692,C000518,2025-12-13,399,NET_BANKING,PENDING
PAY000693,C000571,2026-06-10,199,CARD,SUCCESS
PAY000694,C000334,2026-01-16,999,NET_BANKING,SUCCESS
PAY000695,C000635,2026-04-10,999,UPI,REFUNDED
PAY000696,C000799,2026-07-09,799,CARD,REFUNDED
PAY000697,C000600,2026-07-25,299,WALLET,SUCCESS
PAY000698,C000544,2025-10-11,999,UPI,SUCCESS
PAY000699,C000088,2026-04-29,499,CARD,SUCCESS
PAY000700,C000459,2026-01-31,499,CARD,SUCCESS
PAY000701,C000109,2025-11-26,1499,UPI,SUCCESS
PAY000702,C000522,2026-08-02,999,UPI,SUCCESS
PAY000703,C000875,2026-04-09,299,NET_BANKING,SUCCESS
PAY000704,C000373,2026-08-19,599,CARD,PENDING
PAY000705,C000054,2025-12-15,399,CARD,SUCCESS
PAY000706,C000052,2025-10-21,199,CARD,FAILED
PAY000707,C000673,2026-04-06,999,UPI,REFUNDED
PAY000708,C000256,2026-01-02,199,NET_BANKING,REFUNDED
PAY000709,C000980,2026-04-26,599,UPI,SUCCESS
PAY000710,C000362,2026-01-14,999,WALLET,SUCCESS
PAY000711,C000727,2025-10-24,999,NET_BANKING,PENDING
PAY000712,C000940,2025-10-31,399,CARD,SUCCESS
PAY000713,C000666,2026-08-29,399,CARD,SUCCESS
PAY000714,C000028,2026-03-30,199,NET_BANKING,SUCCESS
PAY000715,C000038,2026-07-24,299,WALLET,SUCCESS
PAY000716,C000844,2026-07-01,299,UPI,FAILED
PAY000717,C000978,2026-02-21,399,UPI,FAILED
PAY000718,C000254,2026-02-08,799,WALLET,FAILED
PAY000719,C000411,2026-04-18,499,UPI,PENDING
PAY000720,C000765,2026-09-07,299,WALLET,FAILED
PAY000721,C000594,2026-08-09,1499,UPI,PENDING
PAY000722,C000096,2026-08-22,1499,WALLET,SUCCESS
PAY000723,C000165,2026-08-14,599,CARD,SUCCESS
PAY000724,C000062,2026-05-27,399,UPI,SUCCESS
PAY000725,C000071,2026-03-24,299,NET_BANKING,SUCCESS
PAY000726,C000493,2025-11-10,299,NET_BANKING,FAILED
PAY000727,C000615,2026-07-20,799,NET_BANKING,SUCCESS
PAY000728,C000958,2026-08-11,299,WALLET,FAILED
PAY000729,C000803,2026-04-01,1499,UPI,PENDING
PAY000730,C000367,2026-08-25,199,CARD,SUCCESS
PAY000731,C000388,2026-05-30,399,NET_BANKING,PENDING
PAY000732,C000178,2026-05-30,299,UPI,REFUNDED
PAY000733,C000513,2025-12-28,799,CARD,SUCCESS
PAY000734,C000640,2026-03-14,799,WALLET,SUCCESS
PAY000735,C000529,2026-09-11,199,NET_BANKING,SUCCESS
PAY000736,C000431,2026-05-30,599,WALLET,PENDING
PAY000737,C000781,2026-07-10,1499,CARD,SUCCESS
PAY000738,C000313,2025-10-23,599,WALLET,REFUNDED
PAY000739,C000781,2026-04-28,599,NET_BANKING,SUCCESS
PAY000740,C000881,2026-07-08,399,WALLET,SUCCESS
PAY000741,C000583,2025-12-23,299,CARD,SUCCESS
PAY000742,C000339,2025-10-28,999,NET_BANKING,SUCCESS
PAY000743,C000868,2026-01-13,199,UPI,PENDING
PAY000744,C000745,2026-04-27,799,NET_BANKING,REFUNDED
PAY000745,C000759,2026-06-29,799,WALLET,FAILED
PAY000746,C000626,2026-03-31,499,UPI,SUCCESS
PAY000747,C000469,2026-03-25,599,UPI,PENDING
PAY000748,C000582,2026-08-22,199,WALLET,FAILED
PAY000749,C000789,2025-10-23,399,NET_BANKING,SUCCESS
PAY000750,C000512,2026-09-07,799,WALLET,REFUNDED
PAY000751,C000242,2026-07-23,299,UPI,PENDING
PAY000752,C000812,2026-06-08,1499,WALLET,REFUNDED
PAY000753,C000813,2026-04-23,599,UPI,SUCCESS
PAY000754,C000847,2026-07-26,999,CARD,PENDING
PAY000755,C000464,2026-03-25,799,UPI,PENDING
PAY000756,C000900,2025-12-11,399,CARD,PENDING
PAY000757,C000850,2026-02-18,1499,UPI,REFUNDED
PAY000758,C000539,2026-04-02,199,NET_BANKING,SUCCESS
PAY000759,C000174,2026-08-17,199,CARD,SUCCESS
PAY000760,C000744,2026-03-05,399,CARD,SUCCESS
PAY000761,C000538,2025-10-26,1499,NET_BANKING,PENDING
PAY000762,C000364,2026-09-09,199,CARD,SUCCESS
PAY000763,C000493,2026-06-06,399,UPI,PENDING
PAY000764,C000323,2025-09-23,999,CARD,REFUNDED
PAY000765,C000902,2025-11-08,299,UPI,SUCCESS
PAY000766,C000687,2026-04-10,999,WALLET,SUCCESS
PAY000767,C000668,2025-12-04,499,NET_BANKING,SUCCESS
PAY000768,C000346,2026-01-29,299,NET_BANKING,SUCCESS
PAY000769,C000521,2026-04-04,399,CARD,REFUNDED
PAY000770,C000125,2025-12-22,199,NET_BANKING,FAILED
PAY000771,C000559,2026-07-27,799,CARD,SUCCESS
PAY000772,C000166,2026-07-20,599,WALLET,REFUNDED
PAY000773,C000051,2025-10-03,399,NET_BANKING,SUCCESS
PAY000774,C000095,2026-04-20,499,CARD,SUCCESS
PAY000775,C000951,2026-02-24,499,NET_BANKING,PENDING
PAY000776,C000766,2025-12-16,999,UPI,SUCCESS
PAY000777,C000258,2026-05-01,399,NET_BANKING,SUCCESS
PAY000778,C000195,2026-04-24,299,WALLET,SUCCESS
PAY000779,C000927,2025-12-04,499,NET_BANKING,SUCCESS
PAY000780,C000189,2026-02-28,399,WALLET,SUCCESS
PAY000781,C000057,2025-10-18,599,UPI,SUCCESS
PAY000782,C000067,2026-09-15,499,UPI,FAILED
PAY000783,C000203,2026-08-12,299,CARD,SUCCESS
PAY000784,C000261,2026-09-08,1499,CARD,REFUNDED
PAY000785,C000721,2026-01-13,799,NET_BANKING,SUCCESS
PAY000786,C000588,2026-03-25,599,NET_BANKING,SUCCESS
PAY000787,C000395,2025-10-13,999,WALLET,PENDING
PAY000788,C000871,2025-10-09,499,UPI,SUCCESS
PAY000789,C000171,2025-10-09,399,WALLET,SUCCESS
PAY000790,C000772,2026-01-16,399,NET_BANKING,SUCCESS
PAY000791,C000423,2026-09-01,499,NET_BANKING,SUCCESS
PAY000792,C000012,2026-07-04,1499,WALLET,FAILED
PAY000793,C000685,2026-08-01,399,NET_BANKING,SUCCESS
PAY000794,C000186,2026-03-07,299,WALLET,REFUNDED
PAY000795,C000961,2026-06-23,799,UPI,SUCCESS
PAY000796,C000384,2025-12-15,599,WALLET,FAILED
PAY000797,C000111,2026-06-12,1499,NET_BANKING,SUCCESS
PAY000798,C000137,2026-09-07,599,WALLET,SUCCESS
PAY000799,C000502,2026-04-30,399,CARD,SUCCESS
PAY000800,C000820,2025-11-03,1499,UPI,FAILED
PAY000801,C000693,2026-06-21,199,CARD,PENDING
PAY000802,C000606,2025-10-04,799,CARD,SUCCESS
PAY000803,C000922,2026-02-12,799,WALLET,REFUNDED
PAY000804,C000853,2026-01-21,499,NET_BANKING,SUCCESS
PAY000805,C000523,2025-11-30,799,NET_BANKING,PENDING
PAY000806,C000610,2025-10-15,599,UPI,SUCCESS
PAY000807,C000425,2025-10-31,399,CARD,SUCCESS
PAY000808,C000708,2026-04-27,799,NET_BANKING,PENDING
PAY000809,C000122,2026-09-21,599,NET_BANKING,SUCCESS
PAY000810,C000090,2026-04-27,299,UPI,SUCCESS
PAY000811,C000719,2026-07-04,199,CARD,REFUNDED
PAY000812,C000064,2026-09-09,299,WALLET,SUCCESS
PAY000813,C000554,2026-02-06,599,UPI,FAILED
PAY000814,C000096,2025-11-02,799,NET_BANKING,FAILED
PAY000815,C000818,2026-05-18,399,NET_BANKING,REFUNDED
PAY000816,C000353,2026-08-26,399,UPI,SUCCESS
PAY000817,C000464,2025-11-09,399,WALLET,SUCCESS
PAY000818,C000451,2026-08-12,399,WALLET,SUCCESS
PAY000819,C000042,2025-11-07,999,NET_BANKING,PENDING
PAY000820,C000379,2026-08-24,1499,CARD,REFUNDED
PAY000821,C000033,2026-04-19,999,WALLET,SUCCESS
PAY000822,C000149,2026-07-07,199,UPI,SUCCESS
PAY000823,C000462,2026-02-17,299,CARD,SUCCESS
PAY000824,C000307,2026-03-09,499,CARD,PENDING
PAY000825,C000497,2026-06-04,199,CARD,SUCCESS
PAY000826,C000867,2026-09-15,799,NET_BANKING,PENDING
PAY000827,C000953,2026-01-07,499,NET_BANKING,SUCCESS
PAY000828,C000533,2026-02-28,799,UPI,REFUNDED
PAY000829,C000384,2025-10-07,599,CARD,REFUNDED
PAY000830,C000921,2026-08-20,799,CARD,SUCCESS
PAY000831,C000761,2026-01-28,999,CARD,REFUNDED
PAY000832,C000453,2026-08-04,299,WALLET,SUCCESS
PAY000833,C000286,2026-05-09,799,CARD,FAILED
PAY000834,C000157,2026-06-19,599,UPI,FAILED
PAY000835,C000612,2026-07-18,499,CARD,FAILED
PAY000836,C000652,2025-10-09,399,NET_BANKING,REFUNDED
PAY000837,C000822,2026-04-23,999,CARD,SUCCESS
PAY000838,C000350,2026-04-05,799,NET_BANKING,SUCCESS
PAY000839,C000229,2026-07-14,399,WALLET,SUCCESS
PAY000840,C000825,2026-08-15,799,NET_BANKING,SUCCESS
PAY000841,C000748,2026-09-11,399,CARD,SUCCESS
PAY000842,C000641,2026-06-02,999,NET_BANKING,REFUNDED
PAY000843,C000307,2026-08-25,599,CARD,SUCCESS
PAY000844,C000502,2026-05-30,799,NET_BANKING,PENDING
PAY000845,C000372,2026-05-31,399,CARD,SUCCESS
PAY000846,C000208,2026-08-07,499,UPI,REFUNDED
PAY000847,C000149,2025-09-28,799,CARD,REFUNDED
PAY000848,C000719,2026-07-31,499,CARD,SUCCESS
PAY000849,C000361,2026-03-29,799,CARD,FAILED
PAY000850,C000619,2026-04-23,999,WALLET,REFUNDED
PAY000851,C000135,2026-07-05,999,WALLET,SUCCESS
PAY000852,C000345,2026-07-27,799,CARD,SUCCESS
PAY000853,C000235,2026-06-19,599,CARD,PENDING
PAY000854,C000375,2026-02-16,999,CARD,FAILED
PAY000855,C000968,2026-01-17,199,NET_BANKING,PENDING
PAY000856,C000456,2025-11-28,599,CARD,SUCCESS
PAY000857,C000792,2026-07-09,399,CARD,SUCCESS
PAY000858,C000334,2026-09-08,599,CARD,SUCCESS
PAY000859,C000481,2026-02-20,399,NET_BANKING,SUCCESS
PAY000860,C000827,2025-10-27,1499,CARD,FAILED
PAY000861,C000405,2026-07-08,799,NET_BANKING,REFUNDED
PAY000862,C000247,2025-12-21,799,WALLET,FAILED
PAY000863,C000798,2026-09-22,799,WALLET,SUCCESS
PAY000864,C000154,2026-08-19,199,CARD,FAILED
PAY000865,C000771,2025-10-06,599,WALLET,SUCCESS
PAY000866,C000153,2026-05-03,599,NET_BANKING,SUCCESS
PAY000867,C000783,2026-08-08,499,CARD,FAILED
PAY000868,C000832,2026-09-14,1499,CARD,PENDING
PAY000869,C000631,2025-11-24,399,UPI,PENDING
PAY000870,C000362,2025-11-28,599,CARD,FAILED
PAY000871,C000999,2025-12-26,199,NET_BANKING,REFUNDED
PAY000872,C000493,2026-03-02,999,WALLET,PENDING
PAY000873,C000468,2026-09-04,399,NET_BANKING,FAILED
PAY000874,C000526,2025-10-09,399,UPI,FAILED
PAY000875,C000743,2025-10-08,499,UPI,SUCCESS
PAY000876,C000768,2026-05-29,399,WALLET,SUCCESS
PAY000877,C000952,2026-03-21,599,WALLET,PENDING
PAY000878,C000560,2026-08-19,799,NET_BANKING,FAILED
PAY000879,C000911,2026-05-31,299,CARD,SUCCESS
PAY000880,C000759,2026-03-02,1499,UPI,PENDING
PAY000881,C000585,2026-06-16,799,CARD,FAILED
PAY000882,C000349,2026-09-12,599,WALLET,FAILED
PAY000883,C000479,2026-05-14,399,WALLET,PENDING
PAY000884,C000904,2025-11-10,399,WALLET,SUCCESS
PAY000885,C000625,2026-02-28,599,WALLET,SUCCESS
PAY000886,C000301,2026-09-17,799,UPI,SUCCESS
PAY000887,C000539,2026-06-14,499,UPI,SUCCESS
PAY000888,C000128,2026-05-08,599,NET_BANKING,SUCCESS
PAY000889,C000454,2026-04-26,299,NET_BANKING,SUCCESS
PAY000890,C000634,2026-03-14,299,UPI,FAILED
PAY000891,C000843,2026-06-08,599,CARD,SUCCESS
PAY000892,C000665,2026-05-29,1499,NET_BANKING,FAILED
PAY000893,C000787,2026-05-11,599,WALLET,SUCCESS
PAY000894,C000990,2026-05-06,199,CARD,SUCCESS
PAY000895,C000803,2025-09-26,499,NET_BANKING,SUCCESS
PAY000896,C000112,2026-08-29,1499,CARD,FAILED
PAY000897,C000614,2025-09-23,299,WALLET,PENDING
PAY000898,C000863,2026-09-05,399,CARD,PENDING
PAY000899,C000077,2026-01-15,1499,WALLET,REFUNDED
PAY000900,C000057,2025-11-12,1499,WALLET,FAILED
PAY000901,C000785,2026-05-25,399,CARD,SUCCESS
PAY000902,C000421,2026-01-18,199,NET_BANKING,SUCCESS
PAY000903,C000118,2026-02-05,199,NET_BANKING,SUCCESS
PAY000904,C000745,2025-11-06,799,UPI,FAILED
PAY000905,C000446,2026-09-11,199,CARD,SUCCESS
PAY000906,C000416,2025-11-03,199,NET_BANKING,SUCCESS
PAY000907,C000019,2026-06-17,599,WALLET,SUCCESS
PAY000908,C000376,2026-06-18,799,WALLET,SUCCESS
PAY000909,C000911,2025-10-20,299,NET_BANKING,PENDING
PAY000910,C000062,2026-06-18,499,WALLET,SUCCESS
PAY000911,C000244,2026-02-16,599,NET_BANKING,FAILED
PAY000912,C000825,2026-08-23,799,WALLET,REFUNDED
PAY000913,C000041,2026-06-03,199,NET_BANKING,SUCCESS
PAY000914,C000238,2026-03-20,499,NET_BANKING,PENDING
PAY000915,C000260,2026-01-30,999,WALLET,SUCCESS
PAY000916,C000264,2026-05-16,299,NET_BANKING,FAILED
PAY000917,C000090,2026-05-25,199,NET_BANKING,SUCCESS
PAY000918,C000285,2026-01-30,299,NET_BANKING,SUCCESS
PAY000919,C000724,2026-03-07,399,CARD,FAILED
PAY000920,C000800,2026-03-08,199,CARD,SUCCESS
PAY000921,C000642,2026-05-31,199,NET_BANKING,REFUNDED
PAY000922,C000299,2026-01-25,199,UPI,REFUNDED
PAY000923,C000820,2026-06-23,1499,NET_BANKING,SUCCESS
PAY000924,C000093,2026-04-19,599,NET_BANKING,SUCCESS
PAY000925,C000782,2026-07-31,499,NET_BANKING,SUCCESS
PAY000926,C000311,2026-03-11,499,CARD,SUCCESS
PAY000927,C000724,2025-11-20,1499,NET_BANKING,SUCCESS
PAY000928,C000733,2026-02-14,299,CARD,FAILED
PAY000929,C000826,2025-11-27,499,UPI,SUCCESS
PAY000930,C000957,2025-11-17,499,CARD,PENDING
PAY000931,C000448,2026-01-01,999,WALLET,REFUNDED
PAY000932,C000272,2026-06-03,299,WALLET,FAILED
PAY000933,C000076,2026-01-14,299,CARD,FAILED
PAY000934,C000785,2026-05-29,399,CARD,REFUNDED
PAY000935,C000020,2026-04-25,399,WALLET,SUCCESS
PAY000936,C000824,2026-02-18,299,WALLET,FAILED
PAY000937,C000575,2025-12-10,799,NET_BANKING,SUCCESS
PAY000938,C000533,2025-12-18,599,NET_BANKING,SUCCESS
PAY000939,C000374,2025-10-20,999,CARD,FAILED
PAY000940,C000317,2026-02-18,799,UPI,SUCCESS
PAY000941,C000564,2026-09-18,199,CARD,FAILED
PAY000942,C000761,2025-12-13,299,UPI,SUCCESS
PAY000943,C000120,2026-06-11,599,CARD,FAILED
PAY000944,C000242,2025-12-04,799,UPI,SUCCESS
PAY000945,C000675,2026-04-09,399,WALLET,SUCCESS
PAY000946,C000891,2025-10-28,299,UPI,REFUNDED
PAY000947,C000628,2026-04-07,399,WALLET,FAILED
PAY000948,C000407,2026-02-24,299,NET_BANKING,FAILED
PAY000949,C000389,2026-06-04,499,NET_BANKING,SUCCESS
PAY000950,C000020,2026-03-31,499,NET_BANKING,SUCCESS
PAY000951,C000979,2026-09-14,1499,UPI,SUCCESS
PAY000952,C000793,2026-06-02,799,WALLET,SUCCESS
PAY000953,C000136,2026-05-14,999,UPI,REFUNDED
PAY000954,C000333,2026-05-16,299,CARD,SUCCESS
PAY000955,C000226,2025-11-15,299,NET_BANKING,REFUNDED
PAY000956,C000047,2025-11-23,599,WALLET,SUCCESS
PAY000957,C000238,2025-10-11,799,CARD,SUCCESS
PAY000958,C000379,2025-12-18,499,NET_BANKING,SUCCESS
PAY000959,C000030,2026-06-02,799,NET_BANKING,SUCCESS
PAY000960,C000019,2025-11-19,199,NET_BANKING,FAILED
PAY000961,C000967,2026-03-04,399,NET_BANKING,SUCCESS
PAY000962,C000779,2025-10-20,999,WALLET,SUCCESS
PAY000963,C000500,2026-08-03,1499,WALLET,PENDING
PAY000964,C000413,2025-12-05,599,NET_BANKING,SUCCESS
PAY000965,C000128,2026-07-04,399,NET_BANKING,SUCCESS
PAY000966,C000517,2026-03-31,299,NET_BANKING,SUCCESS
PAY000967,C000665,2026-02-03,499,CARD,SUCCESS
PAY000968,C000321,2026-05-08,1499,UPI,REFUNDED
PAY000969,C000512,2026-02-05,999,CARD,SUCCESS
PAY000970,C000482,2025-10-05,399,NET_BANKING,SUCCESS
PAY000971,C000202,2026-04-19,799,NET_BANKING,SUCCESS
PAY000972,C000372,2025-12-13,499,CARD,FAILED
PAY000973,C000967,2026-01-05,799,WALLET,SUCCESS
PAY000974,C000296,2026-07-27,399,CARD,FAILED
PAY000975,C000468,2026-05-05,999,UPI,SUCCESS
PAY000976,C000853,2026-08-07,499,WALLET,SUCCESS
PAY000977,C000058,2026-08-05,199,CARD,SUCCESS
PAY000978,C000367,2026-07-16,799,NET_BANKING,FAILED
PAY000979,C000325,2025-10-28,499,CARD,PENDING
PAY000980,C000657,2025-10-11,599,NET_BANKING,REFUNDED
PAY000981,C000541,2025-11-25,599,UPI,SUCCESS
PAY000982,C000497,2026-01-01,299,CARD,SUCCESS
PAY000983,C000898,2026-08-19,1499,UPI,SUCCESS
PAY000984,C000656,2026-06-11,399,CARD,SUCCESS
PAY000985,C000480,2026-06-21,1499,UPI,REFUNDED
PAY000986,C000719,2025-12-01,199,UPI,SUCCESS
PAY000987,C000180,2026-07-15,199,NET_BANKING,REFUNDED
PAY000988,C000858,2025-11-09,499,NET_BANKING,REFUNDED
PAY000989,C000665,2026-07-12,1499,UPI,PENDING
PAY000990,C000108,2026-05-20,599,WALLET,PENDING
PAY000991,C000197,2026-08-25,1499,WALLET,SUCCESS
PAY000992,C000568,2026-06-24,599,NET_BANKING,SUCCESS
PAY000993,C000730,2026-08-17,999,WALLET,SUCCESS
PAY000994,C000831,2026-09-21,499,WALLET,SUCCESS
PAY000995,C000919,2026-01-21,799,NET_BANKING,SUCCESS
PAY000996,C000722,2026-04-05,199,CARD,SUCCESS
PAY000997,C000256,2026-02-16,399,WALLET,SUCCESS
PAY000998,C000682,2026-08-23,1499,NET_BANKING,REFUNDED
PAY000999,C000858,2025-12-27,399,NET_BANKING,FAILED
PAY001000,C000392,2026-09-08,599,NET_BANKING,SUCCESS
PAY001001,C000188,2025-12-12,799,CARD,SUCCESS
PAY001002,C000424,2026-07-08,199,CARD,PENDING
PAY001003,C000793,2026-09-07,999,WALLET,SUCCESS
PAY001004,C000363,2025-12-19,199,UPI,SUCCESS
PAY001005,C000755,2025-10-27,499,WALLET,REFUNDED
PAY001006,C000299,2026-07-07,1499,UPI,SUCCESS
PAY001007,C000208,2026-05-01,1499,NET_BANKING,REFUNDED
PAY001008,C000177,2025-10-19,199,NET_BANKING,PENDING
PAY001009,C000213,2025-11-23,1499,NET_BANKING,REFUNDED
PAY001010,C000962,2026-02-10,999,CARD,FAILED
PAY001011,C000848,2025-10-14,1499,WALLET,SUCCESS
PAY001012,C000595,2026-01-19,599,WALLET,REFUNDED
PAY001013,C000071,2026-02-12,299,WALLET,SUCCESS
PAY001014,C000185,2026-06-04,299,WALLET,SUCCESS
PAY001015,C000365,2026-02-15,599,WALLET,REFUNDED
PAY001016,C000617,2026-05-12,399,CARD,FAILED
PAY001017,C000499,2025-11-30,599,UPI,REFUNDED
PAY001018,C000327,2026-06-16,399,NET_BANKING,SUCCESS
PAY001019,C000984,2026-03-14,999,NET_BANKING,FAILED
PAY001020,C000627,2025-12-05,499,NET_BANKING,SUCCESS
PAY001021,C000276,2026-07-26,299,UPI,PENDING
PAY001022,C000447,2026-01-29,999,WALLET,SUCCESS
PAY001023,C000313,2026-01-30,499,UPI,FAILED
PAY001024,C000667,2026-05-16,599,NET_BANKING,FAILED
PAY001025,C000332,2026-08-14,199,UPI,SUCCESS
PAY001026,C000827,2026-06-02,599,CARD,SUCCESS
PAY001027,C000505,2026-09-09,299,CARD,SUCCESS
PAY001028,C000526,2026-03-07,1499,CARD,FAILED
PAY001029,C000348,2026-06-01,199,WALLET,SUCCESS
PAY001030,C000313,2026-03-05,599,CARD,REFUNDED
PAY001031,C000771,2026-05-09,199,NET_BANKING,REFUNDED
PAY001032,C000085,2026-03-10,499,CARD,SUCCESS
PAY001033,C000756,2026-01-13,499,UPI,SUCCESS
PAY001034,C000513,2025-12-24,499,UPI,REFUNDED
PAY001035,C000737,2025-12-02,499,WALLET,SUCCESS
PAY001036,C000691,2026-05-21,1499,WALLET,SUCCESS
PAY001037,C000873,2026-02-27,999,WALLET,REFUNDED
PAY001038,C000699,2025-12-13,799,CARD,SUCCESS
PAY001039,C000905,2026-04-06,199,NET_BANKING,PENDING
PAY001040,C000978,2026-03-18,999,CARD,PENDING
PAY001041,C000907,2025-10-26,199,UPI,SUCCESS
PAY001042,C000192,2026-06-07,999,WALLET,SUCCESS
PAY001043,C000481,2026-01-07,799,NET_BANKING,SUCCESS
PAY001044,C000659,2026-03-28,199,WALLET,SUCCESS
PAY001045,C000213,2026-05-19,799,UPI,PENDING
PAY001046,C000637,2026-01-22,399,CARD,SUCCESS
PAY001047,C000871,2026-03-14,599,CARD,SUCCESS
PAY001048,C000617,2026-01-08,1499,CARD,SUCCESS
PAY001049,C000397,2026-04-04,1499,NET_BANKING,SUCCESS
PAY001050,C000698,2026-09-15,199,WALLET,SUCCESS
PAY001051,C000917,2026-04-01,399,CARD,SUCCESS
PAY001052,C000641,2025-12-31,399,WALLET,SUCCESS
PAY001053,C000227,2026-04-30,799,NET_BANKING,SUCCESS
PAY001054,C000416,2026-06-29,799,CARD,SUCCESS
PAY001055,C000677,2025-12-01,1499,NET_BANKING,SUCCESS
PAY001056,C000604,2025-11-05,499,WALLET,PENDING
PAY001057,C000806,2026-08-04,799,UPI,SUCCESS
PAY001058,C000617,2026-06-17,999,WALLET,SUCCESS
PAY001059,C000774,2026-07-17,799,CARD,REFUNDED
PAY001060,C000203,2025-10-07,199,CARD,SUCCESS
PAY001061,C000486,2025-11-02,1499,WALLET,SUCCESS
PAY001062,C000501,2026-08-17,999,CARD,SUCCESS
PAY001063,C000245,2026-07-29,599,CARD,SUCCESS
PAY001064,C000159,2026-09-14,1499,UPI,SUCCESS
PAY001065,C000684,2025-09-26,199,WALLET,SUCCESS
PAY001066,C000545,2025-10-22,799,UPI,SUCCESS
PAY001067,C000475,2025-12-08,999,WALLET,FAILED
PAY001068,C000866,2026-05-23,199,NET_BANKING,FAILED
PAY001069,C000108,2026-09-13,399,NET_BANKING,SUCCESS
PAY001070,C000020,2026-02-16,1499,UPI,FAILED
PAY001071,C000672,2026-08-02,599,UPI,SUCCESS
PAY001072,C000017,2026-07-10,799,NET_BANKING,SUCCESS
PAY001073,C000901,2026-08-29,1499,WALLET,FAILED
PAY001074,C000430,2026-06-22,199,CARD,SUCCESS
PAY001075,C000170,2026-09-09,499,WALLET,PENDING
PAY001076,C000183,2026-04-26,199,NET_BANKING,SUCCESS
PAY001077,C000154,2026-08-13,299,WALLET,PENDING
PAY001078,C000263,2026-06-17,599,CARD,FAILED
PAY001079,C000544,2026-01-14,499,NET_BANKING,SUCCESS
PAY001080,C000531,2026-02-17,399,WALLET,SUCCESS
PAY001081,C000113,2026-07-05,199,NET_BANKING,SUCCESS
PAY001082,C000443,2025-12-09,199,CARD,SUCCESS
PAY001083,C000765,2026-05-26,599,WALLET,SUCCESS
PAY001084,C000653,2026-06-26,799,UPI,REFUNDED
PAY001085,C000444,2026-06-13,599,CARD,REFUNDED
PAY001086,C000068,2026-04-14,199,CARD,SUCCESS
PAY001087,C000639,2026-06-03,599,NET_BANKING,REFUNDED
PAY001088,C000689,2026-05-13,399,CARD,REFUNDED
PAY001089,C000624,2025-12-27,299,WALLET,PENDING
PAY001090,C000561,2026-09-04,599,NET_BANKING,SUCCESS
PAY001091,C000494,2025-10-11,299,NET_BANKING,SUCCESS
PAY001092,C000882,2026-05-31,199,UPI,SUCCESS
PAY001093,C000617,2025-10-24,499,UPI,REFUNDED
PAY001094,C000379,2026-04-21,199,CARD,FAILED
PAY001095,C000262,2025-12-13,199,UPI,FAILED
PAY001096,C000417,2025-11-26,1499,CARD,FAILED
PAY001097,C000742,2026-09-05,599,NET_BANKING,REFUNDED
PAY001098,C000396,2026-07-28,799,CARD,FAILED
PAY001099,C000821,2025-10-24,599,CARD,SUCCESS
PAY001100,C000357,2026-05-09,299,CARD,FAILED
PAY001101,C000700,2025-10-25,999,CARD,SUCCESS
PAY001102,C000116,2026-03-01,299,NET_BANKING,SUCCESS
PAY001103,C000043,2025-10-18,399,WALLET,FAILED
PAY001104,C000300,2026-06-22,799,NET_BANKING,SUCCESS
PAY001105,C000142,2026-01-24,1499,WALLET,PENDING
PAY001106,C000506,2026-01-05,299,NET_BANKING,SUCCESS
PAY001107,C000066,2025-12-13,199,WALLET,FAILED
PAY001108,C000791,2026-03-06,599,WALLET,SUCCESS
PAY001109,C000317,2026-06-05,299,NET_BANKING,SUCCESS
PAY001110,C000566,2025-12-05,299,UPI,PENDING
PAY001111,C000024,2026-06-05,999,WALLET,SUCCESS
PAY001112,C000612,2025-11-20,199,NET_BANKING,FAILED
PAY001113,C000343,2026-05-23,199,CARD,SUCCESS
PAY001114,C000160,2026-05-07,199,CARD,REFUNDED
PAY001115,C000236,2026-02-16,1499,UPI,SUCCESS
PAY001116,C000467,2026-03-17,999,CARD,REFUNDED
PAY001117,C000993,2026-01-20,299,WALLET,PENDING
PAY001118,C000258,2026-03-18,599,NET_BANKING,SUCCESS
PAY001119,C000953,2026-08-11,999,WALLET,SUCCESS
PAY001120,C000115,2026-05-20,399,UPI,PENDING
PAY001121,C000752,2026-09-22,1499,UPI,SUCCESS
PAY001122,C000628,2026-08-19,299,NET_BANKING,SUCCESS
PAY001123,C000028,2025-10-04,799,NET_BANKING,SUCCESS
PAY001124,C000926,2026-01-13,499,CARD,SUCCESS
PAY001125,C000393,2026-04-11,399,NET_BANKING,REFUNDED
PAY001126,C000630,2025-10-23,799,UPI,SUCCESS
PAY001127,C000144,2026-03-22,299,UPI,REFUNDED
PAY001128,C000245,2026-08-31,499,NET_BANKING,SUCCESS
PAY001129,C000868,2026-05-30,1499,UPI,FAILED
PAY001130,C000044,2025-10-22,199,NET_BANKING,SUCCESS
PAY001131,C000340,2026-02-07,1499,UPI,PENDING
PAY001132,C000039,2025-11-01,1499,NET_BANKING,REFUNDED
PAY001133,C000349,2025-10-26,499,CARD,SUCCESS
PAY001134,C000240,2026-04-13,499,UPI,FAILED
PAY001135,C000177,2026-01-05,599,UPI,SUCCESS
PAY001136,C000359,2026-07-20,599,NET_BANKING,SUCCESS
PAY001137,C000548,2026-07-15,1499,NET_BANKING,REFUNDED
PAY001138,C000642,2026-02-10,599,NET_BANKING,SUCCESS
PAY001139,C000923,2025-11-05,999,UPI,REFUNDED
PAY001140,C000119,2025-09-29,399,WALLET,SUCCESS
PAY001141,C000124,2026-05-17,599,WALLET,SUCCESS
PAY001142,C000896,2026-04-26,299,NET_BANKING,SUCCESS
PAY001143,C000568,2026-07-27,499,UPI,SUCCESS
PAY001144,C000021,2026-01-16,399,UPI,SUCCESS
PAY001145,C000069,2026-03-16,499,CARD,SUCCESS
PAY001146,C000605,2025-11-29,999,UPI,SUCCESS
PAY001147,C000401,2025-12-04,599,NET_BANKING,PENDING
PAY001148,C000679,2026-01-16,1499,WALLET,SUCCESS
PAY001149,C000676,2025-12-28,199,WALLET,REFUNDED
PAY001150,C000879,2026-06-30,199,CARD,SUCCESS
PAY001151,C000728,2026-02-04,1499,WALLET,SUCCESS
PAY001152,C000340,2025-10-09,999,NET_BANKING,SUCCESS
PAY001153,C000524,2026-04-02,1499,UPI,REFUNDED
PAY001154,C000752,2026-05-15,799,NET_BANKING,REFUNDED
PAY001155,C000120,2025-11-30,499,UPI,PENDING
PAY001156,C000065,2025-10-21,199,CARD,FAILED
PAY001157,C000660,2025-12-29,999,NET_BANKING,FAILED
PAY001158,C000248,2026-02-18,199,UPI,PENDING
PAY001159,C000617,2026-03-27,999,WALLET,REFUNDED
PAY001160,C000149,2026-01-09,1499,WALLET,REFUNDED
PAY001161,C000219,2026-01-10,399,NET_BANKING,FAILED
PAY001162,C000565,2026-08-27,299,UPI,PENDING
PAY001163,C000659,2026-05-14,599,UPI,SUCCESS
PAY001164,C000133,2026-02-01,199,UPI,SUCCESS
PAY001165,C000644,2026-04-04,799,WALLET,REFUNDED
PAY001166,C000102,2026-08-18,199,NET_BANKING,PENDING
PAY001167,C000249,2025-10-31,399,CARD,REFUNDED
PAY001168,C000307,2025-11-11,799,CARD,SUCCESS
PAY001169,C000170,2026-07-01,199,NET_BANKING,SUCCESS
PAY001170,C000173,2026-07-11,299,CARD,SUCCESS
PAY001171,C000936,2026-05-09,1499,WALLET,PENDING
PAY001172,C000954,2026-09-17,599,WALLET,SUCCESS
PAY001173,C000699,2026-01-26,399,CARD,SUCCESS
PAY001174,C000764,2026-09-12,399,WALLET,SUCCESS
PAY001175,C001000,2025-10-30,999,UPI,SUCCESS
PAY001176,C000995,2026-06-01,299,UPI,SUCCESS
PAY001177,C000081,2026-03-12,999,NET_BANKING,SUCCESS
PAY001178,C000634,2026-02-04,599,CARD,REFUNDED
PAY001179,C000052,2026-04-10,499,CARD,SUCCESS
PAY001180,C000307,2026-01-16,499,UPI,PENDING
PAY001181,C000973,2026-01-11,999,CARD,FAILED
PAY001182,C000590,2026-04-13,999,NET_BANKING,SUCCESS
PAY001183,C000208,2026-03-31,1499,CARD,REFUNDED
PAY001184,C000928,2026-07-29,299,WALLET,SUCCESS
PAY001185,C000922,2026-01-21,299,CARD,REFUNDED
PAY001186,C000874,2026-06-04,799,UPI,REFUNDED
PAY001187,C000691,2026-02-04,299,CARD,SUCCESS
PAY001188,C000594,2025-12-19,999,WALLET,SUCCESS
PAY001189,C000585,2026-08-13,299,CARD,PENDING
PAY001190,C000185,2026-06-27,799,CARD,SUCCESS
PAY001191,C000767,2026-06-10,399,UPI,PENDING
PAY001192,C000828,2025-12-09,299,NET_BANKING,SUCCESS
PAY001193,C000430,2025-12-12,1499,NET_BANKING,REFUNDED
PAY001194,C000830,2026-07-26,599,NET_BANKING,REFUNDED
PAY001195,C000798,2025-09-24,1499,CARD,SUCCESS
PAY001196,C000558,2026-05-25,199,NET_BANKING,SUCCESS
PAY001197,C000720,2026-05-13,499,UPI,SUCCESS
PAY001198,C000655,2026-05-02,299,UPI,SUCCESS
PAY001199,C000034,2026-03-09,499,UPI,SUCCESS
PAY001200,C000854,2026-01-10,399,NET_BANKING,SUCCESS
PAY001201,C000567,2026-04-21,1499,UPI,SUCCESS
PAY001202,C000835,2026-06-28,199,UPI,REFUNDED
PAY001203,C000332,2026-05-08,1499,UPI,SUCCESS
PAY001204,C000465,2026-06-16,1499,WALLET,FAILED
PAY001205,C000581,2025-12-25,599,NET_BANKING,REFUNDED
PAY001206,C000756,2026-06-30,799,CARD,SUCCESS
PAY001207,C000448,2025-10-13,1499,UPI,PENDING
PAY001208,C000588,2026-02-22,299,CARD,SUCCESS
PAY001209,C000098,2026-08-21,599,CARD,SUCCESS
PAY001210,C000065,2025-11-27,199,CARD,SUCCESS
PAY001211,C000550,2026-02-23,1499,UPI,SUCCESS
PAY001212,C000843,2026-07-18,499,UPI,SUCCESS
PAY001213,C000949,2026-03-03,999,CARD,SUCCESS
PAY001214,C000798,2026-01-28,199,WALLET,PENDING
PAY001215,C000177,2025-10-23,799,NET_BANKING,SUCCESS
PAY001216,C000223,2025-11-01,199,CARD,FAILED
PAY001217,C000266,2026-06-06,199,WALLET,FAILED
PAY001218,C000967,2026-01-02,599,CARD,SUCCESS
PAY001219,C000140,2026-05-16,1499,CARD,SUCCESS
PAY001220,C000163,2026-06-02,199,NET_BANKING,SUCCESS
PAY001221,C000203,2025-10-15,499,WALLET,FAILED
PAY001222,C000297,2026-01-30,599,NET_BANKING,SUCCESS
PAY001223,C000374,2025-09-29,399,WALLET,REFUNDED
PAY001224,C000635,2026-01-12,499,CARD,SUCCESS
PAY001225,C000040,2026-04-29,299,UPI,FAILED
PAY001226,C000988,2026-04-27,399,UPI,SUCCESS
PAY001227,C000735,2026-05-21,299,CARD,FAILED
PAY001228,C000432,2026-08-03,499,UPI,SUCCESS
PAY001229,C000015,2026-06-11,499,NET_BANKING,PENDING
PAY001230,C000043,2025-10-24,499,UPI,FAILED
PAY001231,C000564,2026-04-19,199,CARD,PENDING
PAY001232,C000855,2026-02-23,499,UPI,SUCCESS
PAY001233,C000296,2026-06-11,599,WALLET,SUCCESS
PAY001234,C000509,2026-04-02,299,UPI,REFUNDED
PAY001235,C000816,2026-01-02,499,CARD,SUCCESS
PAY001236,C000879,2025-11-07,199,CARD,SUCCESS
PAY001237,C000224,2026-08-17,599,WALLET,SUCCESS
PAY001238,C000307,2026-09-16,1499,NET_BANKING,SUCCESS
PAY001239,C000506,2025-09-30,299,CARD,FAILED
PAY001240,C000182,2025-12-26,399,UPI,PENDING
PAY001241,C000751,2025-12-17,999,WALLET,SUCCESS
PAY001242,C000066,2026-07-25,1499,WALLET,FAILED
PAY001243,C000593,2025-12-26,799,CARD,SUCCESS
PAY001244,C000647,2026-09-17,599,WALLET,SUCCESS
PAY001245,C000251,2026-09-21,1499,NET_BANKING,PENDING
PAY001246,C000717,2026-04-30,299,NET_BANKING,SUCCESS
PAY001247,C000859,2026-07-07,799,WALLET,REFUNDED
PAY001248,C000450,2026-04-11,1499,UPI,SUCCESS
PAY001249,C000867,2025-12-03,199,NET_BANKING,PENDING
PAY001250,C000686,2026-09-14,299,NET_BANKING,FAILED
PAY001251,C000283,2025-12-19,499,WALLET,SUCCESS
PAY001252,C000252,2026-02-03,599,CARD,SUCCESS
PAY001253,C000321,2025-11-06,199,UPI,REFUNDED
PAY001254,C000040,2025-11-22,199,NET_BANKING,REFUNDED
PAY001255,C000716,2026-05-02,199,NET_BANKING,SUCCESS
PAY001256,C000351,2026-09-21,499,NET_BANKING,PENDING
PAY001257,C000557,2026-02-13,399,UPI,SUCCESS
PAY001258,C000858,2025-12-22,299,WALLET,SUCCESS
PAY001259,C000502,2025-10-17,799,CARD,FAILED
PAY001260,C000949,2026-07-06,599,UPI,REFUNDED
PAY001261,C000194,2026-07-02,299,WALLET,FAILED
PAY001262,C000189,2025-10-01,999,WALLET,SUCCESS
PAY001263,C000789,2026-06-03,399,NET_BANKING,SUCCESS
PAY001264,C000660,2026-05-20,499,UPI,SUCCESS
PAY001265,C000196,2025-10-05,199,NET_BANKING,FAILED
PAY001266,C000157,2026-05-27,199,CARD,SUCCESS
PAY001267,C000068,2026-03-02,499,NET_BANKING,SUCCESS
PAY001268,C000184,2026-06-03,499,UPI,FAILED
PAY001269,C000715,2025-10-07,999,UPI,REFUNDED
PAY001270,C000162,2026-04-21,999,WALLET,SUCCESS
PAY001271,C000834,2026-07-16,399,NET_BANKING,SUCCESS
PAY001272,C000819,2026-02-14,199,NET_BANKING,FAILED
PAY001273,C000651,2026-06-30,299,CARD,PENDING
PAY001274,C000881,2026-02-11,499,CARD,REFUNDED
PAY001275,C000291,2026-08-03,299,NET_BANKING,SUCCESS
PAY001276,C000655,2026-07-31,799,WALLET,SUCCESS
PAY001277,C000606,2025-11-23,299,UPI,PENDING
PAY001278,C000731,2026-04-27,499,CARD,PENDING
PAY001279,C000416,2025-09-24,599,CARD,SUCCESS
PAY001280,C000059,2026-09-10,599,UPI,SUCCESS
PAY001281,C000333,2026-02-05,499,CARD,REFUNDED
PAY001282,C000509,2025-12-16,799,UPI,REFUNDED
PAY001283,C000456,2026-03-04,299,UPI,REFUNDED
PAY001284,C000791,2026-05-26,199,WALLET,SUCCESS
PAY001285,C000020,2026-07-23,399,NET_BANKING,SUCCESS
PAY001286,C000451,2026-01-19,299,WALLET,SUCCESS
PAY001287,C000010,2025-10-04,799,NET_BANKING,SUCCESS
PAY001288,C000280,2026-03-04,399,WALLET,SUCCESS
PAY001289,C000881,2026-04-04,499,UPI,PENDING
PAY001290,C000647,2026-05-18,199,WALLET,SUCCESS
PAY001291,C000829,2026-03-18,199,CARD,FAILED
PAY001292,C000282,2026-08-27,399,NET_BANKING,PENDING
PAY001293,C000541,2026-03-19,199,WALLET,SUCCESS
PAY001294,C000485,2026-07-11,199,NET_BANKING,PENDING
PAY001295,C000448,2026-03-22,999,CARD,SUCCESS
PAY001296,C000484,2026-05-26,199,WALLET,SUCCESS
PAY001297,C000114,2026-09-12,299,CARD,SUCCESS
PAY001298,C000292,2026-01-11,499,UPI,SUCCESS
PAY001299,C000704,2026-07-31,199,WALLET,SUCCESS
PAY001300,C000437,2025-10-11,599,CARD,SUCCESS
PAY001301,C000282,2026-01-22,399,UPI,REFUNDED
PAY001302,C000905,2026-01-12,1499,NET_BANKING,REFUNDED
PAY001303,C000361,2026-06-01,199,UPI,SUCCESS
PAY001304,C000124,2026-07-02,199,UPI,REFUNDED
PAY001305,C000264,2026-02-13,1499,WALLET,FAILED
PAY001306,C000808,2026-01-11,599,NET_BANKING,SUCCESS
PAY001307,C000030,2026-04-08,999,UPI,PENDING
PAY001308,C000276,2026-07-09,499,UPI,SUCCESS
PAY001309,C000206,2025-11-13,399,UPI,SUCCESS
PAY001310,C000226,2026-07-12,999,WALLET,PENDING
PAY001311,C000502,2025-11-09,499,NET_BANKING,SUCCESS
PAY001312,C000689,2026-02-06,399,NET_BANKING,SUCCESS
PAY001313,C000543,2026-07-26,199,WALLET,SUCCESS
PAY001314,C000881,2026-02-22,499,UPI,FAILED
PAY001315,C000782,2026-07-25,199,CARD,SUCCESS
PAY001316,C000384,2025-09-28,799,UPI,SUCCESS
PAY001317,C000453,2025-11-07,199,WALLET,PENDING
PAY001318,C000891,2025-11-17,499,NET_BANKING,SUCCESS
PAY001319,C000880,2026-01-14,399,UPI,SUCCESS
PAY001320,C000683,2026-08-20,1499,CARD,SUCCESS
PAY001321,C000154,2025-12-08,199,UPI,SUCCESS
PAY001322,C000206,2025-10-25,1499,UPI,SUCCESS
PAY001323,C000387,2026-02-07,599,NET_BANKING,REFUNDED
PAY001324,C000510,2026-04-16,999,UPI,SUCCESS
PAY001325,C000984,2025-10-07,799,WALLET,REFUNDED
PAY001326,C000480,2026-02-20,199,NET_BANKING,SUCCESS
PAY001327,C000873,2025-10-24,799,CARD,SUCCESS
PAY001328,C000089,2026-05-21,399,WALLET,SUCCESS
PAY001329,C000318,2026-06-25,199,UPI,FAILED
PAY001330,C000307,2025-12-27,399,NET_BANKING,REFUNDED
PAY001331,C000718,2025-12-28,799,CARD,REFUNDED
PAY001332,C000832,2025-10-12,799,WALLET,REFUNDED
PAY001333,C000043,2026-09-18,999,WALLET,FAILED
PAY001334,C000576,2026-01-16,499,CARD,FAILED
PAY001335,C000884,2025-11-14,499,CARD,SUCCESS
PAY001336,C000609,2026-04-01,299,CARD,PENDING
PAY001337,C000366,2025-10-17,599,CARD,FAILED
PAY001338,C000744,2026-09-21,599,UPI,SUCCESS
PAY001339,C000553,2026-02-22,199,WALLET,PENDING
PAY001340,C000901,2026-03-22,1499,UPI,REFUNDED
PAY001341,C000497,2025-12-11,799,NET_BANKING,PENDING
PAY001342,C000715,2026-03-02,1499,UPI,SUCCESS
PAY001343,C000652,2026-03-19,499,UPI,REFUNDED
PAY001344,C000285,2026-02-10,999,CARD,FAILED
PAY001345,C000641,2026-04-30,399,WALLET,PENDING
PAY001346,C000738,2026-09-12,199,WALLET,PENDING
PAY001347,C000952,2026-08-26,799,UPI,SUCCESS
PAY001348,C000829,2025-10-30,1499,NET_BANKING,FAILED
PAY001349,C000686,2026-01-08,299,CARD,SUCCESS
PAY001350,C000084,2025-10-12,299,UPI,FAILED
PAY001351,C000675,2026-07-18,499,WALLET,SUCCESS
PAY001352,C000791,2025-12-31,599,UPI,PENDING
PAY001353,C000878,2025-12-13,799,UPI,SUCCESS
PAY001354,C000008,2025-09-26,1499,CARD,SUCCESS
PAY001355,C000622,2025-09-27,1499,WALLET,FAILED
PAY001356,C000445,2025-11-14,799,WALLET,PENDING
PAY001357,C000434,2026-09-15,1499,NET_BANKING,SUCCESS
PAY001358,C000159,2026-01-15,299,WALLET,SUCCESS
PAY001359,C000703,2026-09-04,499,CARD,SUCCESS
PAY001360,C000799,2026-03-02,499,NET_BANKING,PENDING
PAY001361,C000461,2026-02-22,499,CARD,SUCCESS
PAY001362,C000363,2026-04-19,1499,UPI,SUCCESS
PAY001363,C000925,2026-08-22,399,NET_BANKING,PENDING
PAY001364,C000677,2026-06-30,1499,UPI,SUCCESS
PAY001365,C000138,2026-01-26,399,NET_BANKING,SUCCESS
PAY001366,C000040,2026-04-09,1499,NET_BANKING,PENDING
PAY001367,C000534,2025-10-12,999,NET_BANKING,PENDING
PAY001368,C000195,2026-02-17,399,WALLET,PENDING
PAY001369,C000817,2025-12-14,199,CARD,SUCCESS
PAY001370,C000621,2026-05-12,399,WALLET,SUCCESS
PAY001371,C000348,2025-11-30,199,CARD,SUCCESS
PAY001372,C000068,2026-09-16,199,UPI,SUCCESS
PAY001373,C000510,2026-07-20,999,WALLET,SUCCESS
PAY001374,C000684,2026-05-18,399,WALLET,REFUNDED
PAY001375,C000895,2026-01-07,199,UPI,FAILED
PAY001376,C000293,2026-08-09,299,UPI,FAILED
PAY001377,C000271,2026-04-18,499,CARD,SUCCESS
PAY001378,C000539,2026-06-28,299,NET_BANKING,SUCCESS
PAY001379,C000790,2026-02-28,799,NET_BANKING,FAILED
PAY001380,C000361,2025-10-27,799,NET_BANKING,SUCCESS
PAY001381,C000382,2026-04-02,999,NET_BANKING,SUCCESS
PAY001382,C000157,2026-04-17,799,UPI,SUCCESS
PAY001383,C000347,2025-12-25,399,NET_BANKING,SUCCESS
PAY001384,C000740,2026-02-20,199,CARD,SUCCESS
PAY001385,C000154,2026-01-14,199,CARD,FAILED
PAY001386,C000035,2025-11-30,799,NET_BANKING,SUCCESS
PAY001387,C000160,2026-01-04,599,NET_BANKING,PENDING
PAY001388,C000643,2026-06-10,999,UPI,SUCCESS
PAY001389,C000766,2026-09-08,399,NET_BANKING,SUCCESS
PAY001390,C000918,2026-02-01,299,WALLET,PENDING
PAY001391,C000844,2026-01-17,999,CARD,FAILED
PAY001392,C000795,2026-02-13,299,UPI,SUCCESS
PAY001393,C000556,2025-11-21,299,CARD,FAILED
PAY001394,C000924,2026-09-10,1499,CARD,SUCCESS
PAY001395,C000540,2025-10-25,999,UPI,SUCCESS
PAY001396,C000187,2026-03-28,199,CARD,REFUNDED
PAY001397,C000200,2026-09-05,1499,CARD,SUCCESS
PAY001398,C000955,2026-05-11,599,NET_BANKING,SUCCESS
PAY001399,C000481,2025-12-08,1499,NET_BANKING,SUCCESS
PAY001400,C000297,2026-05-27,599,WALLET,SUCCESS
PAY001401,C000680,2026-08-24,1499,WALLET,PENDING
PAY001402,C000153,2025-11-08,499,CARD,REFUNDED
PAY001403,C000606,2026-03-24,599,CARD,SUCCESS
PAY001404,C000977,2026-02-27,499,WALLET,SUCCESS
PAY001405,C000402,2026-03-26,499,CARD,PENDING
PAY001406,C000628,2026-02-19,399,WALLET,SUCCESS
PAY001407,C000017,2026-09-05,399,UPI,SUCCESS
PAY001408,C000172,2026-07-29,999,UPI,REFUNDED
PAY001409,C000394,2026-04-14,599,CARD,PENDING
PAY001410,C000451,2026-04-09,199,UPI,SUCCESS
PAY001411,C000740,2026-05-09,999,UPI,SUCCESS
PAY001412,C000376,2026-04-16,399,WALLET,SUCCESS
PAY001413,C000020,2026-01-09,199,NET_BANKING,SUCCESS
PAY001414,C000834,2026-01-14,399,CARD,PENDING
PAY001415,C000282,2025-12-14,499,WALLET,FAILED
PAY001416,C000863,2026-02-13,799,WALLET,PENDING
PAY001417,C000399,2026-02-15,199,WALLET,SUCCESS
PAY001418,C000515,2026-02-23,199,UPI,SUCCESS
PAY001419,C000212,2026-02-19,199,UPI,SUCCESS
PAY001420,C000379,2026-06-30,599,NET_BANKING,SUCCESS
PAY001421,C000826,2026-01-16,199,NET_BANKING,REFUNDED
PAY001422,C000609,2026-06-20,299,WALLET,SUCCESS
PAY001423,C000165,2026-08-10,499,WALLET,SUCCESS
PAY001424,C000559,2026-01-30,1499,UPI,REFUNDED
PAY001425,C000101,2026-08-15,799,UPI,SUCCESS
PAY001426,C000878,2026-01-22,1499,UPI,SUCCESS
PAY001427,C000931,2026-02-11,599,NET_BANKING,SUCCESS
PAY001428,C000025,2025-10-31,299,WALLET,FAILED
PAY001429,C000933,2026-05-14,1499,WALLET,REFUNDED
PAY001430,C000079,2026-03-30,599,WALLET,SUCCESS
PAY001431,C000674,2026-05-11,399,CARD,SUCCESS
PAY001432,C000892,2026-09-11,299,UPI,PENDING
PAY001433,C000982,2026-01-16,499,WALLET,FAILED
PAY001434,C000589,2026-08-04,799,NET_BANKING,SUCCESS
PAY001435,C000421,2026-02-14,499,UPI,PENDING
PAY001436,C000319,2026-05-01,399,WALLET,SUCCESS
PAY001437,C000946,2026-04-08,999,CARD,SUCCESS
PAY001438,C000356,2026-02-25,399,WALLET,REFUNDED
PAY001439,C000523,2025-12-21,799,UPI,PENDING
PAY001440,C000483,2026-04-18,399,NET_BANKING,FAILED
PAY001441,C000271,2026-06-19,999,CARD,SUCCESS
PAY001442,C000454,2026-04-11,299,WALLET,REFUNDED
PAY001443,C000562,2026-01-05,399,WALLET,SUCCESS
PAY001444,C000741,2026-06-23,799,UPI,SUCCESS
PAY001445,C000353,2026-05-23,799,CARD,SUCCESS
PAY001446,C000759,2026-01-27,299,NET_BANKING,SUCCESS
PAY001447,C000161,2025-11-07,999,WALLET,REFUNDED
PAY001448,C000141,2026-04-18,1499,NET_BANKING,REFUNDED
PAY001449,C000670,2026-05-31,299,NET_BANKING,SUCCESS
PAY001450,C000689,2025-11-30,199,UPI,SUCCESS
PAY001451,C000657,2026-04-15,299,NET_BANKING,SUCCESS
PAY001452,C000223,2026-01-28,499,NET_BANKING,SUCCESS
PAY001453,C000270,2026-06-23,499,WALLET,SUCCESS
PAY001454,C000491,2025-10-28,1499,WALLET,PENDING
PAY001455,C000773,2025-09-23,199,WALLET,SUCCESS
PAY001456,C000128,2025-12-27,999,UPI,SUCCESS
PAY001457,C000923,2025-11-21,599,NET_BANKING,SUCCESS
PAY001458,C000358,2026-07-19,299,CARD,SUCCESS
PAY001459,C000431,2026-01-18,1499,CARD,SUCCESS
PAY001460,C000577,2025-11-12,999,CARD,SUCCESS
PAY001461,C000112,2026-07-14,499,UPI,SUCCESS
PAY001462,C000597,2026-08-12,599,UPI,PENDING
PAY001463,C000506,2026-04-11,299,UPI,SUCCESS
PAY001464,C000273,2025-10-13,999,NET_BANKING,SUCCESS
PAY001465,C000451,2026-07-19,999,NET_BANKING,SUCCESS
PAY001466,C000646,2025-11-27,599,CARD,SUCCESS
PAY001467,C000324,2026-05-31,399,UPI,SUCCESS
PAY001468,C000689,2026-05-05,1499,CARD,SUCCESS
PAY001469,C000603,2026-01-09,1499,WALLET,REFUNDED
PAY001470,C000304,2025-11-26,799,UPI,SUCCESS
PAY001471,C000640,2026-06-18,199,CARD,REFUNDED
PAY001472,C000313,2025-10-29,799,CARD,FAILED
PAY001473,C000664,2026-03-05,999,WALLET,FAILED
PAY001474,C000011,2026-08-15,399,WALLET,SUCCESS
PAY001475,C000188,2025-10-11,799,NET_BANKING,SUCCESS
PAY001476,C000430,2025-12-16,499,UPI,SUCCESS
PAY001477,C000149,2025-10-10,399,WALLET,SUCCESS
PAY001478,C000448,2025-11-24,299,NET_BANKING,FAILED
PAY001479,C000421,2025-12-12,299,UPI,SUCCESS
PAY001480,C000456,2025-12-16,199,WALLET,SUCCESS
PAY001481,C000018,2026-07-19,799,NET_BANKING,SUCCESS
PAY001482,C000385,2026-05-31,799,UPI,SUCCESS
PAY001483,C000560,2026-08-24,399,UPI,SUCCESS
PAY001484,C000221,2026-03-16,399,UPI,SUCCESS
PAY001485,C000515,2026-07-28,199,NET_BANKING,SUCCESS
PAY001486,C000118,2026-06-24,599,WALLET,REFUNDED
PAY001487,C000583,2025-10-11,599,UPI,SUCCESS
PAY001488,C000214,2025-11-24,599,CARD,REFUNDED
PAY001489,C000065,2026-08-05,499,WALLET,REFUNDED
PAY001490,C000424,2026-03-18,599,NET_BANKING,SUCCESS
PAY001491,C000929,2026-06-20,499,CARD,SUCCESS
PAY001492,C000902,2026-09-15,1499,UPI,FAILED
PAY001493,C000464,2026-06-18,199,CARD,SUCCESS
PAY001494,C000991,2026-07-13,199,UPI,SUCCESS
PAY001495,C000410,2026-08-03,599,NET_BANKING,SUCCESS
PAY001496,C000787,2026-02-11,999,WALLET,FAILED
PAY001497,C000180,2026-03-20,999,NET_BANKING,SUCCESS
PAY001498,C000909,2026-01-28,199,UPI,SUCCESS
PAY001499,C000484,2025-10-09,1499,CARD,SUCCESS
PAY001500,C000221,2026-07-13,599,CARD,PENDING
PAY001501,C000539,2026-03-10,199,UPI,REFUNDED
PAY001502,C000987,2026-04-12,599,WALLET,SUCCESS
PAY001503,C000453,2025-09-27,299,NET_BANKING,FAILED
PAY001504,C000751,2026-03-28,1499,WALLET,REFUNDED
PAY001505,C000466,2026-03-07,599,NET_BANKING,SUCCESS
PAY001506,C000122,2026-05-04,599,NET_BANKING,SUCCESS
PAY001507,C000701,2025-11-06,1499,NET_BANKING,REFUNDED
PAY001508,C000654,2025-11-12,599,WALLET,PENDING
PAY001509,C000046,2026-08-29,499,CARD,REFUNDED
PAY001510,C000580,2026-07-31,599,UPI,PENDING
PAY001511,C000162,2026-06-19,399,UPI,FAILED
PAY001512,C000976,2026-03-25,299,UPI,REFUNDED
PAY001513,C000917,2026-07-15,399,UPI,SUCCESS
PAY001514,C000908,2025-11-27,199,UPI,REFUNDED
PAY001515,C000821,2026-05-05,299,UPI,REFUNDED
PAY001516,C000871,2026-04-16,799,NET_BANKING,SUCCESS
PAY001517,C000369,2026-04-04,799,WALLET,SUCCESS
PAY001518,C000211,2026-02-15,999,CARD,SUCCESS
PAY001519,C000522,2026-07-19,599,UPI,SUCCESS
PAY001520,C000910,2026-06-11,399,WALLET,SUCCESS
PAY001521,C000103,2026-05-17,599,UPI,PENDING
PAY001522,C000773,2026-01-29,799,NET_BANKING,SUCCESS
PAY001523,C000982,2026-06-19,999,UPI,REFUNDED
PAY001524,C000232,2026-02-07,799,NET_BANKING,REFUNDED
PAY001525,C000628,2026-05-02,799,CARD,SUCCESS
PAY001526,C000263,2026-08-23,599,NET_BANKING,FAILED
PAY001527,C000184,2025-11-29,499,WALLET,SUCCESS
PAY001528,C000998,2026-02-11,1499,UPI,REFUNDED
PAY001529,C000710,2026-09-13,999,WALLET,SUCCESS
PAY001530,C000139,2026-09-05,999,CARD,REFUNDED
PAY001531,C000632,2026-09-04,299,NET_BANKING,SUCCESS
PAY001532,C000600,2025-11-08,199,CARD,FAILED
PAY001533,C000419,2025-10-10,799,WALLET,REFUNDED
PAY001534,C000833,2026-03-21,799,NET_BANKING,PENDING
PAY001535,C000098,2026-01-13,499,WALLET,PENDING
PAY001536,C000427,2025-12-01,199,CARD,SUCCESS
PAY001537,C000069,2026-04-23,999,CARD,SUCCESS
PAY001538,C000691,2025-11-24,199,NET_BANKING,SUCCESS
PAY001539,C000636,2026-04-06,999,NET_BANKING,PENDING
PAY001540,C000386,2025-12-15,199,NET_BANKING,FAILED
PAY001541,C000695,2026-03-23,799,WALLET,PENDING
PAY001542,C000379,2026-03-06,599,CARD,REFUNDED
PAY001543,C000763,2026-07-06,599,CARD,SUCCESS
PAY001544,C000925,2025-12-15,199,CARD,REFUNDED
PAY001545,C000114,2026-01-11,399,UPI,SUCCESS
PAY001546,C000450,2026-06-03,299,UPI,REFUNDED
PAY001547,C000779,2026-04-06,599,NET_BANKING,SUCCESS
PAY001548,C000251,2025-12-09,499,NET_BANKING,PENDING
PAY001549,C000104,2026-05-20,599,WALLET,SUCCESS
PAY001550,C000891,2026-05-01,299,UPI,REFUNDED
PAY001551,C000808,2025-10-31,1499,NET_BANKING,PENDING
PAY001552,C000473,2026-08-28,499,UPI,FAILED
PAY001553,C000905,2026-08-03,199,UPI,SUCCESS
PAY001554,C000162,2026-06-21,399,NET_BANKING,SUCCESS
PAY001555,C000365,2026-01-31,399,WALLET,SUCCESS
PAY001556,C000373,2025-12-20,399,CARD,FAILED
PAY001557,C000176,2025-11-25,199,WALLET,SUCCESS
PAY001558,C000758,2026-04-13,999,WALLET,PENDING
PAY001559,C000256,2026-01-03,1499,WALLET,FAILED
PAY001560,C000335,2026-01-11,999,WALLET,SUCCESS
PAY001561,C000445,2026-08-24,499,WALLET,SUCCESS
PAY001562,C000349,2026-02-09,199,WALLET,FAILED
PAY001563,C000904,2026-06-15,1499,CARD,FAILED
PAY001564,C000441,2026-05-24,199,NET_BANKING,REFUNDED
PAY001565,C000660,2025-12-15,299,NET_BANKING,SUCCESS
PAY001566,C000051,2026-06-30,1499,UPI,SUCCESS
PAY001567,C000486,2025-11-01,299,NET_BANKING,SUCCESS
PAY001568,C000550,2026-09-18,399,CARD,SUCCESS
PAY001569,C000806,2026-09-09,299,WALLET,PENDING
PAY001570,C000996,2025-10-10,1499,NET_BANKING,SUCCESS
PAY001571,C000101,2025-11-25,199,WALLET,SUCCESS
PAY001572,C000778,2025-10-02,799,WALLET,SUCCESS
PAY001573,C000571,2026-02-10,799,CARD,FAILED
PAY001574,C000574,2026-03-12,499,CARD,SUCCESS
PAY001575,C000492,2026-04-05,799,UPI,REFUNDED
PAY001576,C000256,2025-09-23,599,WALLET,PENDING
PAY001577,C000084,2026-09-18,1499,UPI,SUCCESS
PAY001578,C000755,2026-07-22,499,NET_BANKING,REFUNDED
PAY001579,C000449,2026-04-26,999,CARD,SUCCESS
PAY001580,C000977,2026-08-07,599,UPI,SUCCESS
PAY001581,C000076,2026-08-28,199,NET_BANKING,PENDING
PAY001582,C000091,2025-10-05,999,NET_BANKING,SUCCESS
PAY001583,C000089,2025-10-14,1499,CARD,PENDING
PAY001584,C000136,2025-11-18,999,WALLET,SUCCESS
PAY001585,C000849,2026-01-06,999,CARD,SUCCESS
PAY001586,C000876,2026-09-01,799,WALLET,FAILED
PAY001587,C000284,2026-03-08,999,UPI,SUCCESS
PAY001588,C000450,2026-06-02,399,NET_BANKING,SUCCESS
PAY001589,C000697,2026-03-22,499,NET_BANKING,SUCCESS
PAY001590,C000126,2026-02-04,999,UPI,SUCCESS
PAY001591,C000979,2025-10-06,499,UPI,SUCCESS
PAY001592,C000414,2026-08-30,1499,UPI,PENDING
PAY001593,C000570,2026-04-15,199,WALLET,SUCCESS
PAY001594,C000300,2026-06-20,799,WALLET,SUCCESS
PAY001595,C000064,2026-07-21,199,CARD,PENDING
PAY001596,C000015,2026-04-13,199,WALLET,PENDING
PAY001597,C000247,2026-04-04,599,NET_BANKING,SUCCESS
PAY001598,C000623,2026-08-05,399,UPI,SUCCESS
PAY001599,C000516,2026-01-06,1499,WALLET,SUCCESS
PAY001600,C000058,2025-10-06,999,UPI,REFUNDED
PAY001601,C000195,2025-10-15,199,WALLET,PENDING
PAY001602,C000936,2026-02-26,999,UPI,SUCCESS
PAY001603,C000878,2025-10-05,199,CARD,PENDING
PAY001604,C000021,2025-11-12,599,CARD,REFUNDED
PAY001605,C000678,2026-01-21,199,WALLET,SUCCESS
PAY001606,C000178,2026-07-10,1499,WALLET,PENDING
PAY001607,C000258,2026-06-13,499,CARD,SUCCESS
PAY001608,C000745,2025-10-25,399,WALLET,SUCCESS
PAY001609,C000936,2026-04-06,799,UPI,SUCCESS
PAY001610,C000079,2025-10-14,199,CARD,SUCCESS
PAY001611,C000138,2026-06-30,599,NET_BANKING,FAILED
PAY001612,C000083,2025-12-24,399,CARD,SUCCESS
PAY001613,C000567,2026-01-10,299,UPI,REFUNDED
PAY001614,C000468,2026-03-03,1499,CARD,SUCCESS
PAY001615,C000218,2026-06-27,999,UPI,SUCCESS
PAY001616,C000640,2026-06-07,299,WALLET,PENDING
PAY001617,C000659,2026-01-31,799,CARD,REFUNDED
PAY001618,C000386,2026-07-31,399,UPI,FAILED
PAY001619,C000372,2025-12-07,799,WALLET,SUCCESS
PAY001620,C000373,2025-12-23,1499,NET_BANKING,SUCCESS
PAY001621,C000272,2026-07-28,499,UPI,SUCCESS
PAY001622,C000068,2025-12-17,399,NET_BANKING,PENDING
PAY001623,C000780,2026-01-20,999,NET_BANKING,PENDING
PAY001624,C000895,2026-01-23,599,WALLET,SUCCESS
PAY001625,C000701,2026-03-20,599,NET_BANKING,SUCCESS
PAY001626,C000805,2025-11-25,599,UPI,SUCCESS
PAY001627,C000303,2025-11-29,299,CARD,FAILED
PAY001628,C000996,2026-07-08,399,WALLET,SUCCESS
PAY001629,C000538,2026-05-11,599,WALLET,FAILED
PAY001630,C000732,2026-02-06,399,WALLET,SUCCESS
PAY001631,C000130,2026-06-23,399,CARD,SUCCESS
PAY001632,C000474,2026-01-29,299,CARD,SUCCESS
PAY001633,C000520,2026-05-04,299,NET_BANKING,FAILED
PAY001634,C000266,2026-03-27,1499,CARD,PENDING
PAY001635,C000644,2026-02-12,799,NET_BANKING,SUCCESS
PAY001636,C000544,2026-07-18,299,CARD,PENDING
PAY001637,C000648,2026-02-10,399,NET_BANKING,SUCCESS
PAY001638,C000870,2026-02-07,599,CARD,SUCCESS
PAY001639,C000267,2026-06-19,399,WALLET,SUCCESS
PAY001640,C000751,2026-09-12,399,WALLET,PENDING
PAY001641,C000033,2026-05-24,999,UPI,SUCCESS
PAY001642,C000336,2026-06-22,1499,WALLET,REFUNDED
PAY001643,C000792,2025-12-02,1499,NET_BANKING,SUCCESS
PAY001644,C000143,2026-06-12,499,WALLET,SUCCESS
PAY001645,C000640,2026-04-19,499,NET_BANKING,SUCCESS
PAY001646,C000805,2026-08-07,199,WALLET,PENDING
PAY001647,C000557,2026-01-06,599,WALLET,SUCCESS
PAY001648,C000753,2026-05-28,1499,WALLET,SUCCESS
PAY001649,C000565,2026-06-26,599,CARD,FAILED
PAY001650,C000037,2026-08-12,1499,UPI,PENDING
PAY001651,C000841,2026-01-05,999,WALLET,SUCCESS
PAY001652,C000111,2026-07-20,299,CARD,SUCCESS
PAY001653,C000344,2025-11-03,199,WALLET,SUCCESS
PAY001654,C000379,2025-10-05,999,UPI,SUCCESS
PAY001655,C000169,2026-02-20,999,CARD,PENDING
PAY001656,C000390,2026-03-12,499,WALLET,SUCCESS
PAY001657,C000741,2026-08-19,399,UPI,SUCCESS
PAY001658,C000796,2026-03-30,199,NET_BANKING,PENDING
PAY001659,C000462,2026-09-14,299,CARD,SUCCESS
PAY001660,C000234,2025-11-26,1499,CARD,SUCCESS
PAY001661,C000736,2025-11-09,199,UPI,SUCCESS
PAY001662,C000309,2026-08-26,399,UPI,SUCCESS
PAY001663,C000415,2026-01-07,1499,CARD,SUCCESS
PAY001664,C000234,2026-09-06,599,WALLET,SUCCESS
PAY001665,C000958,2026-08-08,999,UPI,SUCCESS
PAY001666,C000262,2025-10-09,599,CARD,PENDING
PAY001667,C000738,2026-02-02,499,UPI,SUCCESS
PAY001668,C000350,2026-08-27,399,CARD,REFUNDED
PAY001669,C000563,2026-04-06,199,NET_BANKING,REFUNDED
PAY001670,C000914,2026-08-30,799,UPI,SUCCESS
PAY001671,C000675,2026-02-13,399,WALLET,SUCCESS
PAY001672,C000214,2026-09-04,799,UPI,SUCCESS
PAY001673,C000120,2025-12-23,599,UPI,PENDING
PAY001674,C000329,2025-10-24,199,NET_BANKING,SUCCESS
PAY001675,C000651,2025-12-20,999,UPI,SUCCESS
PAY001676,C000790,2026-02-14,799,UPI,SUCCESS
PAY001677,C000670,2026-02-20,1499,CARD,SUCCESS
PAY001678,C000604,2025-10-09,199,WALLET,PENDING
PAY001679,C000917,2025-11-18,599,NET_BANKING,SUCCESS
PAY001680,C000685,2026-06-26,1499,NET_BANKING,SUCCESS
PAY001681,C000556,2026-08-16,399,WALLET,SUCCESS
PAY001682,C000891,2025-11-26,399,UPI,SUCCESS
PAY001683,C000463,2026-06-22,999,NET_BANKING,REFUNDED
PAY001684,C000556,2026-07-26,799,NET_BANKING,FAILED
PAY001685,C000236,2026-06-16,1499,CARD,PENDING
PAY001686,C000053,2026-07-28,799,NET_BANKING,SUCCESS
PAY001687,C000645,2025-10-05,999,UPI,REFUNDED
PAY001688,C000245,2026-06-22,599,CARD,FAILED
PAY001689,C000072,2026-05-12,499,UPI,SUCCESS
PAY001690,C000938,2026-06-25,599,NET_BANKING,PENDING
PAY001691,C000421,2026-07-21,399,UPI,PENDING
PAY001692,C000014,2026-03-16,299,UPI,FAILED
PAY001693,C000730,2025-10-10,299,NET_BANKING,SUCCESS
PAY001694,C000467,2026-01-13,1499,WALLET,REFUNDED
PAY001695,C000298,2025-11-01,599,WALLET,SUCCESS
PAY001696,C000539,2025-12-07,999,NET_BANKING,REFUNDED
PAY001697,C000819,2026-09-01,299,WALLET,SUCCESS
PAY001698,C000059,2026-08-29,399,UPI,FAILED
PAY001699,C000058,2026-01-25,599,UPI,SUCCESS
PAY001700,C000302,2025-10-16,499,NET_BANKING,PENDING
PAY001701,C000476,2026-04-11,199,CARD,SUCCESS
PAY001702,C000669,2026-06-16,999,UPI,PENDING
PAY001703,C000431,2026-07-16,399,WALLET,SUCCESS
PAY001704,C000887,2025-10-15,799,NET_BANKING,SUCCESS
PAY001705,C000725,2026-05-07,199,NET_BANKING,SUCCESS
PAY001706,C000539,2025-10-13,499,NET_BANKING,SUCCESS
PAY001707,C000808,2026-01-30,399,NET_BANKING,PENDING
PAY001708,C000130,2026-08-02,1499,NET_BANKING,FAILED
PAY001709,C000735,2026-04-04,299,NET_BANKING,REFUNDED
PAY001710,C000318,2025-11-11,199,NET_BANKING,SUCCESS
PAY001711,C000259,2025-12-23,599,CARD,SUCCESS
PAY001712,C000882,2025-09-23,199,CARD,SUCCESS
PAY001713,C000021,2026-04-12,499,UPI,PENDING
PAY001714,C000503,2026-02-15,999,UPI,SUCCESS
PAY001715,C000362,2025-11-13,599,WALLET,SUCCESS
PAY001716,C000419,2025-12-27,799,CARD,FAILED
PAY001717,C000803,2026-04-12,799,WALLET,FAILED
PAY001718,C000326,2026-01-04,399,CARD,SUCCESS
PAY001719,C000956,2026-07-28,199,CARD,PENDING
PAY001720,C000494,2026-06-09,499,UPI,SUCCESS
PAY001721,C000578,2026-03-01,199,WALLET,SUCCESS
PAY001722,C000658,2026-03-19,1499,CARD,REFUNDED
PAY001723,C000656,2026-01-30,199,UPI,SUCCESS
PAY001724,C000968,2026-07-04,1499,UPI,SUCCESS
PAY001725,C000089,2026-09-07,399,UPI,PENDING
PAY001726,C000998,2025-12-30,399,WALLET,SUCCESS
PAY001727,C000990,2026-09-05,199,UPI,SUCCESS
PAY001728,C000160,2026-02-12,799,CARD,SUCCESS
PAY001729,C000573,2026-04-16,799,UPI,FAILED
PAY001730,C000986,2026-02-19,299,CARD,PENDING
PAY001731,C000928,2026-05-12,199,WALLET,SUCCESS
PAY001732,C000478,2025-10-24,299,WALLET,SUCCESS
PAY001733,C000452,2026-08-21,1499,UPI,SUCCESS
PAY001734,C000317,2026-06-11,599,WALLET,REFUNDED
PAY001735,C000407,2026-05-02,399,NET_BANKING,REFUNDED
PAY001736,C000020,2025-09-30,299,CARD,SUCCESS
PAY001737,C000725,2025-12-08,999,UPI,SUCCESS
PAY001738,C000510,2026-06-26,399,NET_BANKING,SUCCESS
PAY001739,C000907,2026-02-14,999,UPI,SUCCESS
PAY001740,C000727,2026-05-26,799,WALLET,SUCCESS
PAY001741,C000314,2025-10-11,199,NET_BANKING,SUCCESS
PAY001742,C000982,2026-03-21,499,NET_BANKING,SUCCESS
PAY001743,C000465,2026-03-19,499,CARD,FAILED
PAY001744,C000700,2026-03-25,1499,NET_BANKING,FAILED
PAY001745,C000434,2026-01-29,399,NET_BANKING,SUCCESS
PAY001746,C000794,2026-04-17,999,WALLET,SUCCESS
PAY001747,C000305,2026-01-06,599,WALLET,SUCCESS
PAY001748,C000903,2026-06-03,299,WALLET,SUCCESS
PAY001749,C000144,2026-02-12,199,WALLET,SUCCESS
PAY001750,C000527,2026-06-04,999,WALLET,PENDING
PAY001751,C000628,2026-03-21,999,WALLET,SUCCESS
PAY001752,C000399,2025-12-15,999,CARD,PENDING
PAY001753,C000069,2025-12-12,799,CARD,SUCCESS
PAY001754,C000973,2026-06-16,399,CARD,SUCCESS
PAY001755,C000686,2026-01-22,299,UPI,SUCCESS
PAY001756,C000978,2026-07-04,999,CARD,SUCCESS
PAY001757,C000242,2025-11-08,499,CARD,SUCCESS
PAY001758,C000488,2026-03-10,199,NET_BANKING,SUCCESS
PAY001759,C000687,2026-06-14,299,CARD,SUCCESS
PAY001760,C000657,2026-02-23,599,CARD,SUCCESS
PAY001761,C000385,2025-11-06,599,CARD,REFUNDED
PAY001762,C000993,2026-03-31,1499,NET_BANKING,REFUNDED
PAY001763,C000789,2025-10-27,599,UPI,PENDING
PAY001764,C000900,2025-12-15,299,CARD,REFUNDED
PAY001765,C000556,2026-04-25,199,UPI,SUCCESS
PAY001766,C000585,2026-06-02,999,CARD,SUCCESS
PAY001767,C000462,2026-05-13,1499,WALLET,SUCCESS
PAY001768,C000123,2026-04-20,799,WALLET,SUCCESS
PAY001769,C000510,2026-04-13,399,CARD,SUCCESS
PAY001770,C000686,2026-08-18,199,NET_BANKING,SUCCESS
PAY001771,C000171,2026-06-29,499,NET_BANKING,SUCCESS
PAY001772,C000458,2026-05-01,199,UPI,SUCCESS
PAY001773,C000003,2026-02-01,999,NET_BANKING,SUCCESS
PAY001774,C000589,2026-03-10,1499,NET_BANKING,FAILED
PAY001775,C000810,2026-09-18,199,UPI,SUCCESS
PAY001776,C000969,2026-01-21,1499,UPI,SUCCESS
PAY001777,C000146,2026-07-29,799,WALLET,SUCCESS
PAY001778,C000900,2026-05-18,1499,CARD,SUCCESS
PAY001779,C000733,2026-07-23,1499,CARD,PENDING
PAY001780,C000018,2026-04-05,799,WALLET,PENDING
PAY001781,C000968,2026-05-22,1499,UPI,SUCCESS
PAY001782,C000326,2025-12-08,199,WALLET,SUCCESS
PAY001783,C000132,2025-10-20,399,WALLET,FAILED
PAY001784,C000312,2026-02-22,799,NET_BANKING,FAILED
PAY001785,C000532,2026-09-09,799,NET_BANKING,FAILED
PAY001786,C000552,2025-12-01,199,NET_BANKING,PENDING
PAY001787,C000222,2026-02-12,499,UPI,FAILED
PAY001788,C000174,2025-09-30,999,UPI,FAILED
PAY001789,C000223,2025-10-23,499,CARD,SUCCESS
PAY001790,C000473,2025-10-05,1499,CARD,SUCCESS
PAY001791,C000469,2026-09-02,499,NET_BANKING,FAILED
PAY001792,C000576,2026-03-26,799,UPI,SUCCESS
PAY001793,C000616,2025-10-09,1499,WALLET,REFUNDED
PAY001794,C000899,2026-06-20,1499,CARD,REFUNDED
PAY001795,C000135,2026-07-03,999,UPI,PENDING
PAY001796,C000271,2025-12-26,499,NET_BANKING,FAILED
PAY001797,C000712,2026-08-21,299,CARD,SUCCESS
PAY001798,C000876,2026-05-10,499,CARD,REFUNDED
PAY001799,C000163,2026-04-04,599,WALLET,SUCCESS
PAY001800,C000309,2026-08-25,799,NET_BANKING,PENDING
PAY001801,C000948,2026-01-09,299,CARD,PENDING
PAY001802,C000125,2026-09-05,299,WALLET,REFUNDED
PAY001803,C000772,2025-12-09,1499,UPI,SUCCESS
PAY001804,C000733,2026-08-23,799,CARD,SUCCESS
PAY001805,C000075,2026-02-23,799,UPI,SUCCESS
PAY001806,C000674,2025-11-21,799,WALLET,PENDING
PAY001807,C000584,2025-10-26,499,UPI,SUCCESS
PAY001808,C000064,2026-05-03,799,WALLET,REFUNDED
PAY001809,C000347,2026-08-12,799,UPI,REFUNDED
PAY001810,C000601,2025-12-04,1499,NET_BANKING,FAILED
PAY001811,C000117,2026-08-11,599,WALLET,SUCCESS
PAY001812,C000668,2026-05-30,1499,UPI,SUCCESS
PAY001813,C000542,2026-03-09,599,NET_BANKING,SUCCESS
PAY001814,C000030,2026-05-02,299,WALLET,PENDING
PAY001815,C000822,2026-08-16,599,WALLET,FAILED
PAY001816,C000791,2026-08-29,199,WALLET,FAILED
PAY001817,C000010,2026-06-23,799,UPI,REFUNDED
PAY001818,C000604,2026-08-15,499,NET_BANKING,SUCCESS
PAY001819,C000049,2026-02-05,999,UPI,SUCCESS
PAY001820,C000649,2026-07-14,399,WALLET,REFUNDED
PAY001821,C000818,2026-08-25,799,CARD,PENDING
PAY001822,C000316,2026-02-21,999,WALLET,REFUNDED
PAY001823,C000543,2026-08-13,399,WALLET,SUCCESS
PAY001824,C000621,2026-09-01,599,CARD,SUCCESS
PAY001825,C000641,2025-10-21,599,WALLET,REFUNDED
PAY001826,C000427,2026-08-14,1499,WALLET,REFUNDED
PAY001827,C000863,2026-06-13,799,UPI,SUCCESS
PAY001828,C000739,2025-11-30,799,NET_BANKING,PENDING
PAY001829,C000403,2026-03-19,399,NET_BANKING,SUCCESS
PAY001830,C000526,2026-08-25,299,NET_BANKING,SUCCESS
PAY001831,C000141,2026-03-25,999,CARD,SUCCESS
PAY001832,C000890,2026-07-30,1499,UPI,PENDING
PAY001833,C000180,2026-01-28,1499,WALLET,SUCCESS
PAY001834,C000126,2026-09-13,799,WALLET,SUCCESS
PAY001835,C000941,2026-03-17,599,NET_BANKING,SUCCESS
PAY001836,C000809,2025-11-27,499,CARD,SUCCESS
PAY001837,C000063,2026-02-27,399,CARD,SUCCESS
PAY001838,C000497,2026-03-01,799,NET_BANKING,SUCCESS
PAY001839,C000386,2025-11-18,599,NET_BANKING,SUCCESS
PAY001840,C000144,2026-04-08,1499,NET_BANKING,SUCCESS
PAY001841,C000452,2026-01-03,799,UPI,SUCCESS
PAY001842,C000510,2026-04-18,799,WALLET,PENDING
PAY001843,C000315,2025-12-23,499,NET_BANKING,PENDING
PAY001844,C000719,2026-05-01,399,NET_BANKING,SUCCESS
PAY001845,C000558,2026-06-17,399,CARD,SUCCESS
PAY001846,C000724,2026-06-05,199,WALLET,SUCCESS
PAY001847,C000296,2025-10-29,799,WALLET,REFUNDED
PAY001848,C000705,2025-10-11,499,CARD,SUCCESS
PAY001849,C000334,2026-05-13,599,CARD,SUCCESS
PAY001850,C000823,2026-06-17,199,WALLET,REFUNDED
PAY001851,C000449,2026-05-27,999,NET_BANKING,SUCCESS
PAY001852,C000281,2025-10-20,499,CARD,REFUNDED
PAY001853,C000028,2026-05-09,499,NET_BANKING,SUCCESS
PAY001854,C000133,2026-07-10,799,WALLET,REFUNDED
PAY001855,C000161,2026-09-03,499,CARD,FAILED
PAY001856,C000025,2025-11-18,1499,NET_BANKING,SUCCESS
PAY001857,C000540,2026-05-14,799,WALLET,FAILED
PAY001858,C000511,2026-05-03,799,WALLET,SUCCESS
PAY001859,C000968,2025-10-23,499,CARD,SUCCESS
PAY001860,C000395,2025-11-08,999,WALLET,SUCCESS
PAY001861,C000335,2026-06-12,299,WALLET,PENDING
PAY001862,C000640,2026-01-12,399,CARD,FAILED
PAY001863,C000790,2026-05-08,299,UPI,REFUNDED
PAY001864,C000354,2026-03-19,799,NET_BANKING,REFUNDED
PAY001865,C000862,2025-11-14,599,NET_BANKING,SUCCESS
PAY001866,C000257,2026-02-05,599,WALLET,PENDING
PAY001867,C000981,2026-02-22,999,WALLET,SUCCESS
PAY001868,C000632,2026-09-07,499,WALLET,PENDING
PAY001869,C000793,2026-01-12,499,UPI,PENDING
PAY001870,C000109,2026-08-04,299,WALLET,SUCCESS
PAY001871,C000422,2026-09-21,799,NET_BANKING,REFUNDED
PAY001872,C000930,2026-07-06,599,UPI,SUCCESS
PAY001873,C000532,2026-05-21,199,CARD,SUCCESS
PAY001874,C000816,2026-09-21,199,NET_BANKING,FAILED
PAY001875,C000630,2026-09-18,299,NET_BANKING,SUCCESS
PAY001876,C000720,2026-06-17,299,WALLET,SUCCESS
PAY001877,C000584,2026-02-09,599,WALLET,SUCCESS
PAY001878,C000814,2026-04-03,599,UPI,REFUNDED
PAY001879,C000922,2025-10-07,399,NET_BANKING,SUCCESS
PAY001880,C000858,2026-01-05,399,WALLET,SUCCESS
PAY001881,C000229,2025-11-10,499,CARD,SUCCESS
PAY001882,C000139,2026-02-05,499,WALLET,SUCCESS
PAY001883,C000638,2026-01-07,499,UPI,FAILED
PAY001884,C000641,2026-03-10,1499,UPI,SUCCESS
PAY001885,C000939,2026-06-24,999,UPI,SUCCESS
PAY001886,C000529,2025-10-07,799,UPI,PENDING
PAY001887,C000674,2026-06-16,599,WALLET,SUCCESS
PAY001888,C000429,2026-02-26,599,UPI,SUCCESS
PAY001889,C000785,2025-11-13,299,CARD,REFUNDED
PAY001890,C000141,2026-02-04,599,WALLET,SUCCESS
PAY001891,C000134,2025-12-20,399,WALLET,PENDING
PAY001892,C000528,2026-06-09,199,CARD,SUCCESS
PAY001893,C000577,2025-11-20,599,CARD,SUCCESS
PAY001894,C000515,2026-07-01,299,CARD,SUCCESS
PAY001895,C000067,2026-07-30,999,WALLET,SUCCESS
PAY001896,C000613,2026-01-19,599,WALLET,SUCCESS
PAY001897,C000988,2026-09-22,799,UPI,SUCCESS
PAY001898,C000099,2026-06-14,499,WALLET,REFUNDED
PAY001899,C000018,2026-02-07,399,CARD,SUCCESS
PAY001900,C001000,2026-03-05,1499,CARD,PENDING
PAY001901,C000543,2026-06-14,199,WALLET,FAILED
PAY001902,C000459,2026-07-31,1499,WALLET,PENDING
PAY001903,C000483,2026-02-16,1499,NET_BANKING,SUCCESS
PAY001904,C000779,2026-04-19,599,WALLET,FAILED
PAY001905,C000543,2026-02-24,999,UPI,SUCCESS
PAY001906,C000636,2026-01-14,299,CARD,SUCCESS
PAY001907,C000656,2025-11-18,199,CARD,SUCCESS
PAY001908,C000907,2026-02-17,1499,NET_BANKING,SUCCESS
PAY001909,C000679,2026-07-29,499,UPI,FAILED
PAY001910,C000849,2025-11-23,999,CARD,SUCCESS
PAY001911,C000920,2026-09-16,499,WALLET,SUCCESS
PAY001912,C000275,2025-11-14,999,UPI,SUCCESS
PAY001913,C000821,2026-04-16,599,WALLET,SUCCESS
PAY001914,C000506,2026-05-08,1499,CARD,SUCCESS
PAY001915,C000582,2025-10-29,999,WALLET,SUCCESS
PAY001916,C000253,2026-01-17,1499,CARD,SUCCESS
PAY001917,C000646,2026-09-18,1499,CARD,REFUNDED
PAY001918,C000936,2025-12-05,799,UPI,FAILED
PAY001919,C000697,2026-01-04,599,NET_BANKING,SUCCESS
PAY001920,C000866,2026-06-27,499,CARD,PENDING
PAY001921,C000921,2025-09-30,1499,CARD,FAILED
PAY001922,C000851,2026-02-22,199,WALLET,SUCCESS
PAY001923,C000889,2026-01-27,499,UPI,FAILED
PAY001924,C000976,2026-09-22,799,UPI,SUCCESS
PAY001925,C000572,2026-07-13,299,WALLET,SUCCESS
PAY001926,C000545,2026-04-12,1499,UPI,SUCCESS
PAY001927,C000235,2025-10-08,999,CARD,FAILED
PAY001928,C000593,2026-06-18,799,UPI,REFUNDED
PAY001929,C000364,2026-04-09,399,WALLET,FAILED
PAY001930,C000992,2026-08-18,599,UPI,FAILED
PAY001931,C000777,2026-05-06,599,NET_BANKING,SUCCESS
PAY001932,C000596,2026-06-20,599,NET_BANKING,SUCCESS
PAY001933,C000113,2026-05-29,1499,NET_BANKING,SUCCESS
PAY001934,C000971,2026-05-26,1499,CARD,REFUNDED
PAY001935,C000499,2025-11-05,199,CARD,SUCCESS
PAY001936,C000369,2025-11-07,299,WALLET,SUCCESS
PAY001937,C000439,2026-03-22,999,NET_BANKING,SUCCESS
PAY001938,C000763,2026-02-09,799,NET_BANKING,SUCCESS
PAY001939,C000405,2025-12-29,1499,NET_BANKING,PENDING
PAY001940,C000734,2026-07-22,299,UPI,REFUNDED
PAY001941,C000785,2026-08-05,599,WALLET,SUCCESS
PAY001942,C000380,2026-07-01,299,UPI,SUCCESS
PAY001943,C000395,2026-07-01,799,WALLET,SUCCESS
PAY001944,C000796,2026-05-02,999,UPI,FAILED
PAY001945,C000439,2025-10-18,199,NET_BANKING,SUCCESS
PAY001946,C000954,2025-11-25,999,UPI,SUCCESS
PAY001947,C000287,2026-05-09,1499,NET_BANKING,SUCCESS
PAY001948,C000946,2026-03-24,199,UPI,SUCCESS
PAY001949,C000523,2026-08-12,399,WALLET,REFUNDED
PAY001950,C000753,2025-12-07,499,UPI,REFUNDED
PAY001951,C000315,2026-01-04,399,NET_BANKING,FAILED
PAY001952,C000294,2026-05-07,299,WALLET,SUCCESS
PAY001953,C000360,2025-11-04,599,CARD,PENDING
PAY001954,C000571,2026-05-03,299,NET_BANKING,SUCCESS
PAY001955,C000832,2026-08-18,1499,WALLET,SUCCESS
PAY001956,C000262,2026-04-09,999,CARD,REFUNDED
PAY001957,C000045,2026-08-23,1499,NET_BANKING,SUCCESS
PAY001958,C000672,2026-05-11,499,UPI,SUCCESS
PAY001959,C000177,2026-06-25,199,UPI,SUCCESS
PAY001960,C000628,2025-12-08,299,CARD,SUCCESS
PAY001961,C000126,2026-05-16,799,NET_BANKING,FAILED
PAY001962,C000688,2026-01-14,999,UPI,REFUNDED
PAY001963,C000208,2025-11-15,599,NET_BANKING,SUCCESS
PAY001964,C000656,2025-10-11,399,WALLET,REFUNDED
PAY001965,C000144,2026-02-15,999,WALLET,SUCCESS
PAY001966,C000628,2026-05-15,199,UPI,SUCCESS
PAY001967,C000433,2026-03-12,599,NET_BANKING,REFUNDED
PAY001968,C000291,2025-10-06,799,NET_BANKING,FAILED
PAY001969,C000355,2026-07-23,799,WALLET,SUCCESS
PAY001970,C000183,2026-02-24,199,CARD,SUCCESS
PAY001971,C000633,2026-01-03,399,UPI,SUCCESS
PAY001972,C000168,2026-09-04,1499,WALLET,SUCCESS
PAY001973,C000635,2026-01-24,499,NET_BANKING,SUCCESS
PAY001974,C000150,2026-03-09,999,WALLET,REFUNDED
PAY001975,C000192,2026-06-08,499,NET_BANKING,REFUNDED
PAY001976,C000784,2025-11-22,1499,NET_BANKING,SUCCESS
PAY001977,C000991,2025-10-12,499,NET_BANKING,SUCCESS
PAY001978,C000279,2026-01-21,499,UPI,FAILED
PAY001979,C000187,2026-05-25,599,CARD,SUCCESS
PAY001980,C000036,2026-03-17,399,CARD,REFUNDED
PAY001981,C000929,2026-05-07,199,WALLET,PENDING
PAY001982,C000959,2025-10-02,199,CARD,REFUNDED
PAY001983,C000992,2026-09-07,999,NET_BANKING,SUCCESS
PAY001984,C000307,2026-08-23,499,WALLET,SUCCESS
PAY001985,C000417,2026-01-28,399,CARD,FAILED
PAY001986,C000142,2026-01-09,599,CARD,SUCCESS
PAY001987,C000199,2026-01-21,599,CARD,REFUNDED
PAY001988,C000067,2025-11-03,299,WALLET,FAILED
PAY001989,C000693,2025-11-11,799,NET_BANKING,PENDING
PAY001990,C000596,2026-04-19,399,CARD,SUCCESS
PAY001991,C000986,2026-06-02,999,UPI,SUCCESS
PAY001992,C000494,2026-08-25,299,UPI,PENDING
PAY001993,C000561,2025-11-10,399,CARD,SUCCESS
PAY001994,C000647,2026-07-02,199,WALLET,SUCCESS
PAY001995,C000087,2026-03-28,799,CARD,SUCCESS
PAY001996,C000620,2026-09-09,199,NET_BANKING,REFUNDED
PAY001997,C000064,2025-12-24,1499,NET_BANKING,SUCCESS
PAY001998,C000290,2025-11-27,999,WALLET,REFUNDED
PAY001999,C000374,2026-09-03,999,WALLET,SUCCESS
PAY002000,C000825,2026-01-24,499,NET_BANKING,REFUNDED
PAY002001,C000033,2026-02-11,999,UPI,SUCCESS
PAY002002,C000089,2026-01-25,1499,NET_BANKING,SUCCESS
PAY002003,C000198,2026-06-26,199,NET_BANKING,SUCCESS
PAY002004,C000358,2025-11-16,299,UPI,FAILED
PAY002005,C000574,2025-10-20,299,NET_BANKING,SUCCESS
PAY002006,C000344,2026-08-28,399,WALLET,SUCCESS
PAY002007,C000721,2025-12-26,999,UPI,FAILED
PAY002008,C000004,2026-03-19,299,UPI,SUCCESS
PAY002009,C000781,2025-11-17,1499,UPI,SUCCESS
PAY002010,C000724,2026-04-16,799,UPI,SUCCESS
PAY002011,C000906,2026-04-19,199,UPI,SUCCESS
PAY002012,C000271,2026-01-18,999,CARD,PENDING
PAY002013,C000088,2026-05-24,199,NET_BANKING,FAILED
PAY002014,C000931,2025-10-02,399,UPI,REFUNDED
PAY002015,C000416,2025-11-14,599,WALLET,SUCCESS
PAY002016,C000707,2026-09-01,799,CARD,SUCCESS
PAY002017,C000502,2025-10-06,999,NET_BANKING,REFUNDED
PAY002018,C000246,2026-07-01,199,WALLET,SUCCESS
PAY002019,C000857,2025-10-23,1499,UPI,PENDING
PAY002020,C000158,2026-07-10,1499,UPI,SUCCESS
PAY002021,C000137,2026-08-19,999,NET_BANKING,PENDING
PAY002022,C000158,2026-08-25,299,UPI,SUCCESS
PAY002023,C000966,2025-12-04,299,UPI,SUCCESS
PAY002024,C000545,2026-07-17,499,UPI,FAILED
PAY002025,C000554,2025-11-23,1499,UPI,SUCCESS
PAY002026,C000171,2026-05-30,299,NET_BANKING,SUCCESS
PAY002027,C000483,2026-03-06,199,NET_BANKING,FAILED
PAY002028,C000305,2026-09-15,299,CARD,SUCCESS
PAY002029,C000581,2025-11-12,1499,WALLET,SUCCESS
PAY002030,C000975,2025-11-01,399,NET_BANKING,SUCCESS
PAY002031,C000421,2026-07-06,1499,WALLET,SUCCESS
PAY002032,C000478,2026-05-20,799,NET_BANKING,SUCCESS
PAY002033,C000235,2026-03-10,799,WALLET,SUCCESS
PAY002034,C000769,2025-11-19,1499,UPI,SUCCESS
PAY002035,C000117,2026-06-08,1499,CARD,FAILED
PAY002036,C000866,2025-10-15,499,CARD,SUCCESS
PAY002037,C000413,2026-08-28,999,UPI,FAILED
PAY002038,C000375,2026-09-12,199,WALLET,SUCCESS
PAY002039,C000515,2026-05-14,1499,NET_BANKING,SUCCESS
PAY002040,C000574,2025-10-03,299,UPI,SUCCESS
PAY002041,C000649,2026-09-05,799,CARD,SUCCESS
PAY002042,C000559,2025-09-29,299,WALLET,PENDING
PAY002043,C000832,2026-02-22,299,WALLET,SUCCESS
PAY002044,C000836,2026-01-22,199,NET_BANKING,SUCCESS
PAY002045,C000843,2025-11-28,399,CARD,SUCCESS
PAY002046,C000660,2026-08-09,399,CARD,SUCCESS
PAY002047,C000453,2025-11-19,799,NET_BANKING,SUCCESS
PAY002048,C000367,2026-02-06,399,CARD,REFUNDED
PAY002049,C000230,2026-05-30,299,UPI,PENDING
PAY002050,C000597,2025-11-10,999,WALLET,SUCCESS
PAY002051,C000463,2026-04-11,499,WALLET,PENDING
PAY002052,C000621,2026-05-14,399,NET_BANKING,SUCCESS
PAY002053,C000569,2026-06-24,799,WALLET,REFUNDED
PAY002054,C000188,2026-08-08,399,UPI,SUCCESS
PAY002055,C000143,2026-02-26,599,CARD,SUCCESS
PAY002056,C000823,2026-07-01,499,NET_BANKING,SUCCESS
PAY002057,C000240,2026-01-05,399,CARD,SUCCESS
PAY002058,C000493,2025-11-01,299,NET_BANKING,SUCCESS
PAY002059,C000382,2026-07-27,199,NET_BANKING,SUCCESS
PAY002060,C000738,2026-05-22,199,UPI,SUCCESS
PAY002061,C000361,2025-11-06,299,CARD,SUCCESS
PAY002062,C000476,2025-12-06,399,CARD,SUCCESS
PAY002063,C000573,2026-08-29,999,WALLET,SUCCESS
PAY002064,C000858,2026-03-26,199,UPI,FAILED
PAY002065,C000469,2026-04-06,799,NET_BANKING,SUCCESS
PAY002066,C000286,2026-05-03,299,UPI,SUCCESS
PAY002067,C000438,2025-10-06,599,WALLET,REFUNDED
PAY002068,C000216,2026-06-11,599,UPI,SUCCESS
PAY002069,C000240,2026-07-19,1499,NET_BANKING,SUCCESS
PAY002070,C000399,2026-04-21,799,UPI,SUCCESS
PAY002071,C000785,2026-05-02,499,CARD,REFUNDED
PAY002072,C000440,2026-07-31,1499,NET_BANKING,FAILED
PAY002073,C000006,2026-06-02,799,UPI,REFUNDED
PAY002074,C000997,2026-04-14,999,UPI,SUCCESS
PAY002075,C000649,2025-09-26,399,WALLET,SUCCESS
PAY002076,C000547,2026-07-20,199,UPI,SUCCESS
PAY002077,C000012,2026-08-01,399,WALLET,PENDING
PAY002078,C000095,2026-09-05,499,UPI,SUCCESS
PAY002079,C000236,2025-11-26,999,WALLET,SUCCESS
PAY002080,C000232,2026-06-10,999,NET_BANKING,SUCCESS
PAY002081,C000640,2025-12-27,799,NET_BANKING,SUCCESS
PAY002082,C000630,2025-11-19,999,NET_BANKING,SUCCESS
PAY002083,C000857,2026-03-15,999,CARD,SUCCESS
PAY002084,C000458,2025-12-13,199,NET_BANKING,PENDING
PAY002085,C000278,2026-08-31,1499,NET_BANKING,SUCCESS
PAY002086,C000616,2025-11-27,199,WALLET,SUCCESS
PAY002087,C000728,2026-01-31,499,WALLET,SUCCESS
PAY002088,C000570,2026-03-30,999,NET_BANKING,SUCCESS
PAY002089,C000472,2025-11-29,399,UPI,FAILED
PAY002090,C000288,2025-09-25,999,CARD,SUCCESS
PAY002091,C000888,2025-12-28,399,NET_BANKING,FAILED
PAY002092,C000929,2025-11-27,599,NET_BANKING,FAILED
PAY002093,C000280,2026-03-04,499,NET_BANKING,FAILED
PAY002094,C000441,2026-02-21,499,NET_BANKING,PENDING
PAY002095,C000274,2026-09-11,999,NET_BANKING,SUCCESS
PAY002096,C000792,2025-10-14,299,UPI,SUCCESS
PAY002097,C000637,2026-06-20,299,UPI,FAILED
PAY002098,C000137,2025-12-12,799,NET_BANKING,PENDING
PAY002099,C000288,2025-12-23,399,CARD,FAILED
PAY002100,C000984,2026-06-13,299,UPI,SUCCESS
PAY002101,C000902,2026-09-18,999,UPI,PENDING
PAY002102,C000478,2025-11-04,999,CARD,SUCCESS
PAY002103,C000270,2025-12-26,999,WALLET,SUCCESS
PAY002104,C000547,2026-08-08,799,UPI,SUCCESS
PAY002105,C000725,2026-03-06,1499,CARD,FAILED
PAY002106,C000216,2026-07-23,399,CARD,SUCCESS
PAY002107,C000757,2026-04-22,799,WALLET,PENDING
PAY002108,C000478,2026-04-25,399,UPI,SUCCESS
PAY002109,C000311,2026-05-18,199,NET_BANKING,PENDING
PAY002110,C000111,2026-03-24,1499,WALLET,PENDING
PAY002111,C000175,2026-05-16,599,UPI,SUCCESS
PAY002112,C000734,2026-02-24,1499,CARD,SUCCESS
PAY002113,C000686,2026-06-07,599,CARD,SUCCESS
PAY002114,C000126,2025-10-19,399,CARD,SUCCESS
PAY002115,C000151,2026-01-29,299,CARD,FAILED
PAY002116,C000375,2026-01-22,799,UPI,PENDING
PAY002117,C000407,2026-02-22,999,CARD,SUCCESS
PAY002118,C000458,2025-11-11,299,WALLET,SUCCESS
PAY002119,C000776,2026-05-19,299,NET_BANKING,PENDING
PAY002120,C000919,2026-04-04,399,UPI,PENDING
PAY002121,C000210,2026-02-24,1499,WALLET,PENDING
PAY002122,C000797,2026-04-28,299,CARD,SUCCESS
PAY002123,C000275,2026-02-18,299,WALLET,SUCCESS
PAY002124,C000211,2026-03-06,1499,WALLET,SUCCESS
PAY002125,C000322,2026-04-09,399,UPI,SUCCESS
PAY002126,C000022,2026-04-20,199,UPI,SUCCESS
PAY002127,C000022,2026-02-07,1499,WALLET,SUCCESS
PAY002128,C000780,2025-11-13,599,UPI,SUCCESS
PAY002129,C000884,2026-01-21,399,UPI,SUCCESS
PAY002130,C000447,2025-12-04,799,CARD,FAILED
PAY002131,C000508,2025-09-28,299,WALLET,SUCCESS
PAY002132,C000291,2026-09-06,799,NET_BANKING,REFUNDED
PAY002133,C000718,2026-04-23,299,WALLET,SUCCESS
PAY002134,C000820,2026-05-24,799,WALLET,SUCCESS
PAY002135,C000483,2025-12-16,299,WALLET,SUCCESS
PAY002136,C000163,2026-03-31,1499,WALLET,FAILED
PAY002137,C000778,2026-08-09,299,NET_BANKING,SUCCESS
PAY002138,C000333,2026-01-31,799,WALLET,SUCCESS
PAY002139,C000468,2025-09-26,799,NET_BANKING,SUCCESS
PAY002140,C000215,2025-10-28,999,CARD,PENDING
PAY002141,C000759,2026-07-26,799,NET_BANKING,SUCCESS
PAY002142,C000117,2026-06-12,799,CARD,SUCCESS
PAY002143,C000655,2026-08-29,399,NET_BANKING,SUCCESS
PAY002144,C000573,2026-08-18,499,UPI,SUCCESS
PAY002145,C000152,2026-05-31,499,CARD,SUCCESS
PAY002146,C000919,2026-07-13,199,CARD,SUCCESS
PAY002147,C000973,2026-01-26,999,NET_BANKING,SUCCESS
PAY002148,C000661,2026-02-24,299,WALLET,REFUNDED
PAY002149,C000968,2026-07-21,1499,WALLET,SUCCESS
PAY002150,C000475,2025-11-14,199,NET_BANKING,FAILED
PAY002151,C000692,2025-11-19,799,WALLET,REFUNDED
PAY002152,C000340,2026-09-19,299,CARD,SUCCESS
PAY002153,C000907,2026-08-25,599,NET_BANKING,SUCCESS
PAY002154,C000675,2026-01-25,199,NET_BANKING,SUCCESS
PAY002155,C000891,2026-06-10,299,UPI,SUCCESS
PAY002156,C000727,2026-03-23,599,UPI,SUCCESS
PAY002157,C000741,2025-12-27,199,NET_BANKING,SUCCESS
PAY002158,C000197,2026-05-22,999,CARD,PENDING
PAY002159,C000414,2025-10-24,399,NET_BANKING,SUCCESS
PAY002160,C000988,2025-11-22,999,WALLET,SUCCESS
PAY002161,C000223,2025-11-27,499,WALLET,FAILED
PAY002162,C000566,2026-02-01,499,UPI,SUCCESS
PAY002163,C000289,2025-11-19,199,WALLET,SUCCESS
PAY002164,C000399,2025-12-06,499,CARD,SUCCESS
PAY002165,C000788,2026-02-23,399,WALLET,FAILED
PAY002166,C000539,2026-03-28,799,UPI,PENDING
PAY002167,C000312,2026-07-09,399,UPI,PENDING
PAY002168,C000809,2026-03-24,999,CARD,SUCCESS
PAY002169,C000587,2025-11-18,499,UPI,SUCCESS
PAY002170,C000166,2025-10-29,999,NET_BANKING,REFUNDED
PAY002171,C000605,2026-03-15,299,CARD,SUCCESS
PAY002172,C000591,2025-12-16,299,CARD,SUCCESS
PAY002173,C000320,2026-08-06,1499,UPI,REFUNDED
PAY002174,C000433,2026-06-12,199,CARD,SUCCESS
PAY002175,C000076,2026-04-17,199,CARD,SUCCESS
PAY002176,C000491,2025-10-04,1499,UPI,SUCCESS
PAY002177,C000734,2026-01-24,199,WALLET,SUCCESS
PAY002178,C000998,2025-12-18,499,CARD,PENDING
PAY002179,C000566,2026-01-01,799,WALLET,SUCCESS
PAY002180,C000351,2025-11-25,499,NET_BANKING,FAILED
PAY002181,C000622,2026-08-14,299,UPI,SUCCESS
PAY002182,C000696,2025-10-27,599,UPI,FAILED
PAY002183,C000349,2026-06-13,399,CARD,SUCCESS
PAY002184,C000139,2026-04-29,599,WALLET,SUCCESS
PAY002185,C000429,2026-03-25,799,UPI,PENDING
PAY002186,C000625,2026-08-10,199,NET_BANKING,REFUNDED
PAY002187,C000767,2025-12-25,399,CARD,SUCCESS
PAY002188,C000022,2026-09-16,199,NET_BANKING,SUCCESS
PAY002189,C000385,2026-05-03,299,UPI,SUCCESS
PAY002190,C000645,2026-01-15,1499,UPI,FAILED
PAY002191,C000252,2026-07-18,799,WALLET,PENDING
PAY002192,C000682,2026-09-21,199,NET_BANKING,PENDING
PAY002193,C000005,2026-04-26,399,NET_BANKING,REFUNDED
PAY002194,C000915,2025-09-23,499,UPI,FAILED
PAY002195,C000691,2026-04-25,599,WALLET,REFUNDED
PAY002196,C000864,2026-02-04,999,UPI,REFUNDED
PAY002197,C000689,2026-09-01,199,WALLET,FAILED
PAY002198,C000515,2026-03-10,799,UPI,SUCCESS
PAY002199,C000958,2026-05-30,499,NET_BANKING,REFUNDED
PAY002200,C000283,2026-03-12,299,CARD,PENDING
PAY002201,C000389,2026-03-28,399,UPI,SUCCESS
PAY002202,C000893,2026-02-01,999,WALLET,SUCCESS
PAY002203,C000692,2026-08-25,499,UPI,SUCCESS
PAY002204,C000090,2026-01-20,999,UPI,SUCCESS
PAY002205,C000247,2026-03-19,499,UPI,REFUNDED
PAY002206,C000760,2026-03-11,199,CARD,FAILED
PAY002207,C000002,2026-08-14,999,NET_BANKING,REFUNDED
PAY002208,C000580,2026-03-01,799,UPI,SUCCESS
PAY002209,C000623,2026-05-15,1499,NET_BANKING,REFUNDED
PAY002210,C000784,2026-05-21,199,UPI,SUCCESS
PAY002211,C000749,2026-05-17,499,WALLET,SUCCESS
PAY002212,C000127,2026-09-05,199,UPI,SUCCESS
PAY002213,C000305,2026-04-09,299,UPI,SUCCESS
PAY002214,C000877,2026-01-19,199,UPI,SUCCESS
PAY002215,C000321,2026-07-08,599,WALLET,FAILED
PAY002216,C000555,2026-09-19,1499,UPI,SUCCESS
PAY002217,C000577,2026-06-16,799,UPI,SUCCESS
PAY002218,C000114,2026-06-25,799,NET_BANKING,SUCCESS
PAY002219,C000136,2026-06-18,399,WALLET,REFUNDED
PAY002220,C000663,2026-01-05,199,NET_BANKING,REFUNDED
PAY002221,C000694,2025-09-27,199,WALLET,REFUNDED
PAY002222,C000671,2026-03-17,799,WALLET,PENDING
PAY002223,C000287,2026-02-08,199,UPI,REFUNDED
PAY002224,C000749,2026-07-17,599,WALLET,SUCCESS
PAY002225,C000576,2026-05-23,399,UPI,FAILED
PAY002226,C000242,2026-01-25,1499,WALLET,FAILED
PAY002227,C000705,2026-04-19,499,CARD,FAILED
PAY002228,C000733,2026-07-04,199,NET_BANKING,FAILED
PAY002229,C000844,2026-01-22,199,WALLET,SUCCESS
PAY002230,C000317,2026-07-10,599,NET_BANKING,SUCCESS
PAY002231,C000236,2026-07-13,199,WALLET,SUCCESS
PAY002232,C000709,2026-04-11,499,WALLET,REFUNDED
PAY002233,C000036,2026-08-07,499,UPI,SUCCESS
PAY002234,C000554,2026-04-18,299,NET_BANKING,SUCCESS
PAY002235,C000892,2026-02-14,199,CARD,SUCCESS
PAY002236,C000328,2025-10-02,1499,CARD,REFUNDED
PAY002237,C000365,2025-11-20,999,UPI,REFUNDED
PAY002238,C000033,2026-08-25,299,CARD,SUCCESS
PAY002239,C000854,2026-09-01,299,UPI,SUCCESS
PAY002240,C000257,2026-04-28,399,UPI,SUCCESS
PAY002241,C000316,2026-02-21,599,CARD,REFUNDED
PAY002242,C000493,2026-06-27,399,CARD,REFUNDED
PAY002243,C000930,2026-03-28,599,CARD,SUCCESS
PAY002244,C000367,2025-11-10,499,CARD,FAILED
PAY002245,C000417,2025-11-03,599,NET_BANKING,SUCCESS
PAY002246,C000301,2026-01-07,999,WALLET,REFUNDED
PAY002247,C000496,2025-11-12,299,NET_BANKING,FAILED
PAY002248,C000472,2026-05-02,499,CARD,PENDING
PAY002249,C000592,2025-11-30,399,NET_BANKING,REFUNDED
PAY002250,C000794,2026-03-28,499,UPI,SUCCESS
PAY002251,C000733,2026-02-22,299,CARD,SUCCESS
PAY002252,C000237,2026-07-05,1499,NET_BANKING,SUCCESS
PAY002253,C000907,2025-12-09,399,NET_BANKING,REFUNDED
PAY002254,C000257,2026-07-18,299,NET_BANKING,SUCCESS
PAY002255,C000949,2026-04-30,599,CARD,SUCCESS
PAY002256,C000086,2026-08-12,999,WALLET,FAILED
PAY002257,C000593,2025-10-07,1499,UPI,REFUNDED
PAY002258,C000666,2025-10-10,199,CARD,PENDING
PAY002259,C000270,2026-02-22,299,CARD,REFUNDED
PAY002260,C000099,2025-12-27,399,CARD,SUCCESS
PAY002261,C000521,2025-12-08,299,WALLET,SUCCESS
PAY002262,C000713,2026-03-23,799,CARD,FAILED
PAY002263,C000783,2026-06-30,999,CARD,REFUNDED
PAY002264,C000885,2026-03-28,399,CARD,REFUNDED
PAY002265,C000575,2026-02-02,199,CARD,REFUNDED
PAY002266,C000193,2025-09-30,999,CARD,SUCCESS
PAY002267,C000323,2025-09-29,799,NET_BANKING,SUCCESS
PAY002268,C000235,2025-12-16,1499,UPI,FAILED
PAY002269,C000358,2026-06-21,499,UPI,FAILED
PAY002270,C000625,2025-10-23,399,WALLET,REFUNDED
PAY002271,C000855,2025-12-25,299,CARD,SUCCESS
PAY002272,C000291,2026-03-22,599,CARD,SUCCESS
PAY002273,C000403,2026-04-16,199,CARD,SUCCESS
PAY002274,C000359,2026-03-13,299,UPI,SUCCESS
PAY002275,C000021,2026-04-12,199,UPI,SUCCESS
PAY002276,C000560,2025-12-08,299,WALLET,REFUNDED
PAY002277,C000053,2026-04-22,499,WALLET,SUCCESS
PAY002278,C000886,2025-09-25,199,CARD,PENDING
PAY002279,C000561,2025-11-07,399,UPI,SUCCESS
PAY002280,C000510,2026-07-13,499,CARD,FAILED
PAY002281,C000187,2026-02-05,399,UPI,SUCCESS
PAY002282,C000168,2025-11-13,399,NET_BANKING,SUCCESS
PAY002283,C000299,2026-09-04,1499,NET_BANKING,SUCCESS
PAY002284,C000088,2025-11-28,999,UPI,SUCCESS
PAY002285,C000948,2026-07-25,599,UPI,SUCCESS
PAY002286,C000109,2025-12-28,799,UPI,FAILED
PAY002287,C000068,2025-09-25,999,NET_BANKING,FAILED
PAY002288,C000232,2026-04-28,299,CARD,PENDING
PAY002289,C000550,2025-09-25,599,WALLET,SUCCESS
PAY002290,C000835,2025-09-26,599,UPI,REFUNDED
PAY002291,C000266,2025-11-10,599,CARD,SUCCESS
PAY002292,C000048,2026-01-06,299,UPI,FAILED
PAY002293,C000123,2025-10-07,199,WALLET,SUCCESS
PAY002294,C000682,2025-11-18,299,WALLET,SUCCESS
PAY002295,C000590,2026-06-18,1499,CARD,PENDING
PAY002296,C000038,2026-06-04,799,WALLET,FAILED
PAY002297,C000408,2025-10-22,999,UPI,PENDING
PAY002298,C000835,2026-07-31,999,UPI,REFUNDED
PAY002299,C000493,2026-06-23,799,WALLET,FAILED
PAY002300,C000122,2025-11-09,399,WALLET,REFUNDED
PAY002301,C000880,2026-06-21,999,NET_BANKING,FAILED
PAY002302,C000784,2026-04-15,399,CARD,SUCCESS
PAY002303,C000702,2026-06-03,499,CARD,SUCCESS
PAY002304,C000724,2026-01-31,299,NET_BANKING,SUCCESS
PAY002305,C000447,2026-09-02,199,UPI,SUCCESS
PAY002306,C000006,2026-06-30,999,UPI,SUCCESS
PAY002307,C000074,2026-01-12,299,UPI,SUCCESS
PAY002308,C000111,2025-11-02,799,WALLET,SUCCESS
PAY002309,C000788,2026-08-26,999,WALLET,SUCCESS
PAY002310,C000695,2026-01-22,1499,NET_BANKING,FAILED
PAY002311,C000355,2026-06-26,399,NET_BANKING,SUCCESS
PAY002312,C000326,2026-01-17,799,UPI,SUCCESS
PAY002313,C000770,2026-07-05,199,NET_BANKING,FAILED
PAY002314,C000014,2026-06-22,599,CARD,FAILED
PAY002315,C000321,2025-11-13,799,UPI,SUCCESS
PAY002316,C000558,2026-02-08,1499,WALLET,FAILED
PAY002317,C000795,2026-09-01,799,UPI,FAILED
PAY002318,C000346,2025-12-24,799,NET_BANKING,FAILED
PAY002319,C000880,2026-05-19,399,NET_BANKING,SUCCESS
PAY002320,C000129,2026-03-27,1499,NET_BANKING,SUCCESS
PAY002321,C000809,2026-03-01,999,NET_BANKING,SUCCESS
PAY002322,C000891,2026-04-14,1499,NET_BANKING,PENDING
PAY002323,C000853,2025-12-03,799,WALLET,SUCCESS
PAY002324,C000483,2025-12-16,1499,WALLET,PENDING
PAY002325,C000130,2025-10-29,1499,NET_BANKING,SUCCESS
PAY002326,C000378,2026-03-22,999,UPI,SUCCESS
PAY002327,C000179,2026-08-18,399,WALLET,REFUNDED
PAY002328,C000811,2026-03-14,299,UPI,SUCCESS
PAY002329,C000106,2026-06-17,199,CARD,SUCCESS
PAY002330,C000900,2026-05-01,299,UPI,SUCCESS
PAY002331,C000069,2026-01-11,299,CARD,FAILED
PAY002332,C000817,2026-02-22,399,WALLET,PENDING
PAY002333,C000220,2026-01-22,599,NET_BANKING,REFUNDED
PAY002334,C000475,2025-10-26,199,WALLET,REFUNDED
PAY002335,C000779,2026-04-08,599,UPI,SUCCESS
PAY002336,C000988,2025-10-03,1499,WALLET,FAILED
PAY002337,C000185,2025-10-06,199,NET_BANKING,FAILED
PAY002338,C000211,2025-12-06,799,UPI,REFUNDED
PAY002339,C000925,2026-09-10,499,NET_BANKING,SUCCESS
PAY002340,C000006,2026-07-28,1499,WALLET,REFUNDED
PAY002341,C000734,2026-01-09,399,WALLET,REFUNDED
PAY002342,C000069,2026-01-25,499,WALLET,PENDING
PAY002343,C000573,2026-05-18,999,NET_BANKING,SUCCESS
PAY002344,C000595,2026-08-08,799,UPI,REFUNDED
PAY002345,C000649,2026-01-11,199,WALLET,SUCCESS
PAY002346,C000279,2026-04-02,399,WALLET,SUCCESS
PAY002347,C000203,2026-09-04,799,CARD,FAILED
PAY002348,C000999,2026-05-22,399,CARD,PENDING
PAY002349,C000311,2026-04-08,799,WALLET,PENDING
PAY002350,C000539,2025-12-08,399,WALLET,REFUNDED
PAY002351,C000430,2026-09-01,399,UPI,SUCCESS
PAY002352,C000645,2026-03-19,999,CARD,SUCCESS
PAY002353,C000380,2026-04-11,1499,NET_BANKING,SUCCESS
PAY002354,C000844,2026-08-20,1499,WALLET,SUCCESS
PAY002355,C000408,2025-12-03,999,WALLET,FAILED
PAY002356,C000875,2025-11-01,799,NET_BANKING,FAILED
PAY002357,C000600,2026-08-23,599,CARD,SUCCESS
PAY002358,C000790,2026-07-20,199,CARD,FAILED
PAY002359,C000280,2026-01-28,299,WALLET,SUCCESS
PAY002360,C000722,2026-08-29,399,NET_BANKING,SUCCESS
PAY002361,C000336,2025-11-01,1499,NET_BANKING,SUCCESS
PAY002362,C000650,2025-10-26,499,WALLET,SUCCESS
PAY002363,C000420,2026-04-30,799,NET_BANKING,SUCCESS
PAY002364,C000307,2026-06-13,999,NET_BANKING,SUCCESS
PAY002365,C000362,2026-09-09,399,CARD,SUCCESS
PAY002366,C000719,2026-01-07,1499,WALLET,SUCCESS
PAY002367,C000312,2026-07-05,1499,CARD,SUCCESS
PAY002368,C000374,2025-11-06,499,UPI,FAILED
PAY002369,C000491,2026-01-24,299,UPI,FAILED
PAY002370,C000721,2026-03-18,499,WALLET,PENDING
PAY002371,C000284,2026-07-04,399,WALLET,SUCCESS
PAY002372,C000947,2025-10-16,499,NET_BANKING,FAILED
PAY002373,C000884,2026-03-29,1499,UPI,PENDING
PAY002374,C000633,2026-06-02,299,UPI,SUCCESS
PAY002375,C000143,2026-01-16,799,CARD,SUCCESS
PAY002376,C000669,2026-05-28,999,WALLET,FAILED
PAY002377,C000197,2026-09-14,1499,NET_BANKING,SUCCESS
PAY002378,C000549,2026-02-06,399,CARD,REFUNDED
PAY002379,C000426,2026-01-06,799,WALLET,SUCCESS
PAY002380,C000422,2026-07-27,799,UPI,PENDING
PAY002381,C000395,2025-11-08,799,WALLET,SUCCESS
PAY002382,C000954,2026-08-08,599,WALLET,SUCCESS
PAY002383,C000501,2026-03-27,299,CARD,FAILED
PAY002384,C000266,2025-12-28,299,NET_BANKING,SUCCESS
PAY002385,C000110,2026-06-05,1499,CARD,SUCCESS
PAY002386,C000860,2026-05-06,199,WALLET,SUCCESS
PAY002387,C000066,2025-11-08,499,UPI,SUCCESS
PAY002388,C000805,2026-01-23,299,CARD,FAILED
PAY002389,C000113,2026-04-14,599,NET_BANKING,SUCCESS
PAY002390,C000857,2025-10-17,799,CARD,REFUNDED
PAY002391,C000404,2025-12-10,799,CARD,SUCCESS
PAY002392,C000447,2026-02-11,599,NET_BANKING,SUCCESS
PAY002393,C000647,2025-12-05,1499,NET_BANKING,REFUNDED
PAY002394,C000130,2026-06-23,299,NET_BANKING,PENDING
PAY002395,C000038,2026-09-09,1499,NET_BANKING,SUCCESS
PAY002396,C000543,2026-06-09,799,UPI,REFUNDED
PAY002397,C000072,2026-08-29,499,CARD,SUCCESS
PAY002398,C000314,2026-01-31,299,CARD,REFUNDED
PAY002399,C000163,2025-10-14,1499,UPI,SUCCESS
PAY002400,C000206,2026-04-17,799,UPI,SUCCESS
PAY002401,C000552,2025-10-29,599,WALLET,FAILED
PAY002402,C000452,2026-08-20,999,UPI,SUCCESS
PAY002403,C000664,2026-08-25,799,UPI,SUCCESS
PAY002404,C000979,2026-01-07,599,UPI,SUCCESS
PAY002405,C000112,2026-05-06,299,NET_BANKING,SUCCESS
PAY002406,C000673,2026-03-22,999,CARD,SUCCESS
PAY002407,C000300,2025-10-24,599,NET_BANKING,PENDING
PAY002408,C000001,2026-05-10,399,CARD,SUCCESS
PAY002409,C000405,2026-03-01,399,CARD,SUCCESS
PAY002410,C000933,2026-01-09,599,WALLET,SUCCESS
PAY002411,C000451,2025-11-12,499,NET_BANKING,PENDING
PAY002412,C000238,2026-01-25,999,UPI,SUCCESS
PAY002413,C000422,2026-07-07,399,CARD,FAILED
PAY002414,C000173,2026-06-12,1499,UPI,SUCCESS
PAY002415,C000847,2026-01-25,999,WALLET,SUCCESS
PAY002416,C000369,2026-04-24,299,WALLET,PENDING
PAY002417,C000573,2026-07-12,399,UPI,SUCCESS
PAY002418,C000327,2026-06-27,599,UPI,REFUNDED
PAY002419,C000195,2026-08-30,999,WALLET,SUCCESS
PAY002420,C000635,2026-06-17,599,UPI,PENDING
PAY002421,C000680,2026-05-28,599,NET_BANKING,SUCCESS
PAY002422,C000200,2026-06-15,799,CARD,REFUNDED
PAY002423,C000387,2026-04-18,499,WALLET,REFUNDED
PAY002424,C000263,2025-12-27,999,NET_BANKING,SUCCESS
PAY002425,C000201,2025-12-03,399,UPI,SUCCESS
PAY002426,C000140,2026-02-27,999,WALLET,REFUNDED
PAY002427,C000774,2025-11-01,1499,CARD,SUCCESS
PAY002428,C000830,2026-07-24,999,NET_BANKING,REFUNDED
PAY002429,C000878,2026-01-03,999,CARD,SUCCESS
PAY002430,C000344,2026-01-03,799,NET_BANKING,SUCCESS
PAY002431,C000256,2026-01-10,499,CARD,SUCCESS
PAY002432,C000487,2026-04-26,499,UPI,SUCCESS
PAY002433,C000353,2026-04-21,399,NET_BANKING,REFUNDED
PAY002434,C000975,2025-12-13,799,UPI,SUCCESS
PAY002435,C000510,2026-05-24,599,NET_BANKING,SUCCESS
PAY002436,C000313,2026-02-11,299,UPI,SUCCESS
PAY002437,C000348,2026-03-02,299,CARD,SUCCESS
PAY002438,C000789,2026-07-09,199,WALLET,PENDING
PAY002439,C000360,2026-04-03,1499,CARD,SUCCESS
PAY002440,C000084,2026-04-16,299,CARD,REFUNDED
PAY002441,C000890,2026-03-17,999,NET_BANKING,REFUNDED
PAY002442,C000356,2025-11-20,299,UPI,REFUNDED
PAY002443,C000760,2025-11-09,299,NET_BANKING,SUCCESS
PAY002444,C000486,2026-03-31,1499,WALLET,SUCCESS
PAY002445,C000437,2025-10-10,499,UPI,SUCCESS
PAY002446,C000040,2026-03-30,199,CARD,SUCCESS
PAY002447,C000362,2025-12-28,299,UPI,PENDING
PAY002448,C000837,2026-09-12,1499,NET_BANKING,PENDING
PAY002449,C000553,2026-01-05,999,CARD,SUCCESS
PAY002450,C000012,2026-02-16,299,NET_BANKING,SUCCESS
PAY002451,C000852,2026-07-22,199,WALLET,FAILED
PAY002452,C000630,2025-09-27,999,WALLET,FAILED
PAY002453,C000319,2025-12-20,499,UPI,REFUNDED
PAY002454,C000790,2026-09-08,499,WALLET,SUCCESS
PAY002455,C000437,2026-09-10,499,WALLET,FAILED
PAY002456,C000598,2026-09-22,399,CARD,SUCCESS
PAY002457,C000213,2026-01-06,999,WALLET,REFUNDED
PAY002458,C000082,2026-04-08,599,WALLET,SUCCESS
PAY002459,C000526,2026-08-15,1499,NET_BANKING,SUCCESS
PAY002460,C000108,2026-01-31,499,WALLET,PENDING
PAY002461,C000528,2026-01-16,599,WALLET,SUCCESS
PAY002462,C000257,2026-04-01,399,CARD,FAILED
PAY002463,C000932,2026-09-21,999,WALLET,SUCCESS
PAY002464,C000292,2026-05-26,199,CARD,PENDING
PAY002465,C000985,2026-07-19,799,UPI,PENDING
PAY002466,C000756,2026-01-12,499,WALLET,SUCCESS
PAY002467,C000302,2025-10-29,299,WALLET,SUCCESS
PAY002468,C000799,2026-01-28,599,WALLET,PENDING
PAY002469,C000127,2026-07-20,599,CARD,SUCCESS
PAY002470,C000737,2026-06-22,799,NET_BANKING,REFUNDED
PAY002471,C000766,2026-04-03,199,CARD,SUCCESS
PAY002472,C000690,2026-08-01,1499,UPI,SUCCESS
PAY002473,C000989,2025-12-03,999,WALLET,SUCCESS
PAY002474,C000275,2025-10-16,799,CARD,SUCCESS
PAY002475,C000982,2026-01-04,199,UPI,SUCCESS
PAY002476,C000722,2025-12-25,299,UPI,SUCCESS
PAY002477,C000099,2026-08-30,799,NET_BANKING,FAILED
PAY002478,C000814,2026-03-20,799,UPI,SUCCESS
PAY002479,C000077,2025-12-30,799,WALLET,REFUNDED
PAY002480,C000781,2026-07-06,799,CARD,FAILED
PAY002481,C000299,2026-08-07,599,CARD,SUCCESS
PAY002482,C000106,2026-09-14,1499,NET_BANKING,REFUNDED
PAY002483,C000086,2026-05-17,199,NET_BANKING,SUCCESS
PAY002484,C000773,2026-04-05,599,NET_BANKING,REFUNDED
PAY002485,C000624,2025-11-17,1499,NET_BANKING,SUCCESS
PAY002486,C000236,2026-04-10,299,UPI,SUCCESS
PAY002487,C000211,2026-01-30,599,WALLET,SUCCESS
PAY002488,C000818,2026-04-21,499,CARD,SUCCESS
PAY002489,C000939,2026-09-10,399,CARD,SUCCESS
PAY002490,C000200,2026-06-25,999,UPI,PENDING
PAY002491,C000714,2026-04-01,199,WALLET,SUCCESS
PAY002492,C000936,2026-06-25,499,UPI,SUCCESS
PAY002493,C000993,2026-01-26,999,WALLET,SUCCESS
PAY002494,C000544,2025-10-27,299,WALLET,SUCCESS
PAY002495,C000740,2026-07-09,399,CARD,SUCCESS
PAY002496,C000512,2026-04-30,599,NET_BANKING,SUCCESS
PAY002497,C000019,2026-07-10,999,WALLET,PENDING
PAY002498,C000056,2026-01-31,999,CARD,SUCCESS
PAY002499,C000335,2026-02-20,199,CARD,SUCCESS
PAY002500,C000463,2025-11-11,299,CARD,FAILED
PAY002501,C000912,2026-04-15,499,NET_BANKING,SUCCESS
PAY002502,C000914,2026-03-01,599,NET_BANKING,SUCCESS
PAY002503,C000115,2025-11-25,499,NET_BANKING,FAILED
PAY002504,C000705,2025-11-22,1499,WALLET,REFUNDED
PAY002505,C000668,2026-02-24,799,WALLET,SUCCESS
PAY002506,C000698,2025-10-18,199,NET_BANKING,SUCCESS
PAY002507,C000394,2025-12-14,999,WALLET,SUCCESS
PAY002508,C000515,2026-06-09,199,NET_BANKING,SUCCESS
PAY002509,C000973,2026-08-21,199,WALLET,FAILED
PAY002510,C000969,2026-08-07,299,WALLET,SUCCESS
PAY002511,C000786,2026-07-01,799,WALLET,SUCCESS
PAY002512,C000796,2026-09-01,399,NET_BANKING,SUCCESS
PAY002513,C000312,2025-12-07,799,CARD,SUCCESS
PAY002514,C000147,2025-09-28,799,CARD,FAILED
PAY002515,C000356,2026-03-14,799,CARD,SUCCESS
PAY002516,C000955,2026-07-18,399,NET_BANKING,FAILED
PAY002517,C000892,2026-02-05,1499,WALLET,REFUNDED
PAY002518,C000962,2025-10-23,299,WALLET,SUCCESS
PAY002519,C000839,2025-11-19,499,WALLET,REFUNDED
PAY002520,C000967,2026-06-23,199,CARD,SUCCESS
PAY002521,C000643,2025-11-29,199,NET_BANKING,REFUNDED
PAY002522,C000018,2026-05-26,299,UPI,SUCCESS
PAY002523,C000865,2026-07-31,399,UPI,REFUNDED
PAY002524,C000954,2026-02-16,299,CARD,SUCCESS
PAY002525,C000434,2026-09-05,799,CARD,SUCCESS
PAY002526,C000227,2025-10-25,599,UPI,SUCCESS
PAY002527,C000740,2026-03-18,499,NET_BANKING,SUCCESS
PAY002528,C000790,2026-06-12,399,NET_BANKING,SUCCESS
PAY002529,C000868,2026-06-23,599,CARD,SUCCESS
PAY002530,C000340,2025-10-19,499,CARD,SUCCESS
PAY002531,C000879,2026-05-24,599,NET_BANKING,SUCCESS
PAY002532,C000556,2026-04-18,299,NET_BANKING,FAILED
PAY002533,C000858,2025-10-22,999,NET_BANKING,SUCCESS
PAY002534,C000842,2026-06-12,299,CARD,FAILED
PAY002535,C000693,2026-01-31,1499,CARD,REFUNDED
PAY002536,C000480,2026-07-06,999,CARD,SUCCESS
PAY002537,C000655,2026-08-24,599,UPI,FAILED
PAY002538,C000219,2025-11-29,399,CARD,SUCCESS
PAY002539,C000690,2026-02-10,999,UPI,SUCCESS
PAY002540,C000963,2026-02-07,799,UPI,SUCCESS
PAY002541,C000864,2026-07-20,399,CARD,REFUNDED
PAY002542,C000477,2026-03-05,599,NET_BANKING,SUCCESS
PAY002543,C000905,2026-09-11,199,WALLET,SUCCESS
PAY002544,C000316,2026-07-29,799,UPI,SUCCESS
PAY002545,C000335,2025-11-17,599,WALLET,FAILED
PAY002546,C000247,2025-09-26,299,WALLET,REFUNDED
PAY002547,C000441,2025-12-08,499,NET_BANKING,SUCCESS
PAY002548,C000447,2025-09-26,799,CARD,PENDING
PAY002549,C000205,2026-01-05,399,WALLET,SUCCESS
PAY002550,C000400,2025-12-10,499,CARD,SUCCESS
PAY002551,C000198,2026-08-31,799,UPI,SUCCESS
PAY002552,C000043,2026-05-29,299,NET_BANKING,SUCCESS
PAY002553,C000123,2026-04-07,299,CARD,REFUNDED
PAY002554,C000502,2026-01-04,999,NET_BANKING,SUCCESS
PAY002555,C000012,2026-09-10,199,WALLET,FAILED
PAY002556,C000144,2025-10-26,599,UPI,FAILED
PAY002557,C000013,2025-11-27,599,UPI,FAILED
PAY002558,C000579,2026-03-27,999,NET_BANKING,SUCCESS
PAY002559,C000887,2025-12-02,599,CARD,REFUNDED
PAY002560,C000992,2026-03-05,999,NET_BANKING,SUCCESS
PAY002561,C000892,2026-09-22,599,CARD,SUCCESS
PAY002562,C000677,2026-01-23,399,UPI,FAILED
PAY002563,C000931,2025-09-26,499,CARD,SUCCESS
PAY002564,C000610,2026-05-12,599,UPI,SUCCESS
PAY002565,C000793,2026-04-03,499,WALLET,SUCCESS
PAY002566,C000290,2026-01-18,799,CARD,SUCCESS
PAY002567,C000512,2025-12-24,999,WALLET,SUCCESS
PAY002568,C000162,2026-01-22,299,WALLET,SUCCESS
PAY002569,C000580,2026-09-03,399,CARD,FAILED
PAY002570,C000745,2025-12-23,999,WALLET,REFUNDED
PAY002571,C000547,2025-10-21,1499,NET_BANKING,SUCCESS
PAY002572,C000976,2026-04-20,299,WALLET,REFUNDED
PAY002573,C000256,2025-11-25,999,CARD,REFUNDED
PAY002574,C000879,2026-03-08,199,UPI,SUCCESS
PAY002575,C000017,2026-03-15,399,WALLET,SUCCESS
PAY002576,C000811,2026-01-04,599,CARD,SUCCESS
PAY002577,C000071,2026-02-05,799,NET_BANKING,SUCCESS
PAY002578,C000761,2026-01-16,199,WALLET,SUCCESS
PAY002579,C000647,2026-06-06,499,UPI,SUCCESS
PAY002580,C000017,2025-10-21,399,WALLET,FAILED
PAY002581,C000652,2026-09-04,799,WALLET,REFUNDED
PAY002582,C000401,2026-03-22,599,WALLET,SUCCESS
PAY002583,C000247,2025-12-03,799,CARD,SUCCESS
PAY002584,C000999,2026-06-27,199,UPI,SUCCESS
PAY002585,C000624,2026-04-13,499,NET_BANKING,FAILED
PAY002586,C000770,2026-05-21,399,UPI,SUCCESS
PAY002587,C000237,2026-08-16,399,WALLET,FAILED
PAY002588,C000327,2026-03-11,199,NET_BANKING,FAILED
PAY002589,C000478,2025-10-27,299,CARD,SUCCESS
PAY002590,C000325,2026-04-24,499,CARD,SUCCESS
PAY002591,C000308,2025-12-14,499,WALLET,REFUNDED
PAY002592,C000041,2025-09-27,199,WALLET,SUCCESS
PAY002593,C000317,2025-11-25,1499,UPI,PENDING
PAY002594,C000442,2026-03-11,599,WALLET,PENDING
PAY002595,C000455,2026-02-25,299,UPI,SUCCESS
PAY002596,C000344,2026-07-08,999,CARD,SUCCESS
PAY002597,C000618,2025-10-02,299,UPI,SUCCESS
PAY002598,C000390,2026-07-30,399,CARD,FAILED
PAY002599,C000623,2026-05-06,799,CARD,SUCCESS
PAY002600,C000290,2026-06-12,199,NET_BANKING,SUCCESS
PAY002601,C000818,2026-06-27,799,CARD,SUCCESS
PAY002602,C000774,2026-07-04,299,NET_BANKING,FAILED
PAY002603,C000862,2025-10-07,599,CARD,FAILED
PAY002604,C000411,2026-07-18,799,UPI,PENDING
PAY002605,C000010,2026-02-13,499,UPI,SUCCESS
PAY002606,C000417,2026-02-16,1499,UPI,SUCCESS
PAY002607,C000688,2025-12-12,1499,WALLET,PENDING
PAY002608,C000484,2026-07-02,499,UPI,SUCCESS
PAY002609,C000329,2026-04-04,299,WALLET,SUCCESS
PAY002610,C000806,2026-06-09,399,WALLET,SUCCESS
PAY002611,C000909,2025-11-27,599,NET_BANKING,PENDING
PAY002612,C000393,2026-07-20,799,NET_BANKING,REFUNDED
PAY002613,C000603,2026-02-19,1499,NET_BANKING,REFUNDED
PAY002614,C000841,2026-06-27,499,WALLET,REFUNDED
PAY002615,C000337,2026-09-02,799,WALLET,SUCCESS
PAY002616,C000581,2025-12-19,299,WALLET,SUCCESS
PAY002617,C000578,2025-11-28,1499,CARD,SUCCESS
PAY002618,C000298,2026-05-05,199,WALLET,SUCCESS
PAY002619,C000737,2025-12-10,1499,CARD,REFUNDED
PAY002620,C000133,2026-07-12,599,WALLET,SUCCESS
PAY002621,C000800,2026-03-14,999,CARD,PENDING
PAY002622,C000519,2026-01-21,1499,UPI,SUCCESS
PAY002623,C000478,2026-02-02,299,WALLET,SUCCESS
PAY002624,C000962,2026-08-11,199,UPI,PENDING
PAY002625,C000406,2025-10-15,499,UPI,SUCCESS
PAY002626,C000395,2026-07-05,499,WALLET,SUCCESS
PAY002627,C000734,2026-01-07,599,WALLET,FAILED
PAY002628,C000771,2025-09-28,499,WALLET,SUCCESS
PAY002629,C000256,2025-11-11,399,UPI,SUCCESS
PAY002630,C000022,2026-06-19,299,NET_BANKING,SUCCESS
PAY002631,C000994,2026-07-11,199,UPI,SUCCESS
PAY002632,C000249,2025-10-01,199,NET_BANKING,SUCCESS
PAY002633,C000873,2026-01-27,799,WALLET,SUCCESS
PAY002634,C000928,2026-05-29,499,UPI,PENDING
PAY002635,C000380,2026-08-13,999,CARD,PENDING
PAY002636,C000663,2026-05-08,299,NET_BANKING,SUCCESS
PAY002637,C000779,2026-06-28,1499,CARD,PENDING
PAY002638,C000670,2025-11-16,799,NET_BANKING,REFUNDED
PAY002639,C000599,2026-09-16,799,WALLET,FAILED
PAY002640,C000598,2025-11-12,199,NET_BANKING,REFUNDED
PAY002641,C000961,2026-02-18,399,CARD,SUCCESS
PAY002642,C000042,2026-02-23,499,WALLET,PENDING
PAY002643,C000231,2026-07-24,599,NET_BANKING,SUCCESS
PAY002644,C000378,2026-02-08,299,UPI,REFUNDED
PAY002645,C000338,2025-12-01,599,NET_BANKING,SUCCESS
PAY002646,C000594,2026-06-30,799,UPI,PENDING
PAY002647,C000294,2026-01-25,399,UPI,SUCCESS
PAY002648,C000024,2025-12-20,299,WALLET,SUCCESS
PAY002649,C000636,2026-05-06,799,NET_BANKING,SUCCESS
PAY002650,C000247,2025-12-24,799,UPI,REFUNDED
PAY002651,C000395,2026-02-28,399,NET_BANKING,FAILED
PAY002652,C000190,2026-06-24,299,CARD,SUCCESS
PAY002653,C000221,2025-12-15,999,NET_BANKING,SUCCESS
PAY002654,C000919,2026-09-08,999,UPI,REFUNDED
PAY002655,C000193,2026-05-03,399,WALLET,FAILED
PAY002656,C000672,2026-05-20,799,CARD,SUCCESS
PAY002657,C000039,2026-09-05,199,UPI,REFUNDED
PAY002658,C000767,2025-10-18,399,CARD,REFUNDED
PAY002659,C000172,2026-07-25,299,NET_BANKING,SUCCESS
PAY002660,C000560,2026-06-15,599,UPI,SUCCESS
PAY002661,C000285,2026-05-17,599,WALLET,SUCCESS
PAY002662,C000874,2026-08-09,199,NET_BANKING,SUCCESS
PAY002663,C000602,2026-02-01,599,CARD,PENDING
PAY002664,C000600,2026-08-12,599,UPI,REFUNDED
PAY002665,C000467,2026-03-01,599,UPI,SUCCESS
PAY002666,C000055,2026-05-31,599,CARD,SUCCESS
PAY002667,C000547,2026-05-31,599,NET_BANKING,PENDING
PAY002668,C000974,2026-03-12,999,NET_BANKING,FAILED
PAY002669,C000729,2026-07-21,299,NET_BANKING,SUCCESS
PAY002670,C000118,2025-11-15,999,WALLET,SUCCESS
PAY002671,C000450,2026-09-01,999,NET_BANKING,PENDING
PAY002672,C000523,2025-11-13,199,NET_BANKING,REFUNDED
PAY002673,C000160,2025-10-16,399,UPI,FAILED
PAY002674,C000988,2026-08-22,299,CARD,SUCCESS
PAY002675,C000188,2026-04-20,999,NET_BANKING,SUCCESS
PAY002676,C000262,2025-10-06,299,CARD,REFUNDED
PAY002677,C000950,2026-02-16,199,WALLET,REFUNDED
PAY002678,C000326,2026-03-26,299,WALLET,SUCCESS
PAY002679,C000934,2026-04-09,1499,UPI,REFUNDED
PAY002680,C000873,2025-12-21,499,CARD,SUCCESS
PAY002681,C000630,2026-04-01,599,CARD,REFUNDED
PAY002682,C000372,2026-03-01,299,NET_BANKING,SUCCESS
PAY002683,C000471,2026-04-03,499,UPI,SUCCESS
PAY002684,C000608,2026-08-30,299,WALLET,SUCCESS
PAY002685,C000143,2026-06-04,1499,WALLET,REFUNDED
PAY002686,C000466,2025-10-06,1499,NET_BANKING,SUCCESS
PAY002687,C000604,2026-05-13,199,NET_BANKING,PENDING
PAY002688,C000975,2026-09-17,999,UPI,FAILED
PAY002689,C000025,2026-01-24,1499,NET_BANKING,SUCCESS
PAY002690,C000078,2025-10-16,999,NET_BANKING,FAILED
PAY002691,C000449,2026-01-31,299,NET_BANKING,REFUNDED
PAY002692,C000307,2026-03-26,499,NET_BANKING,SUCCESS
PAY002693,C000689,2026-07-11,799,WALLET,SUCCESS
PAY002694,C000326,2026-08-04,199,WALLET,REFUNDED
PAY002695,C000397,2026-02-01,399,NET_BANKING,SUCCESS
PAY002696,C000808,2026-03-29,499,NET_BANKING,FAILED
PAY002697,C000358,2026-05-07,299,NET_BANKING,FAILED
PAY002698,C000997,2026-03-31,999,NET_BANKING,FAILED
PAY002699,C000059,2026-06-03,1499,UPI,SUCCESS
PAY002700,C000978,2026-06-06,599,UPI,SUCCESS
PAY002701,C000042,2025-10-16,399,WALLET,SUCCESS
PAY002702,C000397,2026-07-17,1499,CARD,PENDING
PAY002703,C000471,2025-12-26,399,WALLET,FAILED
PAY002704,C000509,2026-06-15,1499,NET_BANKING,PENDING
PAY002705,C000821,2026-07-18,199,CARD,SUCCESS
PAY002706,C000254,2026-03-12,499,CARD,PENDING
PAY002707,C000501,2026-04-04,599,NET_BANKING,SUCCESS
PAY002708,C000330,2026-06-03,1499,UPI,SUCCESS
PAY002709,C000544,2025-12-17,499,UPI,SUCCESS
PAY002710,C000284,2026-08-31,599,WALLET,SUCCESS
PAY002711,C000973,2025-09-30,599,NET_BANKING,PENDING
PAY002712,C000202,2025-11-04,299,WALLET,SUCCESS
PAY002713,C000830,2025-12-09,799,UPI,SUCCESS
PAY002714,C000215,2026-01-23,799,CARD,SUCCESS
PAY002715,C000333,2026-03-10,299,NET_BANKING,SUCCESS
PAY002716,C000615,2026-05-07,999,UPI,SUCCESS
PAY002717,C000409,2025-12-12,799,NET_BANKING,SUCCESS
PAY002718,C000067,2025-11-07,199,UPI,SUCCESS
PAY002719,C000837,2025-12-24,599,CARD,SUCCESS
PAY002720,C000849,2025-11-10,399,NET_BANKING,SUCCESS
PAY002721,C000128,2026-07-05,399,CARD,SUCCESS
PAY002722,C000697,2026-02-03,799,NET_BANKING,SUCCESS
PAY002723,C000632,2025-10-11,199,UPI,SUCCESS
PAY002724,C000587,2026-03-22,199,UPI,SUCCESS
PAY002725,C000736,2026-02-27,199,UPI,SUCCESS
PAY002726,C000761,2025-10-21,399,WALLET,FAILED
PAY002727,C000119,2026-01-08,1499,CARD,PENDING
PAY002728,C000973,2026-01-08,599,NET_BANKING,SUCCESS
PAY002729,C000172,2026-04-11,1499,WALLET,PENDING
PAY002730,C000589,2025-10-11,199,UPI,REFUNDED
PAY002731,C000706,2026-08-01,599,WALLET,REFUNDED
PAY002732,C000731,2026-03-17,999,NET_BANKING,SUCCESS
PAY002733,C000050,2026-04-03,599,UPI,REFUNDED
PAY002734,C000967,2026-08-05,199,CARD,SUCCESS
PAY002735,C000793,2026-09-01,299,WALLET,REFUNDED
PAY002736,C000469,2025-11-21,799,WALLET,SUCCESS
PAY002737,C000607,2026-02-19,799,NET_BANKING,SUCCESS
PAY002738,C000250,2025-12-29,499,WALLET,SUCCESS
PAY002739,C000151,2026-04-19,999,UPI,PENDING
PAY002740,C000433,2025-11-13,399,WALLET,PENDING
PAY002741,C000812,2025-12-11,399,NET_BANKING,REFUNDED
PAY002742,C000961,2025-11-14,199,UPI,REFUNDED
PAY002743,C000502,2026-09-13,499,CARD,SUCCESS
PAY002744,C000880,2025-10-23,1499,WALLET,SUCCESS
PAY002745,C000487,2025-10-22,199,WALLET,SUCCESS
PAY002746,C000909,2026-01-28,999,NET_BANKING,SUCCESS
PAY002747,C000008,2026-02-05,799,NET_BANKING,PENDING
PAY002748,C000285,2026-01-08,999,UPI,SUCCESS
PAY002749,C000557,2025-10-07,199,UPI,REFUNDED
PAY002750,C000347,2026-09-11,599,UPI,SUCCESS
PAY002751,C000262,2026-09-11,1499,NET_BANKING,SUCCESS
PAY002752,C000232,2025-11-14,999,NET_BANKING,FAILED
PAY002753,C000844,2025-10-18,399,WALLET,SUCCESS
PAY002754,C000095,2026-01-03,499,CARD,SUCCESS
PAY002755,C000554,2025-10-12,499,NET_BANKING,SUCCESS
PAY002756,C000892,2026-01-22,199,UPI,FAILED
PAY002757,C000156,2026-08-29,799,UPI,SUCCESS
PAY002758,C000076,2025-12-25,399,NET_BANKING,REFUNDED
PAY002759,C000981,2026-04-13,499,NET_BANKING,REFUNDED
PAY002760,C000375,2026-05-13,499,UPI,SUCCESS
PAY002761,C000799,2026-08-02,299,NET_BANKING,SUCCESS
PAY002762,C000635,2026-02-24,599,CARD,REFUNDED
PAY002763,C000123,2025-12-08,399,CARD,SUCCESS
PAY002764,C000487,2025-12-16,1499,UPI,SUCCESS
PAY002765,C000410,2026-05-28,399,UPI,SUCCESS
PAY002766,C000184,2026-02-09,399,NET_BANKING,SUCCESS
PAY002767,C000359,2026-01-29,599,UPI,FAILED
PAY002768,C000824,2026-04-03,299,UPI,FAILED
PAY002769,C000076,2026-08-27,399,UPI,SUCCESS
PAY002770,C000534,2026-02-25,999,WALLET,FAILED
PAY002771,C000189,2026-06-15,199,NET_BANKING,FAILED
PAY002772,C000920,2026-02-05,1499,UPI,REFUNDED
PAY002773,C000136,2026-08-09,199,NET_BANKING,REFUNDED
PAY002774,C000281,2026-07-28,599,NET_BANKING,SUCCESS
PAY002775,C000496,2025-11-07,399,WALLET,REFUNDED
PAY002776,C000578,2026-05-13,1499,NET_BANKING,PENDING
PAY002777,C000781,2026-06-13,199,CARD,SUCCESS
PAY002778,C000932,2025-09-24,399,CARD,SUCCESS
PAY002779,C000318,2026-07-21,1499,WALLET,FAILED
PAY002780,C000065,2025-12-03,499,WALLET,FAILED
PAY002781,C000455,2026-08-14,799,UPI,REFUNDED
PAY002782,C000180,2026-02-25,499,WALLET,FAILED
PAY002783,C000385,2026-03-10,1499,CARD,SUCCESS
PAY002784,C000502,2026-06-08,399,UPI,REFUNDED
PAY002785,C000722,2026-01-04,299,NET_BANKING,SUCCESS
PAY002786,C000750,2025-11-25,599,WALLET,SUCCESS
PAY002787,C000926,2026-05-11,999,UPI,SUCCESS
PAY002788,C000217,2026-09-17,399,WALLET,PENDING
PAY002789,C000073,2026-08-20,799,NET_BANKING,SUCCESS
PAY002790,C000191,2025-10-24,199,CARD,SUCCESS
PAY002791,C000654,2026-03-08,799,WALLET,SUCCESS
PAY002792,C000052,2026-07-16,299,NET_BANKING,SUCCESS
PAY002793,C000777,2026-06-17,1499,UPI,REFUNDED
PAY002794,C000521,2025-12-19,299,CARD,SUCCESS
PAY002795,C000147,2026-02-08,1499,NET_BANKING,REFUNDED
PAY002796,C000518,2026-01-26,1499,CARD,SUCCESS
PAY002797,C000386,2026-03-21,599,CARD,SUCCESS
PAY002798,C000083,2026-07-13,299,CARD,FAILED
PAY002799,C000417,2026-05-13,1499,CARD,SUCCESS
PAY002800,C000062,2026-09-01,399,CARD,SUCCESS
PAY002801,C000229,2026-09-12,199,UPI,SUCCESS
PAY002802,C000041,2026-02-25,299,CARD,PENDING
PAY002803,C000308,2025-12-22,1499,UPI,REFUNDED
PAY002804,C000410,2025-11-28,499,NET_BANKING,SUCCESS
PAY002805,C000375,2025-12-13,399,NET_BANKING,REFUNDED
PAY002806,C000271,2026-06-16,499,CARD,SUCCESS
PAY002807,C000408,2025-12-17,1499,WALLET,REFUNDED
PAY002808,C000048,2025-10-12,499,CARD,SUCCESS
PAY002809,C000847,2025-10-02,999,WALLET,SUCCESS
PAY002810,C000159,2025-10-13,199,NET_BANKING,SUCCESS
PAY002811,C000769,2026-08-31,599,NET_BANKING,SUCCESS
PAY002812,C000287,2026-08-01,499,UPI,SUCCESS
PAY002813,C000956,2026-02-03,299,WALLET,SUCCESS
PAY002814,C000136,2026-06-13,399,WALLET,SUCCESS
PAY002815,C000248,2025-10-02,999,NET_BANKING,SUCCESS
PAY002816,C000629,2026-05-22,399,WALLET,SUCCESS
PAY002817,C000636,2025-11-11,199,WALLET,REFUNDED
PAY002818,C000940,2025-12-15,999,WALLET,SUCCESS
PAY002819,C000174,2026-02-13,599,CARD,SUCCESS
PAY002820,C000344,2026-02-09,1499,NET_BANKING,SUCCESS
PAY002821,C000416,2026-06-21,399,UPI,SUCCESS
PAY002822,C000990,2025-11-08,799,WALLET,PENDING
PAY002823,C000298,2026-07-20,399,CARD,SUCCESS
PAY002824,C000974,2026-06-04,1499,NET_BANKING,REFUNDED
PAY002825,C000797,2026-02-24,1499,UPI,SUCCESS
PAY002826,C000466,2026-02-09,299,UPI,SUCCESS
PAY002827,C000772,2025-11-28,1499,CARD,REFUNDED
PAY002828,C000873,2026-09-10,1499,UPI,PENDING
PAY002829,C000187,2026-03-22,499,WALLET,REFUNDED
PAY002830,C000224,2026-08-13,199,WALLET,PENDING
PAY002831,C000015,2025-09-28,299,UPI,SUCCESS
PAY002832,C000585,2025-12-07,199,WALLET,FAILED
PAY002833,C000936,2026-03-22,999,CARD,REFUNDED
PAY002834,C000079,2025-10-31,499,CARD,SUCCESS
PAY002835,C000475,2025-10-04,299,CARD,PENDING
PAY002836,C000077,2026-05-10,1499,CARD,SUCCESS
PAY002837,C000111,2026-06-04,399,WALLET,SUCCESS
PAY002838,C000370,2026-07-23,299,WALLET,REFUNDED
PAY002839,C000781,2026-08-25,399,CARD,SUCCESS
PAY002840,C000165,2026-02-13,799,UPI,SUCCESS
PAY002841,C000456,2025-12-30,599,CARD,SUCCESS
PAY002842,C000111,2026-08-19,399,NET_BANKING,PENDING
PAY002843,C000967,2026-09-11,1499,WALLET,PENDING
PAY002844,C000412,2026-06-06,599,UPI,SUCCESS
PAY002845,C000597,2025-10-13,1499,NET_BANKING,SUCCESS
PAY002846,C000372,2025-09-28,199,CARD,REFUNDED
PAY002847,C000763,2026-05-19,999,CARD,SUCCESS
PAY002848,C000857,2026-04-17,199,WALLET,PENDING
PAY002849,C000268,2026-07-29,1499,WALLET,FAILED
PAY002850,C000458,2026-07-20,399,NET_BANKING,SUCCESS
PAY002851,C000335,2026-03-05,299,UPI,SUCCESS
PAY002852,C000220,2026-02-25,799,CARD,PENDING
PAY002853,C000346,2026-06-25,199,CARD,PENDING
PAY002854,C000131,2026-05-02,999,NET_BANKING,SUCCESS
PAY002855,C000646,2025-11-24,999,UPI,FAILED
PAY002856,C000876,2026-03-17,299,UPI,SUCCESS
PAY002857,C000788,2026-07-02,499,UPI,SUCCESS
PAY002858,C000060,2026-04-12,399,UPI,SUCCESS
PAY002859,C000832,2026-08-24,799,CARD,FAILED
PAY002860,C000295,2026-07-06,599,WALLET,SUCCESS
PAY002861,C000805,2025-12-30,399,WALLET,SUCCESS
PAY002862,C000631,2026-02-16,599,CARD,SUCCESS
PAY002863,C000834,2026-04-24,1499,UPI,FAILED
PAY002864,C000953,2026-06-13,1499,NET_BANKING,SUCCESS
PAY002865,C000732,2026-08-04,999,UPI,SUCCESS
PAY002866,C000476,2026-04-09,499,CARD,SUCCESS
PAY002867,C000183,2025-12-09,1499,CARD,SUCCESS
PAY002868,C000332,2026-08-15,499,WALLET,FAILED
PAY002869,C000891,2026-05-28,399,UPI,REFUNDED
PAY002870,C000691,2025-12-11,999,WALLET,SUCCESS
PAY002871,C000946,2026-03-08,399,NET_BANKING,SUCCESS
PAY002872,C000951,2026-09-01,999,WALLET,SUCCESS
PAY002873,C000648,2026-09-19,499,UPI,FAILED
PAY002874,C000160,2025-11-21,299,UPI,SUCCESS
PAY002875,C000016,2025-10-19,599,UPI,FAILED
PAY002876,C000186,2026-06-14,599,UPI,SUCCESS
PAY002877,C000255,2026-04-26,299,WALLET,SUCCESS
PAY002878,C000348,2026-03-18,1499,NET_BANKING,FAILED
PAY002879,C000815,2026-01-22,299,UPI,SUCCESS
PAY002880,C000597,2026-01-20,599,WALLET,SUCCESS
PAY002881,C000541,2025-10-02,399,CARD,SUCCESS
PAY002882,C000022,2026-06-10,999,CARD,FAILED
PAY002883,C000478,2026-08-13,299,NET_BANKING,PENDING
PAY002884,C000164,2025-12-28,499,UPI,SUCCESS
PAY002885,C000662,2025-10-15,499,NET_BANKING,SUCCESS
PAY002886,C000735,2026-06-28,999,WALLET,FAILED
PAY002887,C000476,2026-08-23,1499,WALLET,SUCCESS
PAY002888,C000583,2026-04-04,999,UPI,REFUNDED
PAY002889,C000198,2026-08-15,499,CARD,SUCCESS
PAY002890,C000598,2026-03-12,399,WALLET,SUCCESS
PAY002891,C000082,2026-07-13,599,NET_BANKING,SUCCESS
PAY002892,C000412,2026-02-14,299,WALLET,SUCCESS
PAY002893,C000071,2026-06-29,999,NET_BANKING,FAILED
PAY002894,C000359,2026-05-13,199,UPI,SUCCESS
PAY002895,C000519,2026-04-02,799,UPI,SUCCESS
PAY002896,C000010,2026-03-20,799,UPI,FAILED
PAY002897,C000271,2026-05-25,399,WALLET,SUCCESS
PAY002898,C000471,2026-01-10,799,CARD,SUCCESS
PAY002899,C000651,2025-09-26,199,WALLET,REFUNDED
PAY002900,C000164,2026-04-27,599,UPI,FAILED
PAY002901,C000386,2025-12-04,1499,WALLET,FAILED
PAY002902,C000310,2026-08-24,799,UPI,FAILED
PAY002903,C000265,2026-04-03,199,UPI,SUCCESS
PAY002904,C000080,2026-02-12,399,NET_BANKING,SUCCESS
PAY002905,C000302,2025-12-29,1499,WALLET,SUCCESS
PAY002906,C000699,2026-07-20,499,UPI,SUCCESS
PAY002907,C000318,2025-10-24,799,WALLET,REFUNDED
PAY002908,C000996,2026-09-10,299,WALLET,FAILED
PAY002909,C000682,2025-12-19,999,NET_BANKING,SUCCESS
PAY002910,C000971,2026-02-06,999,CARD,SUCCESS
PAY002911,C000333,2026-02-11,999,UPI,REFUNDED
PAY002912,C000708,2026-07-07,299,NET_BANKING,SUCCESS
PAY002913,C000664,2026-04-24,999,CARD,PENDING
PAY002914,C000646,2025-10-25,599,WALLET,SUCCESS
PAY002915,C000949,2025-10-25,299,UPI,SUCCESS
PAY002916,C000633,2025-12-16,199,CARD,PENDING
PAY002917,C000668,2026-09-18,299,WALLET,REFUNDED
PAY002918,C000417,2025-10-14,999,UPI,PENDING
PAY002919,C000557,2026-04-13,999,NET_BANKING,SUCCESS
PAY002920,C000314,2025-10-31,999,WALLET,SUCCESS
PAY002921,C000319,2026-06-17,399,UPI,REFUNDED
PAY002922,C000081,2026-04-23,199,NET_BANKING,FAILED
PAY002923,C000485,2026-01-14,1499,NET_BANKING,SUCCESS
PAY002924,C000896,2026-07-19,799,CARD,REFUNDED
PAY002925,C000908,2025-10-11,599,NET_BANKING,SUCCESS
PAY002926,C000994,2026-03-03,999,WALLET,FAILED
PAY002927,C000893,2025-10-10,599,CARD,REFUNDED
PAY002928,C000588,2025-09-29,199,WALLET,SUCCESS
PAY002929,C000811,2025-10-22,999,UPI,PENDING
PAY002930,C000146,2026-05-09,199,WALLET,SUCCESS
PAY002931,C000879,2026-05-21,799,UPI,REFUNDED
PAY002932,C000084,2026-04-03,1499,CARD,REFUNDED
PAY002933,C000236,2026-02-10,399,CARD,PENDING
PAY002934,C000604,2026-01-10,499,WALLET,FAILED
PAY002935,C000846,2026-05-24,399,WALLET,SUCCESS
PAY002936,C000523,2026-03-17,299,NET_BANKING,REFUNDED
PAY002937,C000143,2026-02-26,499,NET_BANKING,SUCCESS
PAY002938,C000614,2026-08-30,799,CARD,FAILED
PAY002939,C000572,2026-06-23,299,WALLET,SUCCESS
PAY002940,C000405,2026-07-02,799,CARD,SUCCESS
PAY002941,C000121,2026-07-26,599,NET_BANKING,FAILED
PAY002942,C000995,2025-10-03,199,UPI,SUCCESS
PAY002943,C000378,2025-12-08,499,CARD,SUCCESS
PAY002944,C000075,2026-02-20,599,NET_BANKING,SUCCESS
PAY002945,C000031,2026-05-06,599,NET_BANKING,SUCCESS
PAY002946,C000905,2025-10-12,599,WALLET,SUCCESS
PAY002947,C000338,2026-06-13,299,CARD,FAILED
PAY002948,C000236,2026-05-12,199,NET_BANKING,SUCCESS
PAY002949,C000787,2026-07-31,399,UPI,FAILED
PAY002950,C000840,2026-04-22,1499,WALLET,FAILED
PAY002951,C000058,2026-06-08,999,UPI,FAILED
PAY002952,C000498,2026-02-10,499,WALLET,REFUNDED
PAY002953,C000404,2026-06-02,999,NET_BANKING,SUCCESS
PAY002954,C000564,2026-02-09,999,WALLET,SUCCESS
PAY002955,C000656,2025-11-06,399,CARD,SUCCESS
PAY002956,C000818,2026-04-12,599,WALLET,FAILED
PAY002957,C000943,2025-11-14,299,UPI,PENDING
PAY002958,C000844,2025-12-08,599,CARD,FAILED
PAY002959,C000666,2026-02-19,599,NET_BANKING,FAILED
PAY002960,C000579,2025-11-22,399,NET_BANKING,SUCCESS
PAY002961,C000347,2025-11-25,399,CARD,SUCCESS
PAY002962,C000688,2026-09-05,599,CARD,PENDING
PAY002963,C000623,2026-06-11,1499,NET_BANKING,SUCCESS
PAY002964,C000903,2026-03-15,799,WALLET,SUCCESS
PAY002965,C000984,2026-02-25,499,UPI,SUCCESS
PAY002966,C000687,2026-06-20,999,CARD,SUCCESS
PAY002967,C000306,2025-10-24,199,CARD,REFUNDED
PAY002968,C000833,2026-08-20,1499,WALLET,SUCCESS
PAY002969,C000153,2026-09-05,999,CARD,PENDING
PAY002970,C000761,2026-09-17,599,CARD,FAILED
PAY002971,C000312,2026-03-20,299,NET_BANKING,REFUNDED
PAY002972,C000069,2026-04-02,599,NET_BANKING,SUCCESS
PAY002973,C000205,2026-05-23,199,WALLET,PENDING
PAY002974,C000133,2026-08-10,799,CARD,SUCCESS
PAY002975,C000550,2026-02-22,199,UPI,FAILED
PAY002976,C000183,2026-09-16,799,UPI,SUCCESS
PAY002977,C000065,2025-12-23,399,UPI,FAILED
PAY002978,C000388,2026-03-28,999,WALLET,SUCCESS
PAY002979,C000996,2026-02-09,199,WALLET,SUCCESS
PAY002980,C000993,2025-10-11,999,CARD,PENDING
PAY002981,C000811,2026-03-12,199,NET_BANKING,PENDING
PAY002982,C000368,2025-09-30,399,CARD,SUCCESS
PAY002983,C000914,2026-04-27,999,CARD,PENDING
PAY002984,C000257,2026-01-22,399,WALLET,SUCCESS
PAY002985,C000420,2026-04-30,499,CARD,SUCCESS
PAY002986,C000002,2026-08-05,499,WALLET,SUCCESS
PAY002987,C000568,2026-01-04,399,UPI,FAILED
PAY002988,C000463,2025-10-16,299,WALLET,FAILED
PAY002989,C000031,2025-09-26,199,UPI,REFUNDED
PAY002990,C000453,2026-02-01,999,UPI,SUCCESS
PAY002991,C000098,2026-08-17,1499,WALLET,FAILED
PAY002992,C000227,2026-06-01,199,UPI,REFUNDED
PAY002993,C000269,2025-10-27,999,NET_BANKING,PENDING
PAY002994,C000636,2026-06-27,299,UPI,SUCCESS
PAY002995,C000326,2026-04-30,599,NET_BANKING,SUCCESS
PAY002996,C000308,2026-03-22,799,NET_BANKING,REFUNDED
PAY002997,C000834,2026-07-06,499,WALLET,PENDING
PAY002998,C000879,2026-06-06,499,WALLET,PENDING
PAY002999,C000468,2025-10-28,199,NET_BANKING,FAILED
PAY003000,C000275,2026-06-28,1499,CARD,PENDING
PAY003001,C000841,2026-06-14,199,UPI,PENDING
PAY003002,C000022,2026-01-15,799,CARD,SUCCESS
PAY003003,C000224,2026-06-16,299,WALLET,SUCCESS
PAY003004,C000772,2025-09-23,1499,CARD,SUCCESS
PAY003005,C000560,2026-09-10,999,WALLET,SUCCESS
PAY003006,C000943,2026-05-31,499,UPI,SUCCESS
PAY003007,C000379,2026-04-03,299,CARD,SUCCESS
PAY003008,C000706,2026-08-18,999,NET_BANKING,SUCCESS
PAY003009,C000035,2026-03-31,499,NET_BANKING,FAILED
PAY003010,C000283,2026-02-04,499,NET_BANKING,SUCCESS
PAY003011,C000903,2026-04-15,299,UPI,SUCCESS
PAY003012,C000309,2025-11-16,799,NET_BANKING,FAILED
PAY003013,C000476,2026-04-07,499,WALLET,SUCCESS
PAY003014,C000648,2025-11-22,199,WALLET,REFUNDED
PAY003015,C000308,2026-07-19,599,NET_BANKING,SUCCESS
PAY003016,C000570,2026-01-14,599,CARD,SUCCESS
PAY003017,C000386,2026-08-04,199,WALLET,SUCCESS
PAY003018,C000021,2025-12-24,799,WALLET,SUCCESS
PAY003019,C000020,2026-04-30,199,UPI,SUCCESS
PAY003020,C000082,2026-04-04,199,NET_BANKING,SUCCESS
PAY003021,C000717,2026-07-06,199,NET_BANKING,SUCCESS
PAY003022,C000912,2026-07-20,399,NET_BANKING,FAILED
PAY003023,C000495,2025-12-26,499,UPI,SUCCESS
PAY003024,C000276,2026-02-10,599,UPI,FAILED
PAY003025,C000904,2026-01-23,399,NET_BANKING,PENDING
PAY003026,C000101,2026-05-13,999,NET_BANKING,SUCCESS
PAY003027,C000811,2025-11-03,999,WALLET,SUCCESS
PAY003028,C000891,2026-04-16,1499,CARD,FAILED
PAY003029,C000506,2026-09-03,599,NET_BANKING,FAILED
PAY003030,C000470,2025-11-06,299,UPI,FAILED
PAY003031,C000549,2026-03-07,999,UPI,SUCCESS
PAY003032,C000512,2026-02-27,499,UPI,SUCCESS
PAY003033,C000935,2025-12-21,1499,UPI,FAILED
PAY003034,C000440,2025-10-15,499,NET_BANKING,SUCCESS
PAY003035,C000876,2026-01-13,299,UPI,SUCCESS
PAY003036,C000660,2025-11-30,499,CARD,SUCCESS
PAY003037,C000243,2025-12-04,599,WALLET,FAILED
PAY003038,C000373,2025-10-16,199,NET_BANKING,SUCCESS
PAY003039,C000009,2025-11-01,799,UPI,PENDING
PAY003040,C000612,2025-10-12,399,UPI,REFUNDED
PAY003041,C000633,2026-09-08,999,UPI,PENDING
PAY003042,C000570,2026-05-02,1499,UPI,FAILED
PAY003043,C000358,2026-07-13,399,CARD,REFUNDED
PAY003044,C000344,2026-03-04,299,WALLET,SUCCESS
PAY003045,C000948,2025-10-04,299,NET_BANKING,SUCCESS
PAY003046,C000779,2026-01-25,999,NET_BANKING,SUCCESS
PAY003047,C000315,2026-01-20,199,CARD,SUCCESS
PAY003048,C000890,2026-05-31,399,WALLET,REFUNDED
PAY003049,C000609,2025-11-21,799,WALLET,PENDING
PAY003050,C000265,2026-05-13,1499,CARD,SUCCESS
PAY003051,C000256,2025-09-24,999,WALLET,SUCCESS
PAY003052,C000558,2025-12-10,999,WALLET,REFUNDED
PAY003053,C000012,2026-02-27,799,UPI,FAILED
PAY003054,C000500,2026-07-21,199,WALLET,SUCCESS
PAY003055,C000178,2025-11-27,799,NET_BANKING,REFUNDED
PAY003056,C000733,2026-03-30,399,NET_BANKING,SUCCESS
PAY003057,C000546,2026-08-13,799,CARD,REFUNDED
PAY003058,C000806,2025-10-09,199,WALLET,SUCCESS
PAY003059,C000277,2026-02-18,999,NET_BANKING,PENDING
PAY003060,C000717,2025-10-27,799,UPI,FAILED
PAY003061,C000135,2026-01-03,399,CARD,FAILED
PAY003062,C000781,2025-11-14,999,UPI,SUCCESS
PAY003063,C000856,2026-07-03,799,WALLET,FAILED
PAY003064,C000367,2026-09-09,799,CARD,SUCCESS
PAY003065,C000690,2026-08-21,299,WALLET,SUCCESS
PAY003066,C000355,2026-02-08,999,UPI,SUCCESS
PAY003067,C000134,2026-04-04,299,UPI,PENDING
PAY003068,C000676,2026-04-30,299,UPI,SUCCESS
PAY003069,C000964,2026-01-14,599,CARD,REFUNDED
PAY003070,C000156,2025-10-02,599,CARD,PENDING
PAY003071,C000808,2025-11-10,799,NET_BANKING,SUCCESS
PAY003072,C000830,2026-01-21,199,UPI,SUCCESS
PAY003073,C000730,2026-04-25,999,CARD,SUCCESS
PAY003074,C000128,2026-09-13,399,NET_BANKING,REFUNDED
PAY003075,C000067,2025-11-25,799,UPI,PENDING
PAY003076,C000803,2026-04-18,199,NET_BANKING,REFUNDED
PAY003077,C000434,2025-11-09,599,NET_BANKING,FAILED
PAY003078,C000716,2026-06-22,999,NET_BANKING,PENDING
PAY003079,C000730,2026-01-21,299,UPI,REFUNDED
PAY003080,C000547,2025-11-24,999,NET_BANKING,PENDING
PAY003081,C000244,2025-10-11,399,WALLET,PENDING
PAY003082,C000801,2026-03-26,599,WALLET,FAILED
PAY003083,C000083,2025-10-19,999,NET_BANKING,PENDING
PAY003084,C000450,2026-06-30,1499,WALLET,SUCCESS
PAY003085,C000231,2026-06-04,799,CARD,SUCCESS
PAY003086,C000008,2026-07-24,999,CARD,FAILED
PAY003087,C000059,2025-12-11,299,UPI,SUCCESS
PAY003088,C000221,2026-07-05,1499,CARD,REFUNDED
PAY003089,C000504,2025-12-02,199,NET_BANKING,SUCCESS
PAY003090,C000955,2026-01-29,799,WALLET,PENDING
PAY003091,C000131,2026-03-06,299,WALLET,SUCCESS
PAY003092,C000097,2026-05-24,499,CARD,PENDING
PAY003093,C000746,2025-11-06,399,UPI,FAILED
PAY003094,C000910,2026-01-19,199,UPI,PENDING
PAY003095,C000391,2025-11-21,399,CARD,SUCCESS
PAY003096,C000225,2026-06-17,399,NET_BANKING,SUCCESS
PAY003097,C000174,2026-02-26,299,WALLET,REFUNDED
PAY003098,C000208,2026-02-24,999,WALLET,PENDING
PAY003099,C000931,2025-12-04,299,NET_BANKING,SUCCESS
PAY003100,C000899,2026-03-26,599,CARD,SUCCESS
PAY003101,C000115,2026-07-04,799,CARD,SUCCESS
PAY003102,C000881,2026-04-23,299,CARD,SUCCESS
PAY003103,C000636,2026-02-16,1499,WALLET,REFUNDED
PAY003104,C000935,2026-05-31,299,WALLET,SUCCESS
PAY003105,C000949,2025-12-12,999,CARD,SUCCESS
PAY003106,C000050,2026-07-01,399,NET_BANKING,SUCCESS
PAY003107,C000979,2025-11-11,799,NET_BANKING,PENDING
PAY003108,C000841,2025-11-19,999,UPI,SUCCESS
PAY003109,C000436,2025-12-24,999,NET_BANKING,SUCCESS
PAY003110,C000312,2026-07-09,399,UPI,REFUNDED
PAY003111,C000859,2026-03-12,599,CARD,SUCCESS
PAY003112,C000708,2026-06-07,499,WALLET,SUCCESS
PAY003113,C000537,2026-02-10,199,CARD,FAILED
PAY003114,C000822,2026-01-12,1499,CARD,PENDING
PAY003115,C000122,2026-07-25,799,CARD,FAILED
PAY003116,C000137,2026-04-12,999,CARD,REFUNDED
PAY003117,C000824,2025-10-15,799,UPI,PENDING
PAY003118,C000503,2025-12-05,999,CARD,SUCCESS
PAY003119,C000820,2026-01-19,299,NET_BANKING,REFUNDED
PAY003120,C000479,2026-06-06,799,NET_BANKING,PENDING
PAY003121,C000142,2026-04-13,1499,UPI,REFUNDED
PAY003122,C000920,2026-03-31,299,NET_BANKING,REFUNDED
PAY003123,C000916,2025-12-12,999,CARD,REFUNDED
PAY003124,C000319,2026-04-23,499,UPI,SUCCESS
PAY003125,C000195,2026-08-22,799,WALLET,REFUNDED
PAY003126,C000905,2026-06-04,1499,UPI,FAILED
PAY003127,C000007,2026-01-24,999,NET_BANKING,SUCCESS
PAY003128,C000513,2026-06-03,799,NET_BANKING,SUCCESS
PAY003129,C000510,2026-03-08,799,UPI,REFUNDED
PAY003130,C000695,2025-12-30,599,NET_BANKING,SUCCESS
PAY003131,C000797,2025-10-09,799,WALLET,REFUNDED
PAY003132,C000772,2026-09-07,999,UPI,REFUNDED
PAY003133,C000888,2026-06-12,199,CARD,SUCCESS
PAY003134,C000667,2026-07-28,799,UPI,SUCCESS
PAY003135,C000736,2026-05-25,1499,CARD,SUCCESS
PAY003136,C000837,2026-04-25,999,WALLET,SUCCESS
PAY003137,C000647,2026-04-17,299,NET_BANKING,SUCCESS
PAY003138,C000323,2025-10-27,999,NET_BANKING,PENDING
PAY003139,C000554,2026-01-21,999,NET_BANKING,FAILED
PAY003140,C000370,2026-03-22,599,UPI,SUCCESS
PAY003141,C000679,2026-01-04,999,CARD,SUCCESS
PAY003142,C000926,2025-12-26,299,CARD,SUCCESS
PAY003143,C000292,2025-10-17,999,UPI,FAILED
PAY003144,C000169,2026-04-23,999,CARD,FAILED
PAY003145,C000443,2026-02-21,599,CARD,FAILED
PAY003146,C000543,2026-04-20,199,UPI,PENDING
PAY003147,C000830,2026-01-04,299,UPI,PENDING
PAY003148,C000829,2026-05-13,399,NET_BANKING,SUCCESS
PAY003149,C000583,2026-01-12,599,NET_BANKING,SUCCESS
PAY003150,C000997,2026-04-02,199,WALLET,SUCCESS
PAY003151,C000459,2026-09-05,199,NET_BANKING,SUCCESS
PAY003152,C000875,2026-07-14,299,NET_BANKING,SUCCESS
PAY003153,C000448,2026-08-02,799,WALLET,FAILED
PAY003154,C000226,2026-09-04,499,WALLET,SUCCESS
PAY003155,C000940,2025-10-16,999,WALLET,PENDING
PAY003156,C000616,2026-04-16,799,UPI,SUCCESS
PAY003157,C000971,2025-11-13,199,NET_BANKING,SUCCESS
PAY003158,C000156,2026-03-29,1499,UPI,PENDING
PAY003159,C000154,2025-12-24,1499,CARD,SUCCESS
PAY003160,C000306,2026-01-28,999,CARD,FAILED
PAY003161,C000840,2026-02-12,799,WALLET,FAILED
PAY003162,C000134,2026-08-05,199,NET_BANKING,PENDING
PAY003163,C000703,2025-10-28,999,UPI,SUCCESS
PAY003164,C000277,2026-01-31,799,NET_BANKING,SUCCESS
PAY003165,C000564,2026-03-12,999,UPI,SUCCESS
PAY003166,C000364,2026-07-25,499,CARD,SUCCESS
PAY003167,C000880,2025-09-29,1499,NET_BANKING,PENDING
PAY003168,C000094,2025-09-26,499,NET_BANKING,REFUNDED
PAY003169,C000436,2026-06-01,599,WALLET,SUCCESS
PAY003170,C000555,2026-05-23,199,CARD,SUCCESS
PAY003171,C000721,2026-07-26,1499,NET_BANKING,PENDING
PAY003172,C000130,2025-12-01,799,WALLET,SUCCESS
PAY003173,C000390,2025-10-27,799,WALLET,SUCCESS
PAY003174,C000402,2026-02-09,499,CARD,SUCCESS
PAY003175,C000293,2025-11-13,599,NET_BANKING,SUCCESS
PAY003176,C000255,2026-05-11,299,WALLET,SUCCESS
PAY003177,C000843,2026-07-08,499,UPI,REFUNDED
PAY003178,C000575,2025-10-03,499,NET_BANKING,SUCCESS
PAY003179,C000964,2026-07-18,399,UPI,PENDING
PAY003180,C000379,2025-10-01,299,NET_BANKING,PENDING
PAY003181,C000112,2026-03-10,799,NET_BANKING,PENDING
PAY003182,C000648,2026-07-13,999,CARD,SUCCESS
PAY003183,C000112,2025-12-25,999,CARD,SUCCESS
PAY003184,C000500,2026-05-24,499,WALLET,SUCCESS
PAY003185,C000459,2025-12-07,599,WALLET,SUCCESS
PAY003186,C000835,2025-10-08,599,UPI,SUCCESS
PAY003187,C000538,2026-02-06,399,CARD,PENDING
PAY003188,C000940,2026-06-04,999,CARD,SUCCESS
PAY003189,C000266,2026-02-18,599,CARD,SUCCESS
PAY003190,C000080,2026-05-11,499,CARD,FAILED
PAY003191,C000421,2026-04-26,399,UPI,SUCCESS
PAY003192,C000049,2026-01-14,799,CARD,PENDING
PAY003193,C000118,2026-08-18,499,UPI,FAILED
PAY003194,C000477,2026-03-28,1499,NET_BANKING,PENDING
PAY003195,C000984,2025-11-13,599,NET_BANKING,SUCCESS
PAY003196,C000500,2026-03-13,499,CARD,SUCCESS
PAY003197,C000696,2025-12-15,999,NET_BANKING,SUCCESS
PAY003198,C000272,2026-06-22,399,WALLET,SUCCESS
PAY003199,C000643,2026-01-05,199,NET_BANKING,SUCCESS
PAY003200,C000581,2026-04-19,1499,WALLET,PENDING
PAY003201,C000219,2025-11-02,999,CARD,SUCCESS
PAY003202,C000444,2026-08-26,799,UPI,PENDING
PAY003203,C000299,2026-07-21,1499,UPI,SUCCESS
PAY003204,C000111,2026-05-31,399,UPI,PENDING
PAY003205,C000060,2026-04-07,799,WALLET,SUCCESS
PAY003206,C000062,2026-08-22,499,CARD,REFUNDED
PAY003207,C000155,2026-03-22,599,WALLET,FAILED
PAY003208,C000770,2026-06-30,799,UPI,PENDING
PAY003209,C000433,2026-08-09,399,NET_BANKING,PENDING
PAY003210,C000650,2026-04-22,299,UPI,SUCCESS
PAY003211,C000524,2025-11-12,299,WALLET,REFUNDED
PAY003212,C000354,2026-06-12,999,CARD,SUCCESS
PAY003213,C000958,2025-10-09,199,CARD,SUCCESS
PAY003214,C000196,2026-03-29,199,CARD,SUCCESS
PAY003215,C000665,2025-12-06,1499,NET_BANKING,PENDING
PAY003216,C000892,2025-10-13,199,CARD,SUCCESS
PAY003217,C000720,2026-07-09,599,CARD,FAILED
PAY003218,C000037,2025-10-07,599,NET_BANKING,FAILED
PAY003219,C000963,2026-01-25,1499,CARD,SUCCESS
PAY003220,C000268,2026-03-03,499,NET_BANKING,SUCCESS
PAY003221,C000888,2025-11-16,999,UPI,SUCCESS
PAY003222,C000257,2026-05-28,599,CARD,SUCCESS
PAY003223,C000023,2026-04-03,1499,UPI,REFUNDED
PAY003224,C000346,2026-03-04,599,WALLET,SUCCESS
PAY003225,C000911,2025-11-24,799,WALLET,PENDING
PAY003226,C000978,2025-10-29,199,CARD,SUCCESS
PAY003227,C000446,2026-06-25,499,CARD,FAILED
PAY003228,C000134,2026-03-09,1499,CARD,SUCCESS
PAY003229,C000757,2026-05-10,1499,NET_BANKING,FAILED
PAY003230,C000812,2025-09-29,1499,UPI,SUCCESS
PAY003231,C000673,2025-12-11,999,UPI,FAILED
PAY003232,C000066,2026-01-19,199,CARD,REFUNDED
PAY003233,C000984,2026-07-13,599,NET_BANKING,SUCCESS
PAY003234,C000894,2026-05-23,499,NET_BANKING,SUCCESS
PAY003235,C000022,2026-07-01,1499,NET_BANKING,SUCCESS
PAY003236,C000395,2026-09-22,799,CARD,PENDING
PAY003237,C000772,2026-09-16,1499,NET_BANKING,REFUNDED
PAY003238,C000934,2025-09-23,399,WALLET,SUCCESS
PAY003239,C000431,2025-12-04,1499,WALLET,SUCCESS
PAY003240,C000618,2025-09-29,499,UPI,REFUNDED
PAY003241,C000317,2026-08-27,299,NET_BANKING,REFUNDED
PAY003242,C000503,2025-10-31,499,CARD,SUCCESS
PAY003243,C000920,2026-04-09,199,WALLET,SUCCESS
PAY003244,C000996,2025-11-15,299,WALLET,FAILED
PAY003245,C000921,2026-01-27,999,UPI,PENDING
PAY003246,C000167,2025-10-26,799,NET_BANKING,REFUNDED
PAY003247,C000079,2026-03-05,499,CARD,SUCCESS
PAY003248,C000206,2026-06-06,999,NET_BANKING,FAILED
PAY003249,C000124,2025-12-13,799,CARD,SUCCESS
PAY003250,C000926,2025-12-31,399,WALLET,PENDING
PAY003251,C000442,2026-01-15,1499,UPI,SUCCESS
PAY003252,C000709,2026-07-26,1499,UPI,SUCCESS
PAY003253,C000128,2026-06-23,499,CARD,SUCCESS
PAY003254,C000527,2026-09-02,799,CARD,SUCCESS
PAY003255,C000036,2026-02-08,599,NET_BANKING,SUCCESS
PAY003256,C000880,2026-09-05,499,NET_BANKING,SUCCESS
PAY003257,C000725,2026-07-21,199,WALLET,REFUNDED
PAY003258,C000643,2025-10-19,499,CARD,SUCCESS
PAY003259,C000600,2025-12-09,199,CARD,SUCCESS
PAY003260,C000051,2026-05-15,499,UPI,SUCCESS
PAY003261,C000964,2026-06-19,799,NET_BANKING,FAILED
PAY003262,C000099,2026-04-13,1499,UPI,REFUNDED
PAY003263,C000539,2026-07-08,299,NET_BANKING,SUCCESS
PAY003264,C000946,2026-08-05,999,UPI,SUCCESS
PAY003265,C000193,2026-09-18,199,UPI,PENDING
PAY003266,C000861,2026-01-23,299,NET_BANKING,FAILED
PAY003267,C000426,2026-08-05,499,UPI,SUCCESS
PAY003268,C000251,2026-04-22,399,CARD,SUCCESS
PAY003269,C000724,2026-05-15,499,WALLET,FAILED
PAY003270,C000848,2026-04-07,999,WALLET,SUCCESS
PAY003271,C000815,2026-06-12,399,NET_BANKING,SUCCESS
PAY003272,C000780,2026-09-14,299,WALLET,SUCCESS
PAY003273,C000777,2026-04-22,1499,CARD,REFUNDED
PAY003274,C000166,2025-12-28,599,WALLET,REFUNDED
PAY003275,C000337,2026-01-24,1499,UPI,PENDING
PAY003276,C000266,2025-10-13,399,UPI,REFUNDED
PAY003277,C000681,2026-07-29,599,WALLET,REFUNDED
PAY003278,C000088,2026-06-11,799,CARD,SUCCESS
PAY003279,C000926,2026-07-30,799,UPI,FAILED
PAY003280,C000290,2026-08-09,199,WALLET,SUCCESS
PAY003281,C000901,2026-05-05,1499,CARD,FAILED
PAY003282,C000123,2026-05-08,299,NET_BANKING,PENDING
PAY003283,C000316,2025-09-26,399,NET_BANKING,SUCCESS
PAY003284,C000405,2026-02-24,399,UPI,SUCCESS
PAY003285,C000340,2025-11-29,599,NET_BANKING,SUCCESS
PAY003286,C000043,2026-02-20,799,WALLET,SUCCESS
PAY003287,C000382,2025-10-20,199,WALLET,SUCCESS
PAY003288,C000211,2025-09-25,199,UPI,SUCCESS
PAY003289,C000484,2025-12-01,1499,UPI,SUCCESS
PAY003290,C000032,2026-05-14,999,UPI,REFUNDED
PAY003291,C000179,2025-10-27,199,WALLET,SUCCESS
PAY003292,C000866,2026-08-30,399,NET_BANKING,SUCCESS
PAY003293,C000591,2026-09-19,499,UPI,SUCCESS
PAY003294,C000082,2026-06-17,599,WALLET,SUCCESS
PAY003295,C000227,2026-06-25,999,NET_BANKING,SUCCESS
PAY003296,C000431,2026-09-11,799,UPI,SUCCESS
PAY003297,C000239,2025-10-31,799,WALLET,FAILED
PAY003298,C000520,2025-12-31,199,NET_BANKING,SUCCESS
PAY003299,C000719,2025-12-12,599,NET_BANKING,SUCCESS
PAY003300,C000380,2026-03-01,599,NET_BANKING,SUCCESS
PAY003301,C000839,2026-02-12,1499,WALLET,SUCCESS
PAY003302,C000367,2026-04-20,1499,UPI,SUCCESS
PAY003303,C000320,2026-02-14,599,UPI,SUCCESS
PAY003304,C000482,2026-09-11,299,NET_BANKING,SUCCESS
PAY003305,C000254,2026-07-02,399,WALLET,SUCCESS
PAY003306,C000936,2025-10-20,499,CARD,SUCCESS
PAY003307,C000826,2026-07-31,399,WALLET,SUCCESS
PAY003308,C000120,2026-09-07,199,CARD,SUCCESS
PAY003309,C000473,2026-09-04,599,NET_BANKING,FAILED
PAY003310,C000279,2026-06-21,1499,WALLET,SUCCESS
PAY003311,C000549,2026-01-25,299,CARD,SUCCESS
PAY003312,C000921,2026-01-05,1499,UPI,SUCCESS
PAY003313,C000311,2026-01-26,1499,UPI,SUCCESS
PAY003314,C000256,2026-05-12,999,UPI,SUCCESS
PAY003315,C000054,2026-02-10,799,NET_BANKING,SUCCESS
PAY003316,C000072,2026-07-23,399,WALLET,SUCCESS
PAY003317,C000634,2026-06-10,499,WALLET,SUCCESS
PAY003318,C000496,2026-03-21,799,UPI,SUCCESS
PAY003319,C000381,2026-06-01,599,WALLET,SUCCESS
PAY003320,C000395,2026-05-23,199,WALLET,SUCCESS
PAY003321,C000297,2026-04-11,599,WALLET,SUCCESS
PAY003322,C000221,2025-11-17,399,CARD,PENDING
PAY003323,C000740,2026-08-19,499,CARD,REFUNDED
PAY003324,C000781,2026-01-18,299,WALLET,SUCCESS
PAY003325,C000145,2026-01-14,599,WALLET,SUCCESS
PAY003326,C000810,2026-08-05,999,WALLET,REFUNDED
PAY003327,C000442,2026-02-05,799,CARD,REFUNDED
PAY003328,C000753,2026-08-07,199,CARD,SUCCESS
PAY003329,C000673,2026-02-19,799,UPI,SUCCESS
PAY003330,C000124,2025-10-15,399,UPI,PENDING
PAY003331,C000344,2026-06-21,199,CARD,FAILED
PAY003332,C000926,2025-12-10,1499,CARD,PENDING
PAY003333,C000534,2025-10-17,499,CARD,SUCCESS
PAY003334,C000390,2026-01-05,999,WALLET,REFUNDED
PAY003335,C000437,2026-05-13,799,WALLET,REFUNDED
PAY003336,C000308,2025-11-03,499,WALLET,SUCCESS
PAY003337,C000441,2026-06-24,599,NET_BANKING,SUCCESS
PAY003338,C000337,2025-10-19,599,WALLET,SUCCESS
PAY003339,C000820,2025-09-24,299,NET_BANKING,REFUNDED
PAY003340,C000285,2025-12-05,1499,NET_BANKING,SUCCESS
PAY003341,C000053,2026-07-20,799,NET_BANKING,SUCCESS
PAY003342,C000560,2025-11-28,599,UPI,SUCCESS
PAY003343,C000440,2025-10-29,999,NET_BANKING,FAILED
PAY003344,C000562,2025-12-02,299,NET_BANKING,SUCCESS
PAY003345,C000308,2026-03-12,499,CARD,SUCCESS
PAY003346,C000235,2026-04-24,299,UPI,SUCCESS
PAY003347,C000331,2026-07-28,599,CARD,REFUNDED
PAY003348,C000914,2026-02-04,799,UPI,REFUNDED
PAY003349,C000106,2025-10-31,599,NET_BANKING,SUCCESS
PAY003350,C000035,2025-12-24,1499,WALLET,SUCCESS
PAY003351,C000225,2026-09-15,999,UPI,PENDING
PAY003352,C000313,2026-02-24,999,NET_BANKING,SUCCESS
PAY003353,C000078,2026-09-09,399,UPI,SUCCESS
PAY003354,C000812,2026-08-27,299,NET_BANKING,PENDING
PAY003355,C000178,2026-07-11,199,UPI,SUCCESS
PAY003356,C000802,2026-06-21,799,UPI,SUCCESS
PAY003357,C000612,2026-05-28,499,CARD,PENDING
PAY003358,C000810,2025-09-28,999,UPI,SUCCESS
PAY003359,C000022,2026-06-13,799,UPI,REFUNDED
PAY003360,C000322,2025-11-29,299,CARD,REFUNDED
PAY003361,C000451,2026-01-27,199,UPI,REFUNDED
PAY003362,C000619,2025-11-03,199,WALLET,REFUNDED
PAY003363,C000605,2025-12-28,299,CARD,FAILED
PAY003364,C000228,2026-08-09,199,NET_BANKING,REFUNDED
PAY003365,C000872,2026-07-22,599,CARD,SUCCESS
PAY003366,C000705,2026-09-07,499,NET_BANKING,PENDING
PAY003367,C000703,2026-02-04,399,CARD,FAILED
PAY003368,C000051,2026-03-16,1499,UPI,REFUNDED
PAY003369,C000340,2025-10-25,199,NET_BANKING,SUCCESS
PAY003370,C000110,2026-02-01,299,NET_BANKING,SUCCESS
PAY003371,C000380,2026-05-21,599,CARD,SUCCESS
PAY003372,C000788,2026-04-16,799,WALLET,PENDING
PAY003373,C000257,2026-06-07,199,UPI,SUCCESS
PAY003374,C000727,2026-09-16,199,NET_BANKING,SUCCESS
PAY003375,C000354,2026-07-17,299,WALLET,FAILED
PAY003376,C000108,2026-04-12,199,WALLET,REFUNDED
PAY003377,C000725,2026-03-21,599,WALLET,SUCCESS
PAY003378,C000370,2026-06-12,399,CARD,PENDING
PAY003379,C000578,2026-09-02,599,CARD,PENDING
PAY003380,C000030,2026-02-22,299,CARD,SUCCESS
PAY003381,C000818,2026-02-26,499,CARD,SUCCESS
PAY003382,C000844,2026-01-07,299,NET_BANKING,FAILED
PAY003383,C000318,2026-03-11,1499,NET_BANKING,FAILED
PAY003384,C000374,2026-01-02,299,WALLET,REFUNDED
PAY003385,C000141,2025-11-05,399,UPI,SUCCESS
PAY003386,C000024,2026-05-14,399,WALLET,PENDING
PAY003387,C000655,2026-05-01,499,UPI,PENDING
PAY003388,C000257,2025-10-13,999,CARD,SUCCESS
PAY003389,C000034,2026-07-12,799,UPI,SUCCESS
PAY003390,C000041,2026-07-28,799,NET_BANKING,FAILED
PAY003391,C000897,2026-04-02,1499,WALLET,SUCCESS
PAY003392,C000134,2026-09-06,999,WALLET,SUCCESS
PAY003393,C000104,2025-10-02,199,NET_BANKING,FAILED
PAY003394,C000855,2025-12-24,199,UPI,FAILED
PAY003395,C000817,2026-04-19,499,CARD,FAILED
PAY003396,C000444,2026-05-15,399,WALLET,REFUNDED
PAY003397,C000843,2026-06-12,199,WALLET,FAILED
PAY003398,C000499,2026-09-05,799,NET_BANKING,SUCCESS
PAY003399,C000007,2025-11-23,599,WALLET,SUCCESS
PAY003400,C000068,2025-12-27,199,WALLET,REFUNDED
PAY003401,C000206,2026-02-27,999,UPI,SUCCESS
PAY003402,C000453,2026-08-17,199,NET_BANKING,REFUNDED
PAY003403,C000068,2026-06-25,799,WALLET,SUCCESS
PAY003404,C000745,2026-04-15,1499,CARD,FAILED
PAY003405,C000008,2026-01-03,799,NET_BANKING,FAILED
PAY003406,C000780,2026-03-14,999,CARD,FAILED
PAY003407,C000462,2025-12-02,1499,WALLET,SUCCESS
PAY003408,C000442,2026-04-13,499,CARD,PENDING
PAY003409,C000667,2026-07-30,499,WALLET,SUCCESS
PAY003410,C000194,2026-09-14,399,WALLET,PENDING
PAY003411,C000358,2026-01-23,999,NET_BANKING,SUCCESS
PAY003412,C000262,2026-08-13,299,WALLET,SUCCESS
PAY003413,C000703,2026-08-12,399,UPI,SUCCESS
PAY003414,C000679,2026-04-15,1499,NET_BANKING,SUCCESS
PAY003415,C000032,2025-12-07,299,CARD,SUCCESS
PAY003416,C000073,2026-02-09,399,NET_BANKING,FAILED
PAY003417,C000171,2026-06-06,1499,WALLET,SUCCESS
PAY003418,C000444,2026-07-13,299,WALLET,SUCCESS
PAY003419,C000449,2026-04-09,299,CARD,PENDING
PAY003420,C000480,2025-10-30,1499,WALLET,SUCCESS
PAY003421,C000003,2026-03-23,299,WALLET,REFUNDED
PAY003422,C000046,2026-09-12,199,CARD,REFUNDED
PAY003423,C000441,2026-07-25,399,WALLET,SUCCESS
PAY003424,C000768,2026-05-14,999,CARD,REFUNDED
PAY003425,C000662,2026-06-17,399,WALLET,REFUNDED
PAY003426,C000190,2026-07-02,499,NET_BANKING,FAILED
PAY003427,C000597,2025-11-20,799,WALLET,FAILED
PAY003428,C000918,2026-05-20,599,UPI,SUCCESS
PAY003429,C000040,2026-03-01,1499,UPI,REFUNDED
PAY003430,C000126,2025-12-06,599,UPI,SUCCESS
PAY003431,C000467,2025-10-28,999,CARD,SUCCESS
PAY003432,C000416,2026-06-30,199,CARD,SUCCESS
PAY003433,C000221,2026-06-02,499,WALLET,FAILED
PAY003434,C000071,2026-08-08,1499,CARD,SUCCESS
PAY003435,C000645,2026-09-11,799,NET_BANKING,SUCCESS
PAY003436,C000764,2026-06-02,999,WALLET,REFUNDED
PAY003437,C000475,2025-11-24,199,NET_BANKING,REFUNDED
PAY003438,C000724,2026-09-01,399,WALLET,PENDING
PAY003439,C000767,2025-11-21,399,NET_BANKING,SUCCESS
PAY003440,C000257,2025-10-19,399,WALLET,REFUNDED
PAY003441,C000116,2026-02-11,999,NET_BANKING,FAILED
PAY003442,C000974,2026-04-30,199,CARD,SUCCESS
PAY003443,C000436,2026-06-25,399,UPI,PENDING
PAY003444,C000844,2026-05-22,199,CARD,SUCCESS
PAY003445,C000064,2026-01-08,799,WALLET,SUCCESS
PAY003446,C000907,2025-10-20,999,CARD,SUCCESS
PAY003447,C000895,2026-08-12,199,CARD,FAILED
PAY003448,C000097,2026-03-01,299,NET_BANKING,SUCCESS
PAY003449,C000750,2025-10-15,799,WALLET,PENDING
PAY003450,C000218,2026-02-03,999,NET_BANKING,SUCCESS
PAY003451,C000666,2026-08-29,399,WALLET,PENDING
PAY003452,C000229,2026-02-21,299,UPI,PENDING
PAY003453,C000308,2026-08-28,599,UPI,REFUNDED
PAY003454,C000173,2026-02-02,1499,NET_BANKING,PENDING
PAY003455,C000111,2026-08-03,799,NET_BANKING,SUCCESS
PAY003456,C000147,2026-03-10,1499,NET_BANKING,PENDING
PAY003457,C000930,2025-11-10,399,CARD,SUCCESS
PAY003458,C000994,2026-08-21,799,NET_BANKING,FAILED
PAY003459,C000329,2026-04-18,1499,WALLET,REFUNDED
PAY003460,C000327,2026-07-26,199,CARD,PENDING
PAY003461,C000399,2026-03-09,499,NET_BANKING,SUCCESS
PAY003462,C000282,2026-08-09,399,CARD,FAILED
PAY003463,C000472,2026-07-15,399,WALLET,SUCCESS
PAY003464,C000399,2025-10-14,799,WALLET,SUCCESS
PAY003465,C000729,2026-07-06,999,NET_BANKING,SUCCESS
PAY003466,C000722,2026-01-16,499,UPI,FAILED
PAY003467,C000114,2026-08-04,499,WALLET,REFUNDED
PAY003468,C000445,2025-10-06,1499,NET_BANKING,SUCCESS
PAY003469,C000240,2026-02-06,499,NET_BANKING,SUCCESS
PAY003470,C000177,2026-02-25,499,WALLET,SUCCESS
PAY003471,C000592,2026-07-07,399,UPI,REFUNDED
PAY003472,C000664,2026-08-29,599,WALLET,REFUNDED
PAY003473,C000406,2025-11-26,199,CARD,REFUNDED
PAY003474,C000556,2025-12-22,399,UPI,SUCCESS
PAY003475,C000339,2025-11-28,499,WALLET,SUCCESS
PAY003476,C000018,2025-10-30,999,NET_BANKING,REFUNDED
PAY003477,C000868,2026-07-14,299,UPI,REFUNDED
PAY003478,C000110,2025-10-26,999,CARD,SUCCESS
PAY003479,C000318,2026-05-20,799,UPI,SUCCESS
PAY003480,C000402,2025-10-26,499,NET_BANKING,FAILED
PAY003481,C000370,2026-04-22,799,UPI,SUCCESS
PAY003482,C000451,2026-03-04,999,WALLET,SUCCESS
PAY003483,C000950,2026-07-04,299,WALLET,SUCCESS
PAY003484,C000349,2026-04-01,999,UPI,SUCCESS
PAY003485,C000728,2026-06-12,799,WALLET,SUCCESS
PAY003486,C000097,2026-08-01,399,CARD,SUCCESS
PAY003487,C000690,2025-12-13,799,CARD,SUCCESS
PAY003488,C000972,2026-01-04,799,NET_BANKING,SUCCESS
PAY003489,C000581,2026-06-21,199,WALLET,REFUNDED
PAY003490,C000877,2026-05-14,599,NET_BANKING,REFUNDED
PAY003491,C000770,2026-05-26,299,WALLET,SUCCESS
PAY003492,C000360,2025-12-20,499,NET_BANKING,SUCCESS
PAY003493,C000661,2025-12-21,1499,UPI,SUCCESS
PAY003494,C000387,2026-01-25,299,NET_BANKING,SUCCESS
PAY003495,C000634,2025-12-26,199,NET_BANKING,SUCCESS
PAY003496,C000772,2025-11-20,299,UPI,FAILED
PAY003497,C000063,2026-08-28,1499,NET_BANKING,SUCCESS
PAY003498,C000827,2025-10-07,399,NET_BANKING,SUCCESS
PAY003499,C000116,2026-05-02,299,CARD,PENDING
PAY003500,C000086,2026-02-11,999,UPI,SUCCESS
PAY003501,C000876,2026-09-12,799,CARD,FAILED
PAY003502,C000226,2025-11-27,599,NET_BANKING,REFUNDED
PAY003503,C000061,2026-05-21,799,WALLET,REFUNDED
PAY003504,C000744,2026-07-10,999,WALLET,FAILED
PAY003505,C000851,2026-06-26,1499,WALLET,SUCCESS
PAY003506,C000975,2026-08-30,1499,WALLET,FAILED
PAY003507,C000497,2026-03-05,399,NET_BANKING,SUCCESS
PAY003508,C000563,2026-01-27,599,CARD,SUCCESS
PAY003509,C000257,2025-10-11,999,UPI,SUCCESS
PAY003510,C000038,2026-05-06,799,CARD,FAILED
PAY003511,C001000,2026-01-22,799,UPI,SUCCESS
PAY003512,C000448,2026-06-07,199,WALLET,FAILED
PAY003513,C000092,2026-04-05,1499,UPI,SUCCESS
PAY003514,C000913,2026-09-06,299,UPI,SUCCESS
PAY003515,C000581,2026-06-30,999,CARD,SUCCESS
PAY003516,C000563,2025-12-20,599,CARD,PENDING
PAY003517,C000013,2026-06-11,799,CARD,SUCCESS
PAY003518,C000326,2026-03-05,299,UPI,SUCCESS
PAY003519,C000186,2025-10-18,1499,WALLET,SUCCESS
PAY003520,C000601,2026-01-10,599,WALLET,PENDING
PAY003521,C000642,2026-05-09,799,UPI,SUCCESS
PAY003522,C000647,2025-10-28,199,WALLET,SUCCESS
PAY003523,C000909,2025-12-22,199,NET_BANKING,SUCCESS
PAY003524,C000129,2025-12-05,999,WALLET,SUCCESS
PAY003525,C000751,2026-08-22,1499,WALLET,SUCCESS
PAY003526,C000452,2026-05-14,1499,NET_BANKING,SUCCESS
PAY003527,C000392,2026-08-26,499,CARD,SUCCESS
PAY003528,C000916,2025-11-13,199,NET_BANKING,REFUNDED
PAY003529,C000497,2026-04-27,599,CARD,SUCCESS
PAY003530,C000153,2026-09-20,399,WALLET,SUCCESS
PAY003531,C000817,2026-08-20,199,CARD,PENDING
PAY003532,C000941,2026-04-10,1499,NET_BANKING,PENDING
PAY003533,C000010,2026-03-04,399,NET_BANKING,SUCCESS
PAY003534,C000171,2025-10-16,599,CARD,SUCCESS
PAY003535,C000268,2026-05-05,599,WALLET,PENDING
PAY003536,C000300,2026-04-08,399,CARD,SUCCESS
PAY003537,C000599,2026-01-08,499,WALLET,REFUNDED
PAY003538,C000530,2026-07-15,999,WALLET,SUCCESS
PAY003539,C000392,2026-02-25,499,WALLET,REFUNDED
PAY003540,C000476,2026-02-03,199,NET_BANKING,SUCCESS
PAY003541,C000313,2025-09-25,999,WALLET,REFUNDED
PAY003542,C000158,2026-03-23,299,WALLET,FAILED
PAY003543,C000840,2025-11-16,999,CARD,SUCCESS
PAY003544,C000555,2026-05-20,1499,WALLET,SUCCESS
PAY003545,C000291,2026-07-07,299,UPI,FAILED
PAY003546,C000984,2025-12-21,399,WALLET,FAILED
PAY003547,C000011,2026-04-11,599,CARD,SUCCESS
PAY003548,C000912,2026-03-17,499,NET_BANKING,SUCCESS
PAY003549,C000577,2025-10-09,1499,CARD,SUCCESS
PAY003550,C000790,2026-04-14,999,WALLET,SUCCESS
PAY003551,C000815,2025-12-21,799,WALLET,SUCCESS
PAY003552,C000722,2026-09-13,799,WALLET,SUCCESS
PAY003553,C000211,2026-09-08,399,UPI,FAILED
PAY003554,C000869,2026-07-02,1499,WALLET,REFUNDED
PAY003555,C000758,2025-12-31,499,NET_BANKING,PENDING
PAY003556,C000652,2026-05-29,199,WALLET,SUCCESS
PAY003557,C000828,2026-04-18,799,NET_BANKING,SUCCESS
PAY003558,C000423,2025-10-21,599,WALLET,SUCCESS
PAY003559,C000326,2026-09-15,299,UPI,FAILED
PAY003560,C000387,2026-03-12,799,WALLET,FAILED
PAY003561,C000595,2025-12-11,199,CARD,SUCCESS
PAY003562,C000816,2026-06-03,799,WALLET,PENDING
PAY003563,C000312,2026-06-27,799,UPI,SUCCESS
PAY003564,C000462,2026-01-25,999,CARD,REFUNDED
PAY003565,C000538,2025-11-12,799,NET_BANKING,FAILED
PAY003566,C000550,2026-04-24,999,NET_BANKING,PENDING
PAY003567,C000631,2026-04-18,199,UPI,SUCCESS
PAY003568,C000702,2025-09-27,499,CARD,PENDING
PAY003569,C000984,2026-08-22,799,CARD,PENDING
PAY003570,C000929,2026-01-02,1499,UPI,PENDING
PAY003571,C000273,2025-10-06,399,WALLET,SUCCESS
PAY003572,C000496,2026-03-21,499,CARD,SUCCESS
PAY003573,C000494,2026-07-14,599,WALLET,FAILED
PAY003574,C000845,2025-12-18,199,CARD,FAILED
PAY003575,C000102,2025-12-18,499,UPI,SUCCESS
PAY003576,C000924,2026-06-01,299,CARD,SUCCESS
PAY003577,C000280,2025-10-18,499,WALLET,SUCCESS
PAY003578,C000192,2026-02-05,599,WALLET,FAILED
PAY003579,C000039,2025-10-03,799,CARD,SUCCESS
PAY003580,C000361,2026-07-27,999,NET_BANKING,PENDING
PAY003581,C000010,2026-01-18,499,UPI,SUCCESS
PAY003582,C000230,2025-12-24,199,NET_BANKING,SUCCESS
PAY003583,C000087,2025-12-16,299,NET_BANKING,FAILED
PAY003584,C000051,2026-09-19,499,NET_BANKING,SUCCESS
PAY003585,C000701,2026-09-06,199,CARD,REFUNDED
PAY003586,C000221,2026-03-06,499,WALLET,PENDING
PAY003587,C000840,2025-10-26,799,WALLET,SUCCESS
PAY003588,C000811,2025-11-26,599,NET_BANKING,FAILED
PAY003589,C000893,2026-09-07,299,NET_BANKING,SUCCESS
PAY003590,C000738,2026-04-16,199,NET_BANKING,PENDING
PAY003591,C000991,2025-10-05,499,NET_BANKING,SUCCESS
PAY003592,C000251,2026-07-10,599,UPI,SUCCESS
PAY003593,C000213,2026-05-21,999,WALLET,PENDING
PAY003594,C000053,2026-05-15,999,CARD,SUCCESS
PAY003595,C000020,2026-04-12,1499,CARD,FAILED
PAY003596,C000721,2026-09-22,399,UPI,SUCCESS
PAY003597,C000188,2026-06-29,999,WALLET,SUCCESS
PAY003598,C000553,2026-05-30,199,CARD,PENDING
PAY003599,C000773,2025-11-13,199,UPI,FAILED
PAY003600,C000893,2026-01-26,999,CARD,REFUNDED
PAY003601,C000294,2025-10-14,599,NET_BANKING,FAILED
PAY003602,C000984,2026-06-16,1499,CARD,REFUNDED
PAY003603,C000759,2026-03-21,799,NET_BANKING,SUCCESS
PAY003604,C000469,2026-07-04,199,CARD,SUCCESS
PAY003605,C000831,2026-05-13,999,UPI,SUCCESS
PAY003606,C000257,2025-12-02,199,UPI,SUCCESS
PAY003607,C000455,2026-06-20,999,NET_BANKING,SUCCESS
PAY003608,C000554,2025-09-30,999,WALLET,REFUNDED
PAY003609,C000033,2026-04-16,799,NET_BANKING,SUCCESS
PAY003610,C000742,2026-03-01,399,WALLET,PENDING
PAY003611,C000633,2025-11-08,999,NET_BANKING,SUCCESS
PAY003612,C000402,2026-08-08,799,NET_BANKING,SUCCESS
PAY003613,C000301,2026-03-05,299,UPI,SUCCESS
PAY003614,C000536,2025-11-12,199,CARD,SUCCESS
PAY003615,C000390,2025-12-17,399,UPI,REFUNDED
PAY003616,C000651,2026-04-23,199,WALLET,SUCCESS
PAY003617,C000064,2026-07-07,199,NET_BANKING,SUCCESS
PAY003618,C000526,2026-06-19,1499,NET_BANKING,PENDING
PAY003619,C000205,2025-12-15,599,CARD,SUCCESS
PAY003620,C000709,2026-04-30,299,NET_BANKING,SUCCESS
PAY003621,C000915,2026-05-03,299,NET_BANKING,REFUNDED
PAY003622,C000626,2025-10-04,199,CARD,SUCCESS
PAY003623,C000738,2025-12-12,999,UPI,REFUNDED
PAY003624,C000824,2026-05-25,1499,CARD,PENDING
PAY003625,C000403,2026-09-02,599,NET_BANKING,SUCCESS
PAY003626,C000945,2026-04-28,1499,WALLET,SUCCESS
PAY003627,C000792,2026-01-28,399,CARD,SUCCESS
PAY003628,C000205,2026-02-27,999,NET_BANKING,REFUNDED
PAY003629,C000131,2026-01-13,299,UPI,SUCCESS
PAY003630,C000543,2026-08-17,199,WALLET,SUCCESS
PAY003631,C000877,2025-10-09,499,NET_BANKING,SUCCESS
PAY003632,C000585,2026-01-15,299,WALLET,PENDING
PAY003633,C000903,2025-12-26,499,CARD,SUCCESS
PAY003634,C000422,2026-01-25,599,CARD,REFUNDED
PAY003635,C000009,2025-12-14,599,NET_BANKING,SUCCESS
PAY003636,C000504,2026-03-09,1499,CARD,FAILED
PAY003637,C000001,2026-07-29,499,UPI,SUCCESS
PAY003638,C000649,2026-04-08,399,CARD,SUCCESS
PAY003639,C000386,2025-12-16,1499,WALLET,SUCCESS
PAY003640,C000510,2026-03-08,199,CARD,PENDING
PAY003641,C000029,2026-04-02,799,NET_BANKING,SUCCESS
PAY003642,C000783,2026-02-20,1499,UPI,PENDING
PAY003643,C000043,2026-08-27,399,WALLET,SUCCESS
PAY003644,C000925,2026-01-09,299,CARD,SUCCESS
PAY003645,C000163,2026-03-23,1499,CARD,SUCCESS
PAY003646,C000773,2025-10-02,299,UPI,PENDING
PAY003647,C000760,2026-01-14,299,UPI,PENDING
PAY003648,C000587,2026-05-27,1499,WALLET,SUCCESS
PAY003649,C000875,2026-03-02,299,UPI,FAILED
PAY003650,C000381,2025-09-26,999,WALLET,SUCCESS
PAY003651,C000654,2026-08-11,999,CARD,SUCCESS
PAY003652,C000218,2026-02-04,999,WALLET,REFUNDED
PAY003653,C000852,2025-09-25,399,NET_BANKING,SUCCESS
PAY003654,C000836,2026-04-20,499,UPI,SUCCESS
PAY003655,C000858,2025-11-30,799,NET_BANKING,SUCCESS
PAY003656,C000153,2026-08-01,399,WALLET,FAILED
PAY003657,C000988,2026-05-04,999,NET_BANKING,SUCCESS
PAY003658,C000293,2026-06-19,999,WALLET,FAILED
PAY003659,C000266,2026-09-20,499,CARD,SUCCESS
PAY003660,C000616,2026-08-13,399,CARD,SUCCESS
PAY003661,C000923,2026-03-30,999,WALLET,FAILED
PAY003662,C000118,2026-09-12,499,UPI,SUCCESS
PAY003663,C000139,2026-09-18,599,CARD,SUCCESS
PAY003664,C000077,2025-12-17,1499,NET_BANKING,SUCCESS
PAY003665,C000684,2026-05-09,199,CARD,SUCCESS
PAY003666,C000800,2026-02-07,399,WALLET,SUCCESS
PAY003667,C000782,2026-07-18,299,WALLET,SUCCESS
PAY003668,C000102,2026-09-17,399,UPI,SUCCESS
PAY003669,C000178,2026-03-29,799,UPI,SUCCESS
PAY003670,C000566,2026-07-26,299,UPI,SUCCESS
PAY003671,C000385,2026-05-26,399,UPI,SUCCESS
PAY003672,C000828,2026-07-03,199,WALLET,FAILED
PAY003673,C000439,2026-03-19,999,CARD,SUCCESS
PAY003674,C000591,2026-09-05,499,CARD,SUCCESS
PAY003675,C000126,2026-05-16,499,CARD,SUCCESS
PAY003676,C000284,2025-12-23,199,CARD,SUCCESS
PAY003677,C000868,2025-11-25,1499,UPI,REFUNDED
PAY003678,C000385,2026-02-26,499,CARD,FAILED
PAY003679,C000880,2025-10-06,499,NET_BANKING,REFUNDED
PAY003680,C000293,2026-03-21,299,CARD,PENDING
PAY003681,C000414,2025-12-10,599,UPI,FAILED
PAY003682,C000594,2026-05-04,799,CARD,FAILED
PAY003683,C000787,2026-08-11,299,NET_BANKING,SUCCESS
PAY003684,C000270,2026-03-03,599,WALLET,FAILED
PAY003685,C000549,2026-03-30,199,CARD,PENDING
PAY003686,C000993,2026-05-08,599,NET_BANKING,SUCCESS
PAY003687,C000585,2026-02-26,1499,WALLET,REFUNDED
PAY003688,C000700,2026-03-26,599,CARD,REFUNDED
PAY003689,C000658,2026-01-25,799,WALLET,REFUNDED
PAY003690,C000785,2026-04-13,299,CARD,SUCCESS
PAY003691,C000272,2025-10-08,999,UPI,SUCCESS
PAY003692,C000129,2025-11-12,599,CARD,REFUNDED
PAY003693,C000384,2025-11-07,1499,CARD,SUCCESS
PAY003694,C000620,2025-12-08,299,UPI,PENDING
PAY003695,C000973,2026-08-06,199,CARD,SUCCESS
PAY003696,C000300,2025-10-28,499,UPI,SUCCESS
PAY003697,C000650,2025-10-09,799,UPI,SUCCESS
PAY003698,C000451,2026-01-31,1499,WALLET,SUCCESS
PAY003699,C000047,2026-02-25,1499,WALLET,FAILED
PAY003700,C000542,2025-12-11,799,WALLET,SUCCESS
PAY003701,C000870,2026-02-07,799,NET_BANKING,SUCCESS
PAY003702,C000529,2026-08-16,299,WALLET,FAILED
PAY003703,C000692,2026-06-01,299,UPI,SUCCESS
PAY003704,C000468,2026-08-10,999,CARD,FAILED
PAY003705,C000621,2026-09-20,1499,CARD,SUCCESS
PAY003706,C000696,2026-07-26,399,UPI,SUCCESS
PAY003707,C000473,2026-08-10,1499,CARD,SUCCESS
PAY003708,C000797,2026-01-20,1499,NET_BANKING,SUCCESS
PAY003709,C000063,2025-11-16,299,WALLET,FAILED
PAY003710,C000571,2025-10-17,999,NET_BANKING,REFUNDED
PAY003711,C000417,2025-11-16,1499,UPI,SUCCESS
PAY003712,C000473,2026-06-12,799,WALLET,FAILED
PAY003713,C000873,2025-10-09,399,UPI,REFUNDED
PAY003714,C000635,2025-12-24,799,NET_BANKING,SUCCESS
PAY003715,C000241,2026-06-28,499,CARD,REFUNDED
PAY003716,C000112,2026-06-25,399,WALLET,SUCCESS
PAY003717,C000098,2026-08-09,799,WALLET,FAILED
PAY003718,C000078,2026-04-09,599,CARD,PENDING
PAY003719,C000409,2026-06-19,199,CARD,SUCCESS
PAY003720,C000709,2026-04-07,1499,WALLET,SUCCESS
PAY003721,C000745,2026-06-05,299,WALLET,SUCCESS
PAY003722,C000921,2025-11-11,299,UPI,PENDING
PAY003723,C000842,2025-10-25,399,WALLET,SUCCESS
PAY003724,C000353,2026-02-21,599,NET_BANKING,FAILED
PAY003725,C000484,2026-02-11,799,UPI,SUCCESS
PAY003726,C000840,2026-05-15,999,NET_BANKING,SUCCESS
PAY003727,C000563,2025-11-30,399,UPI,SUCCESS
PAY003728,C000018,2026-03-09,999,NET_BANKING,SUCCESS
PAY003729,C000679,2026-03-08,799,NET_BANKING,SUCCESS
PAY003730,C000280,2025-10-31,199,NET_BANKING,SUCCESS
PAY003731,C000178,2026-02-06,499,UPI,SUCCESS
PAY003732,C000521,2026-06-19,1499,NET_BANKING,SUCCESS
PAY003733,C000602,2026-09-03,599,UPI,SUCCESS
PAY003734,C000993,2026-05-08,199,CARD,SUCCESS
PAY003735,C000684,2026-05-23,1499,WALLET,REFUNDED
PAY003736,C000914,2026-07-13,199,UPI,SUCCESS
PAY003737,C000346,2026-02-01,199,NET_BANKING,FAILED
PAY003738,C000079,2026-09-06,799,UPI,SUCCESS
PAY003739,C000171,2026-02-27,999,CARD,PENDING
PAY003740,C000422,2026-04-18,299,CARD,FAILED
PAY003741,C000823,2026-06-07,399,CARD,FAILED
PAY003742,C000290,2025-10-19,499,WALLET,SUCCESS
PAY003743,C000665,2026-03-24,499,WALLET,SUCCESS
PAY003744,C000352,2026-07-28,599,UPI,SUCCESS
PAY003745,C000383,2026-03-03,799,NET_BANKING,SUCCESS
PAY003746,C000964,2025-11-17,799,UPI,SUCCESS
PAY003747,C000128,2026-05-15,799,UPI,SUCCESS
PAY003748,C000278,2026-03-27,299,WALLET,SUCCESS
PAY003749,C000351,2025-12-11,599,CARD,SUCCESS
PAY003750,C000372,2026-04-17,599,CARD,REFUNDED
PAY003751,C000390,2026-09-18,1499,UPI,FAILED
PAY003752,C000527,2025-10-11,999,CARD,REFUNDED
PAY003753,C000219,2026-08-07,299,NET_BANKING,REFUNDED
PAY003754,C000417,2026-01-11,599,UPI,SUCCESS
PAY003755,C000421,2026-06-13,799,NET_BANKING,SUCCESS
PAY003756,C000602,2026-08-15,999,UPI,FAILED
PAY003757,C000967,2026-03-10,1499,NET_BANKING,FAILED
PAY003758,C000681,2025-12-07,999,NET_BANKING,SUCCESS
PAY003759,C000379,2026-03-18,799,NET_BANKING,FAILED
PAY003760,C000583,2026-07-26,999,WALLET,REFUNDED
PAY003761,C000423,2026-05-08,799,CARD,FAILED
PAY003762,C000073,2026-05-27,299,WALLET,SUCCESS
PAY003763,C000959,2026-08-31,299,NET_BANKING,SUCCESS
PAY003764,C000654,2026-08-10,199,NET_BANKING,SUCCESS
PAY003765,C000629,2025-11-07,999,CARD,REFUNDED
PAY003766,C000150,2026-01-31,799,NET_BANKING,REFUNDED
PAY003767,C000298,2026-07-28,199,NET_BANKING,FAILED
PAY003768,C000580,2026-09-01,299,CARD,SUCCESS
PAY003769,C000408,2026-06-24,1499,CARD,SUCCESS
PAY003770,C000724,2025-10-22,999,WALLET,SUCCESS
PAY003771,C000571,2026-01-21,599,UPI,SUCCESS
PAY003772,C000563,2025-12-25,399,NET_BANKING,SUCCESS
PAY003773,C000532,2025-12-07,399,UPI,REFUNDED
PAY003774,C000023,2026-02-10,299,WALLET,PENDING
PAY003775,C000135,2026-01-29,399,UPI,SUCCESS
PAY003776,C000116,2026-07-11,1499,CARD,PENDING
PAY003777,C000841,2026-07-30,1499,UPI,PENDING
PAY003778,C000832,2026-05-03,599,WALLET,SUCCESS
PAY003779,C000444,2026-06-16,999,CARD,FAILED
PAY003780,C000950,2025-11-21,799,UPI,SUCCESS
PAY003781,C000561,2026-06-25,599,UPI,FAILED
PAY003782,C000053,2026-04-10,399,NET_BANKING,SUCCESS
PAY003783,C000247,2026-05-10,1499,WALLET,SUCCESS
PAY003784,C000008,2025-11-27,999,NET_BANKING,SUCCESS
PAY003785,C000010,2026-04-08,199,WALLET,SUCCESS
PAY003786,C000631,2026-05-17,799,CARD,SUCCESS
PAY003787,C000713,2026-09-13,399,NET_BANKING,REFUNDED
PAY003788,C000276,2025-12-24,999,UPI,FAILED
PAY003789,C000231,2026-03-10,199,UPI,SUCCESS
PAY003790,C000718,2026-05-03,399,CARD,SUCCESS
PAY003791,C000524,2025-11-29,799,UPI,FAILED
PAY003792,C000910,2026-08-21,799,WALLET,SUCCESS
PAY003793,C000782,2026-01-01,399,CARD,SUCCESS
PAY003794,C000447,2025-11-29,499,UPI,SUCCESS
PAY003795,C000918,2026-07-16,799,NET_BANKING,SUCCESS
PAY003796,C000071,2026-06-10,299,CARD,SUCCESS
PAY003797,C000483,2026-02-26,1499,CARD,SUCCESS
PAY003798,C000612,2025-11-06,199,NET_BANKING,PENDING
PAY003799,C000622,2026-02-23,499,UPI,FAILED
PAY003800,C000640,2026-02-02,999,NET_BANKING,FAILED
PAY003801,C000149,2025-11-28,999,UPI,SUCCESS
PAY003802,C000454,2025-10-02,399,UPI,FAILED
PAY003803,C000557,2025-12-07,799,NET_BANKING,FAILED
PAY003804,C000877,2026-05-14,999,CARD,SUCCESS
PAY003805,C000613,2026-02-20,399,UPI,SUCCESS
PAY003806,C000971,2025-11-15,199,CARD,SUCCESS
PAY003807,C000152,2026-06-26,199,NET_BANKING,REFUNDED
PAY003808,C000508,2026-01-21,999,CARD,SUCCESS
PAY003809,C000668,2025-11-23,999,NET_BANKING,FAILED
PAY003810,C000670,2025-12-07,799,NET_BANKING,REFUNDED
PAY003811,C000044,2025-11-12,199,NET_BANKING,REFUNDED
PAY003812,C000055,2025-12-29,799,NET_BANKING,SUCCESS
PAY003813,C000693,2026-07-25,799,CARD,PENDING
PAY003814,C000869,2026-05-26,1499,UPI,SUCCESS
PAY003815,C000134,2026-04-25,599,WALLET,SUCCESS
PAY003816,C000782,2026-03-08,599,UPI,SUCCESS
PAY003817,C000559,2025-12-27,799,UPI,PENDING
PAY003818,C000772,2026-09-03,299,CARD,FAILED
PAY003819,C000608,2026-04-05,999,WALLET,SUCCESS
PAY003820,C000468,2026-04-13,799,NET_BANKING,PENDING
PAY003821,C000484,2026-03-26,999,UPI,PENDING
PAY003822,C000732,2025-11-17,599,WALLET,SUCCESS
PAY003823,C000633,2025-11-12,1499,CARD,REFUNDED
PAY003824,C000195,2026-03-01,999,UPI,PENDING
PAY003825,C000086,2026-01-25,1499,CARD,PENDING
PAY003826,C000812,2026-03-22,1499,WALLET,SUCCESS
PAY003827,C000356,2026-05-15,399,UPI,SUCCESS
PAY003828,C000880,2026-01-07,499,CARD,REFUNDED
PAY003829,C000873,2025-10-11,599,CARD,SUCCESS
PAY003830,C000482,2026-05-26,1499,CARD,SUCCESS
PAY003831,C000944,2026-04-09,499,UPI,PENDING
PAY003832,C000964,2025-09-23,599,CARD,PENDING
PAY003833,C000670,2026-08-29,299,WALLET,PENDING
PAY003834,C000274,2026-06-04,799,WALLET,PENDING
PAY003835,C000883,2026-09-11,1499,CARD,REFUNDED
PAY003836,C000054,2025-11-28,199,CARD,SUCCESS
PAY003837,C000411,2026-09-01,599,CARD,FAILED
PAY003838,C000023,2026-06-24,999,WALLET,REFUNDED
PAY003839,C000580,2026-01-28,499,NET_BANKING,SUCCESS
PAY003840,C000363,2026-01-23,499,UPI,PENDING
PAY003841,C000078,2025-11-13,1499,CARD,SUCCESS
PAY003842,C000833,2026-02-01,199,WALLET,SUCCESS
PAY003843,C000025,2026-05-10,199,CARD,SUCCESS
PAY003844,C000795,2025-12-21,999,UPI,REFUNDED
PAY003845,C000313,2026-08-20,199,CARD,FAILED
PAY003846,C000763,2026-08-01,599,NET_BANKING,REFUNDED
PAY003847,C000592,2026-03-15,1499,NET_BANKING,SUCCESS
PAY003848,C000639,2026-09-19,799,CARD,SUCCESS
PAY003849,C000145,2026-07-06,499,NET_BANKING,SUCCESS
PAY003850,C000055,2026-06-29,399,CARD,SUCCESS
PAY003851,C000546,2025-11-01,499,UPI,SUCCESS
PAY003852,C000294,2026-08-08,1499,CARD,PENDING
PAY003853,C000750,2026-01-08,1499,CARD,SUCCESS
PAY003854,C000382,2026-06-22,799,NET_BANKING,SUCCESS
PAY003855,C000496,2026-06-17,499,CARD,FAILED
PAY003856,C000266,2026-02-22,999,CARD,FAILED
PAY003857,C000616,2026-03-11,999,UPI,SUCCESS
PAY003858,C000692,2026-03-03,1499,UPI,FAILED
PAY003859,C000167,2026-09-10,799,UPI,SUCCESS
PAY003860,C000955,2025-09-23,299,CARD,SUCCESS
PAY003861,C000649,2025-12-25,799,UPI,SUCCESS
PAY003862,C000098,2026-04-19,1499,UPI,REFUNDED
PAY003863,C000407,2026-05-08,399,CARD,REFUNDED
PAY003864,C000200,2026-07-17,399,CARD,REFUNDED
PAY003865,C000043,2026-08-12,299,NET_BANKING,REFUNDED
PAY003866,C000645,2026-02-07,199,UPI,SUCCESS
PAY003867,C000513,2026-08-06,799,WALLET,SUCCESS
PAY003868,C000281,2026-01-19,999,WALLET,SUCCESS
PAY003869,C000636,2026-02-08,999,NET_BANKING,SUCCESS
PAY003870,C000967,2026-02-04,399,WALLET,REFUNDED
PAY003871,C000956,2026-07-24,299,WALLET,PENDING
PAY003872,C000690,2026-05-23,799,CARD,FAILED
PAY003873,C000421,2026-07-02,399,CARD,SUCCESS
PAY003874,C000521,2026-03-17,499,WALLET,SUCCESS
PAY003875,C000969,2026-06-16,799,WALLET,REFUNDED
PAY003876,C000535,2025-10-05,799,WALLET,SUCCESS
PAY003877,C000871,2026-01-10,599,UPI,SUCCESS
PAY003878,C000918,2026-03-13,199,NET_BANKING,SUCCESS
PAY003879,C000524,2026-02-03,399,WALLET,PENDING
PAY003880,C000358,2026-01-26,1499,UPI,FAILED
PAY003881,C000542,2026-03-31,599,CARD,SUCCESS
PAY003882,C000210,2026-08-19,299,CARD,SUCCESS
PAY003883,C000588,2025-12-03,199,CARD,SUCCESS
PAY003884,C000630,2026-02-25,999,NET_BANKING,SUCCESS
PAY003885,C000274,2026-04-02,599,NET_BANKING,REFUNDED
PAY003886,C000372,2026-01-07,199,UPI,SUCCESS
PAY003887,C000444,2025-12-18,599,CARD,SUCCESS
PAY003888,C000361,2026-04-14,599,UPI,REFUNDED
PAY003889,C000970,2026-01-02,399,WALLET,SUCCESS
PAY003890,C000276,2026-08-05,1499,NET_BANKING,PENDING
PAY003891,C000674,2026-05-07,399,CARD,SUCCESS
PAY003892,C000147,2026-01-01,199,WALLET,REFUNDED
PAY003893,C000165,2026-08-22,199,CARD,SUCCESS
PAY003894,C000035,2026-06-30,299,UPI,SUCCESS
PAY003895,C000647,2025-11-07,499,NET_BANKING,SUCCESS
PAY003896,C000357,2025-11-24,799,NET_BANKING,SUCCESS
PAY003897,C000235,2025-12-12,199,CARD,SUCCESS
PAY003898,C000803,2026-05-17,299,WALLET,SUCCESS
PAY003899,C000359,2026-01-03,399,NET_BANKING,SUCCESS
PAY003900,C000131,2026-02-27,599,CARD,FAILED
PAY003901,C000166,2026-07-18,199,UPI,SUCCESS
PAY003902,C000713,2025-11-27,399,NET_BANKING,FAILED
PAY003903,C000425,2026-02-18,399,WALLET,SUCCESS
PAY003904,C000936,2026-01-13,199,NET_BANKING,SUCCESS
PAY003905,C000764,2025-11-30,399,NET_BANKING,PENDING
PAY003906,C000982,2026-05-07,799,CARD,SUCCESS
PAY003907,C000877,2026-05-11,199,WALLET,PENDING
PAY003908,C000323,2026-08-03,599,WALLET,FAILED
PAY003909,C000790,2025-10-17,499,NET_BANKING,SUCCESS
PAY003910,C000125,2026-08-28,499,CARD,REFUNDED
PAY003911,C000248,2026-02-14,1499,UPI,PENDING
PAY003912,C000851,2026-06-27,799,UPI,SUCCESS
PAY003913,C000400,2026-02-15,1499,UPI,REFUNDED
PAY003914,C000801,2025-09-28,1499,CARD,FAILED
PAY003915,C000109,2025-12-26,199,NET_BANKING,SUCCESS
PAY003916,C000025,2026-04-30,199,UPI,REFUNDED
PAY003917,C000990,2026-06-13,499,UPI,SUCCESS
PAY003918,C000200,2026-08-01,999,NET_BANKING,SUCCESS
PAY003919,C000567,2025-12-02,399,UPI,SUCCESS
PAY003920,C000320,2026-05-10,499,WALLET,FAILED
PAY003921,C000634,2026-01-14,399,WALLET,PENDING
PAY003922,C000329,2025-10-05,399,CARD,REFUNDED
PAY003923,C000128,2025-11-04,199,WALLET,PENDING
PAY003924,C000898,2026-01-25,1499,NET_BANKING,SUCCESS
PAY003925,C000207,2026-04-17,199,WALLET,FAILED
PAY003926,C000946,2026-02-20,299,CARD,SUCCESS
PAY003927,C000833,2025-11-27,299,NET_BANKING,SUCCESS
PAY003928,C000600,2025-11-13,799,CARD,PENDING
PAY003929,C000445,2025-11-26,599,NET_BANKING,SUCCESS
PAY003930,C000327,2026-01-19,299,CARD,SUCCESS
PAY003931,C000375,2025-12-14,999,UPI,SUCCESS
PAY003932,C000129,2026-07-20,1499,CARD,SUCCESS
PAY003933,C000872,2026-08-11,299,WALLET,SUCCESS
PAY003934,C000450,2026-01-11,399,NET_BANKING,SUCCESS
PAY003935,C000307,2025-10-24,599,NET_BANKING,FAILED
PAY003936,C000912,2026-08-25,1499,NET_BANKING,PENDING
PAY003937,C000291,2026-08-17,599,WALLET,SUCCESS
PAY003938,C000224,2026-06-27,299,NET_BANKING,SUCCESS
PAY003939,C000509,2026-03-24,1499,UPI,SUCCESS
PAY003940,C000082,2026-01-16,599,NET_BANKING,SUCCESS
PAY003941,C000174,2026-06-12,999,CARD,REFUNDED
PAY003942,C000157,2026-08-02,199,NET_BANKING,SUCCESS
PAY003943,C000240,2026-05-05,399,NET_BANKING,SUCCESS
PAY003944,C000700,2026-03-12,999,WALLET,PENDING
PAY003945,C000722,2026-03-15,599,UPI,SUCCESS
PAY003946,C000176,2026-06-06,999,NET_BANKING,FAILED
PAY003947,C000422,2026-07-14,1499,UPI,SUCCESS
PAY003948,C000298,2025-12-10,199,WALLET,SUCCESS
PAY003949,C000538,2026-06-23,799,CARD,SUCCESS
PAY003950,C000525,2026-01-19,999,CARD,FAILED
PAY003951,C000221,2026-04-01,299,UPI,SUCCESS
PAY003952,C000034,2026-09-22,199,WALLET,SUCCESS
PAY003953,C000158,2025-11-24,1499,NET_BANKING,SUCCESS
PAY003954,C000275,2025-12-20,199,WALLET,SUCCESS
PAY003955,C000139,2025-12-05,199,WALLET,SUCCESS
PAY003956,C000672,2026-02-21,799,WALLET,FAILED
PAY003957,C000558,2026-01-21,599,WALLET,SUCCESS
PAY003958,C000173,2026-04-05,399,UPI,SUCCESS
PAY003959,C000758,2026-09-05,999,UPI,SUCCESS
PAY003960,C000523,2025-09-25,1499,NET_BANKING,SUCCESS
PAY003961,C000536,2025-11-25,299,NET_BANKING,SUCCESS
PAY003962,C000488,2025-10-30,199,CARD,SUCCESS
PAY003963,C000514,2025-11-30,399,UPI,REFUNDED
PAY003964,C000390,2026-02-28,199,NET_BANKING,REFUNDED
PAY003965,C000700,2026-04-03,399,NET_BANKING,FAILED
PAY003966,C000790,2025-11-18,199,WALLET,SUCCESS
PAY003967,C000998,2026-05-14,199,WALLET,SUCCESS
PAY003968,C000906,2026-07-23,399,NET_BANKING,FAILED
PAY003969,C000432,2026-04-23,599,CARD,PENDING
PAY003970,C000417,2026-03-20,499,UPI,SUCCESS
PAY003971,C000268,2025-12-11,199,NET_BANKING,SUCCESS
PAY003972,C000402,2026-03-15,299,WALLET,FAILED
PAY003973,C000973,2026-08-23,399,UPI,SUCCESS
PAY003974,C000071,2025-10-09,499,UPI,SUCCESS
PAY003975,C000271,2026-05-28,799,CARD,SUCCESS
PAY003976,C000344,2026-03-14,499,UPI,SUCCESS
PAY003977,C000729,2026-05-21,999,NET_BANKING,SUCCESS
PAY003978,C000483,2026-04-01,399,NET_BANKING,SUCCESS
PAY003979,C000635,2026-06-20,299,UPI,FAILED
PAY003980,C000870,2026-07-19,1499,NET_BANKING,SUCCESS
PAY003981,C000261,2025-12-20,1499,CARD,REFUNDED
PAY003982,C000472,2026-07-07,599,CARD,FAILED
PAY003983,C000893,2026-02-03,599,UPI,REFUNDED
PAY003984,C000996,2025-12-09,299,CARD,REFUNDED
PAY003985,C000144,2025-12-06,599,NET_BANKING,SUCCESS
PAY003986,C000674,2026-09-01,599,NET_BANKING,SUCCESS
PAY003987,C000098,2026-01-18,499,CARD,SUCCESS
PAY003988,C000316,2025-12-17,499,NET_BANKING,PENDING
PAY003989,C000776,2026-08-29,399,WALLET,SUCCESS
PAY003990,C000922,2026-04-27,599,CARD,SUCCESS
PAY003991,C000406,2025-11-12,599,NET_BANKING,SUCCESS
PAY003992,C000340,2026-06-26,1499,WALLET,REFUNDED
PAY003993,C000587,2025-12-18,299,WALLET,SUCCESS
PAY003994,C000905,2026-05-26,599,UPI,SUCCESS
PAY003995,C000030,2026-05-21,999,UPI,SUCCESS
PAY003996,C000423,2026-06-26,199,WALLET,SUCCESS
PAY003997,C000997,2025-12-16,199,UPI,SUCCESS
PAY003998,C000375,2026-08-03,599,CARD,SUCCESS
PAY003999,C000393,2025-11-04,1499,UPI,PENDING
PAY004000,C000516,2025-10-17,199,CARD,SUCCESS
PAY004001,C000803,2026-07-10,299,CARD,SUCCESS
PAY004002,C000955,2025-10-05,499,UPI,SUCCESS
PAY004003,C000674,2025-11-14,199,NET_BANKING,FAILED
PAY004004,C000266,2025-12-06,1499,NET_BANKING,SUCCESS
PAY004005,C000956,2026-06-03,1499,CARD,FAILED
PAY004006,C000925,2026-01-02,199,NET_BANKING,SUCCESS
PAY004007,C000018,2025-11-11,1499,WALLET,SUCCESS
PAY004008,C000329,2026-03-15,499,CARD,SUCCESS
PAY004009,C000597,2026-05-26,499,UPI,SUCCESS
PAY004010,C000406,2026-06-16,199,UPI,SUCCESS
PAY004011,C000503,2026-04-30,1499,NET_BANKING,SUCCESS
PAY004012,C000726,2025-10-14,499,WALLET,FAILED
PAY004013,C000300,2026-08-22,499,NET_BANKING,SUCCESS
PAY004014,C000019,2026-05-10,999,CARD,SUCCESS
PAY004015,C000150,2026-04-18,799,NET_BANKING,SUCCESS
PAY004016,C000594,2025-12-20,299,UPI,PENDING
PAY004017,C000541,2026-09-06,399,NET_BANKING,SUCCESS
PAY004018,C000643,2026-03-01,599,CARD,REFUNDED
PAY004019,C000852,2026-09-04,299,NET_BANKING,REFUNDED
PAY004020,C000986,2026-04-25,399,WALLET,SUCCESS
PAY004021,C000255,2025-12-05,799,NET_BANKING,REFUNDED
PAY004022,C000894,2025-11-22,799,WALLET,SUCCESS
PAY004023,C000354,2025-10-11,499,CARD,REFUNDED
PAY004024,C000007,2025-12-17,1499,CARD,SUCCESS
PAY004025,C000727,2026-03-02,799,UPI,FAILED
PAY004026,C000210,2025-10-13,799,WALLET,FAILED
PAY004027,C000093,2026-03-13,1499,WALLET,REFUNDED
PAY004028,C000534,2026-08-11,299,WALLET,SUCCESS
PAY004029,C000116,2026-09-04,399,UPI,PENDING
PAY004030,C000400,2026-02-25,599,WALLET,SUCCESS
PAY004031,C000629,2026-01-13,599,UPI,FAILED
PAY004032,C000376,2026-03-13,299,CARD,SUCCESS
PAY004033,C000864,2026-07-25,799,WALLET,PENDING
PAY004034,C000703,2026-03-14,299,NET_BANKING,SUCCESS
PAY004035,C000731,2026-05-25,999,CARD,SUCCESS
PAY004036,C000133,2025-11-26,1499,NET_BANKING,SUCCESS
PAY004037,C000942,2026-01-04,599,WALLET,FAILED
PAY004038,C000811,2026-08-14,599,CARD,REFUNDED
PAY004039,C000589,2025-10-07,199,NET_BANKING,REFUNDED
PAY004040,C000460,2025-11-22,599,WALLET,FAILED
PAY004041,C000612,2026-03-26,299,NET_BANKING,FAILED
PAY004042,C000558,2026-01-07,499,WALLET,SUCCESS
PAY004043,C000441,2026-05-18,299,NET_BANKING,FAILED
PAY004044,C000986,2026-07-10,1499,CARD,FAILED
PAY004045,C000010,2026-02-20,499,WALLET,FAILED
PAY004046,C000774,2026-07-13,599,NET_BANKING,SUCCESS
PAY004047,C000056,2025-09-25,299,CARD,SUCCESS
PAY004048,C000572,2026-02-06,999,UPI,FAILED
PAY004049,C000286,2026-04-24,1499,CARD,SUCCESS
PAY004050,C000581,2026-06-27,399,NET_BANKING,SUCCESS
PAY004051,C000890,2026-08-13,499,NET_BANKING,SUCCESS
PAY004052,C000657,2026-02-23,1499,UPI,PENDING
PAY004053,C000915,2025-10-25,599,CARD,SUCCESS
PAY004054,C000468,2026-01-23,499,CARD,PENDING
PAY004055,C000209,2026-06-22,499,UPI,PENDING
PAY004056,C000499,2025-10-22,399,CARD,SUCCESS
PAY004057,C000680,2026-04-08,999,WALLET,REFUNDED
PAY004058,C000076,2026-03-19,799,CARD,PENDING
PAY004059,C000504,2026-01-26,599,NET_BANKING,SUCCESS
PAY004060,C000377,2026-01-28,399,CARD,FAILED
PAY004061,C000481,2025-12-23,499,WALLET,SUCCESS
PAY004062,C000825,2026-05-03,1499,UPI,SUCCESS
PAY004063,C000618,2026-03-04,199,UPI,SUCCESS
PAY004064,C000352,2026-09-16,399,NET_BANKING,SUCCESS
PAY004065,C000475,2026-06-09,999,NET_BANKING,SUCCESS
PAY004066,C000238,2026-03-17,399,WALLET,REFUNDED
PAY004067,C000733,2026-04-27,299,NET_BANKING,PENDING
PAY004068,C000852,2026-01-14,199,WALLET,PENDING
PAY004069,C000218,2025-11-01,499,CARD,SUCCESS
PAY004070,C000515,2026-03-11,999,CARD,FAILED
PAY004071,C000636,2026-01-28,799,UPI,SUCCESS
PAY004072,C000302,2026-05-18,799,WALLET,FAILED
PAY004073,C000813,2026-08-18,199,WALLET,SUCCESS
PAY004074,C000025,2026-06-14,199,NET_BANKING,SUCCESS
PAY004075,C000113,2026-02-10,199,WALLET,SUCCESS
PAY004076,C000552,2026-03-26,999,NET_BANKING,SUCCESS
PAY004077,C000388,2025-12-03,999,UPI,SUCCESS
PAY004078,C000828,2026-01-06,399,CARD,SUCCESS
PAY004079,C000414,2026-05-05,799,WALLET,SUCCESS
PAY004080,C000456,2026-06-25,499,CARD,SUCCESS
PAY004081,C000809,2026-04-21,499,UPI,SUCCESS
PAY004082,C000847,2026-09-05,799,WALLET,REFUNDED
PAY004083,C000359,2026-06-20,1499,WALLET,REFUNDED
PAY004084,C000680,2026-06-11,199,WALLET,SUCCESS
PAY004085,C000202,2026-03-27,999,UPI,SUCCESS
PAY004086,C000100,2026-03-13,299,CARD,SUCCESS
PAY004087,C000503,2025-11-28,399,NET_BANKING,REFUNDED
PAY004088,C000107,2026-05-29,1499,NET_BANKING,SUCCESS
PAY004089,C000917,2025-09-25,299,NET_BANKING,FAILED
PAY004090,C000724,2026-08-05,299,UPI,SUCCESS
PAY004091,C000978,2026-08-12,999,CARD,SUCCESS
PAY004092,C000431,2026-02-06,199,CARD,FAILED
PAY004093,C000055,2026-07-11,1499,UPI,SUCCESS
PAY004094,C000618,2026-04-19,999,NET_BANKING,REFUNDED
PAY004095,C000750,2025-09-29,999,CARD,SUCCESS
PAY004096,C000350,2026-01-04,799,NET_BANKING,SUCCESS
PAY004097,C000585,2026-03-28,999,WALLET,REFUNDED
PAY004098,C000082,2026-09-09,599,WALLET,SUCCESS
PAY004099,C000442,2026-05-19,799,CARD,FAILED
PAY004100,C000998,2025-10-31,499,CARD,SUCCESS
PAY004101,C000291,2026-02-12,199,WALLET,SUCCESS
PAY004102,C000441,2026-05-10,299,CARD,SUCCESS
PAY004103,C000511,2026-08-26,499,UPI,REFUNDED
PAY004104,C000072,2025-11-20,799,NET_BANKING,SUCCESS
PAY004105,C000758,2025-11-14,399,NET_BANKING,SUCCESS
PAY004106,C000577,2026-05-24,499,UPI,SUCCESS
PAY004107,C000169,2026-02-02,499,CARD,FAILED
PAY004108,C000776,2025-10-01,199,WALLET,SUCCESS
PAY004109,C000218,2026-06-23,799,CARD,PENDING
PAY004110,C000597,2026-02-26,299,WALLET,REFUNDED
PAY004111,C000187,2026-01-11,799,WALLET,SUCCESS
PAY004112,C000700,2025-12-19,199,UPI,SUCCESS
PAY004113,C000336,2025-12-21,599,WALLET,SUCCESS
PAY004114,C000790,2025-11-26,299,UPI,SUCCESS
PAY004115,C000783,2026-08-23,1499,WALLET,SUCCESS
PAY004116,C000332,2026-07-25,799,CARD,REFUNDED
PAY004117,C000606,2026-09-15,499,WALLET,PENDING
PAY004118,C000348,2026-05-17,599,NET_BANKING,FAILED
PAY004119,C000752,2026-05-18,799,NET_BANKING,SUCCESS
PAY004120,C000159,2026-01-16,199,WALLET,PENDING
PAY004121,C000352,2026-04-02,399,CARD,SUCCESS
PAY004122,C000474,2025-11-14,1499,NET_BANKING,SUCCESS
PAY004123,C000873,2026-04-22,1499,NET_BANKING,REFUNDED
PAY004124,C000769,2026-07-14,399,WALLET,PENDING
PAY004125,C000733,2026-01-27,199,CARD,FAILED
PAY004126,C000812,2026-08-12,499,NET_BANKING,PENDING
PAY004127,C000528,2025-12-25,599,UPI,SUCCESS
PAY004128,C000801,2026-07-01,999,NET_BANKING,SUCCESS
PAY004129,C000363,2026-02-28,499,NET_BANKING,SUCCESS
PAY004130,C000205,2026-07-01,1499,WALLET,FAILED
PAY004131,C000566,2026-06-17,499,CARD,PENDING
PAY004132,C000920,2026-03-08,799,NET_BANKING,SUCCESS
PAY004133,C000931,2026-03-06,799,NET_BANKING,SUCCESS
PAY004134,C000428,2026-07-06,1499,WALLET,SUCCESS
PAY004135,C000199,2026-01-26,499,NET_BANKING,SUCCESS
PAY004136,C000574,2026-06-10,299,CARD,SUCCESS
PAY004137,C000806,2026-07-07,599,WALLET,SUCCESS
PAY004138,C000262,2026-09-07,399,UPI,SUCCESS
PAY004139,C000531,2026-04-25,799,WALLET,PENDING
PAY004140,C000198,2026-06-19,799,WALLET,PENDING
PAY004141,C000680,2026-01-10,299,WALLET,SUCCESS
PAY004142,C000025,2026-01-29,1499,WALLET,REFUNDED
PAY004143,C000814,2025-12-04,399,UPI,SUCCESS
PAY004144,C000666,2026-06-09,299,CARD,SUCCESS
PAY004145,C000554,2025-10-05,799,NET_BANKING,PENDING
PAY004146,C000114,2026-06-02,399,CARD,SUCCESS
PAY004147,C000647,2026-04-26,499,UPI,SUCCESS
PAY004148,C000256,2025-10-06,599,NET_BANKING,SUCCESS
PAY004149,C000788,2026-04-12,399,UPI,SUCCESS
PAY004150,C000387,2026-08-06,799,NET_BANKING,SUCCESS
PAY004151,C000220,2026-03-05,199,NET_BANKING,SUCCESS
PAY004152,C000224,2026-06-11,399,UPI,SUCCESS
PAY004153,C000987,2026-03-24,999,WALLET,PENDING
PAY004154,C000548,2025-10-28,999,CARD,SUCCESS
PAY004155,C000083,2026-05-17,199,UPI,FAILED
PAY004156,C000254,2026-05-12,299,CARD,SUCCESS
PAY004157,C000824,2026-01-03,599,UPI,REFUNDED
PAY004158,C000475,2025-10-15,1499,CARD,FAILED
PAY004159,C000270,2025-12-26,399,CARD,FAILED
PAY004160,C000731,2026-05-19,299,CARD,REFUNDED
PAY004161,C000318,2026-05-26,1499,CARD,REFUNDED
PAY004162,C000421,2026-06-20,499,WALLET,PENDING
PAY004163,C000752,2026-08-21,999,CARD,SUCCESS
PAY004164,C000784,2026-08-18,399,WALLET,PENDING
PAY004165,C000202,2026-02-24,499,WALLET,SUCCESS
PAY004166,C000385,2026-06-30,399,WALLET,SUCCESS
PAY004167,C000515,2026-03-24,599,UPI,PENDING
PAY004168,C000496,2026-07-11,399,NET_BANKING,SUCCESS
PAY004169,C000179,2026-01-04,299,WALLET,SUCCESS
PAY004170,C000907,2026-01-17,199,NET_BANKING,SUCCESS
PAY004171,C000061,2026-07-19,799,WALLET,SUCCESS
PAY004172,C000644,2025-11-05,399,WALLET,SUCCESS
PAY004173,C000218,2025-11-14,799,UPI,PENDING
PAY004174,C000515,2025-12-30,299,NET_BANKING,SUCCESS
PAY004175,C000245,2026-04-19,999,WALLET,SUCCESS
PAY004176,C000988,2026-01-26,499,UPI,FAILED
PAY004177,C000096,2026-04-20,799,WALLET,SUCCESS
PAY004178,C000794,2026-08-15,299,NET_BANKING,SUCCESS
PAY004179,C000902,2025-11-04,299,NET_BANKING,SUCCESS
PAY004180,C000689,2026-07-20,399,UPI,FAILED
PAY004181,C000287,2026-09-03,999,UPI,SUCCESS
PAY004182,C000805,2026-01-08,999,NET_BANKING,PENDING
PAY004183,C000210,2026-02-06,999,UPI,SUCCESS
PAY004184,C000172,2026-02-12,799,NET_BANKING,SUCCESS
PAY004185,C000033,2025-10-29,1499,WALLET,FAILED
PAY004186,C000327,2026-09-06,199,NET_BANKING,SUCCESS
PAY004187,C000126,2026-05-11,1499,UPI,PENDING
PAY004188,C000025,2026-06-03,799,CARD,SUCCESS
PAY004189,C000503,2026-07-17,399,UPI,REFUNDED
PAY004190,C000352,2026-06-11,499,WALLET,SUCCESS
PAY004191,C000602,2025-11-10,399,NET_BANKING,SUCCESS
PAY004192,C000764,2026-03-18,399,UPI,REFUNDED
PAY004193,C000349,2026-02-15,999,WALLET,REFUNDED
PAY004194,C000366,2026-02-26,1499,WALLET,SUCCESS
PAY004195,C000694,2026-03-16,499,WALLET,SUCCESS
PAY004196,C000099,2025-10-15,399,CARD,PENDING
PAY004197,C000618,2026-05-03,299,CARD,SUCCESS
PAY004198,C000455,2026-09-10,1499,NET_BANKING,FAILED
PAY004199,C000772,2026-08-25,1499,UPI,SUCCESS
PAY004200,C000429,2025-11-29,299,NET_BANKING,SUCCESS
PAY004201,C000500,2025-10-27,1499,WALLET,PENDING
PAY004202,C000417,2026-03-17,399,WALLET,SUCCESS
PAY004203,C000739,2026-07-02,199,CARD,SUCCESS
PAY004204,C000063,2026-09-15,1499,UPI,SUCCESS
PAY004205,C000434,2026-03-30,599,CARD,FAILED
PAY004206,C000971,2026-02-12,799,NET_BANKING,SUCCESS
PAY004207,C000929,2025-11-01,999,UPI,SUCCESS
PAY004208,C000001,2026-01-21,499,NET_BANKING,REFUNDED
PAY004209,C000498,2025-10-04,1499,CARD,PENDING
PAY004210,C000906,2026-05-04,299,NET_BANKING,FAILED
PAY004211,C000431,2026-06-21,599,WALLET,SUCCESS
PAY004212,C000193,2026-09-22,999,NET_BANKING,REFUNDED
PAY004213,C000665,2026-08-31,299,NET_BANKING,FAILED
PAY004214,C000622,2026-09-13,999,CARD,PENDING
PAY004215,C000460,2026-03-08,299,NET_BANKING,SUCCESS
PAY004216,C000724,2026-07-08,1499,CARD,PENDING
PAY004217,C000739,2026-07-29,1499,WALLET,REFUNDED
PAY004218,C000772,2026-07-12,199,CARD,SUCCESS
PAY004219,C000041,2026-03-13,999,UPI,REFUNDED
PAY004220,C000740,2026-09-17,799,CARD,SUCCESS
PAY004221,C000168,2026-07-11,299,NET_BANKING,REFUNDED
PAY004222,C000883,2026-01-20,799,CARD,FAILED
PAY004223,C000579,2026-03-01,299,NET_BANKING,PENDING
PAY004224,C000059,2026-09-21,999,UPI,SUCCESS
PAY004225,C000524,2026-05-01,399,NET_BANKING,SUCCESS
PAY004226,C000595,2026-08-19,499,CARD,REFUNDED
PAY004227,C000158,2026-07-30,799,NET_BANKING,PENDING
PAY004228,C000561,2026-08-13,399,WALLET,FAILED
PAY004229,C000319,2026-02-15,999,WALLET,REFUNDED
PAY004230,C000709,2026-04-15,199,WALLET,REFUNDED
PAY004231,C000478,2026-08-19,499,CARD,FAILED
PAY004232,C000615,2026-02-01,499,WALLET,SUCCESS
PAY004233,C000621,2026-04-15,299,WALLET,PENDING
PAY004234,C000476,2026-04-05,999,WALLET,SUCCESS
PAY004235,C000214,2026-06-03,199,WALLET,SUCCESS
PAY004236,C000622,2026-01-04,799,CARD,FAILED
PAY004237,C000398,2026-05-05,299,NET_BANKING,SUCCESS
PAY004238,C000636,2025-12-08,399,CARD,REFUNDED
PAY004239,C000689,2026-04-19,1499,CARD,SUCCESS
PAY004240,C000878,2026-01-21,799,WALLET,SUCCESS
PAY004241,C000627,2026-08-17,599,WALLET,REFUNDED
PAY004242,C000187,2026-08-20,599,UPI,FAILED
PAY004243,C000069,2026-08-03,399,UPI,FAILED
PAY004244,C000719,2025-10-16,499,UPI,REFUNDED
PAY004245,C000279,2026-07-10,499,NET_BANKING,SUCCESS
PAY004246,C000622,2026-02-03,199,NET_BANKING,SUCCESS
PAY004247,C000479,2025-11-28,399,NET_BANKING,SUCCESS
PAY004248,C000172,2026-02-28,199,CARD,REFUNDED
PAY004249,C000916,2025-12-20,599,CARD,SUCCESS
PAY004250,C000346,2026-01-18,399,UPI,SUCCESS
PAY004251,C000738,2025-12-28,1499,NET_BANKING,FAILED
PAY004252,C000753,2026-07-02,499,NET_BANKING,SUCCESS
PAY004253,C000865,2026-08-08,299,CARD,SUCCESS
PAY004254,C000137,2026-06-03,299,UPI,REFUNDED
PAY004255,C000720,2026-02-10,999,NET_BANKING,REFUNDED
PAY004256,C000452,2026-04-05,799,UPI,FAILED
PAY004257,C000072,2026-01-19,799,WALLET,SUCCESS
PAY004258,C000529,2026-04-15,599,CARD,SUCCESS
PAY004259,C000582,2026-01-30,799,NET_BANKING,FAILED
PAY004260,C000474,2026-06-01,299,UPI,SUCCESS
PAY004261,C000969,2026-01-15,999,UPI,SUCCESS
PAY004262,C000236,2025-12-05,299,UPI,REFUNDED
PAY004263,C000558,2026-03-25,199,WALLET,SUCCESS
PAY004264,C000294,2025-12-13,399,UPI,FAILED
PAY004265,C000054,2026-04-11,799,UPI,SUCCESS
PAY004266,C000920,2026-04-10,799,NET_BANKING,SUCCESS
PAY004267,C000092,2026-02-18,299,CARD,FAILED
PAY004268,C000750,2025-11-04,599,UPI,SUCCESS
PAY004269,C000547,2026-08-31,399,CARD,SUCCESS
PAY004270,C000624,2026-03-19,499,UPI,PENDING
PAY004271,C000696,2026-04-21,799,CARD,REFUNDED
PAY004272,C000530,2026-03-27,499,CARD,FAILED
PAY004273,C000872,2026-09-03,999,CARD,REFUNDED
PAY004274,C000617,2026-05-30,599,UPI,SUCCESS
PAY004275,C000579,2026-05-05,999,NET_BANKING,SUCCESS
PAY004276,C000961,2026-03-25,199,UPI,SUCCESS
PAY004277,C000459,2026-08-08,299,NET_BANKING,SUCCESS
PAY004278,C000528,2026-04-09,399,UPI,FAILED
PAY004279,C000031,2025-12-04,999,UPI,SUCCESS
PAY004280,C000555,2026-03-11,499,UPI,FAILED
PAY004281,C000563,2025-10-04,399,NET_BANKING,SUCCESS
PAY004282,C000798,2026-09-02,799,WALLET,FAILED
PAY004283,C000121,2026-09-08,499,CARD,PENDING
PAY004284,C000383,2026-06-14,199,WALLET,REFUNDED
PAY004285,C000200,2025-12-28,1499,CARD,SUCCESS
PAY004286,C000043,2025-12-31,599,WALLET,SUCCESS
PAY004287,C000194,2026-04-04,399,WALLET,PENDING
PAY004288,C000388,2026-03-29,799,WALLET,SUCCESS
PAY004289,C000992,2025-10-23,1499,WALLET,FAILED
PAY004290,C000702,2026-09-16,399,CARD,SUCCESS
PAY004291,C000088,2026-09-19,499,UPI,SUCCESS
PAY004292,C000994,2026-04-30,199,WALLET,SUCCESS
PAY004293,C000188,2026-08-05,499,UPI,REFUNDED
PAY004294,C000703,2026-04-29,1499,WALLET,SUCCESS
PAY004295,C000596,2026-01-25,799,UPI,REFUNDED
PAY004296,C000203,2026-02-24,499,WALLET,SUCCESS
PAY004297,C000858,2026-09-21,1499,UPI,SUCCESS
PAY004298,C000033,2026-09-18,299,WALLET,SUCCESS
PAY004299,C000114,2025-10-24,999,WALLET,SUCCESS
PAY004300,C000374,2026-02-13,299,WALLET,FAILED
PAY004301,C000764,2026-08-05,199,WALLET,SUCCESS
PAY004302,C000290,2026-06-20,1499,CARD,SUCCESS
PAY004303,C000892,2026-04-13,199,CARD,SUCCESS
PAY004304,C000877,2026-03-09,799,NET_BANKING,FAILED
PAY004305,C000375,2026-06-06,599,CARD,PENDING
PAY004306,C000767,2025-12-08,999,WALLET,SUCCESS
PAY004307,C000433,2026-03-22,299,NET_BANKING,SUCCESS
PAY004308,C000868,2026-05-18,399,NET_BANKING,SUCCESS
PAY004309,C000341,2026-09-21,799,WALLET,SUCCESS
PAY004310,C000208,2026-09-18,299,UPI,PENDING
PAY004311,C000764,2025-12-17,799,CARD,SUCCESS
PAY004312,C000378,2025-10-17,499,WALLET,SUCCESS
PAY004313,C000157,2026-05-17,599,CARD,FAILED
PAY004314,C000302,2026-08-29,599,WALLET,SUCCESS
PAY004315,C000238,2026-07-05,799,UPI,REFUNDED
PAY004316,C000366,2026-03-30,599,NET_BANKING,SUCCESS
PAY004317,C000565,2026-05-20,499,UPI,SUCCESS
PAY004318,C000818,2026-08-09,199,CARD,PENDING
PAY004319,C000051,2026-08-15,299,UPI,PENDING
PAY004320,C000811,2026-01-31,799,CARD,SUCCESS
PAY004321,C000842,2026-03-14,299,WALLET,SUCCESS
PAY004322,C000160,2026-05-04,799,CARD,SUCCESS
PAY004323,C000072,2026-08-07,1499,UPI,FAILED
PAY004324,C000912,2026-03-23,1499,WALLET,SUCCESS
PAY004325,C000306,2025-12-26,299,WALLET,PENDING
PAY004326,C000223,2026-03-03,399,WALLET,SUCCESS
PAY004327,C000420,2026-05-19,299,NET_BANKING,FAILED
PAY004328,C000090,2026-03-31,299,UPI,SUCCESS
PAY004329,C000481,2025-09-29,999,UPI,SUCCESS
PAY004330,C000254,2026-09-18,199,UPI,SUCCESS
PAY004331,C000256,2026-05-05,299,NET_BANKING,SUCCESS
PAY004332,C000253,2026-04-21,599,UPI,SUCCESS
PAY004333,C000917,2026-07-04,599,NET_BANKING,SUCCESS
PAY004334,C000839,2026-04-23,799,UPI,SUCCESS
PAY004335,C000832,2026-06-05,199,UPI,SUCCESS
PAY004336,C000017,2026-05-03,399,CARD,REFUNDED
PAY004337,C000072,2026-06-28,999,UPI,REFUNDED
PAY004338,C000003,2026-04-09,1499,NET_BANKING,SUCCESS
PAY004339,C000814,2025-12-22,1499,NET_BANKING,REFUNDED
PAY004340,C000604,2026-05-22,999,NET_BANKING,SUCCESS
PAY004341,C000376,2026-02-20,1499,NET_BANKING,SUCCESS
PAY004342,C000058,2026-07-25,199,UPI,FAILED
PAY004343,C000744,2025-12-26,999,NET_BANKING,SUCCESS
PAY004344,C000685,2026-02-02,1499,UPI,PENDING
PAY004345,C000042,2025-12-18,799,UPI,FAILED
PAY004346,C000305,2025-09-29,1499,WALLET,SUCCESS
PAY004347,C000648,2026-03-30,499,WALLET,SUCCESS
PAY004348,C000849,2026-06-09,199,WALLET,SUCCESS
PAY004349,C000458,2026-05-13,1499,CARD,SUCCESS
PAY004350,C000255,2025-11-01,199,CARD,SUCCESS
PAY004351,C000073,2026-07-03,399,WALLET,FAILED
PAY004352,C000264,2026-01-27,1499,NET_BANKING,SUCCESS
PAY004353,C000935,2026-08-23,799,NET_BANKING,SUCCESS
PAY004354,C000285,2025-12-11,999,WALLET,SUCCESS
PAY004355,C000682,2026-09-08,999,NET_BANKING,FAILED
PAY004356,C000842,2026-07-18,499,UPI,SUCCESS
PAY004357,C000837,2026-02-22,399,WALLET,PENDING
PAY004358,C000769,2026-05-27,999,WALLET,PENDING
PAY004359,C000550,2025-10-07,399,CARD,SUCCESS
PAY004360,C000273,2026-09-05,599,NET_BANKING,SUCCESS
PAY004361,C000452,2025-12-22,199,WALLET,PENDING
PAY004362,C000436,2026-05-05,999,CARD,SUCCESS
PAY004363,C000523,2025-11-15,199,UPI,REFUNDED
PAY004364,C000462,2026-03-25,399,NET_BANKING,SUCCESS
PAY004365,C000279,2025-10-14,799,UPI,SUCCESS
PAY004366,C000391,2026-08-07,999,UPI,SUCCESS
PAY004367,C000647,2026-05-16,799,WALLET,SUCCESS
PAY004368,C000873,2026-05-29,799,NET_BANKING,SUCCESS
PAY004369,C000291,2026-03-05,299,UPI,SUCCESS
PAY004370,C000786,2026-09-12,199,NET_BANKING,REFUNDED
PAY004371,C000049,2025-12-01,599,WALLET,SUCCESS
PAY004372,C000200,2026-07-26,1499,UPI,REFUNDED
PAY004373,C000436,2026-03-25,1499,WALLET,SUCCESS
PAY004374,C000601,2026-02-28,199,WALLET,SUCCESS
PAY004375,C000088,2026-02-05,299,NET_BANKING,SUCCESS
PAY004376,C000798,2026-03-30,499,WALLET,SUCCESS
PAY004377,C000493,2026-05-11,199,NET_BANKING,SUCCESS
PAY004378,C000021,2025-12-23,399,CARD,PENDING
PAY004379,C000557,2026-01-17,799,CARD,SUCCESS
PAY004380,C000772,2026-07-17,799,CARD,PENDING
PAY004381,C000580,2026-08-31,799,NET_BANKING,SUCCESS
PAY004382,C000724,2026-06-23,199,UPI,SUCCESS
PAY004383,C000115,2025-11-30,299,WALLET,FAILED
PAY004384,C000764,2026-03-10,499,WALLET,SUCCESS
PAY004385,C000023,2025-12-28,999,NET_BANKING,REFUNDED
PAY004386,C000086,2025-11-23,799,UPI,SUCCESS
PAY004387,C000739,2026-07-17,399,WALLET,REFUNDED
PAY004388,C000031,2026-09-17,399,UPI,SUCCESS
PAY004389,C000095,2026-07-03,399,CARD,SUCCESS
PAY004390,C000613,2026-03-28,999,WALLET,SUCCESS
PAY004391,C000756,2026-04-05,299,UPI,SUCCESS
PAY004392,C000795,2026-05-12,199,CARD,PENDING
PAY004393,C000544,2025-12-28,499,UPI,SUCCESS
PAY004394,C000336,2026-08-06,199,CARD,FAILED
PAY004395,C000560,2026-05-27,499,WALLET,PENDING
PAY004396,C000816,2026-02-05,299,CARD,FAILED
PAY004397,C000324,2025-12-06,799,NET_BANKING,SUCCESS
PAY004398,C000474,2026-04-25,999,UPI,SUCCESS
PAY004399,C000167,2025-12-27,399,UPI,PENDING
PAY004400,C000194,2026-07-03,799,CARD,SUCCESS
PAY004401,C000080,2026-06-13,1499,CARD,PENDING
PAY004402,C000205,2026-02-23,799,CARD,SUCCESS
PAY004403,C000334,2026-08-08,299,CARD,SUCCESS
PAY004404,C000326,2026-08-27,499,NET_BANKING,SUCCESS
PAY004405,C000231,2025-12-24,499,CARD,FAILED
PAY004406,C000434,2026-06-25,599,NET_BANKING,SUCCESS
PAY004407,C000692,2026-04-19,299,CARD,SUCCESS
PAY004408,C000120,2026-02-20,199,WALLET,REFUNDED
PAY004409,C000352,2025-10-08,999,WALLET,SUCCESS
PAY004410,C000121,2026-08-10,199,WALLET,SUCCESS
PAY004411,C000156,2026-03-15,399,NET_BANKING,SUCCESS
PAY004412,C000243,2026-09-13,1499,WALLET,SUCCESS
PAY004413,C000661,2026-07-03,999,WALLET,SUCCESS
PAY004414,C000722,2026-03-09,499,WALLET,SUCCESS
PAY004415,C000527,2026-02-20,499,CARD,SUCCESS
PAY004416,C000027,2026-05-01,999,CARD,SUCCESS
PAY004417,C000789,2026-02-24,399,CARD,PENDING
PAY004418,C000623,2026-09-10,199,NET_BANKING,SUCCESS
PAY004419,C000451,2026-01-18,399,WALLET,PENDING
PAY004420,C000148,2026-05-09,499,UPI,SUCCESS
PAY004421,C000928,2025-11-18,399,NET_BANKING,SUCCESS
PAY004422,C000214,2026-08-31,799,CARD,REFUNDED
PAY004423,C000403,2025-11-22,499,NET_BANKING,FAILED
PAY004424,C000685,2026-07-29,1499,NET_BANKING,SUCCESS
PAY004425,C000121,2026-02-14,599,NET_BANKING,REFUNDED
PAY004426,C000160,2026-09-07,399,CARD,REFUNDED
PAY004427,C000515,2025-12-05,199,WALLET,SUCCESS
PAY004428,C000533,2026-04-18,199,WALLET,SUCCESS
PAY004429,C000526,2026-06-09,1499,WALLET,SUCCESS
PAY004430,C000926,2025-10-16,599,NET_BANKING,PENDING
PAY004431,C000683,2026-02-18,499,UPI,SUCCESS
PAY004432,C000470,2026-04-16,199,NET_BANKING,SUCCESS
PAY004433,C000692,2026-08-16,599,NET_BANKING,PENDING
PAY004434,C000850,2025-09-25,1499,WALLET,FAILED
PAY004435,C000965,2026-04-04,1499,WALLET,SUCCESS
PAY004436,C000299,2026-03-10,499,WALLET,REFUNDED
PAY004437,C000789,2026-05-02,599,UPI,FAILED
PAY004438,C000972,2026-01-15,299,WALLET,SUCCESS
PAY004439,C000324,2026-05-29,1499,UPI,SUCCESS
PAY004440,C000515,2026-06-11,799,CARD,FAILED
PAY004441,C000664,2026-03-17,1499,NET_BANKING,REFUNDED
PAY004442,C000904,2025-12-17,199,UPI,REFUNDED
PAY004443,C000731,2026-02-27,799,UPI,SUCCESS
PAY004444,C000433,2026-02-21,599,UPI,SUCCESS
PAY004445,C000432,2026-02-25,599,CARD,REFUNDED
PAY004446,C000318,2026-02-16,399,NET_BANKING,SUCCESS
PAY004447,C000618,2026-07-28,599,WALLET,SUCCESS
PAY004448,C000387,2026-04-24,599,CARD,REFUNDED
PAY004449,C000789,2026-06-23,599,NET_BANKING,REFUNDED
PAY004450,C000194,2026-01-14,299,NET_BANKING,REFUNDED
PAY004451,C000284,2025-12-15,199,CARD,SUCCESS
PAY004452,C000327,2026-01-08,499,UPI,SUCCESS
PAY004453,C000508,2026-02-17,499,NET_BANKING,SUCCESS
PAY004454,C000082,2026-06-08,299,UPI,SUCCESS
PAY004455,C000239,2026-06-11,1499,UPI,PENDING
PAY004456,C000298,2025-10-10,399,WALLET,PENDING
PAY004457,C000872,2026-03-15,1499,CARD,SUCCESS
PAY004458,C000082,2025-11-17,599,WALLET,FAILED
PAY004459,C000646,2025-11-25,199,CARD,SUCCESS
PAY004460,C000972,2025-12-12,999,CARD,SUCCESS
PAY004461,C000759,2026-02-08,799,UPI,SUCCESS
PAY004462,C000002,2025-12-18,999,UPI,SUCCESS
PAY004463,C000407,2026-07-27,999,NET_BANKING,SUCCESS
PAY004464,C000348,2026-01-04,799,CARD,SUCCESS
PAY004465,C000848,2026-02-04,799,CARD,SUCCESS
PAY004466,C000993,2026-05-01,199,UPI,REFUNDED
PAY004467,C000264,2026-09-11,999,WALLET,PENDING
PAY004468,C000335,2026-01-10,999,CARD,REFUNDED
PAY004469,C000859,2026-05-25,999,CARD,SUCCESS
PAY004470,C000073,2026-07-20,1499,NET_BANKING,SUCCESS
PAY004471,C000582,2026-08-30,599,CARD,SUCCESS
PAY004472,C000395,2025-12-13,799,CARD,REFUNDED
PAY004473,C000287,2025-11-30,299,CARD,FAILED
PAY004474,C000600,2026-04-12,499,NET_BANKING,SUCCESS
PAY004475,C000992,2026-05-27,299,CARD,FAILED
PAY004476,C000917,2026-02-13,599,NET_BANKING,SUCCESS
PAY004477,C000744,2025-11-12,999,UPI,SUCCESS
PAY004478,C000926,2026-09-19,499,WALLET,SUCCESS
PAY004479,C000170,2026-08-15,299,CARD,REFUNDED
PAY004480,C000240,2025-10-16,599,NET_BANKING,SUCCESS
PAY004481,C000333,2026-08-30,399,UPI,SUCCESS
PAY004482,C000920,2025-11-18,799,CARD,REFUNDED
PAY004483,C000651,2025-11-26,599,WALLET,REFUNDED
PAY004484,C000944,2025-11-07,299,UPI,SUCCESS
PAY004485,C000559,2025-10-29,1499,UPI,SUCCESS
PAY004486,C000221,2026-01-15,399,WALLET,SUCCESS
PAY004487,C000486,2026-06-01,499,UPI,SUCCESS
PAY004488,C000916,2026-05-26,299,NET_BANKING,FAILED
PAY004489,C000025,2026-03-20,1499,CARD,SUCCESS
PAY004490,C000376,2026-02-25,799,NET_BANKING,SUCCESS
PAY004491,C000589,2026-02-17,199,CARD,PENDING
PAY004492,C000921,2026-05-27,199,UPI,SUCCESS
PAY004493,C000596,2025-10-16,599,WALLET,SUCCESS
PAY004494,C000940,2026-08-29,599,NET_BANKING,SUCCESS
PAY004495,C000493,2026-06-08,799,UPI,SUCCESS
PAY004496,C000086,2026-04-16,499,UPI,SUCCESS
PAY004497,C000992,2026-07-17,999,NET_BANKING,SUCCESS
PAY004498,C000190,2026-07-17,599,UPI,FAILED
PAY004499,C000886,2026-08-01,499,NET_BANKING,SUCCESS
PAY004500,C000459,2025-11-05,499,NET_BANKING,REFUNDED
PAY004501,C000004,2026-09-12,599,NET_BANKING,REFUNDED
PAY004502,C000154,2026-06-17,499,CARD,PENDING
PAY004503,C000735,2026-03-24,1499,WALLET,FAILED
PAY004504,C000105,2026-01-02,299,CARD,SUCCESS
PAY004505,C000722,2025-10-20,199,CARD,SUCCESS
PAY004506,C000809,2026-08-22,799,UPI,SUCCESS
PAY004507,C000348,2026-03-26,499,UPI,REFUNDED
PAY004508,C000909,2025-11-24,199,NET_BANKING,REFUNDED
PAY004509,C000663,2026-06-12,1499,CARD,SUCCESS
PAY004510,C000756,2026-04-08,299,WALLET,FAILED
PAY004511,C000208,2025-11-25,1499,CARD,FAILED
PAY004512,C000780,2025-11-28,399,NET_BANKING,FAILED
PAY004513,C000907,2026-03-22,799,NET_BANKING,SUCCESS
PAY004514,C000422,2026-08-21,799,WALLET,FAILED
PAY004515,C000724,2025-12-31,199,WALLET,SUCCESS
PAY004516,C000324,2026-01-25,599,CARD,SUCCESS
PAY004517,C000720,2025-11-25,1499,CARD,FAILED
PAY004518,C000695,2026-05-17,999,WALLET,SUCCESS
PAY004519,C000775,2025-11-18,999,UPI,FAILED
PAY004520,C000442,2025-12-19,199,NET_BANKING,SUCCESS
PAY004521,C000794,2026-05-30,599,CARD,SUCCESS
PAY004522,C000597,2026-01-04,299,WALLET,PENDING
PAY004523,C000851,2025-11-18,399,UPI,SUCCESS
PAY004524,C000902,2026-07-06,999,UPI,SUCCESS
PAY004525,C000148,2026-04-15,299,NET_BANKING,SUCCESS
PAY004526,C000501,2025-12-12,299,WALLET,SUCCESS
PAY004527,C000387,2025-12-30,599,NET_BANKING,REFUNDED
PAY004528,C000879,2026-04-11,599,WALLET,PENDING
PAY004529,C000608,2026-02-19,999,NET_BANKING,SUCCESS
PAY004530,C000928,2026-08-20,399,CARD,SUCCESS
PAY004531,C000238,2025-10-07,799,NET_BANKING,SUCCESS
PAY004532,C000229,2026-09-17,199,CARD,REFUNDED
PAY004533,C000260,2025-10-19,1499,WALLET,SUCCESS
PAY004534,C000582,2026-01-13,599,UPI,SUCCESS
PAY004535,C000020,2026-07-03,299,CARD,REFUNDED
PAY004536,C000419,2026-08-02,799,CARD,SUCCESS
PAY004537,C000392,2026-09-19,999,UPI,SUCCESS
PAY004538,C000415,2026-08-06,499,UPI,SUCCESS
PAY004539,C000389,2026-08-08,199,WALLET,PENDING
PAY004540,C000831,2025-12-04,1499,WALLET,SUCCESS
PAY004541,C000268,2026-06-10,599,NET_BANKING,SUCCESS
PAY004542,C000995,2025-10-16,1499,CARD,SUCCESS
PAY004543,C000652,2026-05-18,199,UPI,FAILED
PAY004544,C000862,2026-02-19,399,CARD,SUCCESS
PAY004545,C000646,2026-08-17,399,WALLET,SUCCESS
PAY004546,C000480,2026-04-07,199,NET_BANKING,FAILED
PAY004547,C000329,2025-11-05,499,WALLET,SUCCESS
PAY004548,C000310,2025-11-13,999,WALLET,REFUNDED
PAY004549,C000393,2026-02-16,1499,CARD,SUCCESS
PAY004550,C000335,2025-11-20,499,WALLET,REFUNDED
PAY004551,C000396,2025-12-17,299,UPI,REFUNDED
PAY004552,C000616,2026-09-17,399,WALLET,FAILED
PAY004553,C000292,2026-08-07,399,NET_BANKING,PENDING
PAY004554,C000838,2026-07-10,999,CARD,SUCCESS
PAY004555,C000961,2026-02-19,199,UPI,SUCCESS
PAY004556,C000907,2026-02-17,499,UPI,FAILED
PAY004557,C000504,2026-02-17,399,UPI,FAILED
PAY004558,C000552,2026-05-31,199,WALLET,SUCCESS
PAY004559,C000064,2026-04-25,499,WALLET,SUCCESS
PAY004560,C000597,2026-07-28,299,NET_BANKING,SUCCESS
PAY004561,C000723,2026-07-03,1499,UPI,PENDING
PAY004562,C000767,2025-11-11,199,CARD,REFUNDED
PAY004563,C000804,2026-02-02,499,UPI,SUCCESS
PAY004564,C000127,2026-01-05,499,NET_BANKING,SUCCESS
PAY004565,C000389,2026-04-29,299,NET_BANKING,PENDING
PAY004566,C000446,2025-09-25,799,UPI,SUCCESS
PAY004567,C000568,2026-05-27,199,UPI,FAILED
PAY004568,C000158,2026-09-01,1499,NET_BANKING,PENDING
PAY004569,C000061,2026-03-12,999,UPI,FAILED
PAY004570,C000879,2026-05-20,299,NET_BANKING,SUCCESS
PAY004571,C000725,2026-09-20,999,UPI,SUCCESS
PAY004572,C000415,2025-10-09,999,NET_BANKING,FAILED
PAY004573,C000063,2026-05-18,499,CARD,PENDING
PAY004574,C000018,2026-04-24,799,CARD,SUCCESS
PAY004575,C000910,2026-04-05,799,UPI,PENDING
PAY004576,C000705,2026-05-02,799,UPI,SUCCESS
PAY004577,C000662,2026-06-16,299,NET_BANKING,SUCCESS
PAY004578,C000379,2025-10-04,399,NET_BANKING,FAILED
PAY004579,C000958,2025-10-23,499,WALLET,SUCCESS
PAY004580,C000911,2026-09-22,999,NET_BANKING,FAILED
PAY004581,C000393,2026-01-21,499,UPI,REFUNDED
PAY004582,C000553,2026-01-13,599,CARD,PENDING
PAY004583,C000259,2026-09-02,199,NET_BANKING,SUCCESS
PAY004584,C000692,2025-11-11,1499,WALLET,SUCCESS
PAY004585,C000070,2026-03-06,799,UPI,REFUNDED
PAY004586,C000364,2026-07-16,399,UPI,SUCCESS
PAY004587,C000349,2025-11-28,199,UPI,REFUNDED
PAY004588,C000237,2025-09-28,1499,CARD,SUCCESS
PAY004589,C000076,2026-05-31,799,WALLET,SUCCESS
PAY004590,C000736,2026-03-06,799,WALLET,SUCCESS
PAY004591,C000363,2026-08-13,499,UPI,PENDING
PAY004592,C000709,2026-04-01,299,CARD,REFUNDED
PAY004593,C000147,2025-12-25,999,WALLET,PENDING
PAY004594,C000205,2026-03-11,499,WALLET,REFUNDED
PAY004595,C000988,2025-10-21,299,CARD,SUCCESS
PAY004596,C000339,2026-06-08,399,WALLET,PENDING
PAY004597,C000188,2025-11-18,599,CARD,SUCCESS
PAY004598,C000236,2025-10-14,999,UPI,PENDING
PAY004599,C000031,2026-07-07,999,NET_BANKING,SUCCESS
PAY004600,C000277,2026-07-01,399,UPI,SUCCESS
PAY004601,C000301,2026-09-04,299,WALLET,FAILED
PAY004602,C000423,2026-09-10,799,WALLET,SUCCESS
PAY004603,C000932,2026-09-05,299,CARD,SUCCESS
PAY004604,C000610,2025-11-06,799,UPI,SUCCESS
PAY004605,C000753,2026-03-23,399,WALLET,SUCCESS
PAY004606,C000649,2026-06-23,299,WALLET,SUCCESS
PAY004607,C000826,2026-01-07,599,NET_BANKING,REFUNDED
PAY004608,C000035,2026-09-01,1499,NET_BANKING,SUCCESS
PAY004609,C000029,2026-03-21,299,NET_BANKING,SUCCESS
PAY004610,C000748,2025-12-14,1499,CARD,SUCCESS
PAY004611,C000980,2026-02-13,299,UPI,SUCCESS
PAY004612,C000802,2026-08-06,299,WALLET,PENDING
PAY004613,C000417,2026-01-21,1499,NET_BANKING,SUCCESS
PAY004614,C000690,2025-12-18,799,CARD,SUCCESS
PAY004615,C000287,2025-09-29,799,NET_BANKING,SUCCESS
PAY004616,C000434,2026-06-22,199,CARD,SUCCESS
PAY004617,C000365,2026-08-12,299,UPI,FAILED
PAY004618,C000662,2026-04-26,599,NET_BANKING,REFUNDED
PAY004619,C000124,2025-11-22,599,UPI,SUCCESS
PAY004620,C000440,2025-11-20,1499,WALLET,SUCCESS
PAY004621,C000036,2025-11-21,299,WALLET,SUCCESS
PAY004622,C000095,2026-07-23,199,CARD,SUCCESS
PAY004623,C000548,2026-08-08,399,CARD,SUCCESS
PAY004624,C000469,2025-12-16,799,CARD,REFUNDED
PAY004625,C000362,2025-12-15,299,CARD,SUCCESS
PAY004626,C000295,2026-06-06,299,NET_BANKING,SUCCESS
PAY004627,C000988,2025-10-25,999,CARD,SUCCESS
PAY004628,C000932,2026-09-21,199,NET_BANKING,FAILED
PAY004629,C000391,2026-08-23,599,CARD,SUCCESS
PAY004630,C000981,2025-12-27,599,NET_BANKING,REFUNDED
PAY004631,C000100,2026-06-30,399,WALLET,PENDING
PAY004632,C000547,2025-11-24,799,NET_BANKING,PENDING
PAY004633,C000916,2026-05-12,299,NET_BANKING,SUCCESS
PAY004634,C000507,2026-02-07,999,WALLET,REFUNDED
PAY004635,C000120,2026-04-30,299,WALLET,SUCCESS
PAY004636,C000741,2026-07-11,599,NET_BANKING,FAILED
PAY004637,C000592,2026-08-07,799,NET_BANKING,SUCCESS
PAY004638,C000013,2025-11-29,799,CARD,SUCCESS
PAY004639,C000283,2026-09-08,199,NET_BANKING,SUCCESS
PAY004640,C000158,2026-02-26,399,UPI,SUCCESS
PAY004641,C000475,2025-12-07,399,UPI,FAILED
PAY004642,C000393,2026-06-23,1499,UPI,PENDING
PAY004643,C000295,2026-04-25,999,UPI,SUCCESS
PAY004644,C000161,2025-12-24,399,WALLET,SUCCESS
PAY004645,C000688,2026-08-29,499,UPI,SUCCESS
PAY004646,C000234,2025-10-10,399,CARD,REFUNDED
PAY004647,C000065,2026-04-01,1499,CARD,SUCCESS
PAY004648,C000219,2025-12-10,399,NET_BANKING,SUCCESS
PAY004649,C000790,2025-11-04,499,UPI,FAILED
PAY004650,C000716,2025-10-26,799,UPI,SUCCESS
PAY004651,C000603,2025-11-03,799,UPI,SUCCESS
PAY004652,C000529,2026-07-22,1499,NET_BANKING,REFUNDED
PAY004653,C000888,2026-06-20,1499,CARD,SUCCESS
PAY004654,C000086,2026-05-16,499,WALLET,SUCCESS
PAY004655,C000798,2026-01-13,399,UPI,SUCCESS
PAY004656,C000871,2026-07-06,1499,NET_BANKING,SUCCESS
PAY004657,C000580,2025-10-21,399,WALLET,SUCCESS
PAY004658,C000735,2025-10-14,999,NET_BANKING,FAILED
PAY004659,C000499,2025-11-08,799,CARD,REFUNDED
PAY004660,C000613,2025-10-17,599,UPI,PENDING
PAY004661,C000664,2025-10-01,999,WALLET,SUCCESS
PAY004662,C000320,2026-01-23,399,WALLET,SUCCESS
PAY004663,C000426,2026-02-21,199,NET_BANKING,PENDING
PAY004664,C000433,2025-12-10,499,UPI,REFUNDED
PAY004665,C000811,2025-10-19,1499,UPI,SUCCESS
PAY004666,C000255,2026-09-13,499,WALLET,SUCCESS
PAY004667,C000168,2026-01-16,999,WALLET,REFUNDED
PAY004668,C000557,2025-11-05,599,WALLET,PENDING
PAY004669,C000520,2026-06-21,299,CARD,REFUNDED
PAY004670,C000434,2026-03-02,999,NET_BANKING,SUCCESS
PAY004671,C000758,2026-04-19,499,NET_BANKING,REFUNDED
PAY004672,C000409,2025-11-06,299,UPI,FAILED
PAY004673,C000368,2025-12-22,1499,UPI,REFUNDED
PAY004674,C000397,2025-11-06,499,CARD,SUCCESS
PAY004675,C000078,2026-01-18,399,NET_BANKING,REFUNDED
PAY004676,C000308,2025-11-26,399,UPI,REFUNDED
PAY004677,C000791,2026-04-15,599,UPI,SUCCESS
PAY004678,C000416,2025-12-16,299,UPI,SUCCESS
PAY004679,C000471,2026-05-01,799,CARD,SUCCESS
PAY004680,C000734,2026-02-13,999,UPI,SUCCESS
PAY004681,C000492,2026-08-23,799,CARD,SUCCESS
PAY004682,C000087,2026-01-17,999,UPI,FAILED
PAY004683,C000554,2025-10-26,299,UPI,SUCCESS
PAY004684,C000644,2026-06-18,1499,UPI,SUCCESS
PAY004685,C000975,2025-11-23,399,NET_BANKING,SUCCESS
PAY004686,C000415,2025-11-09,799,UPI,SUCCESS
PAY004687,C000606,2026-04-25,599,WALLET,SUCCESS
PAY004688,C000634,2026-07-20,999,CARD,SUCCESS
PAY004689,C000609,2026-05-28,799,CARD,REFUNDED
PAY004690,C000087,2025-11-11,599,CARD,SUCCESS
PAY004691,C000919,2026-04-14,399,CARD,SUCCESS
PAY004692,C000224,2026-07-23,199,NET_BANKING,SUCCESS
PAY004693,C000808,2025-11-15,199,UPI,REFUNDED
PAY004694,C000763,2026-02-06,999,NET_BANKING,FAILED
PAY004695,C000664,2026-01-27,799,CARD,SUCCESS
PAY004696,C000554,2026-05-17,999,UPI,SUCCESS
PAY004697,C000626,2026-04-01,499,NET_BANKING,SUCCESS
PAY004698,C000317,2026-02-13,599,NET_BANKING,SUCCESS
PAY004699,C000638,2025-11-01,599,CARD,SUCCESS
PAY004700,C000449,2026-01-26,199,WALLET,SUCCESS
PAY004701,C000766,2026-01-30,1499,CARD,SUCCESS
PAY004702,C000175,2026-08-14,599,CARD,FAILED
PAY004703,C000580,2026-07-31,999,UPI,SUCCESS
PAY004704,C000799,2025-10-07,799,CARD,FAILED
PAY004705,C000847,2026-08-26,599,WALLET,FAILED
PAY004706,C000528,2025-10-15,299,CARD,FAILED
PAY004707,C000632,2025-12-14,999,UPI,SUCCESS
PAY004708,C000166,2026-05-29,999,CARD,SUCCESS
PAY004709,C000855,2026-03-17,1499,UPI,FAILED
PAY004710,C000655,2025-10-27,399,NET_BANKING,REFUNDED
PAY004711,C000345,2026-04-18,799,NET_BANKING,PENDING
PAY004712,C000606,2026-07-07,399,WALLET,SUCCESS
PAY004713,C000435,2026-05-15,399,WALLET,REFUNDED
PAY004714,C000058,2026-07-19,599,WALLET,SUCCESS
PAY004715,C000581,2026-03-08,999,WALLET,SUCCESS
PAY004716,C000421,2026-03-16,599,WALLET,PENDING
PAY004717,C000546,2026-08-13,399,NET_BANKING,FAILED
PAY004718,C000639,2026-09-06,599,NET_BANKING,SUCCESS
PAY004719,C000150,2025-12-21,299,WALLET,PENDING
PAY004720,C000384,2026-01-22,399,UPI,PENDING
PAY004721,C000491,2026-02-03,499,NET_BANKING,SUCCESS
PAY004722,C000091,2026-04-22,399,CARD,PENDING
PAY004723,C000099,2025-11-21,499,WALLET,SUCCESS
PAY004724,C000029,2026-09-13,599,NET_BANKING,PENDING
PAY004725,C000857,2026-03-31,599,UPI,SUCCESS
PAY004726,C000583,2026-06-19,499,WALLET,SUCCESS
PAY004727,C000439,2026-03-01,499,CARD,REFUNDED
PAY004728,C000592,2026-01-06,599,NET_BANKING,SUCCESS
PAY004729,C000647,2025-12-28,1499,UPI,SUCCESS
PAY004730,C000713,2026-01-26,199,CARD,FAILED
PAY004731,C000334,2026-01-13,599,WALLET,PENDING
PAY004732,C000802,2026-08-07,799,NET_BANKING,SUCCESS
PAY004733,C000803,2026-05-03,599,WALLET,SUCCESS
PAY004734,C000185,2026-01-16,999,WALLET,SUCCESS
PAY004735,C000634,2026-08-07,799,UPI,SUCCESS
PAY004736,C000503,2026-04-10,599,WALLET,REFUNDED
PAY004737,C000742,2026-03-14,399,CARD,FAILED
PAY004738,C000832,2026-05-18,1499,UPI,SUCCESS
PAY004739,C000943,2026-03-28,299,WALLET,PENDING
PAY004740,C000870,2026-01-09,399,WALLET,REFUNDED
PAY004741,C000536,2026-07-11,199,NET_BANKING,SUCCESS
PAY004742,C000183,2026-07-05,999,NET_BANKING,FAILED
PAY004743,C000316,2026-05-12,1499,NET_BANKING,SUCCESS
PAY004744,C000287,2026-09-17,999,NET_BANKING,SUCCESS
PAY004745,C000962,2026-05-15,599,UPI,SUCCESS
PAY004746,C000423,2026-02-28,599,UPI,SUCCESS
PAY004747,C000433,2026-01-29,399,UPI,SUCCESS
PAY004748,C000062,2026-07-20,999,UPI,SUCCESS
PAY004749,C000215,2026-07-28,599,WALLET,FAILED
PAY004750,C000333,2025-10-18,199,NET_BANKING,SUCCESS
PAY004751,C000775,2026-09-09,1499,WALLET,SUCCESS
PAY004752,C000727,2026-09-21,199,CARD,SUCCESS
PAY004753,C000328,2026-03-14,399,UPI,SUCCESS
PAY004754,C000360,2026-07-18,799,NET_BANKING,SUCCESS
PAY004755,C000462,2026-08-16,599,NET_BANKING,PENDING
PAY004756,C000035,2026-08-29,599,WALLET,SUCCESS
PAY004757,C000968,2026-06-06,499,CARD,SUCCESS
PAY004758,C000785,2026-02-13,299,WALLET,REFUNDED
PAY004759,C000186,2026-07-12,599,CARD,REFUNDED
PAY004760,C000857,2026-05-24,1499,UPI,REFUNDED
PAY004761,C000461,2026-09-02,999,WALLET,SUCCESS
PAY004762,C000161,2025-12-02,1499,CARD,SUCCESS
PAY004763,C000527,2026-07-22,1499,UPI,SUCCESS
PAY004764,C000005,2026-08-10,799,CARD,SUCCESS
PAY004765,C000218,2026-01-21,1499,WALLET,SUCCESS
PAY004766,C000922,2026-07-24,799,CARD,REFUNDED
PAY004767,C000277,2026-06-17,799,CARD,PENDING
PAY004768,C000393,2026-07-02,799,UPI,SUCCESS
PAY004769,C000268,2025-11-30,799,UPI,SUCCESS
PAY004770,C000644,2026-05-29,299,WALLET,SUCCESS
PAY004771,C000490,2025-10-01,399,WALLET,REFUNDED
PAY004772,C000268,2026-09-15,199,NET_BANKING,SUCCESS
PAY004773,C000488,2026-03-30,599,WALLET,SUCCESS
PAY004774,C000664,2026-03-01,499,CARD,SUCCESS
PAY004775,C000499,2026-07-09,799,UPI,FAILED
PAY004776,C000934,2026-07-12,399,NET_BANKING,SUCCESS
PAY004777,C000863,2026-05-23,599,UPI,SUCCESS
PAY004778,C000469,2026-01-22,399,WALLET,SUCCESS
PAY004779,C000992,2026-02-26,799,WALLET,SUCCESS
PAY004780,C000993,2026-06-27,499,CARD,PENDING
PAY004781,C000748,2026-02-21,399,CARD,SUCCESS
PAY004782,C000744,2025-10-12,399,WALLET,REFUNDED
PAY004783,C000466,2026-07-20,1499,UPI,REFUNDED
PAY004784,C000251,2026-02-19,999,UPI,SUCCESS
PAY004785,C000547,2026-05-07,799,WALLET,SUCCESS
PAY004786,C000491,2026-05-28,999,CARD,REFUNDED
PAY004787,C000657,2026-02-06,999,NET_BANKING,FAILED
PAY004788,C000188,2026-06-18,599,UPI,REFUNDED
PAY004789,C000112,2026-09-15,1499,WALLET,PENDING
PAY004790,C000602,2026-08-23,799,CARD,SUCCESS
PAY004791,C000338,2026-09-18,199,CARD,SUCCESS
PAY004792,C000670,2026-07-20,199,WALLET,SUCCESS
PAY004793,C000695,2025-10-30,299,UPI,FAILED
PAY004794,C000005,2026-04-17,199,NET_BANKING,REFUNDED
PAY004795,C000511,2026-08-24,499,WALLET,SUCCESS
PAY004796,C000031,2026-09-10,999,WALLET,SUCCESS
PAY004797,C000153,2026-01-21,299,NET_BANKING,REFUNDED
PAY004798,C000447,2026-09-02,599,NET_BANKING,SUCCESS
PAY004799,C000545,2026-08-22,299,WALLET,FAILED
PAY004800,C000502,2025-10-26,499,UPI,SUCCESS
PAY004801,C000152,2026-07-04,499,NET_BANKING,PENDING
PAY004802,C000260,2026-06-20,599,WALLET,SUCCESS
PAY004803,C000110,2026-05-06,599,CARD,PENDING
PAY004804,C000591,2025-12-25,1499,UPI,PENDING
PAY004805,C000277,2025-12-28,499,WALLET,SUCCESS
PAY004806,C000203,2026-03-15,999,NET_BANKING,REFUNDED
PAY004807,C000230,2026-08-16,1499,UPI,SUCCESS
PAY004808,C000984,2025-12-15,1499,CARD,FAILED
PAY004809,C000895,2026-08-04,1499,WALLET,PENDING
PAY004810,C000262,2026-05-07,499,WALLET,FAILED
PAY004811,C000965,2026-06-04,599,NET_BANKING,FAILED
PAY004812,C000985,2026-05-04,999,UPI,SUCCESS
PAY004813,C000919,2026-01-02,299,NET_BANKING,FAILED
PAY004814,C000830,2026-01-10,1499,CARD,SUCCESS
PAY004815,C000643,2026-09-03,199,UPI,REFUNDED
PAY004816,C000500,2025-12-18,199,CARD,PENDING
PAY004817,C000961,2025-11-30,399,WALLET,SUCCESS
PAY004818,C000500,2026-06-17,599,NET_BANKING,SUCCESS
PAY004819,C000566,2026-09-11,799,CARD,SUCCESS
PAY004820,C000120,2026-03-29,999,WALLET,REFUNDED
PAY004821,C000961,2026-08-09,299,CARD,FAILED
PAY004822,C000892,2026-01-09,499,NET_BANKING,PENDING
PAY004823,C000466,2026-05-18,299,CARD,SUCCESS
PAY004824,C000429,2025-10-24,799,UPI,SUCCESS
PAY004825,C000204,2026-07-10,599,UPI,REFUNDED
PAY004826,C000321,2026-05-11,499,WALLET,PENDING
PAY004827,C000371,2026-03-19,499,WALLET,SUCCESS
PAY004828,C000177,2026-02-18,499,CARD,REFUNDED
PAY004829,C000261,2025-12-17,999,WALLET,SUCCESS
PAY004830,C000728,2026-09-11,499,WALLET,FAILED
PAY004831,C000987,2026-03-07,499,NET_BANKING,SUCCESS
PAY004832,C000954,2026-08-26,799,UPI,FAILED
PAY004833,C000919,2025-11-05,499,UPI,SUCCESS
PAY004834,C000208,2026-01-20,199,NET_BANKING,FAILED
PAY004835,C000867,2026-07-13,399,UPI,SUCCESS
PAY004836,C000949,2026-01-23,299,WALLET,FAILED
PAY004837,C000999,2026-01-06,499,WALLET,FAILED
PAY004838,C000209,2026-04-29,1499,CARD,SUCCESS
PAY004839,C000752,2026-05-18,1499,NET_BANKING,PENDING
PAY004840,C000935,2026-01-17,599,UPI,FAILED
PAY004841,C000598,2026-08-14,999,WALLET,PENDING
PAY004842,C000776,2025-12-12,799,NET_BANKING,SUCCESS
PAY004843,C000665,2025-11-05,199,UPI,REFUNDED
PAY004844,C000679,2026-03-19,1499,WALLET,SUCCESS
PAY004845,C000951,2026-01-01,599,WALLET,PENDING
PAY004846,C000759,2026-09-18,599,NET_BANKING,SUCCESS
PAY004847,C000888,2025-11-29,1499,WALLET,SUCCESS
PAY004848,C000605,2026-07-30,199,UPI,SUCCESS
PAY004849,C000541,2026-05-27,399,CARD,FAILED
PAY004850,C000798,2026-09-08,999,WALLET,REFUNDED
PAY004851,C000857,2026-09-07,599,CARD,SUCCESS
PAY004852,C000160,2026-06-19,199,NET_BANKING,FAILED
PAY004853,C000243,2026-08-19,599,NET_BANKING,REFUNDED
PAY004854,C000591,2025-11-19,599,UPI,PENDING
PAY004855,C000361,2026-04-04,599,CARD,REFUNDED
PAY004856,C000981,2026-04-16,599,CARD,SUCCESS
PAY004857,C000412,2026-07-10,299,NET_BANKING,PENDING
PAY004858,C000437,2026-02-15,999,UPI,SUCCESS
PAY004859,C000678,2026-03-09,1499,WALLET,SUCCESS
PAY004860,C000629,2026-09-06,799,NET_BANKING,FAILED
PAY004861,C000879,2026-01-09,199,UPI,SUCCESS
PAY004862,C000492,2025-09-23,399,NET_BANKING,REFUNDED
PAY004863,C000751,2026-02-13,999,WALLET,SUCCESS
PAY004864,C000995,2026-03-24,599,CARD,SUCCESS
PAY004865,C000289,2026-03-18,1499,NET_BANKING,SUCCESS
PAY004866,C000995,2026-03-28,999,CARD,SUCCESS
PAY004867,C000970,2026-06-07,1499,CARD,PENDING
PAY004868,C000313,2026-04-01,399,WALLET,SUCCESS
PAY004869,C000112,2026-01-30,199,NET_BANKING,PENDING
PAY004870,C000494,2026-04-01,299,UPI,FAILED
PAY004871,C000007,2025-11-03,399,WALLET,SUCCESS
PAY004872,C000298,2026-03-02,599,NET_BANKING,SUCCESS
PAY004873,C000078,2026-02-02,599,UPI,SUCCESS
PAY004874,C000309,2026-06-23,599,CARD,FAILED
PAY004875,C000399,2026-02-26,799,UPI,SUCCESS
PAY004876,C000383,2026-08-04,999,UPI,REFUNDED
PAY004877,C000359,2026-07-26,499,CARD,SUCCESS
PAY004878,C000566,2025-10-24,299,UPI,SUCCESS
PAY004879,C000963,2025-10-26,999,WALLET,SUCCESS
PAY004880,C000339,2026-06-29,799,WALLET,SUCCESS
PAY004881,C000333,2026-05-14,399,UPI,SUCCESS
PAY004882,C000419,2026-06-25,1499,UPI,FAILED
PAY004883,C000366,2025-10-14,199,NET_BANKING,SUCCESS
PAY004884,C000165,2025-12-15,599,CARD,SUCCESS
PAY004885,C000577,2025-12-03,799,UPI,SUCCESS
PAY004886,C000500,2026-04-06,299,WALLET,REFUNDED
PAY004887,C000350,2026-04-01,599,CARD,REFUNDED
PAY004888,C000725,2026-08-04,999,WALLET,SUCCESS
PAY004889,C000699,2026-08-26,599,CARD,SUCCESS
PAY004890,C000722,2026-06-17,799,UPI,FAILED
PAY004891,C000186,2026-02-15,299,CARD,SUCCESS
PAY004892,C000476,2025-10-03,399,NET_BANKING,SUCCESS
PAY004893,C000495,2026-07-22,1499,CARD,REFUNDED
PAY004894,C000778,2026-06-11,299,NET_BANKING,FAILED
PAY004895,C000177,2025-12-10,399,UPI,REFUNDED
PAY004896,C000542,2026-05-27,499,NET_BANKING,SUCCESS
PAY004897,C000104,2025-10-18,599,CARD,SUCCESS
PAY004898,C000465,2026-03-07,199,NET_BANKING,SUCCESS
PAY004899,C000056,2025-12-21,399,NET_BANKING,SUCCESS
PAY004900,C000939,2026-08-14,399,NET_BANKING,PENDING
PAY004901,C000005,2026-08-22,799,WALLET,SUCCESS
PAY004902,C000860,2025-12-17,599,UPI,FAILED
PAY004903,C000920,2026-03-30,599,CARD,PENDING
PAY004904,C000320,2025-10-13,599,CARD,SUCCESS
PAY004905,C000641,2026-04-01,499,NET_BANKING,SUCCESS
PAY004906,C000020,2026-03-11,399,UPI,SUCCESS
PAY004907,C000746,2026-06-17,999,UPI,REFUNDED
PAY004908,C000001,2026-03-05,999,CARD,REFUNDED
PAY004909,C000260,2025-12-30,999,WALLET,SUCCESS
PAY004910,C000387,2026-09-22,199,UPI,SUCCESS
PAY004911,C000476,2025-10-29,399,NET_BANKING,PENDING
PAY004912,C000440,2026-05-31,299,UPI,PENDING
PAY004913,C000173,2025-11-25,799,NET_BANKING,SUCCESS
PAY004914,C000585,2026-06-23,999,CARD,FAILED
PAY004915,C000515,2026-05-21,799,WALLET,SUCCESS
PAY004916,C000599,2026-06-17,299,NET_BANKING,REFUNDED
PAY004917,C000091,2025-10-03,299,WALLET,SUCCESS
PAY004918,C000568,2025-10-05,499,CARD,SUCCESS
PAY004919,C000198,2026-04-20,1499,CARD,FAILED
PAY004920,C000462,2026-02-23,299,NET_BANKING,SUCCESS
PAY004921,C000804,2026-08-28,599,UPI,FAILED
PAY004922,C000245,2026-07-06,299,UPI,PENDING
PAY004923,C000251,2026-01-28,599,UPI,SUCCESS
PAY004924,C000257,2026-01-16,399,UPI,SUCCESS
PAY004925,C000298,2025-11-09,199,WALLET,REFUNDED
PAY004926,C000038,2026-08-04,999,UPI,SUCCESS
PAY004927,C000309,2026-05-27,299,UPI,REFUNDED
PAY004928,C000702,2026-06-18,299,NET_BANKING,SUCCESS
PAY004929,C000616,2026-05-01,999,UPI,SUCCESS
PAY004930,C000132,2026-01-12,1499,NET_BANKING,REFUNDED
PAY004931,C000163,2026-08-10,999,UPI,SUCCESS
PAY004932,C000128,2026-01-06,499,WALLET,SUCCESS
PAY004933,C000573,2026-02-08,999,WALLET,FAILED
PAY004934,C000391,2026-08-01,199,CARD,FAILED
PAY004935,C000277,2026-05-30,599,UPI,SUCCESS
PAY004936,C000606,2025-11-01,499,NET_BANKING,REFUNDED
PAY004937,C000501,2026-05-28,199,WALLET,SUCCESS
PAY004938,C000920,2026-08-18,399,CARD,SUCCESS
PAY004939,C000018,2026-01-02,199,UPI,PENDING
PAY004940,C000192,2025-10-26,399,WALLET,REFUNDED
PAY004941,C000992,2026-04-13,299,CARD,SUCCESS
PAY004942,C000346,2026-09-05,999,CARD,PENDING
PAY004943,C000644,2025-12-04,199,CARD,SUCCESS
PAY004944,C000281,2026-06-11,399,UPI,SUCCESS
PAY004945,C000988,2026-05-30,499,UPI,REFUNDED
PAY004946,C000516,2026-04-10,199,UPI,SUCCESS
PAY004947,C000531,2026-01-01,799,NET_BANKING,PENDING
PAY004948,C000073,2026-07-02,199,WALLET,SUCCESS
PAY004949,C000072,2026-05-24,399,WALLET,REFUNDED
PAY004950,C000952,2026-04-18,599,CARD,PENDING
PAY004951,C000920,2026-02-27,999,CARD,FAILED
PAY004952,C000498,2025-10-05,399,CARD,SUCCESS
PAY004953,C000086,2025-10-20,999,CARD,SUCCESS
PAY004954,C000914,2026-06-30,299,CARD,SUCCESS
PAY004955,C000965,2026-02-19,299,NET_BANKING,SUCCESS
PAY004956,C000351,2025-11-02,499,NET_BANKING,FAILED
PAY004957,C000295,2026-05-28,199,NET_BANKING,REFUNDED
PAY004958,C000285,2025-09-24,199,CARD,PENDING
PAY004959,C000964,2026-01-23,999,CARD,SUCCESS
PAY004960,C000775,2026-07-03,499,UPI,SUCCESS
PAY004961,C000622,2026-07-09,999,NET_BANKING,SUCCESS
PAY004962,C000524,2025-12-31,1499,WALLET,PENDING
PAY004963,C000526,2026-03-24,299,CARD,PENDING
PAY004964,C000121,2026-02-13,799,NET_BANKING,SUCCESS
PAY004965,C000008,2026-05-17,399,NET_BANKING,SUCCESS
PAY004966,C000120,2026-05-16,199,NET_BANKING,PENDING
PAY004967,C000813,2026-01-28,1499,WALLET,SUCCESS
PAY004968,C000121,2026-04-21,1499,CARD,SUCCESS
PAY004969,C000148,2025-11-24,299,WALLET,SUCCESS
PAY004970,C000233,2026-06-01,199,CARD,REFUNDED
PAY004971,C000387,2025-11-10,799,NET_BANKING,SUCCESS
PAY004972,C000304,2026-03-01,199,CARD,REFUNDED
PAY004973,C000885,2025-12-22,399,CARD,REFUNDED
PAY004974,C000021,2025-11-29,799,WALLET,REFUNDED
PAY004975,C000820,2026-07-06,599,UPI,SUCCESS
PAY004976,C000066,2026-04-08,399,WALLET,SUCCESS
PAY004977,C000955,2026-03-07,599,WALLET,REFUNDED
PAY004978,C000432,2026-02-04,199,NET_BANKING,REFUNDED
PAY004979,C000973,2025-10-09,599,CARD,PENDING
PAY004980,C000599,2025-10-11,799,NET_BANKING,REFUNDED
PAY004981,C000240,2026-05-24,299,WALLET,SUCCESS
PAY004982,C000416,2026-07-01,1499,CARD,FAILED
PAY004983,C000209,2026-05-13,199,CARD,SUCCESS
PAY004984,C000453,2026-08-29,1499,NET_BANKING,REFUNDED
PAY004985,C000698,2026-08-20,599,NET_BANKING,SUCCESS
PAY004986,C000149,2026-05-15,499,CARD,SUCCESS
PAY004987,C000993,2026-01-29,299,WALLET,PENDING
PAY004988,C000660,2025-11-09,599,UPI,FAILED
PAY004989,C000593,2026-08-17,599,NET_BANKING,REFUNDED
PAY004990,C000297,2026-05-22,799,WALLET,REFUNDED
PAY004991,C000113,2025-12-09,199,NET_BANKING,SUCCESS
PAY004992,C000096,2026-05-07,999,NET_BANKING,SUCCESS
PAY004993,C000439,2026-04-29,499,NET_BANKING,SUCCESS
PAY004994,C000670,2026-03-10,199,WALLET,PENDING
PAY004995,C000839,2025-11-15,999,UPI,SUCCESS
PAY004996,C000221,2026-01-22,299,UPI,SUCCESS
PAY004997,C000027,2026-03-26,199,NET_BANKING,FAILED
PAY004998,C000459,2025-10-30,199,UPI,SUCCESS
PAY004999,C000504,2026-06-09,299,UPI,SUCCESS
PAY005000,C000713,2026-04-08,499,WALLET,SUCCESS
PAY005001,C000525,2025-12-26,999,CARD,REFUNDED
PAY005002,C000175,2026-01-11,299,CARD,SUCCESS
PAY005003,C000208,2025-11-26,799,CARD,SUCCESS
PAY005004,C000226,2026-07-12,299,CARD,PENDING
PAY005005,C000405,2026-03-20,299,UPI,SUCCESS
PAY005006,C000228,2026-03-24,999,NET_BANKING,SUCCESS
PAY005007,C000955,2026-05-20,199,CARD,SUCCESS
PAY005008,C000057,2026-01-27,199,WALLET,SUCCESS
PAY005009,C000752,2026-09-05,999,NET_BANKING,SUCCESS
PAY005010,C000272,2025-10-30,1499,CARD,SUCCESS
PAY005011,C000514,2025-10-09,999,CARD,SUCCESS
PAY005012,C000852,2026-05-27,299,UPI,SUCCESS
PAY005013,C000440,2025-12-22,199,NET_BANKING,SUCCESS
PAY005014,C000091,2026-07-28,599,WALLET,SUCCESS
PAY005015,C000778,2026-08-03,199,UPI,SUCCESS
PAY005016,C000555,2026-06-08,499,CARD,SUCCESS
PAY005017,C000760,2026-02-11,199,UPI,SUCCESS
PAY005018,C000170,2026-04-29,799,CARD,REFUNDED
PAY005019,C000861,2026-05-04,399,UPI,REFUNDED
PAY005020,C000580,2025-10-07,599,CARD,SUCCESS
PAY005021,C000008,2026-05-25,1499,UPI,SUCCESS
PAY005022,C000812,2025-12-09,1499,WALLET,FAILED
PAY005023,C000244,2026-03-17,999,NET_BANKING,SUCCESS
PAY005024,C000755,2026-09-20,1499,WALLET,SUCCESS
PAY005025,C000170,2026-03-27,399,UPI,SUCCESS
PAY005026,C000371,2025-12-05,1499,UPI,FAILED
PAY005027,C000845,2026-02-10,999,NET_BANKING,PENDING
PAY005028,C000220,2026-04-11,799,NET_BANKING,SUCCESS
PAY005029,C000257,2025-12-07,299,NET_BANKING,REFUNDED
PAY005030,C000889,2025-12-19,1499,CARD,SUCCESS
PAY005031,C000661,2026-08-15,199,NET_BANKING,SUCCESS
PAY005032,C000840,2026-08-01,199,CARD,PENDING
PAY005033,C000954,2025-10-25,599,NET_BANKING,SUCCESS
PAY005034,C000921,2026-01-24,1499,NET_BANKING,SUCCESS
PAY005035,C000107,2025-10-17,299,WALLET,SUCCESS
PAY005036,C000225,2026-07-22,999,UPI,SUCCESS
PAY005037,C000504,2026-04-17,499,UPI,SUCCESS
PAY005038,C000040,2025-12-18,1499,CARD,SUCCESS
PAY005039,C000379,2026-04-30,399,NET_BANKING,FAILED
PAY005040,C000177,2025-11-12,799,WALLET,SUCCESS
PAY005041,C000998,2026-04-19,599,NET_BANKING,SUCCESS
PAY005042,C000378,2025-12-04,599,UPI,SUCCESS
PAY005043,C000265,2026-04-21,199,CARD,REFUNDED
PAY005044,C000716,2025-12-01,1499,UPI,REFUNDED
PAY005045,C000310,2026-08-15,599,WALLET,SUCCESS
PAY005046,C000866,2026-05-10,399,NET_BANKING,SUCCESS
PAY005047,C000892,2026-05-16,999,CARD,SUCCESS
PAY005048,C000312,2025-10-13,799,UPI,PENDING
PAY005049,C000026,2026-01-10,999,CARD,SUCCESS
PAY005050,C000782,2026-03-31,599,WALLET,SUCCESS
PAY005051,C000333,2025-12-11,999,NET_BANKING,REFUNDED
PAY005052,C000592,2025-11-12,399,NET_BANKING,REFUNDED
PAY005053,C000348,2025-09-27,599,NET_BANKING,SUCCESS
PAY005054,C000418,2026-02-09,999,WALLET,REFUNDED
PAY005055,C000171,2026-08-31,599,CARD,PENDING
PAY005056,C000067,2025-10-10,399,UPI,SUCCESS
PAY005057,C000997,2026-01-27,599,NET_BANKING,PENDING
PAY005058,C000630,2026-01-04,1499,NET_BANKING,SUCCESS
PAY005059,C000956,2026-08-30,399,WALLET,SUCCESS
PAY005060,C000710,2025-11-14,299,CARD,PENDING
PAY005061,C000005,2026-07-08,1499,NET_BANKING,SUCCESS
PAY005062,C000261,2026-06-15,299,NET_BANKING,SUCCESS
PAY005063,C000232,2026-07-18,999,WALLET,SUCCESS
PAY005064,C000426,2026-06-18,1499,UPI,SUCCESS
PAY005065,C000328,2026-02-01,599,WALLET,SUCCESS
PAY005066,C000791,2025-10-20,799,WALLET,SUCCESS
PAY005067,C000768,2026-06-14,799,WALLET,SUCCESS
PAY005068,C000639,2026-08-23,999,UPI,SUCCESS
PAY005069,C000709,2025-11-16,299,NET_BANKING,PENDING
PAY005070,C000126,2026-07-19,1499,UPI,PENDING
PAY005071,C000484,2026-04-17,499,WALLET,SUCCESS
PAY005072,C000224,2026-04-23,999,UPI,SUCCESS
PAY005073,C000768,2026-01-03,399,NET_BANKING,SUCCESS
PAY005074,C000711,2026-09-21,799,UPI,PENDING
PAY005075,C000914,2026-01-01,799,NET_BANKING,SUCCESS
PAY005076,C000136,2026-02-04,1499,UPI,SUCCESS
PAY005077,C000853,2025-10-03,299,CARD,REFUNDED
PAY005078,C000498,2025-10-02,799,WALLET,PENDING
PAY005079,C000692,2026-07-01,999,NET_BANKING,PENDING
PAY005080,C000771,2025-11-29,499,NET_BANKING,SUCCESS
PAY005081,C000413,2025-10-26,999,UPI,REFUNDED
PAY005082,C000926,2025-11-04,399,UPI,SUCCESS
PAY005083,C000663,2026-02-09,999,CARD,SUCCESS
PAY005084,C000931,2026-07-21,499,NET_BANKING,SUCCESS
PAY005085,C000984,2026-02-15,999,NET_BANKING,SUCCESS
PAY005086,C000002,2026-01-29,599,CARD,REFUNDED
PAY005087,C000927,2026-08-07,999,UPI,SUCCESS
PAY005088,C000469,2026-08-28,599,UPI,SUCCESS
PAY005089,C000359,2025-12-02,399,NET_BANKING,REFUNDED
PAY005090,C000659,2026-05-09,399,WALLET,SUCCESS
PAY005091,C000568,2025-12-29,199,CARD,REFUNDED
PAY005092,C000563,2026-03-21,1499,WALLET,FAILED
PAY005093,C000799,2025-10-08,499,WALLET,FAILED
PAY005094,C000443,2025-11-10,299,UPI,SUCCESS
PAY005095,C000317,2025-12-20,1499,CARD,SUCCESS
PAY005096,C000191,2026-02-01,799,NET_BANKING,SUCCESS
PAY005097,C000945,2026-09-04,399,CARD,REFUNDED
PAY005098,C000278,2026-07-16,799,NET_BANKING,FAILED
PAY005099,C000142,2025-11-08,799,NET_BANKING,SUCCESS
PAY005100,C000234,2025-10-25,399,WALLET,FAILED
PAY005101,C000974,2026-08-06,799,CARD,PENDING
PAY005102,C000995,2026-02-27,599,WALLET,SUCCESS
PAY005103,C000105,2026-08-10,1499,WALLET,SUCCESS
PAY005104,C000656,2026-07-30,999,CARD,SUCCESS
PAY005105,C000318,2025-10-27,499,NET_BANKING,SUCCESS
PAY005106,C000007,2025-09-27,399,UPI,SUCCESS
PAY005107,C000816,2025-09-29,999,UPI,SUCCESS
PAY005108,C000806,2026-09-16,399,WALLET,SUCCESS
PAY005109,C000366,2026-02-14,599,WALLET,PENDING
PAY005110,C000051,2026-08-23,799,NET_BANKING,SUCCESS
PAY005111,C000554,2025-11-16,199,CARD,SUCCESS
PAY005112,C000685,2026-09-11,999,WALLET,SUCCESS
PAY005113,C000376,2026-01-13,299,NET_BANKING,SUCCESS
PAY005114,C000969,2026-04-04,1499,UPI,FAILED
PAY005115,C000387,2025-12-23,499,UPI,SUCCESS
PAY005116,C000164,2026-08-21,1499,CARD,SUCCESS
PAY005117,C000109,2025-12-07,599,CARD,SUCCESS
PAY005118,C000892,2025-12-06,399,CARD,FAILED
PAY005119,C000671,2026-06-29,799,CARD,FAILED
PAY005120,C000046,2025-11-13,499,UPI,SUCCESS
PAY005121,C000534,2025-11-10,499,WALLET,SUCCESS
PAY005122,C000088,2026-01-06,299,NET_BANKING,FAILED
PAY005123,C000988,2025-12-17,599,CARD,FAILED
PAY005124,C000545,2025-11-03,399,WALLET,PENDING
PAY005125,C000156,2026-04-23,999,CARD,SUCCESS
PAY005126,C000137,2026-02-01,799,WALLET,SUCCESS
PAY005127,C000706,2025-12-30,1499,UPI,SUCCESS
PAY005128,C000106,2026-09-10,199,NET_BANKING,REFUNDED
PAY005129,C000571,2026-07-28,399,NET_BANKING,PENDING
PAY005130,C000296,2025-11-07,299,UPI,PENDING
PAY005131,C000928,2026-08-24,999,UPI,SUCCESS
PAY005132,C000276,2026-05-26,1499,CARD,SUCCESS
PAY005133,C000532,2025-10-29,299,CARD,SUCCESS
PAY005134,C000523,2025-12-15,599,NET_BANKING,SUCCESS
PAY005135,C000903,2025-09-27,599,NET_BANKING,SUCCESS
PAY005136,C000086,2026-01-05,299,CARD,REFUNDED
PAY005137,C000626,2026-07-12,1499,WALLET,PENDING
PAY005138,C000935,2026-06-26,299,UPI,SUCCESS
PAY005139,C000071,2026-08-05,599,NET_BANKING,PENDING
PAY005140,C000551,2026-09-21,199,NET_BANKING,SUCCESS
PAY005141,C000254,2025-12-10,499,NET_BANKING,SUCCESS
PAY005142,C000308,2026-07-26,299,UPI,PENDING
PAY005143,C000308,2025-11-12,799,CARD,SUCCESS
PAY005144,C000043,2025-12-31,399,UPI,SUCCESS
PAY005145,C000668,2025-12-09,599,CARD,SUCCESS
PAY005146,C000448,2026-04-27,599,NET_BANKING,REFUNDED
PAY005147,C000474,2026-01-27,499,UPI,REFUNDED
PAY005148,C000932,2026-08-22,599,UPI,SUCCESS
PAY005149,C000467,2026-08-18,299,CARD,PENDING
PAY005150,C000038,2026-03-26,1499,UPI,SUCCESS
PAY005151,C000474,2025-09-27,1499,CARD,SUCCESS
PAY005152,C000693,2026-08-06,999,WALLET,PENDING
PAY005153,C000566,2026-01-13,799,WALLET,SUCCESS
PAY005154,C000070,2026-09-06,799,WALLET,SUCCESS
PAY005155,C000334,2026-07-31,499,WALLET,REFUNDED
PAY005156,C000011,2026-03-16,299,NET_BANKING,SUCCESS
PAY005157,C000390,2025-12-06,599,UPI,FAILED
PAY005158,C000398,2026-01-28,999,WALLET,FAILED
PAY005159,C000473,2026-09-17,999,UPI,SUCCESS
PAY005160,C000987,2025-11-11,999,UPI,SUCCESS
PAY005161,C000826,2026-08-22,299,NET_BANKING,SUCCESS
PAY005162,C000488,2025-11-12,299,CARD,FAILED
PAY005163,C000703,2026-07-21,499,NET_BANKING,SUCCESS
PAY005164,C000194,2026-05-09,399,NET_BANKING,FAILED
PAY005165,C000434,2026-08-06,199,WALLET,SUCCESS
PAY005166,C000002,2026-07-24,799,UPI,PENDING
PAY005167,C000921,2026-06-29,399,UPI,SUCCESS
PAY005168,C000216,2026-01-26,299,CARD,REFUNDED
PAY005169,C000454,2026-08-18,499,WALLET,SUCCESS
PAY005170,C000097,2025-10-10,299,NET_BANKING,SUCCESS
PAY005171,C000955,2026-03-03,999,WALLET,SUCCESS
PAY005172,C000454,2026-02-02,1499,WALLET,SUCCESS
PAY005173,C000020,2026-05-11,799,WALLET,FAILED
PAY005174,C000992,2026-01-02,499,WALLET,REFUNDED
PAY005175,C000231,2025-12-28,999,UPI,SUCCESS
PAY005176,C000964,2026-02-16,499,UPI,SUCCESS
PAY005177,C000442,2026-09-15,499,WALLET,PENDING
PAY005178,C000393,2026-09-16,599,WALLET,SUCCESS
PAY005179,C000707,2026-03-27,1499,NET_BANKING,SUCCESS
PAY005180,C000803,2026-03-08,299,NET_BANKING,SUCCESS
PAY005181,C000001,2026-04-25,799,CARD,SUCCESS
PAY005182,C000047,2026-05-13,199,CARD,PENDING
PAY005183,C000721,2026-02-02,199,WALLET,SUCCESS
PAY005184,C000034,2026-04-18,299,UPI,SUCCESS
PAY005185,C000258,2026-06-08,1499,UPI,FAILED
PAY005186,C000310,2026-07-27,199,WALLET,SUCCESS
PAY005187,C000788,2026-01-08,799,UPI,SUCCESS
PAY005188,C000455,2026-06-21,499,NET_BANKING,FAILED
PAY005189,C000041,2025-10-09,599,CARD,SUCCESS
PAY005190,C000231,2026-01-23,799,UPI,REFUNDED
PAY005191,C000169,2026-07-05,299,UPI,SUCCESS
PAY005192,C000385,2025-11-30,799,UPI,FAILED
PAY005193,C000347,2026-04-09,499,WALLET,SUCCESS
PAY005194,C000447,2025-12-09,999,NET_BANKING,SUCCESS
PAY005195,C000057,2026-02-18,999,NET_BANKING,PENDING
PAY005196,C000404,2026-09-18,799,UPI,REFUNDED
PAY005197,C000027,2026-07-28,299,WALLET,SUCCESS
PAY005198,C000645,2026-05-29,199,UPI,PENDING
PAY005199,C000471,2025-10-13,199,UPI,SUCCESS
PAY005200,C000979,2025-12-14,399,CARD,REFUNDED
PAY005201,C000184,2025-10-10,999,UPI,REFUNDED
PAY005202,C000517,2026-02-16,199,WALLET,FAILED
PAY005203,C000331,2025-11-11,199,WALLET,SUCCESS
PAY005204,C000389,2026-09-16,399,CARD,SUCCESS
PAY005205,C000284,2025-10-21,599,CARD,SUCCESS
PAY005206,C000067,2026-05-17,599,NET_BANKING,SUCCESS
PAY005207,C000377,2026-04-07,399,CARD,SUCCESS
PAY005208,C000444,2026-01-08,999,WALLET,REFUNDED
PAY005209,C000699,2026-05-18,1499,WALLET,PENDING
PAY005210,C000563,2026-03-22,299,UPI,SUCCESS
PAY005211,C000963,2026-03-04,499,UPI,SUCCESS
PAY005212,C000353,2026-03-11,499,UPI,SUCCESS
PAY005213,C000062,2026-01-12,299,UPI,REFUNDED
PAY005214,C000033,2026-01-04,799,NET_BANKING,PENDING
PAY005215,C000903,2025-10-02,599,WALLET,SUCCESS
PAY005216,C000655,2026-02-18,199,WALLET,FAILED
PAY005217,C000898,2026-04-21,299,WALLET,SUCCESS
PAY005218,C000343,2026-07-09,399,NET_BANKING,PENDING
PAY005219,C000477,2026-02-03,299,WALLET,SUCCESS
PAY005220,C000635,2026-04-17,299,WALLET,SUCCESS
PAY005221,C000114,2025-10-11,1499,CARD,REFUNDED
PAY005222,C000472,2026-09-14,399,CARD,SUCCESS
PAY005223,C000663,2025-11-22,399,NET_BANKING,SUCCESS
PAY005224,C000557,2026-04-14,599,NET_BANKING,PENDING
PAY005225,C000086,2026-01-05,1499,UPI,FAILED
PAY005226,C000940,2025-11-20,299,NET_BANKING,SUCCESS
PAY005227,C000169,2026-01-07,599,WALLET,FAILED
PAY005228,C000942,2025-11-07,299,NET_BANKING,SUCCESS
PAY005229,C000281,2026-01-18,799,UPI,PENDING
PAY005230,C000629,2025-10-12,499,WALLET,REFUNDED
PAY005231,C000610,2025-11-29,799,WALLET,SUCCESS
PAY005232,C000801,2026-08-26,199,CARD,SUCCESS
PAY005233,C000600,2025-10-06,399,UPI,FAILED
PAY005234,C000951,2026-07-03,299,WALLET,SUCCESS
PAY005235,C000112,2026-02-21,1499,NET_BANKING,REFUNDED
PAY005236,C000346,2025-12-24,799,UPI,PENDING
PAY005237,C000511,2025-11-23,799,NET_BANKING,SUCCESS
PAY005238,C000180,2025-10-17,499,WALLET,SUCCESS
PAY005239,C000180,2026-05-05,199,WALLET,SUCCESS
PAY005240,C000729,2025-11-02,399,UPI,SUCCESS
PAY005241,C000133,2026-05-21,599,NET_BANKING,SUCCESS
PAY005242,C000143,2025-10-17,999,NET_BANKING,REFUNDED
PAY005243,C000736,2025-12-20,599,WALLET,PENDING
PAY005244,C000055,2026-08-30,599,UPI,PENDING
PAY005245,C000315,2025-12-15,499,WALLET,FAILED
PAY005246,C000872,2026-03-24,799,CARD,SUCCESS
PAY005247,C000533,2025-11-15,799,WALLET,SUCCESS
PAY005248,C000470,2026-07-10,599,UPI,SUCCESS
PAY005249,C000085,2025-10-22,1499,CARD,PENDING
PAY005250,C000488,2026-08-01,1499,UPI,SUCCESS
PAY005251,C000288,2026-08-14,399,UPI,SUCCESS
PAY005252,C000063,2025-12-05,599,WALLET,SUCCESS
PAY005253,C000168,2025-12-23,999,NET_BANKING,SUCCESS
PAY005254,C000915,2025-12-11,499,WALLET,REFUNDED
PAY005255,C000727,2026-09-18,299,WALLET,PENDING
PAY005256,C000595,2025-10-28,199,UPI,REFUNDED
PAY005257,C000281,2026-08-29,399,NET_BANKING,SUCCESS
PAY005258,C000300,2025-10-04,299,WALLET,SUCCESS
PAY005259,C000471,2026-01-16,599,UPI,SUCCESS
PAY005260,C000699,2025-10-24,399,UPI,SUCCESS
PAY005261,C000841,2025-11-05,1499,CARD,SUCCESS
PAY005262,C000297,2026-01-26,199,CARD,REFUNDED
PAY005263,C000272,2026-09-16,799,NET_BANKING,SUCCESS
PAY005264,C000412,2026-04-01,799,WALLET,SUCCESS
PAY005265,C000979,2025-12-20,599,UPI,SUCCESS
PAY005266,C000094,2025-10-14,999,WALLET,SUCCESS
PAY005267,C000316,2026-08-13,799,UPI,FAILED
PAY005268,C000836,2025-11-07,999,CARD,SUCCESS
PAY005269,C000975,2026-05-23,399,WALLET,PENDING
PAY005270,C000795,2026-05-16,999,CARD,SUCCESS
PAY005271,C000245,2026-01-16,599,UPI,SUCCESS
PAY005272,C000546,2026-03-03,1499,UPI,PENDING
PAY005273,C000193,2026-04-23,199,UPI,FAILED
PAY005274,C000696,2026-02-11,999,UPI,FAILED
PAY005275,C000705,2025-11-16,299,NET_BANKING,SUCCESS
PAY005276,C000065,2026-09-19,299,UPI,FAILED
PAY005277,C000953,2025-12-14,299,WALLET,SUCCESS
PAY005278,C000775,2026-05-16,799,UPI,SUCCESS
PAY005279,C000505,2026-07-31,799,NET_BANKING,REFUNDED
PAY005280,C000791,2026-03-03,299,WALLET,FAILED
PAY005281,C000595,2026-01-06,599,UPI,SUCCESS
PAY005282,C000832,2026-04-02,1499,CARD,SUCCESS
PAY005283,C000562,2026-03-13,499,WALLET,SUCCESS
PAY005284,C000667,2026-01-11,199,CARD,SUCCESS
PAY005285,C000333,2026-01-07,999,NET_BANKING,SUCCESS
PAY005286,C000804,2025-12-06,799,NET_BANKING,FAILED
PAY005287,C000348,2026-07-27,199,NET_BANKING,REFUNDED
PAY005288,C000929,2026-06-11,599,WALLET,REFUNDED
PAY005289,C000278,2025-12-08,599,CARD,SUCCESS
PAY005290,C000633,2026-02-08,999,WALLET,FAILED
PAY005291,C000690,2025-11-26,799,CARD,SUCCESS
PAY005292,C000523,2025-11-12,199,CARD,SUCCESS
PAY005293,C000977,2026-09-10,599,NET_BANKING,REFUNDED
PAY005294,C000732,2026-02-15,299,CARD,FAILED
PAY005295,C000853,2026-04-26,199,CARD,PENDING
PAY005296,C000799,2026-06-13,999,CARD,SUCCESS
PAY005297,C000093,2025-12-18,399,WALLET,FAILED
PAY005298,C000052,2026-09-22,499,UPI,PENDING
PAY005299,C000147,2026-01-24,799,WALLET,FAILED
PAY005300,C000369,2026-06-27,999,CARD,SUCCESS
PAY005301,C000642,2026-08-31,1499,WALLET,SUCCESS
PAY005302,C000839,2026-05-04,199,UPI,SUCCESS
PAY005303,C000220,2026-08-02,599,NET_BANKING,SUCCESS
PAY005304,C000301,2026-02-06,1499,CARD,SUCCESS
PAY005305,C000049,2026-02-09,399,NET_BANKING,SUCCESS
PAY005306,C000699,2025-12-11,1499,NET_BANKING,PENDING
PAY005307,C000992,2026-02-02,199,CARD,SUCCESS
PAY005308,C000255,2026-05-10,299,NET_BANKING,SUCCESS
PAY005309,C000570,2026-01-04,499,NET_BANKING,PENDING
PAY005310,C000010,2025-12-01,599,NET_BANKING,SUCCESS
PAY005311,C000651,2026-03-12,999,CARD,FAILED
PAY005312,C000620,2026-06-29,499,UPI,SUCCESS
PAY005313,C000764,2026-02-15,399,WALLET,REFUNDED
PAY005314,C000607,2025-11-03,1499,NET_BANKING,REFUNDED
PAY005315,C000217,2025-12-29,599,WALLET,PENDING
PAY005316,C000924,2026-04-21,199,UPI,SUCCESS
PAY005317,C000327,2026-08-05,399,NET_BANKING,REFUNDED
PAY005318,C000346,2025-12-16,499,NET_BANKING,SUCCESS
PAY005319,C000753,2025-12-10,999,UPI,SUCCESS
PAY005320,C000881,2025-11-08,999,UPI,SUCCESS
PAY005321,C000631,2026-06-16,499,NET_BANKING,SUCCESS
PAY005322,C000809,2026-03-02,999,CARD,REFUNDED
PAY005323,C000060,2025-09-25,199,WALLET,REFUNDED
PAY005324,C000329,2026-06-17,499,WALLET,SUCCESS
PAY005325,C000741,2026-01-10,999,WALLET,SUCCESS
PAY005326,C000928,2025-12-03,599,CARD,SUCCESS
PAY005327,C000650,2025-11-06,199,UPI,SUCCESS
PAY005328,C000512,2026-01-30,599,WALLET,SUCCESS
PAY005329,C000980,2026-06-25,1499,UPI,SUCCESS
PAY005330,C000867,2025-11-26,499,NET_BANKING,REFUNDED
PAY005331,C000538,2026-08-04,299,UPI,FAILED
PAY005332,C000576,2026-01-05,299,UPI,SUCCESS
PAY005333,C000342,2026-07-31,599,CARD,SUCCESS
PAY005334,C000094,2026-01-17,499,WALLET,PENDING
PAY005335,C000062,2026-05-24,999,UPI,SUCCESS
PAY005336,C000826,2026-03-26,199,WALLET,SUCCESS
PAY005337,C000245,2026-03-02,1499,WALLET,SUCCESS
PAY005338,C000884,2026-08-19,299,NET_BANKING,SUCCESS
PAY005339,C000950,2026-03-09,199,UPI,SUCCESS
PAY005340,C000149,2025-10-31,199,WALLET,PENDING
PAY005341,C000627,2026-04-06,299,UPI,SUCCESS
PAY005342,C000674,2026-01-09,499,UPI,FAILED
PAY005343,C000016,2026-08-07,999,WALLET,FAILED
PAY005344,C000863,2026-05-11,1499,WALLET,REFUNDED
PAY005345,C000532,2026-06-27,999,CARD,SUCCESS
PAY005346,C000823,2026-06-10,399,NET_BANKING,FAILED
PAY005347,C000978,2026-02-26,499,WALLET,PENDING
PAY005348,C000621,2026-03-07,999,NET_BANKING,SUCCESS
PAY005349,C000150,2026-08-20,199,CARD,SUCCESS
PAY005350,C000201,2026-04-24,499,NET_BANKING,SUCCESS
PAY005351,C000954,2026-09-02,1499,NET_BANKING,SUCCESS
PAY005352,C000333,2026-07-03,399,WALLET,REFUNDED
PAY005353,C000671,2025-12-21,199,WALLET,PENDING
PAY005354,C000222,2026-02-04,199,WALLET,SUCCESS
PAY005355,C000685,2026-04-11,299,UPI,REFUNDED
PAY005356,C000954,2026-07-03,199,CARD,PENDING
PAY005357,C000011,2026-09-11,999,CARD,SUCCESS
PAY005358,C000364,2026-02-02,199,UPI,SUCCESS
PAY005359,C000375,2026-02-12,799,WALLET,SUCCESS
PAY005360,C000617,2026-03-25,499,CARD,PENDING
PAY005361,C000852,2025-10-27,499,CARD,SUCCESS
PAY005362,C000799,2026-06-09,299,NET_BANKING,SUCCESS
PAY005363,C000899,2026-09-04,499,WALLET,SUCCESS
PAY005364,C000280,2026-04-03,299,UPI,FAILED
PAY005365,C000791,2026-02-16,999,WALLET,SUCCESS
PAY005366,C000823,2026-05-27,299,UPI,SUCCESS
PAY005367,C000641,2026-02-15,399,NET_BANKING,REFUNDED
PAY005368,C000605,2025-10-31,199,NET_BANKING,SUCCESS
PAY005369,C000696,2026-01-12,199,NET_BANKING,SUCCESS
PAY005370,C000887,2026-06-15,1499,NET_BANKING,SUCCESS
PAY005371,C000656,2026-01-11,599,WALLET,PENDING
PAY005372,C000225,2025-12-31,299,NET_BANKING,FAILED
PAY005373,C000999,2025-12-09,999,CARD,PENDING
PAY005374,C000502,2026-01-30,599,CARD,SUCCESS
PAY005375,C000504,2026-05-22,599,NET_BANKING,SUCCESS
PAY005376,C000420,2025-12-10,999,NET_BANKING,SUCCESS
PAY005377,C000522,2026-09-05,299,WALLET,FAILED
PAY005378,C000202,2025-12-05,599,WALLET,SUCCESS
PAY005379,C000429,2025-12-31,499,CARD,SUCCESS
PAY005380,C000876,2026-04-12,299,NET_BANKING,SUCCESS
PAY005381,C000157,2026-04-11,999,UPI,SUCCESS
PAY005382,C000105,2026-04-02,199,NET_BANKING,PENDING
PAY005383,C000783,2025-10-03,1499,UPI,FAILED
PAY005384,C000035,2025-12-16,199,UPI,SUCCESS
PAY005385,C000467,2026-05-17,299,CARD,SUCCESS
PAY005386,C000189,2026-03-05,499,NET_BANKING,SUCCESS
PAY005387,C000005,2026-06-04,1499,NET_BANKING,REFUNDED
PAY005388,C000747,2026-05-04,1499,UPI,REFUNDED
PAY005389,C000333,2025-12-09,499,CARD,REFUNDED
PAY005390,C000480,2026-05-07,299,UPI,REFUNDED
PAY005391,C000542,2026-05-21,599,WALLET,FAILED
PAY005392,C000534,2025-10-03,999,NET_BANKING,SUCCESS
PAY005393,C000736,2026-05-07,499,WALLET,SUCCESS
PAY005394,C000479,2025-10-20,499,NET_BANKING,SUCCESS
PAY005395,C000228,2026-07-30,599,CARD,SUCCESS
PAY005396,C000464,2026-07-05,399,CARD,FAILED
PAY005397,C000706,2026-07-08,999,CARD,SUCCESS
PAY005398,C000324,2026-08-09,799,WALLET,FAILED
PAY005399,C000496,2026-07-08,499,NET_BANKING,REFUNDED
PAY005400,C000600,2026-08-08,299,NET_BANKING,PENDING
PAY005401,C000374,2025-10-26,299,CARD,PENDING
PAY005402,C000807,2026-01-29,399,CARD,SUCCESS
PAY005403,C000783,2026-07-10,199,CARD,SUCCESS
PAY005404,C000278,2026-02-06,199,NET_BANKING,SUCCESS
PAY005405,C000301,2026-07-24,599,UPI,SUCCESS
PAY005406,C000619,2025-10-29,1499,NET_BANKING,SUCCESS
PAY005407,C000712,2025-12-13,399,UPI,SUCCESS
PAY005408,C000407,2026-05-09,399,UPI,FAILED
PAY005409,C000108,2026-08-12,599,UPI,FAILED
PAY005410,C000699,2025-10-13,799,UPI,FAILED
PAY005411,C000862,2025-12-14,999,WALLET,FAILED
PAY005412,C000620,2026-05-29,599,WALLET,FAILED
PAY005413,C000033,2026-07-10,499,WALLET,SUCCESS
PAY005414,C000717,2025-12-19,299,UPI,REFUNDED
PAY005415,C000110,2025-10-19,799,UPI,FAILED
PAY005416,C000017,2026-07-29,599,CARD,REFUNDED
PAY005417,C000306,2026-08-09,299,CARD,SUCCESS
PAY005418,C000363,2026-02-19,199,WALLET,SUCCESS
PAY005419,C000788,2026-08-15,299,NET_BANKING,SUCCESS
PAY005420,C000744,2026-06-04,299,CARD,SUCCESS
PAY005421,C000906,2026-02-22,1499,WALLET,REFUNDED
PAY005422,C000977,2026-01-06,799,NET_BANKING,SUCCESS
PAY005423,C000212,2026-07-04,299,NET_BANKING,SUCCESS
PAY005424,C000086,2026-03-31,399,WALLET,SUCCESS
PAY005425,C000095,2026-08-15,799,CARD,PENDING
PAY005426,C000158,2026-03-02,499,CARD,FAILED
PAY005427,C000136,2026-09-22,799,WALLET,REFUNDED
PAY005428,C000067,2025-10-08,499,CARD,FAILED
PAY005429,C000326,2025-11-21,999,CARD,FAILED
PAY005430,C000897,2025-11-30,999,NET_BANKING,REFUNDED
PAY005431,C000668,2025-11-29,499,NET_BANKING,SUCCESS
PAY005432,C000118,2025-11-09,599,NET_BANKING,REFUNDED
PAY005433,C000211,2025-10-09,799,CARD,FAILED
PAY005434,C000549,2026-07-12,999,CARD,SUCCESS
PAY005435,C000441,2026-07-28,599,CARD,PENDING
PAY005436,C000440,2026-03-15,799,WALLET,SUCCESS
PAY005437,C000728,2025-11-09,299,WALLET,SUCCESS
PAY005438,C000928,2026-04-15,1499,CARD,FAILED
PAY005439,C000138,2026-09-06,399,WALLET,SUCCESS
PAY005440,C000101,2025-10-26,299,CARD,REFUNDED
PAY005441,C000702,2025-09-25,199,WALLET,FAILED
PAY005442,C000923,2025-11-15,199,WALLET,SUCCESS
PAY005443,C000606,2026-01-16,1499,CARD,SUCCESS
PAY005444,C000288,2026-02-08,1499,UPI,SUCCESS
PAY005445,C000750,2026-07-11,199,UPI,SUCCESS
PAY005446,C000355,2026-01-17,999,NET_BANKING,SUCCESS
PAY005447,C000246,2026-06-21,499,WALLET,SUCCESS
PAY005448,C000235,2026-02-14,299,CARD,SUCCESS
PAY005449,C000287,2026-09-14,1499,NET_BANKING,SUCCESS
PAY005450,C000006,2026-01-13,999,WALLET,SUCCESS
PAY005451,C000428,2026-01-07,599,UPI,SUCCESS
PAY005452,C000762,2026-07-31,499,WALLET,SUCCESS
PAY005453,C000588,2025-09-24,1499,WALLET,PENDING
PAY005454,C000591,2026-06-14,499,WALLET,SUCCESS
PAY005455,C000283,2026-03-31,199,NET_BANKING,SUCCESS
PAY005456,C000320,2026-06-04,999,CARD,FAILED
PAY005457,C000388,2025-11-22,299,NET_BANKING,FAILED
PAY005458,C000345,2025-12-07,599,NET_BANKING,REFUNDED
PAY005459,C000448,2026-04-02,999,WALLET,SUCCESS
PAY005460,C000288,2026-03-03,399,NET_BANKING,SUCCESS
PAY005461,C000156,2025-10-23,999,CARD,SUCCESS
PAY005462,C000809,2026-09-18,299,UPI,FAILED
PAY005463,C000723,2026-03-12,1499,NET_BANKING,FAILED
PAY005464,C000622,2025-10-13,999,CARD,REFUNDED
PAY005465,C000282,2026-02-27,599,WALLET,SUCCESS
PAY005466,C000941,2026-03-15,1499,NET_BANKING,REFUNDED
PAY005467,C000637,2026-08-17,499,NET_BANKING,SUCCESS
PAY005468,C000741,2026-02-15,199,UPI,SUCCESS
PAY005469,C000853,2025-11-07,299,NET_BANKING,SUCCESS
PAY005470,C000450,2026-02-26,599,CARD,FAILED
PAY005471,C000875,2025-11-08,399,CARD,SUCCESS
PAY005472,C000615,2026-05-20,399,WALLET,PENDING
PAY005473,C000574,2025-10-16,1499,CARD,SUCCESS
PAY005474,C000297,2026-03-19,299,WALLET,SUCCESS
PAY005475,C000987,2026-04-14,399,UPI,FAILED
PAY005476,C000880,2026-08-15,199,NET_BANKING,SUCCESS
PAY005477,C000931,2026-04-09,799,UPI,PENDING
PAY005478,C000978,2025-11-14,299,WALLET,SUCCESS
PAY005479,C000528,2026-06-01,1499,UPI,PENDING
PAY005480,C000381,2026-01-20,599,CARD,REFUNDED
PAY005481,C000919,2026-06-13,1499,WALLET,SUCCESS
PAY005482,C000612,2026-03-31,299,NET_BANKING,SUCCESS
PAY005483,C000081,2026-07-19,299,CARD,SUCCESS
PAY005484,C000873,2025-11-10,999,WALLET,SUCCESS
PAY005485,C000258,2026-02-17,299,WALLET,SUCCESS
PAY005486,C000547,2026-08-07,1499,WALLET,SUCCESS
PAY005487,C000877,2026-03-06,199,CARD,PENDING
PAY005488,C000712,2026-07-31,199,NET_BANKING,SUCCESS
PAY005489,C000534,2026-02-17,299,CARD,SUCCESS
PAY005490,C000516,2025-10-27,799,NET_BANKING,SUCCESS
PAY005491,C000714,2025-09-30,499,UPI,SUCCESS
PAY005492,C000556,2026-08-08,999,CARD,REFUNDED
PAY005493,C000524,2026-01-03,999,NET_BANKING,REFUNDED
PAY005494,C000699,2025-10-02,299,UPI,FAILED
PAY005495,C000562,2026-06-07,399,WALLET,SUCCESS
PAY005496,C000983,2025-09-25,199,NET_BANKING,SUCCESS
PAY005497,C000594,2025-11-05,499,CARD,SUCCESS
PAY005498,C000989,2026-01-28,999,UPI,SUCCESS
PAY005499,C000153,2026-03-11,1499,CARD,SUCCESS
PAY005500,C000674,2026-02-15,199,CARD,SUCCESS
PAY005501,C000861,2026-06-09,299,NET_BANKING,SUCCESS
PAY005502,C000571,2026-05-20,299,CARD,PENDING
PAY005503,C000846,2026-09-15,399,WALLET,PENDING
PAY005504,C000018,2025-12-26,499,CARD,FAILED
PAY005505,C000889,2025-12-23,199,WALLET,SUCCESS
PAY005506,C000902,2025-12-07,499,WALLET,FAILED
PAY005507,C000892,2025-10-04,399,NET_BANKING,PENDING
PAY005508,C000917,2025-12-31,399,NET_BANKING,SUCCESS
PAY005509,C000334,2026-09-13,399,UPI,SUCCESS
PAY005510,C000485,2025-11-16,1499,CARD,REFUNDED
PAY005511,C000005,2025-11-22,999,NET_BANKING,SUCCESS
PAY005512,C000501,2025-11-18,499,NET_BANKING,FAILED
PAY005513,C000151,2026-09-14,1499,CARD,FAILED
PAY005514,C000521,2026-07-06,299,WALLET,SUCCESS
PAY005515,C000436,2026-08-24,1499,NET_BANKING,PENDING
PAY005516,C000874,2026-02-08,299,CARD,FAILED
PAY005517,C000535,2026-04-03,1499,WALLET,SUCCESS
PAY005518,C000348,2026-06-30,1499,NET_BANKING,SUCCESS
PAY005519,C000400,2026-03-28,799,UPI,FAILED
PAY005520,C000948,2026-06-17,999,CARD,SUCCESS
PAY005521,C000729,2026-01-19,399,CARD,SUCCESS
PAY005522,C000681,2026-08-27,399,CARD,SUCCESS
PAY005523,C000154,2025-12-27,199,WALLET,REFUNDED
PAY005524,C000752,2026-05-16,499,CARD,REFUNDED
PAY005525,C000791,2025-10-07,499,CARD,FAILED
PAY005526,C000172,2026-03-22,499,WALLET,SUCCESS
PAY005527,C000553,2026-03-29,299,CARD,PENDING
PAY005528,C000731,2026-05-05,1499,WALLET,SUCCESS
PAY005529,C000486,2025-11-22,199,WALLET,SUCCESS
PAY005530,C000807,2026-09-21,1499,WALLET,REFUNDED
PAY005531,C000778,2026-06-21,199,NET_BANKING,SUCCESS
PAY005532,C000669,2025-11-18,999,NET_BANKING,SUCCESS
PAY005533,C000227,2026-06-13,1499,UPI,FAILED
PAY005534,C000283,2026-06-29,299,WALLET,SUCCESS
PAY005535,C000543,2026-01-30,199,CARD,REFUNDED
PAY005536,C000435,2026-07-01,999,NET_BANKING,PENDING
PAY005537,C000344,2026-06-17,399,NET_BANKING,SUCCESS
PAY005538,C000278,2026-02-23,299,CARD,SUCCESS
PAY005539,C000466,2026-07-10,1499,CARD,SUCCESS
PAY005540,C000618,2025-12-01,499,UPI,REFUNDED
PAY005541,C000040,2026-02-15,999,WALLET,SUCCESS
PAY005542,C000647,2026-04-05,499,CARD,SUCCESS
PAY005543,C000504,2026-03-02,299,WALLET,SUCCESS
PAY005544,C000854,2026-01-28,599,NET_BANKING,SUCCESS
PAY005545,C000603,2026-04-21,1499,UPI,FAILED
PAY005546,C000290,2026-01-10,999,UPI,PENDING
PAY005547,C000096,2026-02-03,299,CARD,REFUNDED
PAY005548,C000947,2026-08-31,499,UPI,FAILED
PAY005549,C000021,2026-04-28,299,UPI,FAILED
PAY005550,C000723,2026-03-13,999,CARD,PENDING
PAY005551,C000936,2025-11-30,599,CARD,SUCCESS
PAY005552,C000044,2025-12-02,1499,WALLET,SUCCESS
PAY005553,C000347,2025-10-13,399,CARD,FAILED
PAY005554,C000232,2026-05-26,599,NET_BANKING,SUCCESS
PAY005555,C000166,2026-07-25,1499,WALLET,SUCCESS
PAY005556,C000195,2026-04-21,199,CARD,SUCCESS
PAY005557,C000619,2025-10-07,999,UPI,PENDING
PAY005558,C000708,2025-11-05,1499,UPI,SUCCESS
PAY005559,C000358,2026-02-26,299,NET_BANKING,SUCCESS
PAY005560,C000163,2025-10-06,999,UPI,SUCCESS
PAY005561,C000438,2026-01-28,299,CARD,SUCCESS
PAY005562,C000150,2026-03-03,599,WALLET,SUCCESS
PAY005563,C000348,2026-08-09,299,UPI,SUCCESS
PAY005564,C000624,2025-12-05,499,UPI,SUCCESS
PAY005565,C000429,2025-11-26,799,UPI,PENDING
PAY005566,C000762,2025-10-01,599,CARD,SUCCESS
PAY005567,C000529,2026-09-22,199,WALLET,SUCCESS
PAY005568,C000043,2025-11-28,799,CARD,PENDING
PAY005569,C000539,2026-04-11,1499,NET_BANKING,SUCCESS
PAY005570,C000497,2026-02-02,799,NET_BANKING,SUCCESS
PAY005571,C000994,2026-04-26,999,CARD,SUCCESS
PAY005572,C000181,2025-11-04,399,CARD,SUCCESS
PAY005573,C000156,2026-06-26,299,WALLET,SUCCESS
PAY005574,C000517,2025-11-25,999,UPI,FAILED
PAY005575,C000909,2025-12-27,399,UPI,SUCCESS
PAY005576,C000446,2025-12-17,999,WALLET,SUCCESS
PAY005577,C000409,2026-05-14,499,UPI,SUCCESS
PAY005578,C000859,2026-06-26,299,NET_BANKING,SUCCESS
PAY005579,C000172,2025-12-13,199,UPI,SUCCESS
PAY005580,C000235,2026-04-30,399,CARD,SUCCESS
PAY005581,C000413,2025-10-22,599,UPI,PENDING
PAY005582,C000282,2026-06-10,199,CARD,PENDING
PAY005583,C000560,2025-10-19,999,CARD,SUCCESS
PAY005584,C000939,2025-12-24,1499,CARD,SUCCESS
PAY005585,C000579,2025-11-07,399,NET_BANKING,REFUNDED
PAY005586,C000971,2025-10-09,499,WALLET,PENDING
PAY005587,C000191,2025-12-24,799,NET_BANKING,SUCCESS
PAY005588,C000016,2026-02-14,999,NET_BANKING,SUCCESS
PAY005589,C000747,2026-03-05,999,CARD,SUCCESS
PAY005590,C000391,2026-08-14,999,UPI,SUCCESS
PAY005591,C000581,2026-03-15,799,WALLET,PENDING
PAY005592,C000647,2026-02-18,399,CARD,SUCCESS
PAY005593,C000057,2025-11-26,399,UPI,SUCCESS
PAY005594,C000613,2026-07-19,299,UPI,REFUNDED
PAY005595,C000465,2026-02-28,499,UPI,PENDING
PAY005596,C000995,2026-08-09,799,WALLET,REFUNDED
PAY005597,C000698,2026-07-25,299,UPI,FAILED
PAY005598,C000385,2026-06-02,499,CARD,FAILED
PAY005599,C000883,2026-03-19,1499,CARD,SUCCESS
PAY005600,C000331,2026-07-18,299,UPI,SUCCESS
PAY005601,C000561,2025-10-09,499,CARD,SUCCESS
PAY005602,C000435,2025-10-02,399,NET_BANKING,SUCCESS
PAY005603,C000634,2025-11-24,999,WALLET,SUCCESS
PAY005604,C000914,2025-11-24,1499,NET_BANKING,SUCCESS
PAY005605,C000979,2026-05-22,599,NET_BANKING,PENDING
PAY005606,C000545,2026-05-03,1499,CARD,REFUNDED
PAY005607,C000548,2025-12-18,799,UPI,FAILED
PAY005608,C000755,2026-06-14,599,UPI,SUCCESS
PAY005609,C000539,2025-12-19,599,CARD,SUCCESS
PAY005610,C000379,2026-06-17,199,NET_BANKING,SUCCESS
PAY005611,C000173,2026-04-15,999,WALLET,SUCCESS
PAY005612,C000369,2025-12-05,399,CARD,FAILED
PAY005613,C000769,2026-08-28,499,WALLET,FAILED
PAY005614,C000612,2025-12-10,199,UPI,FAILED
PAY005615,C000471,2026-09-18,999,CARD,SUCCESS
PAY005616,C000510,2025-10-11,399,UPI,PENDING
PAY005617,C000163,2026-01-20,399,CARD,PENDING
PAY005618,C000017,2026-01-15,599,CARD,FAILED
PAY005619,C000322,2025-12-25,1499,UPI,SUCCESS
PAY005620,C000622,2026-05-11,299,NET_BANKING,SUCCESS
PAY005621,C000957,2025-10-14,199,UPI,SUCCESS
PAY005622,C000247,2025-12-05,399,WALLET,SUCCESS
PAY005623,C000583,2026-09-22,199,CARD,SUCCESS
PAY005624,C000225,2026-08-29,399,UPI,FAILED
PAY005625,C000538,2026-08-09,399,UPI,REFUNDED
PAY005626,C000387,2025-10-12,999,NET_BANKING,FAILED
PAY005627,C000163,2025-10-14,299,UPI,SUCCESS
PAY005628,C000474,2026-06-02,399,NET_BANKING,SUCCESS
PAY005629,C000094,2026-06-05,1499,CARD,SUCCESS
PAY005630,C000728,2026-03-30,199,WALLET,FAILED
PAY005631,C000704,2026-05-26,199,WALLET,SUCCESS
PAY005632,C000426,2026-07-20,799,UPI,SUCCESS
PAY005633,C000225,2026-01-01,1499,NET_BANKING,SUCCESS
PAY005634,C000240,2025-11-13,1499,CARD,PENDING
PAY005635,C000822,2026-05-10,799,NET_BANKING,SUCCESS
PAY005636,C000686,2026-03-02,1499,CARD,PENDING
PAY005637,C000496,2025-10-06,299,CARD,SUCCESS
PAY005638,C000981,2026-05-19,199,WALLET,FAILED
PAY005639,C000911,2026-01-17,499,CARD,SUCCESS
PAY005640,C000581,2025-10-11,499,UPI,SUCCESS
PAY005641,C000242,2026-04-13,999,NET_BANKING,FAILED
PAY005642,C000036,2026-03-18,999,CARD,SUCCESS
PAY005643,C000623,2026-07-14,1499,UPI,SUCCESS
PAY005644,C000816,2025-11-07,999,UPI,SUCCESS
PAY005645,C000086,2026-04-13,799,UPI,FAILED
PAY005646,C000593,2026-06-17,1499,WALLET,SUCCESS
PAY005647,C000302,2025-10-10,299,NET_BANKING,SUCCESS
PAY005648,C000517,2026-04-05,799,UPI,FAILED
PAY005649,C000930,2026-03-27,499,UPI,FAILED
PAY005650,C000428,2026-07-20,799,CARD,PENDING
PAY005651,C000092,2026-01-28,1499,NET_BANKING,PENDING
PAY005652,C000415,2025-12-23,299,WALLET,SUCCESS
PAY005653,C000770,2026-08-08,999,UPI,REFUNDED
PAY005654,C000856,2025-09-26,799,WALLET,PENDING
PAY005655,C000510,2026-01-13,399,CARD,SUCCESS
PAY005656,C000878,2026-02-26,599,UPI,SUCCESS
PAY005657,C000341,2025-11-10,399,CARD,SUCCESS
PAY005658,C000761,2026-06-04,199,NET_BANKING,SUCCESS
PAY005659,C000513,2026-01-05,399,NET_BANKING,SUCCESS
PAY005660,C000046,2026-08-04,399,UPI,SUCCESS
PAY005661,C000791,2026-03-20,599,NET_BANKING,SUCCESS
PAY005662,C000999,2026-05-24,299,UPI,SUCCESS
PAY005663,C000516,2025-12-16,199,UPI,SUCCESS
PAY005664,C000725,2026-04-15,299,UPI,SUCCESS
PAY005665,C000314,2026-08-30,799,NET_BANKING,SUCCESS
PAY005666,C000731,2026-02-10,1499,NET_BANKING,SUCCESS
PAY005667,C000020,2025-10-21,999,CARD,SUCCESS
PAY005668,C000921,2026-09-06,1499,WALLET,SUCCESS
PAY005669,C000254,2026-02-19,299,NET_BANKING,SUCCESS
PAY005670,C000824,2025-12-14,1499,NET_BANKING,SUCCESS
PAY005671,C000253,2025-10-03,1499,NET_BANKING,FAILED
PAY005672,C000549,2026-03-10,399,UPI,SUCCESS
PAY005673,C000716,2026-03-10,499,UPI,SUCCESS
PAY005674,C000168,2026-04-01,299,CARD,FAILED
PAY005675,C000830,2026-03-25,499,UPI,SUCCESS
PAY005676,C000629,2026-05-09,599,NET_BANKING,SUCCESS
PAY005677,C000627,2026-04-02,499,NET_BANKING,FAILED
PAY005678,C000248,2026-03-29,299,CARD,SUCCESS
PAY005679,C000508,2026-02-07,999,CARD,FAILED
PAY005680,C000295,2026-06-17,599,UPI,REFUNDED
PAY005681,C000634,2026-06-22,599,WALLET,FAILED
PAY005682,C000566,2025-10-20,999,CARD,PENDING
PAY005683,C000802,2025-11-02,499,UPI,PENDING
PAY005684,C000290,2026-01-14,1499,CARD,PENDING
PAY005685,C000738,2026-01-21,299,NET_BANKING,REFUNDED
PAY005686,C000722,2025-12-19,399,WALLET,SUCCESS
PAY005687,C000293,2026-02-20,299,CARD,FAILED
PAY005688,C000671,2026-02-07,499,UPI,SUCCESS
PAY005689,C000623,2026-05-25,399,WALLET,SUCCESS
PAY005690,C000876,2026-05-19,999,UPI,SUCCESS
PAY005691,C000875,2026-02-04,299,UPI,SUCCESS
PAY005692,C000643,2026-08-17,399,NET_BANKING,SUCCESS
PAY005693,C000234,2026-06-01,1499,UPI,PENDING
PAY005694,C000672,2026-07-26,599,CARD,SUCCESS
PAY005695,C000966,2026-08-26,599,UPI,SUCCESS
PAY005696,C000458,2026-02-23,299,NET_BANKING,SUCCESS
PAY005697,C000867,2026-09-21,199,UPI,FAILED
PAY005698,C000066,2026-04-23,299,NET_BANKING,SUCCESS
PAY005699,C000989,2025-10-31,1499,WALLET,SUCCESS
PAY005700,C000059,2026-07-18,599,CARD,SUCCESS
PAY005701,C000085,2026-04-12,199,UPI,REFUNDED
PAY005702,C000446,2025-10-25,499,UPI,SUCCESS
PAY005703,C000729,2026-01-31,199,NET_BANKING,SUCCESS
PAY005704,C000008,2025-12-23,599,UPI,SUCCESS
PAY005705,C000950,2026-03-02,1499,UPI,PENDING
PAY005706,C000380,2026-07-23,599,NET_BANKING,REFUNDED
PAY005707,C000643,2026-02-24,799,WALLET,FAILED
PAY005708,C000783,2026-07-17,999,WALLET,SUCCESS
PAY005709,C000908,2026-06-13,999,UPI,SUCCESS
PAY005710,C000806,2026-08-09,499,NET_BANKING,SUCCESS
PAY005711,C000108,2026-04-01,199,NET_BANKING,SUCCESS
PAY005712,C000836,2025-10-22,399,WALLET,REFUNDED
PAY005713,C000321,2026-07-19,1499,CARD,FAILED
PAY005714,C000139,2026-09-09,599,WALLET,SUCCESS
PAY005715,C000221,2026-08-04,799,CARD,SUCCESS
PAY005716,C000894,2026-07-07,1499,NET_BANKING,PENDING
PAY005717,C000364,2026-09-05,299,WALLET,SUCCESS
PAY005718,C000825,2026-05-18,799,NET_BANKING,REFUNDED
PAY005719,C000324,2026-06-08,999,NET_BANKING,SUCCESS
PAY005720,C000917,2026-06-24,299,WALLET,FAILED
PAY005721,C000477,2026-06-30,199,CARD,REFUNDED
PAY005722,C000940,2026-02-05,299,CARD,SUCCESS
PAY005723,C000313,2026-09-04,999,UPI,SUCCESS
PAY005724,C000668,2026-03-24,199,CARD,SUCCESS
PAY005725,C000428,2025-11-23,599,CARD,SUCCESS
PAY005726,C000463,2025-11-26,499,WALLET,SUCCESS
PAY005727,C000403,2026-04-12,399,NET_BANKING,SUCCESS
PAY005728,C000032,2026-05-23,1499,WALLET,PENDING
PAY005729,C000072,2026-01-05,799,NET_BANKING,SUCCESS
PAY005730,C000940,2025-12-02,199,NET_BANKING,FAILED
PAY005731,C000386,2025-12-28,199,CARD,SUCCESS
PAY005732,C000507,2025-11-08,799,UPI,PENDING
PAY005733,C000543,2026-04-25,599,NET_BANKING,SUCCESS
PAY005734,C000376,2026-04-04,799,UPI,REFUNDED
PAY005735,C000545,2025-11-15,299,NET_BANKING,SUCCESS
PAY005736,C000016,2025-10-02,999,UPI,FAILED
PAY005737,C000050,2026-04-19,199,WALLET,SUCCESS
PAY005738,C000868,2026-02-20,299,NET_BANKING,SUCCESS
PAY005739,C000147,2025-10-10,499,UPI,SUCCESS
PAY005740,C000169,2026-08-24,999,CARD,SUCCESS
PAY005741,C000897,2026-04-28,799,UPI,SUCCESS
PAY005742,C000332,2026-08-31,599,NET_BANKING,SUCCESS
PAY005743,C000273,2025-11-05,999,UPI,SUCCESS
PAY005744,C000086,2026-03-01,399,NET_BANKING,SUCCESS
PAY005745,C000068,2026-06-28,299,NET_BANKING,SUCCESS
PAY005746,C000266,2026-05-28,299,NET_BANKING,SUCCESS
PAY005747,C000291,2026-01-15,999,NET_BANKING,SUCCESS
PAY005748,C000803,2025-10-01,599,CARD,SUCCESS
PAY005749,C000603,2026-01-27,999,UPI,PENDING
PAY005750,C000315,2026-07-25,799,CARD,SUCCESS
PAY005751,C000289,2025-11-13,399,NET_BANKING,SUCCESS
PAY005752,C000858,2026-08-18,1499,CARD,SUCCESS
PAY005753,C000994,2026-04-14,599,NET_BANKING,REFUNDED
PAY005754,C000453,2026-07-01,599,WALLET,SUCCESS
PAY005755,C000660,2025-11-02,499,UPI,FAILED
PAY005756,C000732,2026-01-14,1499,WALLET,SUCCESS
PAY005757,C000929,2026-08-05,199,CARD,SUCCESS
PAY005758,C000955,2026-03-30,499,UPI,SUCCESS
PAY005759,C000464,2026-07-13,499,WALLET,SUCCESS
PAY005760,C000919,2026-07-27,1499,CARD,PENDING
PAY005761,C000898,2026-03-22,199,NET_BANKING,PENDING
PAY005762,C000864,2026-06-20,799,NET_BANKING,SUCCESS
PAY005763,C000399,2026-05-13,1499,NET_BANKING,SUCCESS
PAY005764,C000100,2026-05-14,399,NET_BANKING,REFUNDED
PAY005765,C000433,2026-07-17,299,UPI,SUCCESS
PAY005766,C000540,2025-12-08,399,CARD,FAILED
PAY005767,C000447,2026-06-29,799,UPI,SUCCESS
PAY005768,C000964,2026-01-14,199,WALLET,FAILED
PAY005769,C000493,2026-08-10,199,CARD,FAILED
PAY005770,C000723,2025-12-30,199,CARD,REFUNDED
PAY005771,C000728,2026-07-11,799,WALLET,SUCCESS
PAY005772,C000406,2026-03-25,599,UPI,PENDING
PAY005773,C000242,2026-02-01,799,UPI,PENDING
PAY005774,C000285,2026-07-30,1499,CARD,SUCCESS
PAY005775,C000154,2026-09-18,599,CARD,REFUNDED
PAY005776,C000174,2026-09-03,1499,UPI,PENDING
PAY005777,C000765,2025-10-11,399,CARD,SUCCESS
PAY005778,C000988,2026-05-05,599,NET_BANKING,SUCCESS
PAY005779,C000261,2026-08-18,799,NET_BANKING,SUCCESS
PAY005780,C000008,2026-06-21,299,UPI,SUCCESS
PAY005781,C000855,2026-04-27,499,CARD,FAILED
PAY005782,C000148,2026-04-25,599,UPI,SUCCESS
PAY005783,C000185,2025-11-12,1499,CARD,REFUNDED
PAY005784,C000715,2026-03-21,799,CARD,FAILED
PAY005785,C000983,2025-09-28,799,NET_BANKING,SUCCESS
PAY005786,C000961,2025-12-17,499,NET_BANKING,SUCCESS
PAY005787,C000226,2026-07-08,599,UPI,SUCCESS
PAY005788,C000850,2026-06-01,499,WALLET,REFUNDED
PAY005789,C000616,2026-09-02,399,NET_BANKING,FAILED
PAY005790,C000170,2026-01-27,299,NET_BANKING,SUCCESS
PAY005791,C000620,2026-08-25,199,UPI,SUCCESS
PAY005792,C000965,2026-02-08,599,UPI,SUCCESS
PAY005793,C000559,2026-06-06,399,UPI,SUCCESS
PAY005794,C000789,2026-03-15,1499,UPI,SUCCESS
PAY005795,C000180,2026-07-09,599,WALLET,SUCCESS
PAY005796,C000490,2026-04-05,799,CARD,SUCCESS
PAY005797,C000037,2026-08-09,399,NET_BANKING,SUCCESS
PAY005798,C000643,2026-05-27,599,NET_BANKING,SUCCESS
PAY005799,C000528,2026-02-21,599,UPI,SUCCESS
PAY005800,C000025,2025-12-28,399,WALLET,REFUNDED
PAY005801,C000090,2025-10-11,999,CARD,REFUNDED
PAY005802,C000139,2025-11-16,999,WALLET,SUCCESS
PAY005803,C000443,2026-03-03,599,NET_BANKING,REFUNDED
PAY005804,C000150,2025-12-22,599,NET_BANKING,PENDING
PAY005805,C000726,2026-09-07,1499,UPI,SUCCESS
PAY005806,C000739,2026-07-31,499,NET_BANKING,SUCCESS
PAY005807,C000006,2025-11-26,999,NET_BANKING,PENDING
PAY005808,C000307,2026-02-23,599,UPI,PENDING
PAY005809,C000893,2026-03-10,499,WALLET,FAILED
PAY005810,C000803,2026-02-18,1499,CARD,FAILED
PAY005811,C000961,2026-02-28,999,UPI,SUCCESS
PAY005812,C000162,2025-12-14,499,CARD,SUCCESS
PAY005813,C000056,2026-07-21,199,NET_BANKING,FAILED
PAY005814,C000538,2025-11-01,299,WALLET,SUCCESS
PAY005815,C000717,2026-06-13,499,WALLET,FAILED
PAY005816,C000361,2026-05-21,799,WALLET,SUCCESS
PAY005817,C000589,2025-10-20,499,WALLET,SUCCESS
PAY005818,C000449,2026-04-18,799,NET_BANKING,SUCCESS
PAY005819,C000727,2026-04-29,499,NET_BANKING,SUCCESS
PAY005820,C000491,2025-12-25,499,NET_BANKING,SUCCESS
PAY005821,C000998,2025-11-11,1499,CARD,SUCCESS
PAY005822,C000999,2025-12-13,799,NET_BANKING,SUCCESS
PAY005823,C000585,2026-02-03,499,WALLET,SUCCESS
PAY005824,C000983,2025-11-15,1499,NET_BANKING,SUCCESS
PAY005825,C000811,2025-11-08,399,NET_BANKING,SUCCESS
PAY005826,C000773,2025-12-12,799,UPI,SUCCESS
PAY005827,C000372,2026-01-27,399,CARD,FAILED
PAY005828,C000890,2026-09-13,199,CARD,SUCCESS
PAY005829,C000435,2026-05-05,199,NET_BANKING,SUCCESS
PAY005830,C000735,2025-12-15,199,WALLET,FAILED
PAY005831,C000813,2026-07-06,299,NET_BANKING,REFUNDED
PAY005832,C000410,2025-11-27,499,CARD,SUCCESS
PAY005833,C000192,2026-06-09,399,WALLET,SUCCESS
PAY005834,C000304,2026-06-06,999,NET_BANKING,SUCCESS
PAY005835,C000528,2026-08-12,1499,UPI,SUCCESS
PAY005836,C000884,2026-05-14,399,CARD,SUCCESS
PAY005837,C000165,2025-09-29,299,WALLET,SUCCESS
PAY005838,C000699,2026-04-27,999,WALLET,REFUNDED
PAY005839,C000442,2026-02-09,499,UPI,SUCCESS
PAY005840,C000023,2026-09-17,399,UPI,SUCCESS
PAY005841,C000538,2026-04-12,399,NET_BANKING,SUCCESS
PAY005842,C000466,2025-11-16,799,UPI,REFUNDED
PAY005843,C000112,2025-11-10,399,CARD,FAILED
PAY005844,C000600,2026-07-22,799,UPI,SUCCESS
PAY005845,C000251,2025-11-24,599,CARD,SUCCESS
PAY005846,C000775,2026-02-22,999,WALLET,SUCCESS
PAY005847,C000891,2025-12-12,1499,NET_BANKING,REFUNDED
PAY005848,C000428,2026-07-10,1499,UPI,PENDING
PAY005849,C000413,2026-06-21,299,NET_BANKING,FAILED
PAY005850,C000915,2025-10-21,299,CARD,PENDING
PAY005851,C000224,2025-11-29,799,NET_BANKING,FAILED
PAY005852,C000519,2025-12-13,299,NET_BANKING,SUCCESS
PAY005853,C000941,2025-10-28,399,CARD,SUCCESS
PAY005854,C000987,2026-05-11,499,CARD,SUCCESS
PAY005855,C000065,2026-09-11,299,WALLET,FAILED
PAY005856,C000330,2026-02-25,1499,NET_BANKING,SUCCESS
PAY005857,C000294,2026-09-01,799,CARD,SUCCESS
PAY005858,C000239,2026-08-08,399,UPI,SUCCESS
PAY005859,C000658,2026-03-05,999,WALLET,SUCCESS
PAY005860,C000751,2025-10-31,999,NET_BANKING,SUCCESS
PAY005861,C000035,2026-01-22,999,WALLET,SUCCESS
PAY005862,C000804,2026-04-02,599,UPI,SUCCESS
PAY005863,C000307,2026-07-26,399,WALLET,SUCCESS
PAY005864,C000929,2026-05-10,1499,CARD,SUCCESS
PAY005865,C000599,2026-06-07,1499,NET_BANKING,SUCCESS
PAY005866,C000041,2025-09-26,499,WALLET,SUCCESS
PAY005867,C000423,2026-01-24,499,CARD,PENDING
PAY005868,C000614,2026-04-26,199,WALLET,SUCCESS
PAY005869,C000967,2025-12-20,199,NET_BANKING,SUCCESS
PAY005870,C000049,2025-12-07,799,WALLET,PENDING
PAY005871,C000503,2026-06-02,399,NET_BANKING,SUCCESS
PAY005872,C000843,2025-11-14,299,NET_BANKING,PENDING
PAY005873,C000905,2026-07-11,399,CARD,SUCCESS
PAY005874,C000092,2026-06-30,999,WALLET,PENDING
PAY005875,C000533,2026-04-15,1499,UPI,SUCCESS
PAY005876,C000999,2026-07-25,599,WALLET,PENDING
PAY005877,C000751,2026-07-19,799,WALLET,REFUNDED
PAY005878,C000347,2025-10-21,999,UPI,PENDING
PAY005879,C000563,2026-05-10,999,CARD,FAILED
PAY005880,C000991,2025-10-10,599,NET_BANKING,SUCCESS
PAY005881,C000276,2026-03-17,799,NET_BANKING,SUCCESS
PAY005882,C000943,2025-11-27,499,NET_BANKING,SUCCESS
PAY005883,C000986,2025-11-09,299,CARD,SUCCESS
PAY005884,C000404,2025-10-28,499,WALLET,SUCCESS
PAY005885,C000561,2026-07-03,999,WALLET,SUCCESS
PAY005886,C000471,2026-06-17,1499,CARD,REFUNDED
PAY005887,C000886,2026-05-30,499,WALLET,SUCCESS
PAY005888,C000935,2025-11-17,999,WALLET,SUCCESS
PAY005889,C000355,2026-02-19,199,WALLET,PENDING
PAY005890,C000043,2026-07-07,499,NET_BANKING,REFUNDED
PAY005891,C000800,2026-08-21,499,NET_BANKING,SUCCESS
PAY005892,C000193,2026-03-30,1499,CARD,SUCCESS
PAY005893,C000660,2026-05-11,599,WALLET,FAILED
PAY005894,C000061,2025-10-23,1499,NET_BANKING,REFUNDED
PAY005895,C000298,2025-11-02,599,UPI,SUCCESS
PAY005896,C000358,2025-10-19,599,NET_BANKING,SUCCESS
PAY005897,C000458,2025-12-05,799,UPI,FAILED
PAY005898,C000237,2026-03-17,299,CARD,SUCCESS
PAY005899,C000784,2026-08-04,999,UPI,SUCCESS
PAY005900,C000556,2026-03-15,199,WALLET,FAILED
PAY005901,C000314,2025-11-26,399,CARD,FAILED
PAY005902,C000275,2025-11-05,1499,CARD,SUCCESS
PAY005903,C000193,2026-09-06,599,NET_BANKING,SUCCESS
PAY005904,C000358,2026-05-14,199,WALLET,FAILED
PAY005905,C000103,2026-03-01,599,WALLET,REFUNDED
PAY005906,C000927,2026-09-14,499,CARD,FAILED
PAY005907,C000116,2026-08-29,599,WALLET,SUCCESS
PAY005908,C000454,2026-03-31,299,CARD,SUCCESS
PAY005909,C000971,2026-05-11,399,UPI,SUCCESS
PAY005910,C000581,2026-06-23,799,NET_BANKING,SUCCESS
PAY005911,C000535,2025-11-13,499,NET_BANKING,REFUNDED
PAY005912,C000956,2026-03-10,499,UPI,SUCCESS
PAY005913,C000513,2025-10-24,599,NET_BANKING,FAILED
PAY005914,C000770,2026-09-14,399,CARD,SUCCESS
PAY005915,C000389,2026-08-19,999,UPI,SUCCESS
PAY005916,C000558,2025-09-27,499,CARD,PENDING
PAY005917,C000775,2026-05-28,399,UPI,SUCCESS
PAY005918,C000335,2025-12-22,399,UPI,SUCCESS
PAY005919,C000555,2026-07-16,299,WALLET,SUCCESS
PAY005920,C000432,2026-02-11,399,UPI,FAILED
PAY005921,C000255,2026-07-27,1499,UPI,SUCCESS
PAY005922,C000699,2026-08-10,399,CARD,PENDING
PAY005923,C000849,2026-07-06,799,CARD,SUCCESS
PAY005924,C000624,2026-01-25,1499,CARD,SUCCESS
PAY005925,C000078,2025-10-06,399,WALLET,SUCCESS
PAY005926,C000355,2026-05-17,1499,CARD,SUCCESS
PAY005927,C000807,2026-08-10,499,UPI,FAILED
PAY005928,C000174,2026-08-10,799,UPI,SUCCESS
PAY005929,C000691,2025-09-29,199,WALLET,FAILED
PAY005930,C000166,2026-03-25,599,CARD,PENDING
PAY005931,C000129,2026-05-06,599,NET_BANKING,REFUNDED
PAY005932,C000171,2026-07-05,399,NET_BANKING,PENDING
PAY005933,C000725,2025-12-12,199,WALLET,SUCCESS
PAY005934,C000291,2026-04-01,799,WALLET,SUCCESS
PAY005935,C000969,2026-04-04,499,CARD,SUCCESS
PAY005936,C000822,2025-10-16,399,UPI,SUCCESS
PAY005937,C000813,2026-06-26,599,CARD,SUCCESS
PAY005938,C000347,2026-03-10,599,WALLET,REFUNDED
PAY005939,C000055,2025-12-09,399,UPI,PENDING
PAY005940,C000569,2026-06-03,1499,WALLET,SUCCESS
PAY005941,C000096,2026-08-30,1499,NET_BANKING,FAILED
PAY005942,C000801,2025-12-23,199,NET_BANKING,REFUNDED
PAY005943,C000878,2026-02-25,199,WALLET,SUCCESS
PAY005944,C000283,2026-05-31,999,CARD,REFUNDED
PAY005945,C000554,2025-10-29,199,NET_BANKING,REFUNDED
PAY005946,C000138,2025-11-28,799,CARD,SUCCESS
PAY005947,C000732,2025-11-03,199,WALLET,PENDING
PAY005948,C000357,2026-04-12,1499,CARD,FAILED
PAY005949,C000345,2025-12-02,499,CARD,SUCCESS
PAY005950,C000781,2026-06-20,599,CARD,SUCCESS
PAY005951,C000311,2026-04-04,1499,WALLET,PENDING
PAY005952,C000633,2026-05-02,399,UPI,PENDING
PAY005953,C000892,2025-11-28,499,WALLET,SUCCESS
PAY005954,C000782,2026-08-07,299,NET_BANKING,PENDING
PAY005955,C000530,2025-12-20,199,UPI,FAILED
PAY005956,C000298,2026-05-31,599,WALLET,REFUNDED
PAY005957,C000532,2026-09-09,1499,UPI,SUCCESS
PAY005958,C000366,2025-12-30,199,NET_BANKING,SUCCESS
PAY005959,C000917,2026-04-06,999,WALLET,FAILED
PAY005960,C000324,2026-04-10,399,CARD,FAILED
PAY005961,C000188,2025-11-24,299,NET_BANKING,FAILED
PAY005962,C000975,2025-10-29,799,UPI,SUCCESS
PAY005963,C000499,2026-01-20,799,NET_BANKING,PENDING
PAY005964,C000260,2026-07-27,199,NET_BANKING,SUCCESS
PAY005965,C000701,2025-10-06,1499,NET_BANKING,SUCCESS
PAY005966,C000039,2026-01-11,299,WALLET,FAILED
PAY005967,C000921,2026-07-18,199,NET_BANKING,SUCCESS
PAY005968,C000235,2026-03-06,799,WALLET,SUCCESS
PAY005969,C000485,2025-11-25,299,NET_BANKING,PENDING
PAY005970,C000640,2026-03-19,199,CARD,SUCCESS
PAY005971,C000662,2026-08-13,399,UPI,SUCCESS
PAY005972,C000500,2026-09-21,999,UPI,PENDING
PAY005973,C000367,2026-07-23,1499,UPI,SUCCESS
PAY005974,C000310,2025-10-29,599,UPI,PENDING
PAY005975,C000614,2026-03-27,999,WALLET,FAILED
PAY005976,C000078,2026-02-02,399,WALLET,SUCCESS
PAY005977,C000605,2025-11-04,199,UPI,PENDING
PAY005978,C000228,2025-12-26,299,WALLET,SUCCESS
PAY005979,C000601,2025-11-29,299,CARD,SUCCESS
PAY005980,C000121,2026-04-21,199,NET_BANKING,SUCCESS
PAY005981,C000591,2026-04-30,299,UPI,SUCCESS
PAY005982,C000245,2026-07-07,199,WALLET,FAILED
PAY005983,C000799,2026-01-19,199,CARD,SUCCESS
PAY005984,C000981,2026-01-09,799,NET_BANKING,PENDING
PAY005985,C000528,2025-10-27,599,WALLET,FAILED
PAY005986,C000052,2025-12-15,799,UPI,SUCCESS
PAY005987,C000747,2025-10-17,299,NET_BANKING,FAILED
PAY005988,C000781,2026-08-14,799,CARD,FAILED
PAY005989,C000085,2025-11-18,799,CARD,PENDING
PAY005990,C000513,2026-01-28,1499,UPI,REFUNDED
PAY005991,C000624,2026-06-24,299,CARD,PENDING
PAY005992,C000997,2026-03-06,599,NET_BANKING,SUCCESS
PAY005993,C000953,2025-12-05,399,CARD,SUCCESS
PAY005994,C000911,2026-04-16,1499,UPI,SUCCESS
PAY005995,C000264,2026-07-12,399,NET_BANKING,SUCCESS
PAY005996,C000839,2026-08-28,399,UPI,REFUNDED
PAY005997,C000122,2026-07-29,199,UPI,REFUNDED
PAY005998,C000478,2026-01-10,499,NET_BANKING,FAILED
PAY005999,C000934,2025-10-19,999,UPI,SUCCESS
PAY006000,C000553,2026-06-22,299,CARD,SUCCESS
PAY006001,C000339,2026-04-10,799,UPI,PENDING
PAY006002,C000920,2025-10-29,599,UPI,SUCCESS
PAY006003,C000270,2026-02-15,399,WALLET,SUCCESS
PAY006004,C000348,2026-03-08,599,CARD,FAILED
PAY006005,C000205,2026-06-18,399,CARD,PENDING
PAY006006,C000187,2026-07-25,799,CARD,REFUNDED
PAY006007,C000176,2026-07-22,799,CARD,PENDING
PAY006008,C000288,2026-02-26,499,UPI,PENDING
PAY006009,C000807,2026-03-26,399,NET_BANKING,REFUNDED
PAY006010,C000795,2026-05-29,499,CARD,SUCCESS
PAY006011,C000920,2026-04-11,499,NET_BANKING,FAILED
PAY006012,C000984,2026-08-27,999,NET_BANKING,REFUNDED
PAY006013,C000201,2026-02-16,599,UPI,PENDING
PAY006014,C000102,2026-05-27,499,CARD,PENDING
PAY006015,C000918,2025-12-07,499,NET_BANKING,PENDING
PAY006016,C000405,2026-04-05,399,NET_BANKING,SUCCESS
PAY006017,C000976,2026-01-25,499,WALLET,SUCCESS
PAY006018,C000136,2026-06-11,1499,CARD,SUCCESS
PAY006019,C000493,2026-01-10,1499,UPI,SUCCESS
PAY006020,C000251,2026-02-22,599,NET_BANKING,SUCCESS
PAY006021,C000169,2026-06-14,499,UPI,PENDING
PAY006022,C000343,2025-12-27,799,CARD,SUCCESS
PAY006023,C000878,2026-04-28,499,UPI,SUCCESS
PAY006024,C000065,2026-01-28,199,UPI,REFUNDED
PAY006025,C000303,2026-04-08,399,WALLET,PENDING
PAY006026,C000461,2025-12-30,399,CARD,SUCCESS
PAY006027,C000987,2025-11-18,999,WALLET,FAILED
PAY006028,C000598,2026-05-10,199,CARD,SUCCESS
PAY006029,C000759,2026-09-10,399,UPI,SUCCESS
PAY006030,C000932,2026-01-26,399,UPI,SUCCESS
PAY006031,C000784,2026-06-30,299,UPI,PENDING
PAY006032,C000065,2026-08-12,199,NET_BANKING,PENDING
PAY006033,C000523,2026-03-04,399,UPI,SUCCESS
PAY006034,C000372,2025-11-13,1499,WALLET,FAILED
PAY006035,C000944,2026-07-29,999,NET_BANKING,PENDING
PAY006036,C000818,2026-03-23,799,WALLET,PENDING
PAY006037,C000335,2026-03-05,799,NET_BANKING,PENDING
PAY006038,C000874,2026-07-16,399,UPI,REFUNDED
PAY006039,C000430,2026-04-24,499,CARD,SUCCESS
PAY006040,C000884,2026-08-24,299,NET_BANKING,SUCCESS
PAY006041,C000767,2026-08-27,999,WALLET,PENDING
PAY006042,C000396,2025-11-30,299,WALLET,SUCCESS
PAY006043,C000772,2025-12-30,799,NET_BANKING,SUCCESS
PAY006044,C000377,2026-02-02,499,UPI,REFUNDED
PAY006045,C000860,2025-09-25,999,CARD,SUCCESS
PAY006046,C000551,2025-11-02,199,NET_BANKING,SUCCESS
PAY006047,C000602,2026-05-27,199,WALLET,SUCCESS
PAY006048,C000581,2026-01-22,399,UPI,REFUNDED
PAY006049,C000666,2025-12-19,399,NET_BANKING,PENDING
PAY006050,C000989,2026-05-15,999,CARD,SUCCESS
PAY006051,C000537,2026-05-07,599,NET_BANKING,FAILED
PAY006052,C000945,2026-06-13,299,CARD,SUCCESS
PAY006053,C000012,2025-12-29,499,UPI,PENDING
PAY006054,C000291,2025-11-15,399,CARD,SUCCESS
PAY006055,C000368,2026-04-21,399,CARD,REFUNDED
PAY006056,C000968,2026-09-14,299,UPI,SUCCESS
PAY006057,C000988,2026-04-07,399,WALLET,REFUNDED
PAY006058,C000995,2026-01-08,499,CARD,FAILED
PAY006059,C000692,2026-01-06,999,NET_BANKING,REFUNDED
PAY006060,C000155,2025-11-14,199,WALLET,SUCCESS
PAY006061,C000603,2026-04-22,599,UPI,FAILED
PAY006062,C000770,2025-10-28,799,NET_BANKING,REFUNDED
PAY006063,C000729,2026-09-01,599,CARD,REFUNDED
PAY006064,C000643,2026-02-15,599,NET_BANKING,SUCCESS
PAY006065,C000754,2026-03-22,199,NET_BANKING,SUCCESS
PAY006066,C000543,2026-09-09,199,WALLET,SUCCESS
PAY006067,C000958,2026-04-11,999,UPI,SUCCESS
PAY006068,C000266,2025-10-12,399,NET_BANKING,FAILED
PAY006069,C000226,2025-12-24,299,CARD,SUCCESS
PAY006070,C000585,2025-11-17,1499,CARD,SUCCESS
PAY006071,C000027,2026-08-25,299,UPI,REFUNDED
PAY006072,C000427,2026-03-29,1499,WALLET,SUCCESS
PAY006073,C000060,2026-08-08,499,CARD,SUCCESS
PAY006074,C000305,2025-10-13,1499,NET_BANKING,PENDING
PAY006075,C000658,2026-02-07,799,UPI,SUCCESS
PAY006076,C000818,2026-08-04,1499,UPI,PENDING
PAY006077,C000054,2026-03-15,299,NET_BANKING,SUCCESS
PAY006078,C000167,2026-07-31,1499,UPI,SUCCESS
PAY006079,C000914,2026-07-13,299,CARD,FAILED
PAY006080,C000264,2025-11-25,399,WALLET,SUCCESS
PAY006081,C000522,2025-12-15,499,CARD,PENDING
PAY006082,C000242,2026-09-07,599,NET_BANKING,PENDING
PAY006083,C000561,2026-07-04,399,CARD,SUCCESS
PAY006084,C000607,2025-10-08,799,UPI,SUCCESS
PAY006085,C000771,2026-09-20,999,UPI,PENDING
PAY006086,C000808,2026-07-13,799,WALLET,SUCCESS
PAY006087,C000986,2026-03-06,399,UPI,REFUNDED
PAY006088,C000994,2026-01-14,599,UPI,SUCCESS
PAY006089,C000554,2026-08-14,499,WALLET,SUCCESS
PAY006090,C000316,2026-07-27,799,NET_BANKING,SUCCESS
PAY006091,C000249,2026-06-11,599,UPI,REFUNDED
PAY006092,C000328,2026-06-11,299,UPI,SUCCESS
PAY006093,C000615,2026-07-27,1499,CARD,REFUNDED
PAY006094,C000426,2025-12-16,1499,NET_BANKING,PENDING
PAY006095,C000518,2026-03-18,999,CARD,REFUNDED
PAY006096,C000582,2026-02-04,999,CARD,SUCCESS
PAY006097,C000212,2026-06-12,199,UPI,REFUNDED
PAY006098,C000807,2026-06-19,799,NET_BANKING,PENDING
PAY006099,C000720,2026-03-15,399,CARD,SUCCESS
PAY006100,C000021,2026-07-10,199,UPI,REFUNDED
PAY006101,C000425,2026-05-02,399,WALLET,REFUNDED
PAY006102,C000181,2026-02-11,1499,WALLET,FAILED
PAY006103,C000851,2026-02-17,799,WALLET,SUCCESS
PAY006104,C000365,2026-01-05,1499,WALLET,SUCCESS
PAY006105,C000428,2026-07-15,999,WALLET,REFUNDED
PAY006106,C000985,2026-07-25,599,WALLET,PENDING
PAY006107,C000735,2025-09-27,599,UPI,PENDING
PAY006108,C000882,2026-09-14,399,WALLET,PENDING
PAY006109,C000512,2026-04-03,299,CARD,FAILED
PAY006110,C000913,2026-01-18,499,CARD,SUCCESS
PAY006111,C000324,2026-05-30,1499,UPI,SUCCESS
PAY006112,C000608,2026-06-24,499,WALLET,SUCCESS
PAY006113,C000216,2025-12-31,799,CARD,SUCCESS
PAY006114,C000819,2025-10-09,499,CARD,SUCCESS
PAY006115,C000070,2026-05-07,499,NET_BANKING,SUCCESS
PAY006116,C000904,2025-11-19,399,WALLET,SUCCESS
PAY006117,C000224,2026-08-01,399,UPI,REFUNDED
PAY006118,C000488,2026-04-24,1499,UPI,PENDING
PAY006119,C000631,2025-11-22,499,WALLET,REFUNDED
PAY006120,C000265,2026-07-29,999,CARD,PENDING
PAY006121,C000705,2026-07-15,1499,WALLET,REFUNDED
PAY006122,C000084,2025-11-17,999,UPI,PENDING
PAY006123,C000953,2026-01-22,999,NET_BANKING,PENDING
PAY006124,C000329,2026-07-15,599,CARD,PENDING
PAY006125,C000103,2026-07-25,499,NET_BANKING,SUCCESS
PAY006126,C000071,2026-09-19,599,WALLET,SUCCESS
PAY006127,C000854,2025-11-18,599,WALLET,SUCCESS
PAY006128,C000485,2025-09-30,499,NET_BANKING,FAILED
PAY006129,C000172,2026-08-19,499,NET_BANKING,SUCCESS
PAY006130,C000337,2026-02-03,399,NET_BANKING,SUCCESS
PAY006131,C000808,2025-11-15,399,UPI,SUCCESS
PAY006132,C000379,2025-09-27,999,WALLET,PENDING
PAY006133,C000299,2026-04-22,799,NET_BANKING,PENDING
PAY006134,C000297,2026-08-04,999,WALLET,SUCCESS
PAY006135,C000434,2026-09-17,1499,NET_BANKING,PENDING
PAY006136,C000008,2026-03-28,499,WALLET,SUCCESS
PAY006137,C000627,2026-08-28,799,WALLET,SUCCESS
PAY006138,C000564,2025-12-13,499,WALLET,SUCCESS
PAY006139,C000177,2026-04-21,1499,NET_BANKING,SUCCESS
PAY006140,C000067,2026-06-17,399,CARD,PENDING
PAY006141,C000266,2026-04-01,199,WALLET,FAILED
PAY006142,C000329,2026-07-13,799,CARD,SUCCESS
PAY006143,C000081,2026-07-07,299,WALLET,SUCCESS
PAY006144,C000959,2026-09-18,399,WALLET,PENDING
PAY006145,C000480,2026-01-07,599,CARD,SUCCESS
PAY006146,C000161,2026-02-28,499,WALLET,REFUNDED
PAY006147,C000797,2026-08-24,299,NET_BANKING,PENDING
PAY006148,C000230,2025-12-02,999,WALLET,REFUNDED
PAY006149,C000398,2025-11-12,799,NET_BANKING,PENDING
PAY006150,C000824,2026-03-29,299,CARD,SUCCESS
PAY006151,C000989,2026-08-05,399,NET_BANKING,SUCCESS
PAY006152,C000246,2025-10-01,799,UPI,SUCCESS
PAY006153,C000200,2026-03-11,1499,WALLET,PENDING
PAY006154,C000721,2025-11-01,499,CARD,FAILED
PAY006155,C000772,2026-03-16,999,NET_BANKING,SUCCESS
PAY006156,C000349,2025-10-13,199,WALLET,PENDING
PAY006157,C000355,2026-01-14,199,WALLET,SUCCESS
PAY006158,C000164,2025-12-23,1499,NET_BANKING,SUCCESS
PAY006159,C000780,2026-04-18,499,UPI,PENDING
PAY006160,C000495,2026-09-01,599,NET_BANKING,SUCCESS
PAY006161,C000438,2026-06-19,1499,UPI,FAILED
PAY006162,C000484,2026-06-07,299,UPI,SUCCESS
PAY006163,C000388,2026-03-22,199,NET_BANKING,FAILED
PAY006164,C000138,2026-08-07,299,WALLET,SUCCESS
PAY006165,C000372,2026-04-15,1499,CARD,FAILED
PAY006166,C000454,2026-04-10,1499,CARD,SUCCESS
PAY006167,C000544,2026-05-26,199,UPI,SUCCESS
PAY006168,C000555,2025-11-18,299,UPI,PENDING
PAY006169,C000367,2026-01-19,199,NET_BANKING,FAILED
PAY006170,C000990,2026-01-11,199,NET_BANKING,FAILED
PAY006171,C000108,2026-03-31,499,CARD,FAILED
PAY006172,C000352,2025-12-01,799,UPI,FAILED
PAY006173,C000806,2026-09-01,799,UPI,SUCCESS
PAY006174,C000790,2025-11-05,399,NET_BANKING,SUCCESS
PAY006175,C000096,2026-08-04,599,NET_BANKING,FAILED
PAY006176,C000669,2026-03-16,799,UPI,PENDING
PAY006177,C000563,2026-06-07,1499,NET_BANKING,REFUNDED
PAY006178,C000092,2026-08-05,999,NET_BANKING,SUCCESS
PAY006179,C000661,2026-05-28,499,WALLET,FAILED
PAY006180,C000355,2026-02-09,499,UPI,SUCCESS
PAY006181,C000351,2026-06-17,299,UPI,SUCCESS
PAY006182,C000664,2025-12-12,799,NET_BANKING,PENDING
PAY006183,C000696,2026-04-24,799,WALLET,SUCCESS
PAY006184,C000620,2026-08-25,199,WALLET,SUCCESS
PAY006185,C000717,2026-06-01,999,UPI,PENDING
PAY006186,C000911,2026-08-07,599,WALLET,SUCCESS
PAY006187,C000943,2026-01-19,799,CARD,SUCCESS
PAY006188,C000433,2026-01-07,399,NET_BANKING,SUCCESS
PAY006189,C000704,2025-12-10,499,NET_BANKING,SUCCESS
PAY006190,C000793,2026-05-31,299,CARD,SUCCESS
PAY006191,C000673,2026-06-04,299,NET_BANKING,SUCCESS
PAY006192,C000776,2025-11-15,799,UPI,REFUNDED
PAY006193,C000819,2026-05-19,999,UPI,PENDING
PAY006194,C000180,2026-02-17,599,CARD,REFUNDED
PAY006195,C000986,2026-08-25,799,NET_BANKING,FAILED
PAY006196,C000542,2026-08-24,199,NET_BANKING,SUCCESS
PAY006197,C000016,2025-09-28,599,UPI,SUCCESS
PAY006198,C000028,2026-05-26,999,WALLET,REFUNDED
PAY006199,C000318,2026-06-18,799,WALLET,SUCCESS
PAY006200,C000697,2026-01-18,199,NET_BANKING,SUCCESS
PAY006201,C000088,2026-03-02,199,WALLET,SUCCESS
PAY006202,C000961,2025-12-12,199,WALLET,REFUNDED
PAY006203,C000341,2026-09-06,499,NET_BANKING,SUCCESS
PAY006204,C000744,2026-08-18,799,WALLET,SUCCESS
PAY006205,C000186,2026-02-10,999,WALLET,SUCCESS
PAY006206,C000281,2025-12-04,999,CARD,PENDING
PAY006207,C000392,2026-06-18,999,UPI,SUCCESS
PAY006208,C000162,2026-01-12,499,WALLET,SUCCESS
PAY006209,C000950,2025-11-30,499,CARD,SUCCESS
PAY006210,C000192,2025-10-28,599,CARD,SUCCESS
PAY006211,C000184,2026-03-21,299,CARD,SUCCESS
PAY006212,C000429,2026-07-11,399,UPI,SUCCESS
PAY006213,C000862,2026-02-11,999,WALLET,SUCCESS
PAY006214,C000030,2026-08-02,499,WALLET,SUCCESS
PAY006215,C000095,2026-07-26,799,WALLET,FAILED
PAY006216,C000565,2026-03-22,999,NET_BANKING,SUCCESS
PAY006217,C000140,2025-12-19,999,WALLET,FAILED
PAY006218,C000797,2026-03-14,1499,UPI,SUCCESS
PAY006219,C000833,2026-07-06,599,NET_BANKING,REFUNDED
PAY006220,C000145,2026-09-05,999,UPI,SUCCESS
PAY006221,C000433,2026-01-05,1499,NET_BANKING,SUCCESS
PAY006222,C000125,2025-10-08,1499,NET_BANKING,SUCCESS
PAY006223,C000574,2026-08-22,299,NET_BANKING,FAILED
PAY006224,C000388,2026-01-15,999,CARD,PENDING
PAY006225,C000010,2025-12-27,499,NET_BANKING,PENDING
PAY006226,C000496,2026-08-25,299,NET_BANKING,SUCCESS
PAY006227,C000844,2025-12-30,199,CARD,REFUNDED
PAY006228,C000163,2026-06-28,299,CARD,SUCCESS
PAY006229,C000041,2026-04-24,1499,WALLET,PENDING
PAY006230,C000430,2026-01-16,799,NET_BANKING,SUCCESS
PAY006231,C000967,2025-12-14,199,UPI,PENDING
PAY006232,C000695,2026-05-24,199,NET_BANKING,REFUNDED
PAY006233,C000866,2026-03-04,499,UPI,REFUNDED
PAY006234,C000265,2025-10-03,399,NET_BANKING,PENDING
PAY006235,C000903,2025-11-09,399,WALLET,SUCCESS
PAY006236,C000163,2026-07-28,499,CARD,SUCCESS
PAY006237,C000630,2026-08-29,199,NET_BANKING,SUCCESS
PAY006238,C000390,2026-06-21,299,CARD,SUCCESS
PAY006239,C000970,2026-05-21,499,CARD,FAILED
PAY006240,C000323,2026-07-22,499,NET_BANKING,SUCCESS
PAY006241,C000251,2026-08-06,999,UPI,FAILED
PAY006242,C000684,2026-07-15,799,CARD,FAILED
PAY006243,C000738,2026-04-10,499,NET_BANKING,REFUNDED
PAY006244,C000717,2026-09-18,499,NET_BANKING,SUCCESS
PAY006245,C000538,2026-05-22,999,UPI,REFUNDED
PAY006246,C000773,2025-09-27,799,WALLET,FAILED
PAY006247,C000841,2025-10-19,999,NET_BANKING,SUCCESS
PAY006248,C000191,2026-04-14,299,CARD,FAILED
PAY006249,C000176,2026-09-07,499,WALLET,FAILED
PAY006250,C000173,2025-12-18,599,NET_BANKING,REFUNDED
PAY006251,C000810,2026-04-08,599,WALLET,SUCCESS
PAY006252,C000753,2026-05-21,799,NET_BANKING,SUCCESS
PAY006253,C000750,2026-04-18,399,UPI,SUCCESS
PAY006254,C000011,2026-04-10,299,UPI,REFUNDED
PAY006255,C000179,2025-11-13,599,WALLET,SUCCESS
PAY006256,C000674,2026-08-30,199,CARD,SUCCESS
PAY006257,C000188,2026-05-27,399,CARD,PENDING
PAY006258,C000292,2026-03-13,799,WALLET,SUCCESS
PAY006259,C000749,2026-06-08,799,WALLET,SUCCESS
PAY006260,C000671,2026-01-17,999,CARD,REFUNDED
PAY006261,C000358,2026-08-27,399,WALLET,SUCCESS
PAY006262,C000619,2026-07-05,799,UPI,SUCCESS
PAY006263,C000389,2026-01-29,599,WALLET,SUCCESS
PAY006264,C000296,2026-05-08,199,CARD,SUCCESS
PAY006265,C000056,2026-09-08,199,CARD,SUCCESS
PAY006266,C000481,2026-08-01,599,WALLET,FAILED
PAY006267,C000091,2026-05-10,999,WALLET,PENDING
PAY006268,C000542,2025-10-26,499,CARD,FAILED
PAY006269,C000525,2026-01-26,799,UPI,SUCCESS
PAY006270,C000189,2025-10-27,1499,UPI,SUCCESS
PAY006271,C000699,2026-07-18,799,NET_BANKING,SUCCESS
PAY006272,C000775,2025-10-31,599,UPI,PENDING
PAY006273,C000250,2026-05-04,999,NET_BANKING,FAILED
PAY006274,C000447,2026-04-07,199,NET_BANKING,REFUNDED
PAY006275,C000512,2025-10-21,999,WALLET,SUCCESS
PAY006276,C000111,2026-09-05,499,WALLET,SUCCESS
PAY006277,C000258,2025-12-19,199,WALLET,FAILED
PAY006278,C000304,2026-03-15,399,UPI,FAILED
PAY006279,C000181,2026-04-05,599,NET_BANKING,FAILED
PAY006280,C000189,2026-05-31,399,WALLET,PENDING
PAY006281,C000375,2025-09-25,1499,WALLET,SUCCESS
PAY006282,C000815,2026-04-05,999,WALLET,SUCCESS
PAY006283,C000147,2025-10-11,799,WALLET,SUCCESS
PAY006284,C000078,2026-05-13,1499,UPI,SUCCESS
PAY006285,C000583,2026-01-18,199,UPI,PENDING
PAY006286,C000721,2026-07-07,399,WALLET,SUCCESS
PAY006287,C000040,2026-08-19,1499,NET_BANKING,SUCCESS
PAY006288,C000190,2026-03-29,499,UPI,PENDING
PAY006289,C000234,2025-11-08,199,NET_BANKING,SUCCESS
PAY006290,C000456,2026-06-25,599,NET_BANKING,SUCCESS
PAY006291,C000230,2026-07-27,599,WALLET,SUCCESS
PAY006292,C000319,2026-01-03,599,WALLET,SUCCESS
PAY006293,C000015,2026-01-08,399,CARD,SUCCESS
PAY006294,C000130,2026-02-17,499,UPI,REFUNDED
PAY006295,C000168,2025-12-06,1499,UPI,REFUNDED
PAY006296,C000050,2025-11-14,199,UPI,SUCCESS
PAY006297,C000444,2026-04-23,399,UPI,SUCCESS
PAY006298,C000958,2025-12-08,799,UPI,SUCCESS
PAY006299,C000107,2026-09-12,1499,NET_BANKING,SUCCESS
PAY006300,C000949,2026-08-02,1499,CARD,SUCCESS
PAY006301,C000987,2026-05-09,299,UPI,SUCCESS
PAY006302,C000386,2025-12-25,1499,NET_BANKING,SUCCESS
PAY006303,C000968,2026-02-27,399,NET_BANKING,PENDING
PAY006304,C000103,2026-02-12,599,CARD,FAILED
PAY006305,C000585,2026-01-13,499,WALLET,PENDING
PAY006306,C000930,2026-07-16,199,NET_BANKING,SUCCESS
PAY006307,C000399,2026-04-19,399,UPI,PENDING
PAY006308,C000892,2026-05-18,1499,NET_BANKING,FAILED
PAY006309,C000519,2026-01-22,499,WALLET,SUCCESS
PAY006310,C000502,2026-07-13,199,NET_BANKING,SUCCESS
PAY006311,C000281,2026-06-16,599,CARD,PENDING
PAY006312,C000751,2026-06-04,399,WALLET,REFUNDED
PAY006313,C000542,2026-01-10,1499,WALLET,SUCCESS
PAY006314,C000004,2026-09-11,599,WALLET,PENDING
PAY006315,C000368,2026-09-12,599,CARD,SUCCESS
PAY006316,C000809,2026-09-19,199,CARD,SUCCESS
PAY006317,C000826,2026-01-21,499,UPI,FAILED
PAY006318,C000722,2026-09-12,599,WALLET,FAILED
PAY006319,C000046,2026-05-13,799,UPI,SUCCESS
PAY006320,C000251,2026-05-12,799,NET_BANKING,SUCCESS
PAY006321,C000514,2026-02-02,999,CARD,FAILED
PAY006322,C000145,2026-01-01,799,WALLET,SUCCESS
PAY006323,C000254,2026-05-12,399,UPI,SUCCESS
PAY006324,C000634,2025-11-21,799,NET_BANKING,PENDING
PAY006325,C000180,2026-03-18,199,WALLET,SUCCESS
PAY006326,C000715,2025-11-11,299,CARD,PENDING
PAY006327,C000755,2025-12-18,199,WALLET,SUCCESS
PAY006328,C000619,2026-03-07,299,WALLET,SUCCESS
PAY006329,C000008,2025-11-01,199,NET_BANKING,SUCCESS
PAY006330,C000164,2026-05-08,299,WALLET,PENDING
PAY006331,C000065,2026-02-28,199,NET_BANKING,PENDING
PAY006332,C000914,2025-10-02,799,NET_BANKING,SUCCESS
PAY006333,C000705,2026-06-24,299,WALLET,PENDING
PAY006334,C000039,2026-01-15,199,UPI,SUCCESS
PAY006335,C000258,2026-02-27,299,UPI,SUCCESS
PAY006336,C000287,2026-04-24,999,CARD,FAILED
PAY006337,C000177,2026-08-22,499,CARD,SUCCESS
PAY006338,C000589,2025-11-29,399,UPI,SUCCESS
PAY006339,C000430,2025-09-26,599,NET_BANKING,SUCCESS
PAY006340,C000854,2026-04-05,799,UPI,SUCCESS
PAY006341,C000368,2025-12-08,599,CARD,SUCCESS
PAY006342,C000439,2025-11-21,399,UPI,SUCCESS
PAY006343,C000478,2026-03-11,799,WALLET,SUCCESS
PAY006344,C000678,2026-09-01,599,NET_BANKING,SUCCESS
PAY006345,C000086,2026-01-20,599,NET_BANKING,SUCCESS
PAY006346,C000197,2026-07-10,499,CARD,SUCCESS
PAY006347,C000577,2026-07-02,799,UPI,FAILED
PAY006348,C000590,2026-02-16,199,UPI,FAILED
PAY006349,C000014,2025-10-19,799,UPI,SUCCESS
PAY006350,C000002,2025-11-12,599,CARD,SUCCESS
PAY006351,C000464,2025-11-24,599,UPI,SUCCESS
PAY006352,C000414,2026-01-20,599,UPI,SUCCESS
PAY006353,C000104,2026-01-23,499,UPI,FAILED
PAY006354,C000538,2026-08-05,399,CARD,SUCCESS
PAY006355,C000555,2026-05-26,999,CARD,SUCCESS
PAY006356,C000343,2026-03-05,799,CARD,SUCCESS
PAY006357,C000292,2026-05-09,799,CARD,REFUNDED
PAY006358,C000032,2026-07-01,799,CARD,FAILED
PAY006359,C000813,2026-05-29,999,WALLET,PENDING
PAY006360,C000523,2026-09-06,599,UPI,PENDING
PAY006361,C000248,2026-03-13,599,UPI,SUCCESS
PAY006362,C000019,2025-12-10,499,NET_BANKING,SUCCESS
PAY006363,C000069,2025-10-12,1499,CARD,SUCCESS
PAY006364,C000340,2026-02-27,199,UPI,PENDING
PAY006365,C000365,2025-10-11,499,WALLET,PENDING
PAY006366,C000973,2025-09-27,1499,CARD,SUCCESS
PAY006367,C000779,2026-04-20,799,CARD,FAILED
PAY006368,C000967,2026-06-27,299,UPI,PENDING
PAY006369,C000228,2025-10-25,399,NET_BANKING,REFUNDED
PAY006370,C000925,2026-04-23,999,NET_BANKING,SUCCESS
PAY006371,C000352,2026-03-27,1499,CARD,SUCCESS
PAY006372,C000282,2026-01-05,199,WALLET,REFUNDED
PAY006373,C000584,2026-05-07,1499,WALLET,PENDING
PAY006374,C000671,2026-04-24,199,NET_BANKING,FAILED
PAY006375,C000844,2025-11-24,799,CARD,SUCCESS
PAY006376,C000180,2026-03-02,799,WALLET,SUCCESS
PAY006377,C000666,2026-03-26,199,WALLET,SUCCESS
PAY006378,C000495,2025-11-25,399,CARD,SUCCESS
PAY006379,C000119,2026-02-01,799,NET_BANKING,FAILED
PAY006380,C000638,2025-11-11,299,NET_BANKING,FAILED
PAY006381,C000250,2025-11-08,599,CARD,SUCCESS
PAY006382,C000431,2026-02-04,399,NET_BANKING,SUCCESS
PAY006383,C000048,2025-12-21,199,WALLET,SUCCESS
PAY006384,C000827,2026-05-20,599,UPI,PENDING
PAY006385,C000043,2025-10-01,1499,UPI,SUCCESS
PAY006386,C000069,2026-08-05,399,WALLET,REFUNDED
PAY006387,C000434,2026-08-24,499,CARD,SUCCESS
PAY006388,C000654,2025-12-10,399,WALLET,SUCCESS
PAY006389,C000454,2026-09-17,499,NET_BANKING,PENDING
PAY006390,C000758,2026-03-21,499,WALLET,PENDING
PAY006391,C000266,2025-11-08,199,UPI,SUCCESS
PAY006392,C000924,2026-02-13,199,CARD,SUCCESS
PAY006393,C000882,2026-03-07,299,WALLET,REFUNDED
PAY006394,C000915,2026-01-17,1499,CARD,SUCCESS
PAY006395,C000250,2026-09-10,199,UPI,FAILED
PAY006396,C000957,2025-11-24,599,CARD,SUCCESS
PAY006397,C000338,2025-09-26,799,UPI,SUCCESS
PAY006398,C000057,2025-09-27,999,WALLET,SUCCESS
PAY006399,C000694,2025-10-13,399,NET_BANKING,SUCCESS
PAY006400,C000782,2026-05-17,599,CARD,SUCCESS
PAY006401,C000205,2025-11-02,199,WALLET,SUCCESS
PAY006402,C000287,2026-07-14,199,CARD,PENDING
PAY006403,C000881,2026-06-10,399,WALLET,SUCCESS
PAY006404,C000250,2025-09-25,599,UPI,FAILED
PAY006405,C000833,2026-02-17,1499,NET_BANKING,SUCCESS
PAY006406,C000165,2026-05-13,499,WALLET,SUCCESS
PAY006407,C000950,2025-12-25,599,UPI,SUCCESS
PAY006408,C000331,2026-06-19,499,WALLET,SUCCESS
PAY006409,C000833,2026-03-30,299,NET_BANKING,SUCCESS
PAY006410,C000241,2026-06-28,799,WALLET,SUCCESS
PAY006411,C000516,2026-03-10,399,UPI,SUCCESS
PAY006412,C000341,2026-05-24,499,CARD,FAILED
PAY006413,C000380,2026-07-05,299,NET_BANKING,SUCCESS
PAY006414,C000011,2026-01-08,1499,NET_BANKING,PENDING
PAY006415,C000720,2026-06-14,1499,CARD,SUCCESS
PAY006416,C000296,2025-12-23,399,UPI,FAILED
PAY006417,C000804,2026-06-13,199,WALLET,SUCCESS
PAY006418,C000990,2026-02-17,999,WALLET,SUCCESS
PAY006419,C000753,2026-03-28,1499,WALLET,SUCCESS
PAY006420,C000688,2025-10-10,999,WALLET,PENDING
PAY006421,C000576,2026-07-04,299,CARD,REFUNDED
PAY006422,C000216,2026-01-01,299,WALLET,PENDING
PAY006423,C000299,2025-10-19,199,UPI,SUCCESS
PAY006424,C000068,2026-02-12,199,UPI,PENDING
PAY006425,C000818,2025-10-16,1499,WALLET,SUCCESS
PAY006426,C000069,2026-07-08,1499,UPI,SUCCESS
PAY006427,C000441,2026-09-04,199,NET_BANKING,REFUNDED
PAY006428,C000313,2026-06-11,799,CARD,SUCCESS
PAY006429,C000677,2026-02-01,599,CARD,SUCCESS
PAY006430,C000793,2026-08-29,599,NET_BANKING,SUCCESS
PAY006431,C000480,2025-10-29,299,NET_BANKING,FAILED
PAY006432,C000759,2025-09-25,399,UPI,SUCCESS
PAY006433,C000403,2026-07-11,1499,CARD,REFUNDED
PAY006434,C000824,2026-07-13,199,WALLET,PENDING
PAY006435,C000664,2026-04-25,999,CARD,FAILED
PAY006436,C000763,2026-08-01,299,NET_BANKING,SUCCESS
PAY006437,C000610,2025-10-01,1499,CARD,SUCCESS
PAY006438,C000259,2026-09-01,199,CARD,REFUNDED
PAY006439,C000126,2026-08-11,999,WALLET,PENDING
PAY006440,C000137,2026-05-31,1499,UPI,SUCCESS
PAY006441,C000746,2025-10-14,399,CARD,FAILED
PAY006442,C000184,2025-11-11,199,UPI,REFUNDED
PAY006443,C000857,2026-04-09,799,UPI,FAILED
PAY006444,C000975,2026-07-09,199,NET_BANKING,SUCCESS
PAY006445,C000062,2026-02-04,499,CARD,SUCCESS
PAY006446,C000519,2026-03-15,499,CARD,SUCCESS
PAY006447,C000624,2026-04-11,499,CARD,REFUNDED
PAY006448,C000216,2025-12-07,399,NET_BANKING,SUCCESS
PAY006449,C000292,2026-01-14,999,CARD,SUCCESS
PAY006450,C000273,2026-04-16,199,WALLET,SUCCESS
PAY006451,C000923,2026-08-31,399,UPI,SUCCESS
PAY006452,C000765,2026-01-28,999,NET_BANKING,SUCCESS
PAY006453,C000797,2026-03-25,599,WALLET,SUCCESS
PAY006454,C000489,2026-02-26,299,WALLET,SUCCESS
PAY006455,C000181,2025-12-28,999,CARD,SUCCESS
PAY006456,C000206,2025-12-19,299,UPI,SUCCESS
PAY006457,C000663,2026-03-14,799,UPI,PENDING
PAY006458,C000328,2025-10-17,599,WALLET,SUCCESS
PAY006459,C000314,2026-09-18,199,WALLET,SUCCESS
PAY006460,C000764,2026-02-16,799,CARD,SUCCESS
PAY006461,C000366,2026-04-23,599,UPI,SUCCESS
PAY006462,C000217,2026-08-24,599,WALLET,SUCCESS
PAY006463,C000134,2026-04-11,499,WALLET,SUCCESS
PAY006464,C000803,2026-03-28,999,NET_BANKING,SUCCESS
PAY006465,C000888,2026-06-28,1499,UPI,SUCCESS
PAY006466,C000297,2026-06-27,999,NET_BANKING,SUCCESS
PAY006467,C000254,2026-04-15,299,CARD,PENDING
PAY006468,C000223,2026-02-08,599,WALLET,SUCCESS
PAY006469,C000678,2026-04-02,299,CARD,REFUNDED
PAY006470,C000848,2026-02-11,499,CARD,SUCCESS
PAY006471,C000041,2026-07-26,1499,NET_BANKING,SUCCESS
PAY006472,C000267,2026-05-11,799,WALLET,REFUNDED
PAY006473,C000162,2026-09-16,799,WALLET,SUCCESS
PAY006474,C000553,2025-11-13,399,NET_BANKING,SUCCESS
PAY006475,C000625,2026-04-08,399,WALLET,REFUNDED
PAY006476,C000200,2026-05-11,1499,CARD,REFUNDED
PAY006477,C000781,2026-03-10,1499,UPI,REFUNDED
PAY006478,C000598,2026-01-02,799,WALLET,SUCCESS
PAY006479,C000611,2025-11-03,499,CARD,PENDING
PAY006480,C000024,2026-01-23,999,WALLET,SUCCESS
PAY006481,C000149,2025-09-24,199,CARD,SUCCESS
PAY006482,C000388,2025-12-22,1499,UPI,SUCCESS
PAY006483,C000162,2026-06-10,1499,NET_BANKING,SUCCESS
PAY006484,C000561,2025-10-26,499,UPI,FAILED
PAY006485,C000637,2026-01-15,499,CARD,SUCCESS
PAY006486,C000741,2026-06-30,1499,NET_BANKING,SUCCESS
PAY006487,C000822,2026-04-08,299,NET_BANKING,SUCCESS
PAY006488,C000304,2026-01-22,199,NET_BANKING,SUCCESS
PAY006489,C000857,2026-03-17,599,NET_BANKING,SUCCESS
PAY006490,C000691,2026-03-08,599,CARD,SUCCESS
PAY006491,C000730,2026-09-09,799,CARD,REFUNDED
PAY006492,C000867,2026-04-22,999,WALLET,SUCCESS
PAY006493,C000964,2026-05-10,599,WALLET,SUCCESS
PAY006494,C000432,2026-06-30,599,WALLET,REFUNDED
PAY006495,C000088,2026-03-03,599,WALLET,PENDING
PAY006496,C000738,2026-08-25,599,WALLET,SUCCESS
PAY006497,C000327,2025-10-14,299,NET_BANKING,PENDING
PAY006498,C000587,2026-01-24,299,CARD,REFUNDED
PAY006499,C000760,2026-03-13,799,NET_BANKING,SUCCESS
PAY006500,C000948,2026-02-15,999,UPI,SUCCESS
PAY006501,C000824,2026-07-07,999,CARD,SUCCESS
PAY006502,C000202,2026-02-26,199,NET_BANKING,SUCCESS
PAY006503,C000544,2026-07-15,299,WALLET,SUCCESS
PAY006504,C000132,2025-09-26,299,WALLET,SUCCESS
PAY006505,C000303,2025-11-17,999,WALLET,FAILED
PAY006506,C000975,2026-03-24,399,UPI,FAILED
PAY006507,C000852,2026-07-08,999,WALLET,FAILED
PAY006508,C000854,2026-06-25,499,WALLET,SUCCESS
PAY006509,C000277,2026-02-28,199,UPI,PENDING
PAY006510,C000284,2025-12-06,399,UPI,SUCCESS
PAY006511,C000226,2025-11-17,499,UPI,SUCCESS
PAY006512,C000643,2026-04-13,199,WALLET,FAILED
PAY006513,C000027,2025-10-29,299,UPI,SUCCESS
PAY006514,C000261,2026-07-19,399,CARD,REFUNDED
PAY006515,C000020,2025-10-05,1499,UPI,SUCCESS
PAY006516,C000593,2026-05-03,299,NET_BANKING,REFUNDED
PAY006517,C000258,2025-10-20,1499,NET_BANKING,SUCCESS
PAY006518,C000344,2026-06-10,399,UPI,SUCCESS
PAY006519,C000027,2026-05-09,399,WALLET,SUCCESS
PAY006520,C000898,2026-02-21,599,WALLET,REFUNDED
PAY006521,C000769,2026-01-17,599,CARD,FAILED
PAY006522,C000228,2025-10-27,499,NET_BANKING,SUCCESS
PAY006523,C000911,2025-10-21,299,UPI,SUCCESS
PAY006524,C000129,2026-08-15,1499,WALLET,SUCCESS
PAY006525,C000959,2026-08-30,199,CARD,PENDING
PAY006526,C000820,2026-07-31,299,CARD,FAILED
PAY006527,C000876,2026-04-04,199,NET_BANKING,SUCCESS
PAY006528,C000391,2026-05-06,499,CARD,SUCCESS
PAY006529,C000044,2026-03-27,499,NET_BANKING,REFUNDED
PAY006530,C000034,2025-12-02,599,CARD,REFUNDED
PAY006531,C000946,2025-12-10,399,UPI,SUCCESS
PAY006532,C000321,2026-06-01,299,UPI,SUCCESS
PAY006533,C000281,2025-11-10,499,UPI,FAILED
PAY006534,C000166,2026-03-09,399,CARD,PENDING
PAY006535,C000868,2026-02-03,299,WALLET,FAILED
PAY006536,C000513,2026-05-22,599,UPI,SUCCESS
PAY006537,C000162,2026-02-10,299,UPI,SUCCESS
PAY006538,C000641,2026-05-30,1499,WALLET,SUCCESS
PAY006539,C000988,2025-12-08,599,WALLET,SUCCESS
PAY006540,C000208,2026-06-30,399,WALLET,REFUNDED
PAY006541,C000050,2026-06-23,499,NET_BANKING,SUCCESS
PAY006542,C000809,2025-09-25,799,NET_BANKING,REFUNDED
PAY006543,C000794,2026-05-08,799,WALLET,FAILED
PAY006544,C000947,2025-11-11,1499,CARD,REFUNDED
PAY006545,C000643,2025-12-08,199,WALLET,SUCCESS
PAY006546,C000577,2026-04-04,299,NET_BANKING,FAILED
PAY006547,C000515,2026-04-06,1499,NET_BANKING,PENDING
PAY006548,C000754,2025-10-17,399,NET_BANKING,REFUNDED
PAY006549,C000062,2026-03-21,499,UPI,SUCCESS
PAY006550,C000825,2026-01-15,1499,CARD,SUCCESS
PAY006551,C000934,2026-01-21,999,CARD,SUCCESS
PAY006552,C000128,2026-04-14,299,UPI,SUCCESS
PAY006553,C000524,2026-01-27,799,UPI,FAILED
PAY006554,C000044,2025-12-24,999,UPI,SUCCESS
PAY006555,C000289,2025-12-31,499,UPI,SUCCESS
PAY006556,C000306,2026-06-20,599,UPI,SUCCESS
PAY006557,C000676,2026-07-19,999,CARD,SUCCESS
PAY006558,C000510,2025-11-10,499,UPI,SUCCESS
PAY006559,C000235,2026-06-03,999,UPI,FAILED
PAY006560,C000188,2026-08-25,999,CARD,FAILED
PAY006561,C000331,2026-07-27,299,NET_BANKING,PENDING
PAY006562,C000215,2026-06-24,1499,NET_BANKING,SUCCESS
PAY006563,C000748,2026-04-20,599,UPI,SUCCESS
PAY006564,C000139,2026-03-21,199,UPI,PENDING
PAY006565,C000719,2026-04-04,999,NET_BANKING,SUCCESS
PAY006566,C000484,2026-04-09,399,UPI,SUCCESS
PAY006567,C000736,2026-03-25,1499,UPI,REFUNDED
PAY006568,C000389,2025-11-26,999,UPI,SUCCESS
PAY006569,C000986,2026-01-02,399,WALLET,SUCCESS
PAY006570,C000649,2026-03-14,799,CARD,SUCCESS
PAY006571,C000195,2026-08-08,199,UPI,PENDING
PAY006572,C000213,2026-01-01,499,WALLET,FAILED
PAY006573,C000134,2025-10-16,599,UPI,PENDING
PAY006574,C000334,2026-07-20,399,CARD,FAILED
PAY006575,C000036,2025-11-17,199,NET_BANKING,SUCCESS
PAY006576,C000375,2026-08-28,199,CARD,SUCCESS
PAY006577,C000578,2026-06-18,199,UPI,PENDING
PAY006578,C000032,2026-07-19,199,NET_BANKING,PENDING
PAY006579,C000335,2026-03-20,299,WALLET,REFUNDED
PAY006580,C000356,2026-02-14,599,WALLET,SUCCESS
PAY006581,C000596,2026-05-09,1499,NET_BANKING,FAILED
PAY006582,C000268,2026-02-14,399,UPI,SUCCESS
PAY006583,C000671,2026-05-12,799,UPI,SUCCESS
PAY006584,C000689,2026-06-23,199,WALLET,SUCCESS
PAY006585,C000091,2026-07-27,399,WALLET,REFUNDED
PAY006586,C000463,2026-06-17,199,CARD,SUCCESS
PAY006587,C000185,2026-01-30,799,WALLET,SUCCESS
PAY006588,C000664,2026-01-05,999,NET_BANKING,FAILED
PAY006589,C000653,2026-01-01,599,UPI,SUCCESS
PAY006590,C000812,2026-02-12,599,WALLET,PENDING
PAY006591,C000317,2026-03-31,599,CARD,FAILED
PAY006592,C000484,2026-08-23,199,NET_BANKING,FAILED
PAY006593,C000234,2026-01-19,299,UPI,SUCCESS
PAY006594,C000306,2026-04-27,199,CARD,FAILED
PAY006595,C000069,2026-02-27,1499,CARD,REFUNDED
PAY006596,C000010,2026-01-07,399,CARD,SUCCESS
PAY006597,C000877,2026-06-24,199,WALLET,PENDING
PAY006598,C000964,2025-09-27,999,WALLET,FAILED
PAY006599,C000951,2026-04-01,1499,NET_BANKING,PENDING
PAY006600,C000543,2026-03-12,599,NET_BANKING,SUCCESS
PAY006601,C000353,2026-08-27,599,NET_BANKING,PENDING
PAY006602,C000797,2026-06-30,199,NET_BANKING,FAILED
PAY006603,C000644,2026-06-17,499,CARD,FAILED
PAY006604,C000943,2026-08-23,299,UPI,REFUNDED
PAY006605,C000599,2026-06-01,199,WALLET,REFUNDED
PAY006606,C000028,2026-05-12,1499,WALLET,SUCCESS
PAY006607,C000504,2026-03-23,299,CARD,PENDING
PAY006608,C000961,2025-12-24,399,WALLET,SUCCESS
PAY006609,C000302,2025-10-01,299,WALLET,SUCCESS
PAY006610,C000675,2025-10-22,1499,WALLET,FAILED
PAY006611,C000681,2025-10-19,599,NET_BANKING,REFUNDED
PAY006612,C000057,2025-10-18,299,NET_BANKING,PENDING
PAY006613,C000781,2025-12-27,1499,NET_BANKING,SUCCESS
PAY006614,C000782,2026-02-23,1499,NET_BANKING,REFUNDED
PAY006615,C000655,2026-03-20,799,CARD,SUCCESS
PAY006616,C000769,2026-03-20,999,CARD,PENDING
PAY006617,C000370,2025-11-08,199,WALLET,PENDING
PAY006618,C000533,2026-05-26,999,CARD,SUCCESS
PAY006619,C000406,2026-01-29,999,NET_BANKING,SUCCESS
PAY006620,C000244,2025-10-21,399,WALLET,REFUNDED
PAY006621,C000638,2026-04-23,499,WALLET,PENDING
PAY006622,C000244,2025-11-19,199,WALLET,SUCCESS
PAY006623,C000181,2026-06-30,599,NET_BANKING,FAILED
PAY006624,C000228,2026-04-24,1499,WALLET,FAILED
PAY006625,C000090,2026-07-11,999,UPI,PENDING
PAY006626,C000779,2026-01-01,199,WALLET,FAILED
PAY006627,C000190,2025-11-24,999,NET_BANKING,FAILED
PAY006628,C000287,2026-01-23,1499,UPI,PENDING
PAY006629,C000559,2026-04-21,199,NET_BANKING,SUCCESS
PAY006630,C000848,2026-04-08,799,NET_BANKING,SUCCESS
PAY006631,C000176,2026-06-15,799,WALLET,SUCCESS
PAY006632,C000343,2026-09-20,299,WALLET,SUCCESS
PAY006633,C000011,2026-01-03,299,WALLET,SUCCESS
PAY006634,C000318,2026-05-06,399,WALLET,FAILED
PAY006635,C000278,2026-01-06,199,UPI,SUCCESS
PAY006636,C000374,2026-04-26,799,UPI,FAILED
PAY006637,C000358,2025-10-28,199,WALLET,SUCCESS
PAY006638,C000009,2026-02-09,1499,CARD,SUCCESS
PAY006639,C000323,2026-06-26,1499,UPI,SUCCESS
PAY006640,C000333,2026-09-10,299,UPI,SUCCESS
PAY006641,C000640,2025-11-06,399,UPI,SUCCESS
PAY006642,C000502,2026-03-13,199,CARD,REFUNDED
PAY006643,C000948,2026-03-18,599,UPI,PENDING
PAY006644,C000216,2026-03-23,999,NET_BANKING,PENDING
PAY006645,C000533,2026-07-06,599,WALLET,PENDING
PAY006646,C000977,2025-11-18,199,CARD,FAILED
PAY006647,C000503,2026-07-04,999,WALLET,FAILED
PAY006648,C000059,2025-12-16,599,NET_BANKING,REFUNDED
PAY006649,C000541,2025-10-27,1499,UPI,SUCCESS
PAY006650,C000406,2026-05-18,799,WALLET,SUCCESS
PAY006651,C000264,2026-03-07,499,WALLET,PENDING
PAY006652,C000369,2026-05-03,499,WALLET,SUCCESS
PAY006653,C000811,2025-09-23,399,NET_BANKING,PENDING
PAY006654,C000947,2026-08-21,399,CARD,SUCCESS
PAY006655,C000766,2025-09-27,999,CARD,FAILED
PAY006656,C000477,2026-04-09,1499,UPI,FAILED
PAY006657,C000870,2025-11-08,499,WALLET,SUCCESS
PAY006658,C000737,2026-03-28,199,WALLET,SUCCESS
PAY006659,C000567,2026-04-22,299,WALLET,REFUNDED
PAY006660,C000578,2026-01-24,999,WALLET,SUCCESS
PAY006661,C000603,2025-10-12,799,WALLET,PENDING
PAY006662,C000596,2025-12-12,499,NET_BANKING,PENDING
PAY006663,C000802,2026-02-07,599,CARD,FAILED
PAY006664,C000721,2025-09-27,199,WALLET,PENDING
PAY006665,C000184,2025-11-25,299,NET_BANKING,SUCCESS
PAY006666,C000861,2026-04-10,299,UPI,SUCCESS
PAY006667,C000629,2026-05-14,1499,UPI,PENDING
PAY006668,C000815,2025-11-11,199,NET_BANKING,SUCCESS
PAY006669,C000397,2026-04-04,499,NET_BANKING,SUCCESS
PAY006670,C000185,2026-05-09,999,UPI,SUCCESS
PAY006671,C000137,2026-03-25,399,CARD,SUCCESS
PAY006672,C000104,2026-09-05,799,NET_BANKING,SUCCESS
PAY006673,C000183,2026-02-19,1499,WALLET,SUCCESS
PAY006674,C000770,2025-10-12,299,CARD,SUCCESS
PAY006675,C000648,2026-08-25,499,NET_BANKING,SUCCESS
PAY006676,C000523,2026-07-24,199,CARD,SUCCESS
PAY006677,C000804,2026-08-15,599,CARD,FAILED
PAY006678,C000910,2026-04-13,799,CARD,FAILED
PAY006679,C000672,2026-03-28,399,UPI,FAILED
PAY006680,C000479,2026-05-04,199,CARD,SUCCESS
PAY006681,C000354,2026-07-09,199,WALLET,PENDING
PAY006682,C000885,2025-11-23,499,UPI,REFUNDED
PAY006683,C000932,2026-03-14,999,UPI,SUCCESS
PAY006684,C000033,2026-03-12,299,CARD,SUCCESS
PAY006685,C000188,2026-01-02,499,CARD,SUCCESS
PAY006686,C000273,2026-07-26,799,UPI,PENDING
PAY006687,C000219,2026-01-20,799,UPI,SUCCESS
PAY006688,C000024,2026-07-12,1499,WALLET,SUCCESS
PAY006689,C000840,2026-01-04,999,UPI,PENDING
PAY006690,C000681,2025-10-14,799,WALLET,SUCCESS
PAY006691,C000329,2026-06-11,399,WALLET,SUCCESS
PAY006692,C000774,2025-09-25,1499,WALLET,FAILED
PAY006693,C000843,2026-05-05,499,UPI,PENDING
PAY006694,C000231,2026-06-02,799,NET_BANKING,FAILED
PAY006695,C000855,2026-04-26,1499,CARD,SUCCESS
PAY006696,C000433,2025-10-19,499,UPI,SUCCESS
PAY006697,C000747,2026-06-25,599,NET_BANKING,REFUNDED
PAY006698,C000738,2026-05-11,499,UPI,REFUNDED
PAY006699,C000999,2026-02-06,799,WALLET,SUCCESS
PAY006700,C000119,2025-09-27,1499,NET_BANKING,SUCCESS
PAY006701,C000494,2026-07-19,599,WALLET,PENDING
PAY006702,C000963,2025-11-29,299,NET_BANKING,SUCCESS
PAY006703,C000450,2026-03-07,299,WALLET,SUCCESS
PAY006704,C000389,2026-04-02,1499,UPI,SUCCESS
PAY006705,C000008,2026-05-16,799,NET_BANKING,PENDING
PAY006706,C000261,2026-09-22,299,CARD,PENDING
PAY006707,C000301,2026-02-25,1499,WALLET,SUCCESS
PAY006708,C000086,2026-07-21,1499,UPI,SUCCESS
PAY006709,C000619,2026-01-26,299,UPI,PENDING
PAY006710,C000997,2026-05-24,299,CARD,SUCCESS
PAY006711,C000161,2026-01-22,599,NET_BANKING,PENDING
PAY006712,C000814,2025-10-10,499,UPI,REFUNDED
PAY006713,C000931,2026-01-08,399,NET_BANKING,SUCCESS
PAY006714,C000469,2026-02-10,1499,UPI,FAILED
PAY006715,C000880,2026-09-20,199,WALLET,SUCCESS
PAY006716,C000996,2025-12-18,799,NET_BANKING,SUCCESS
PAY006717,C000150,2025-10-28,1499,WALLET,REFUNDED
PAY006718,C000914,2026-07-07,399,CARD,FAILED
PAY006719,C000941,2026-03-06,799,WALLET,REFUNDED
PAY006720,C000728,2025-12-23,399,NET_BANKING,SUCCESS
PAY006721,C000935,2026-07-25,1499,NET_BANKING,SUCCESS
PAY006722,C000970,2026-02-11,799,CARD,SUCCESS
PAY006723,C000088,2025-11-07,499,WALLET,FAILED
PAY006724,C000731,2025-09-23,799,UPI,REFUNDED
PAY006725,C000231,2025-12-15,799,NET_BANKING,SUCCESS
PAY006726,C000739,2026-07-04,299,CARD,SUCCESS
PAY006727,C000153,2025-12-09,799,WALLET,SUCCESS
PAY006728,C000902,2026-07-24,299,WALLET,SUCCESS
PAY006729,C000535,2026-06-03,299,WALLET,SUCCESS
PAY006730,C000744,2025-11-06,599,WALLET,SUCCESS
PAY006731,C000418,2025-10-18,599,NET_BANKING,FAILED
PAY006732,C000185,2026-05-19,1499,UPI,REFUNDED
PAY006733,C000277,2026-08-06,499,WALLET,REFUNDED
PAY006734,C000861,2026-05-24,799,NET_BANKING,SUCCESS
PAY006735,C000046,2025-12-25,599,WALLET,FAILED
PAY006736,C000553,2026-04-30,199,UPI,REFUNDED
PAY006737,C000493,2026-06-28,299,NET_BANKING,FAILED
PAY006738,C000783,2026-04-02,499,WALLET,FAILED
PAY006739,C000524,2025-12-23,1499,UPI,SUCCESS
PAY006740,C000357,2025-12-20,299,CARD,FAILED
PAY006741,C000760,2026-09-18,499,UPI,SUCCESS
PAY006742,C000838,2025-12-12,999,NET_BANKING,SUCCESS
PAY006743,C000386,2026-03-07,399,UPI,FAILED
PAY006744,C000235,2026-03-18,399,WALLET,SUCCESS
PAY006745,C000376,2026-03-22,299,NET_BANKING,SUCCESS
PAY006746,C000423,2025-12-16,799,WALLET,SUCCESS
PAY006747,C000048,2025-12-30,799,NET_BANKING,REFUNDED
PAY006748,C000697,2026-05-18,499,UPI,SUCCESS
PAY006749,C000936,2026-02-24,1499,CARD,PENDING
PAY006750,C000881,2026-05-05,299,CARD,SUCCESS
PAY006751,C000518,2026-07-01,499,NET_BANKING,FAILED
PAY006752,C000847,2026-05-10,1499,UPI,SUCCESS
PAY006753,C000904,2025-12-25,499,UPI,FAILED
PAY006754,C000604,2026-04-06,999,WALLET,SUCCESS
PAY006755,C000593,2026-05-12,299,CARD,PENDING
PAY006756,C000542,2026-01-14,399,NET_BANKING,REFUNDED
PAY006757,C000375,2026-02-09,299,CARD,SUCCESS
PAY006758,C000703,2026-01-19,599,WALLET,SUCCESS
PAY006759,C000746,2026-08-13,999,CARD,REFUNDED
PAY006760,C000648,2025-11-28,1499,WALLET,FAILED
PAY006761,C000696,2026-03-21,399,CARD,SUCCESS
PAY006762,C000742,2026-04-27,499,UPI,SUCCESS
PAY006763,C000318,2026-04-02,1499,CARD,SUCCESS
PAY006764,C000451,2026-03-15,599,WALLET,PENDING
PAY006765,C000406,2026-05-04,399,UPI,SUCCESS
PAY006766,C000235,2025-11-25,299,WALLET,SUCCESS
PAY006767,C000483,2026-06-24,799,UPI,SUCCESS
PAY006768,C000300,2026-04-12,299,CARD,SUCCESS
PAY006769,C000164,2026-04-17,299,CARD,REFUNDED
PAY006770,C000267,2026-05-06,1499,CARD,PENDING
PAY006771,C000905,2025-12-11,299,WALLET,FAILED
PAY006772,C000949,2026-02-24,799,UPI,SUCCESS
PAY006773,C000449,2026-03-04,499,CARD,SUCCESS
PAY006774,C000552,2026-03-18,799,CARD,PENDING
PAY006775,C000732,2026-04-03,999,WALLET,SUCCESS
PAY006776,C000089,2026-04-19,499,CARD,PENDING
PAY006777,C000050,2026-07-15,199,NET_BANKING,SUCCESS
PAY006778,C000351,2025-12-16,799,UPI,SUCCESS
PAY006779,C000470,2026-05-13,599,WALLET,FAILED
PAY006780,C000180,2025-10-14,399,WALLET,SUCCESS
PAY006781,C000859,2025-10-13,1499,WALLET,SUCCESS
PAY006782,C000745,2026-06-24,499,UPI,SUCCESS
PAY006783,C000128,2026-03-26,1499,CARD,SUCCESS
PAY006784,C000523,2026-05-01,599,WALLET,PENDING
PAY006785,C000309,2026-03-05,1499,UPI,SUCCESS
PAY006786,C000354,2026-05-19,799,UPI,REFUNDED
PAY006787,C000088,2026-01-10,399,CARD,SUCCESS
PAY006788,C000806,2026-03-25,199,CARD,SUCCESS
PAY006789,C000407,2026-08-15,999,CARD,PENDING
PAY006790,C000287,2026-09-16,499,WALLET,SUCCESS
PAY006791,C000327,2026-05-17,299,CARD,SUCCESS
PAY006792,C000114,2025-12-06,499,UPI,SUCCESS
PAY006793,C000103,2026-01-21,1499,NET_BANKING,SUCCESS
PAY006794,C000754,2025-10-22,399,NET_BANKING,SUCCESS
PAY006795,C000968,2026-01-26,1499,WALLET,SUCCESS
PAY006796,C000916,2025-11-02,799,WALLET,REFUNDED
PAY006797,C000830,2025-10-20,199,WALLET,REFUNDED
PAY006798,C000259,2026-09-15,599,NET_BANKING,SUCCESS
PAY006799,C000693,2025-10-09,399,NET_BANKING,SUCCESS
PAY006800,C000082,2026-02-07,199,NET_BANKING,REFUNDED
PAY006801,C000609,2025-11-10,999,UPI,PENDING
PAY006802,C000677,2026-05-08,799,CARD,PENDING
PAY006803,C000022,2026-02-22,299,UPI,SUCCESS
PAY006804,C000337,2026-01-11,799,NET_BANKING,SUCCESS
PAY006805,C000859,2026-04-23,599,NET_BANKING,SUCCESS
PAY006806,C000794,2025-10-08,199,CARD,SUCCESS
PAY006807,C000282,2026-03-19,599,UPI,SUCCESS
PAY006808,C000601,2026-04-21,499,NET_BANKING,REFUNDED
PAY006809,C000115,2025-12-06,1499,WALLET,SUCCESS
PAY006810,C000235,2026-07-04,499,WALLET,SUCCESS
PAY006811,C000742,2026-08-17,399,UPI,SUCCESS
PAY006812,C000879,2025-12-30,499,UPI,SUCCESS
PAY006813,C001000,2026-01-12,799,CARD,PENDING
PAY006814,C000659,2025-12-25,299,CARD,SUCCESS
PAY006815,C000481,2026-02-16,1499,UPI,SUCCESS
PAY006816,C000604,2026-01-22,599,CARD,SUCCESS
PAY006817,C000660,2025-11-05,799,CARD,SUCCESS
PAY006818,C000603,2026-06-18,599,NET_BANKING,SUCCESS
PAY006819,C000258,2025-11-27,599,CARD,SUCCESS
PAY006820,C000168,2026-04-24,299,NET_BANKING,SUCCESS
PAY006821,C000117,2026-09-22,599,UPI,SUCCESS
PAY006822,C000170,2026-01-03,799,NET_BANKING,SUCCESS
PAY006823,C000525,2025-10-10,499,UPI,SUCCESS
PAY006824,C000978,2025-11-21,599,CARD,FAILED
PAY006825,C000666,2026-07-07,799,WALLET,SUCCESS
PAY006826,C000229,2025-12-20,799,NET_BANKING,SUCCESS
PAY006827,C000944,2026-04-03,199,WALLET,SUCCESS
PAY006828,C000464,2026-03-08,499,NET_BANKING,SUCCESS
PAY006829,C000372,2026-01-12,499,WALLET,SUCCESS
PAY006830,C000535,2026-05-31,599,UPI,SUCCESS
PAY006831,C000066,2026-06-13,799,NET_BANKING,SUCCESS
PAY006832,C000632,2026-09-17,999,WALLET,SUCCESS
PAY006833,C000242,2026-08-19,999,NET_BANKING,SUCCESS
PAY006834,C000119,2025-11-16,199,NET_BANKING,SUCCESS
PAY006835,C000197,2026-04-19,399,CARD,REFUNDED
PAY006836,C000017,2026-04-22,299,UPI,SUCCESS
PAY006837,C000608,2026-04-21,1499,UPI,SUCCESS
PAY006838,C000564,2026-06-17,399,WALLET,SUCCESS
PAY006839,C000537,2026-02-20,599,WALLET,SUCCESS
PAY006840,C000944,2026-03-28,999,NET_BANKING,SUCCESS
PAY006841,C000344,2026-08-30,199,UPI,SUCCESS
PAY006842,C000728,2026-09-20,399,NET_BANKING,FAILED
PAY006843,C000773,2026-01-19,1499,UPI,SUCCESS
PAY006844,C000863,2026-02-15,299,CARD,SUCCESS
PAY006845,C000086,2025-12-02,199,NET_BANKING,FAILED
PAY006846,C000116,2026-08-08,599,WALLET,SUCCESS
PAY006847,C000140,2026-05-10,299,NET_BANKING,PENDING
PAY006848,C000611,2025-10-14,399,UPI,SUCCESS
PAY006849,C000100,2026-03-28,199,NET_BANKING,SUCCESS
PAY006850,C000656,2026-03-22,499,UPI,SUCCESS
PAY006851,C000795,2025-12-24,1499,WALLET,FAILED
PAY006852,C000045,2026-03-17,1499,CARD,REFUNDED
PAY006853,C000374,2026-01-09,799,CARD,SUCCESS
PAY006854,C000726,2025-12-29,499,WALLET,FAILED
PAY006855,C000063,2025-11-12,499,CARD,SUCCESS
PAY006856,C000278,2026-02-06,499,NET_BANKING,SUCCESS
PAY006857,C000820,2026-09-10,599,NET_BANKING,SUCCESS
PAY006858,C000500,2026-01-05,499,WALLET,FAILED
PAY006859,C000646,2026-06-14,799,UPI,SUCCESS
PAY006860,C000706,2026-02-02,999,NET_BANKING,SUCCESS
PAY006861,C000632,2026-08-15,599,NET_BANKING,FAILED
PAY006862,C000453,2026-06-10,799,CARD,REFUNDED
PAY006863,C000246,2026-03-10,299,UPI,SUCCESS
PAY006864,C000436,2025-10-21,1499,WALLET,FAILED
PAY006865,C000760,2026-01-03,799,NET_BANKING,SUCCESS
PAY006866,C000767,2026-03-28,1499,CARD,SUCCESS
PAY006867,C000739,2026-07-07,799,CARD,SUCCESS
PAY006868,C000458,2025-10-08,199,WALLET,SUCCESS
PAY006869,C000535,2026-09-05,499,CARD,REFUNDED
PAY006870,C000281,2026-08-25,499,CARD,SUCCESS
PAY006871,C000444,2025-12-07,799,WALLET,SUCCESS
PAY006872,C000374,2026-04-04,599,NET_BANKING,PENDING
PAY006873,C000255,2026-02-12,199,NET_BANKING,REFUNDED
PAY006874,C000312,2026-05-09,799,CARD,SUCCESS
PAY006875,C000417,2026-09-19,599,WALLET,PENDING
PAY006876,C000863,2026-07-19,199,WALLET,SUCCESS
PAY006877,C000378,2026-02-24,399,WALLET,SUCCESS
PAY006878,C000585,2025-10-29,399,UPI,SUCCESS
PAY006879,C000764,2026-07-04,1499,WALLET,SUCCESS
PAY006880,C000773,2025-11-17,999,UPI,SUCCESS
PAY006881,C000645,2026-09-10,799,WALLET,SUCCESS
PAY006882,C000681,2026-04-27,799,UPI,REFUNDED
PAY006883,C000931,2026-05-05,799,WALLET,SUCCESS
PAY006884,C000342,2025-11-21,499,NET_BANKING,SUCCESS
PAY006885,C000054,2025-10-30,499,CARD,FAILED
PAY006886,C000752,2026-08-12,499,WALLET,SUCCESS
PAY006887,C000849,2026-02-01,499,UPI,REFUNDED
PAY006888,C000689,2026-02-06,299,CARD,SUCCESS
PAY006889,C000742,2025-11-30,399,CARD,SUCCESS
PAY006890,C000919,2026-02-05,299,NET_BANKING,PENDING
PAY006891,C000470,2026-03-13,299,CARD,SUCCESS
PAY006892,C000530,2025-10-23,1499,UPI,SUCCESS
PAY006893,C000679,2025-10-04,799,CARD,SUCCESS
PAY006894,C000465,2026-06-04,1499,WALLET,FAILED
PAY006895,C000935,2025-12-14,1499,NET_BANKING,PENDING
PAY006896,C000328,2026-09-06,799,CARD,SUCCESS
PAY006897,C000409,2025-10-19,299,NET_BANKING,REFUNDED
PAY006898,C000875,2026-06-10,1499,UPI,REFUNDED
PAY006899,C000675,2026-04-11,599,WALLET,SUCCESS
PAY006900,C000736,2026-06-28,299,CARD,SUCCESS
PAY006901,C000074,2026-01-10,999,UPI,PENDING
PAY006902,C000305,2026-01-06,199,CARD,SUCCESS
PAY006903,C000217,2026-07-27,199,WALLET,SUCCESS
PAY006904,C000496,2026-08-09,299,WALLET,PENDING
PAY006905,C000259,2025-12-10,799,UPI,SUCCESS
PAY006906,C000809,2025-12-19,599,NET_BANKING,SUCCESS
PAY006907,C000325,2026-04-07,999,UPI,PENDING
PAY006908,C000243,2025-12-06,799,WALLET,REFUNDED
PAY006909,C000264,2025-10-10,499,WALLET,SUCCESS
PAY006910,C000240,2025-10-15,999,CARD,SUCCESS
PAY006911,C000333,2026-05-10,1499,WALLET,SUCCESS
PAY006912,C000144,2026-04-21,499,CARD,REFUNDED
PAY006913,C000054,2026-09-19,399,UPI,SUCCESS
PAY006914,C000608,2026-02-08,999,NET_BANKING,SUCCESS
PAY006915,C000945,2025-10-27,199,CARD,REFUNDED
PAY006916,C000510,2025-10-11,1499,NET_BANKING,SUCCESS
PAY006917,C000543,2026-01-07,999,CARD,REFUNDED
PAY006918,C000383,2025-09-29,399,CARD,PENDING
PAY006919,C000812,2025-11-29,399,WALLET,SUCCESS
PAY006920,C000360,2026-01-23,599,UPI,SUCCESS
PAY006921,C000187,2026-03-06,999,WALLET,SUCCESS
PAY006922,C000897,2026-05-29,199,NET_BANKING,SUCCESS
PAY006923,C000801,2026-02-23,799,WALLET,SUCCESS
PAY006924,C000491,2026-01-15,499,UPI,SUCCESS
PAY006925,C000304,2025-11-25,299,UPI,FAILED
PAY006926,C000257,2026-04-26,799,NET_BANKING,SUCCESS
PAY006927,C000665,2026-03-09,399,NET_BANKING,REFUNDED
PAY006928,C000182,2026-07-10,399,CARD,FAILED
PAY006929,C000809,2026-01-03,599,NET_BANKING,SUCCESS
PAY006930,C000128,2026-05-08,299,UPI,SUCCESS
PAY006931,C000550,2026-03-03,599,UPI,FAILED
PAY006932,C000742,2026-04-15,299,NET_BANKING,SUCCESS
PAY006933,C000274,2025-10-20,799,UPI,REFUNDED
PAY006934,C000758,2026-05-21,999,NET_BANKING,SUCCESS
PAY006935,C000345,2026-01-14,999,NET_BANKING,SUCCESS
PAY006936,C000485,2026-04-22,999,UPI,FAILED
PAY006937,C000184,2026-05-08,199,NET_BANKING,PENDING
PAY006938,C000127,2026-04-11,599,WALLET,SUCCESS
PAY006939,C000715,2025-12-23,499,NET_BANKING,SUCCESS
PAY006940,C000539,2026-08-31,399,UPI,SUCCESS
PAY006941,C000816,2025-12-21,1499,UPI,SUCCESS
PAY006942,C000949,2025-10-01,599,WALLET,FAILED
PAY006943,C000550,2026-02-19,799,NET_BANKING,SUCCESS
PAY006944,C000510,2026-06-23,999,UPI,PENDING
PAY006945,C000020,2026-08-31,599,NET_BANKING,SUCCESS
PAY006946,C000350,2026-06-22,799,CARD,FAILED
PAY006947,C000360,2026-04-13,799,WALLET,SUCCESS
PAY006948,C000581,2025-11-13,299,WALLET,REFUNDED
PAY006949,C000989,2026-08-27,799,WALLET,PENDING
PAY006950,C000034,2026-08-16,1499,CARD,FAILED
PAY006951,C000754,2026-09-08,1499,WALLET,SUCCESS
PAY006952,C000657,2026-08-17,499,WALLET,SUCCESS
PAY006953,C000576,2025-12-31,199,UPI,FAILED
PAY006954,C000589,2026-02-18,799,WALLET,FAILED
PAY006955,C000551,2026-03-24,499,UPI,SUCCESS
PAY006956,C000934,2025-11-10,999,UPI,SUCCESS
PAY006957,C000942,2026-04-09,999,CARD,PENDING
PAY006958,C000464,2026-09-05,399,WALLET,FAILED
PAY006959,C000709,2025-11-26,999,UPI,SUCCESS
PAY006960,C000039,2026-06-02,299,CARD,SUCCESS
PAY006961,C000916,2026-01-19,999,UPI,SUCCESS
PAY006962,C000905,2026-09-22,999,NET_BANKING,SUCCESS
PAY006963,C000957,2026-08-19,999,UPI,SUCCESS
PAY006964,C000563,2025-09-25,299,WALLET,FAILED
PAY006965,C000120,2026-08-11,299,WALLET,SUCCESS
PAY006966,C000140,2025-10-04,299,UPI,PENDING
PAY006967,C000432,2026-02-24,299,NET_BANKING,SUCCESS
PAY006968,C000404,2025-09-27,399,NET_BANKING,SUCCESS
PAY006969,C000365,2026-02-18,799,NET_BANKING,FAILED
PAY006970,C000645,2026-06-17,599,CARD,SUCCESS
PAY006971,C000511,2025-10-11,999,NET_BANKING,PENDING
PAY006972,C000078,2026-08-29,1499,WALLET,FAILED
PAY006973,C000729,2026-09-07,599,WALLET,SUCCESS
PAY006974,C000383,2026-06-16,1499,UPI,REFUNDED
PAY006975,C000514,2026-01-21,399,CARD,SUCCESS
PAY006976,C000567,2026-03-19,399,NET_BANKING,REFUNDED
PAY006977,C000478,2025-10-17,799,CARD,SUCCESS
PAY006978,C000220,2026-06-04,999,NET_BANKING,FAILED
PAY006979,C000032,2026-06-19,799,WALLET,SUCCESS
PAY006980,C000155,2026-05-27,1499,WALLET,FAILED
PAY006981,C000936,2026-01-21,499,CARD,REFUNDED
PAY006982,C000095,2026-06-08,1499,CARD,SUCCESS
PAY006983,C000557,2025-10-20,999,UPI,SUCCESS
PAY006984,C000962,2025-12-01,1499,WALLET,SUCCESS
PAY006985,C000658,2026-01-22,399,UPI,PENDING
PAY006986,C000936,2025-11-11,299,CARD,FAILED
PAY006987,C000219,2026-03-24,199,WALLET,SUCCESS
PAY006988,C000954,2025-10-05,399,NET_BANKING,FAILED
PAY006989,C000672,2026-01-29,199,UPI,PENDING
PAY006990,C000656,2025-10-20,1499,NET_BANKING,REFUNDED
PAY006991,C000127,2026-01-28,399,UPI,SUCCESS
PAY006992,C000470,2025-12-29,499,NET_BANKING,SUCCESS
PAY006993,C000178,2026-04-22,1499,WALLET,REFUNDED
PAY006994,C000482,2025-10-30,499,WALLET,FAILED
PAY006995,C000344,2025-09-24,1499,NET_BANKING,FAILED
PAY006996,C000228,2025-09-25,999,NET_BANKING,SUCCESS
PAY006997,C000289,2026-01-18,599,WALLET,SUCCESS
PAY006998,C000090,2026-07-17,599,UPI,SUCCESS
PAY006999,C000075,2026-08-27,599,CARD,PENDING
PAY007000,C000773,2026-01-06,199,NET_BANKING,PENDING
PAY007001,C000237,2026-04-16,599,UPI,FAILED
PAY007002,C000137,2026-09-19,499,NET_BANKING,PENDING
PAY007003,C000180,2026-07-04,799,UPI,REFUNDED
PAY007004,C000646,2026-03-03,1499,WALLET,SUCCESS
PAY007005,C000840,2025-12-04,799,NET_BANKING,FAILED
PAY007006,C000756,2026-03-14,1499,UPI,SUCCESS
PAY007007,C000015,2026-03-02,199,NET_BANKING,SUCCESS
PAY007008,C000678,2025-12-22,999,CARD,REFUNDED
PAY007009,C000493,2026-08-26,799,WALLET,PENDING
PAY007010,C000478,2026-01-17,999,NET_BANKING,SUCCESS
PAY007011,C000744,2026-08-04,499,CARD,FAILED
PAY007012,C000524,2026-05-21,399,CARD,SUCCESS
PAY007013,C000432,2025-12-29,199,NET_BANKING,REFUNDED
PAY007014,C000673,2026-06-14,1499,UPI,SUCCESS
PAY007015,C000719,2026-08-13,299,CARD,SUCCESS
PAY007016,C000390,2026-03-18,299,NET_BANKING,FAILED
PAY007017,C000178,2025-12-23,1499,CARD,SUCCESS
PAY007018,C000052,2026-02-04,599,CARD,SUCCESS
PAY007019,C000979,2026-09-07,299,WALLET,SUCCESS
PAY007020,C000814,2025-10-08,799,NET_BANKING,SUCCESS
PAY007021,C000284,2025-10-15,599,CARD,FAILED
PAY007022,C000786,2025-11-21,299,WALLET,SUCCESS
PAY007023,C000712,2026-07-12,599,NET_BANKING,SUCCESS
PAY007024,C000240,2026-07-16,599,UPI,FAILED
PAY007025,C000277,2026-05-19,799,WALLET,PENDING
PAY007026,C000649,2025-09-25,199,CARD,SUCCESS
PAY007027,C000824,2025-10-17,599,NET_BANKING,SUCCESS
PAY007028,C000979,2025-11-09,1499,CARD,PENDING
PAY007029,C000250,2026-01-24,299,CARD,SUCCESS
PAY007030,C000213,2026-09-15,199,WALLET,SUCCESS
PAY007031,C000162,2026-01-09,399,WALLET,FAILED
PAY007032,C000952,2026-02-17,299,WALLET,SUCCESS
PAY007033,C000238,2026-01-03,599,WALLET,SUCCESS
PAY007034,C000748,2026-05-03,999,UPI,SUCCESS
PAY007035,C000682,2026-06-29,999,WALLET,SUCCESS
PAY007036,C000897,2026-04-04,799,UPI,SUCCESS
PAY007037,C000810,2025-09-27,799,CARD,REFUNDED
PAY007038,C000247,2026-04-14,999,WALLET,SUCCESS
PAY007039,C000573,2026-03-24,399,NET_BANKING,SUCCESS
PAY007040,C000763,2025-12-31,1499,UPI,REFUNDED
PAY007041,C000461,2026-03-25,199,CARD,SUCCESS
PAY007042,C000809,2025-12-16,199,UPI,FAILED
PAY007043,C000308,2025-09-30,499,WALLET,FAILED
PAY007044,C000021,2026-09-10,1499,WALLET,SUCCESS
PAY007045,C000442,2026-02-17,399,WALLET,SUCCESS
PAY007046,C000056,2026-04-13,599,UPI,FAILED
PAY007047,C000738,2026-06-20,599,WALLET,SUCCESS
PAY007048,C000881,2026-01-14,799,NET_BANKING,REFUNDED
PAY007049,C000759,2026-08-01,799,CARD,PENDING
PAY007050,C000272,2026-02-03,399,NET_BANKING,SUCCESS
PAY007051,C000165,2026-05-11,299,NET_BANKING,SUCCESS
PAY007052,C000969,2025-10-08,199,WALLET,FAILED
PAY007053,C000238,2026-03-28,199,CARD,SUCCESS
PAY007054,C000410,2026-05-27,999,UPI,SUCCESS
PAY007055,C000605,2026-04-23,499,WALLET,PENDING
PAY007056,C000776,2026-02-20,299,UPI,REFUNDED
PAY007057,C000005,2026-07-10,399,CARD,SUCCESS
PAY007058,C000322,2026-06-06,199,WALLET,REFUNDED
PAY007059,C000380,2026-07-06,399,NET_BANKING,REFUNDED
PAY007060,C000094,2026-08-04,499,CARD,REFUNDED
PAY007061,C000108,2026-04-01,399,NET_BANKING,PENDING
PAY007062,C000719,2025-12-29,799,NET_BANKING,FAILED
PAY007063,C000142,2026-07-15,999,CARD,PENDING
PAY007064,C000431,2026-06-02,199,NET_BANKING,FAILED
PAY007065,C000668,2026-07-18,499,UPI,SUCCESS
PAY007066,C000225,2026-05-16,999,UPI,FAILED
PAY007067,C000864,2025-11-04,999,WALLET,PENDING
PAY007068,C000650,2026-03-30,399,NET_BANKING,FAILED
PAY007069,C000205,2026-08-12,299,WALLET,PENDING
PAY007070,C000725,2026-03-29,399,WALLET,REFUNDED
PAY007071,C000241,2026-02-09,1499,NET_BANKING,REFUNDED
PAY007072,C000771,2025-10-02,999,UPI,SUCCESS
PAY007073,C000477,2025-12-18,599,UPI,SUCCESS
PAY007074,C000142,2026-03-06,499,CARD,PENDING
PAY007075,C000037,2026-01-27,199,CARD,SUCCESS
PAY007076,C000935,2025-10-02,999,WALLET,SUCCESS
PAY007077,C000370,2026-03-04,799,UPI,REFUNDED
PAY007078,C000003,2025-12-14,199,NET_BANKING,SUCCESS
PAY007079,C000192,2025-11-06,799,NET_BANKING,SUCCESS
PAY007080,C000388,2025-10-10,1499,WALLET,SUCCESS
PAY007081,C000341,2026-02-07,1499,WALLET,FAILED
PAY007082,C000747,2025-10-02,399,NET_BANKING,SUCCESS
PAY007083,C000799,2025-10-15,799,CARD,SUCCESS
PAY007084,C000167,2026-08-03,599,NET_BANKING,PENDING
PAY007085,C000762,2026-01-07,1499,NET_BANKING,SUCCESS
PAY007086,C000113,2026-08-27,999,NET_BANKING,SUCCESS
PAY007087,C000208,2025-10-28,999,NET_BANKING,FAILED
PAY007088,C000337,2026-06-18,599,UPI,FAILED
PAY007089,C000448,2026-05-09,999,NET_BANKING,FAILED
PAY007090,C000757,2026-02-06,199,UPI,SUCCESS
PAY007091,C000351,2025-11-26,299,UPI,FAILED
PAY007092,C000150,2026-05-29,599,NET_BANKING,SUCCESS
PAY007093,C000819,2026-03-29,299,CARD,SUCCESS
PAY007094,C000997,2026-05-08,599,CARD,SUCCESS
PAY007095,C000738,2026-07-28,999,WALLET,REFUNDED
PAY007096,C000269,2025-10-09,599,UPI,REFUNDED
PAY007097,C000718,2025-09-25,399,UPI,REFUNDED
PAY007098,C000158,2026-03-18,299,WALLET,REFUNDED
PAY007099,C000593,2026-04-30,199,WALLET,SUCCESS
PAY007100,C000401,2026-07-22,399,CARD,PENDING
PAY007101,C000964,2025-12-03,799,WALLET,SUCCESS
PAY007102,C000084,2026-05-04,799,CARD,SUCCESS
PAY007103,C000148,2026-06-22,999,CARD,SUCCESS
PAY007104,C000793,2026-04-07,399,NET_BANKING,SUCCESS
PAY007105,C000728,2025-11-02,199,UPI,REFUNDED
PAY007106,C000638,2026-04-02,199,UPI,REFUNDED
PAY007107,C000626,2026-01-31,999,WALLET,SUCCESS
PAY007108,C000456,2026-07-09,599,UPI,SUCCESS
PAY007109,C000031,2025-10-08,799,CARD,SUCCESS
PAY007110,C000326,2026-07-25,999,NET_BANKING,SUCCESS
PAY007111,C000651,2026-02-21,1499,WALLET,SUCCESS
PAY007112,C000130,2026-01-07,599,NET_BANKING,SUCCESS
PAY007113,C000630,2026-06-06,999,WALLET,SUCCESS
PAY007114,C000981,2025-11-02,799,UPI,REFUNDED
PAY007115,C000237,2026-08-28,299,NET_BANKING,SUCCESS
PAY007116,C000842,2025-12-25,399,NET_BANKING,SUCCESS
PAY007117,C000525,2025-12-27,499,WALLET,SUCCESS
PAY007118,C000286,2026-01-01,999,NET_BANKING,SUCCESS
PAY007119,C000901,2025-09-25,299,CARD,PENDING
PAY007120,C000775,2026-05-23,599,CARD,PENDING
PAY007121,C000891,2026-09-17,999,UPI,SUCCESS
PAY007122,C000922,2026-09-06,299,UPI,SUCCESS
PAY007123,C000275,2026-02-04,799,WALLET,SUCCESS
PAY007124,C000103,2026-03-11,1499,UPI,SUCCESS
PAY007125,C000850,2026-06-10,199,WALLET,SUCCESS
PAY007126,C000568,2025-11-20,399,WALLET,SUCCESS
PAY007127,C000209,2026-03-19,499,WALLET,SUCCESS
PAY007128,C000913,2026-09-03,599,WALLET,SUCCESS
PAY007129,C000729,2026-04-30,299,CARD,REFUNDED
PAY007130,C000211,2026-04-01,499,WALLET,PENDING
PAY007131,C000394,2025-09-24,599,CARD,SUCCESS
PAY007132,C000109,2026-01-22,599,UPI,REFUNDED
PAY007133,C000455,2026-09-21,199,CARD,PENDING
PAY007134,C000423,2026-01-08,999,CARD,PENDING
PAY007135,C000071,2026-06-02,199,NET_BANKING,SUCCESS
PAY007136,C000124,2025-10-21,299,NET_BANKING,SUCCESS
PAY007137,C000640,2025-11-10,399,CARD,SUCCESS
PAY007138,C000383,2025-10-15,399,CARD,SUCCESS
PAY007139,C000061,2026-03-25,499,NET_BANKING,FAILED
PAY007140,C000547,2025-10-23,199,CARD,SUCCESS
PAY007141,C000054,2026-01-19,299,CARD,PENDING
PAY007142,C000200,2026-05-11,1499,NET_BANKING,PENDING
PAY007143,C000955,2025-10-07,299,CARD,SUCCESS
PAY007144,C000153,2025-09-26,1499,CARD,SUCCESS
PAY007145,C000224,2026-07-11,1499,CARD,PENDING
PAY007146,C000645,2026-01-21,999,CARD,REFUNDED
PAY007147,C000642,2026-09-02,399,WALLET,SUCCESS
PAY007148,C000134,2025-12-23,799,WALLET,PENDING
PAY007149,C000065,2026-08-23,399,NET_BANKING,SUCCESS
PAY007150,C000084,2026-02-02,199,WALLET,SUCCESS
PAY007151,C000149,2026-03-30,299,NET_BANKING,SUCCESS
PAY007152,C000713,2026-05-07,999,WALLET,SUCCESS
PAY007153,C000090,2026-07-26,999,WALLET,FAILED
PAY007154,C000031,2026-08-04,1499,UPI,SUCCESS
PAY007155,C000991,2026-03-30,399,WALLET,SUCCESS
PAY007156,C000017,2026-02-23,199,CARD,PENDING
PAY007157,C000849,2026-04-11,499,UPI,REFUNDED
PAY007158,C000983,2026-09-15,399,UPI,SUCCESS
PAY007159,C000695,2025-12-24,299,UPI,FAILED
PAY007160,C000300,2025-11-21,499,WALLET,SUCCESS
PAY007161,C000776,2026-01-09,199,NET_BANKING,REFUNDED
PAY007162,C000509,2026-03-23,399,CARD,SUCCESS
PAY007163,C000537,2026-06-29,199,WALLET,SUCCESS
PAY007164,C000903,2026-05-11,799,WALLET,REFUNDED
PAY007165,C000153,2026-07-06,599,NET_BANKING,SUCCESS
PAY007166,C000815,2026-09-13,799,WALLET,SUCCESS
PAY007167,C000262,2026-07-29,499,CARD,PENDING
PAY007168,C000630,2026-06-23,499,CARD,PENDING
PAY007169,C000238,2026-05-30,399,WALLET,REFUNDED
PAY007170,C000196,2025-12-09,399,CARD,SUCCESS
PAY007171,C000367,2026-01-24,799,CARD,SUCCESS
PAY007172,C000137,2026-01-16,599,CARD,SUCCESS
PAY007173,C000048,2026-09-05,299,UPI,SUCCESS
PAY007174,C000797,2026-01-29,599,WALLET,FAILED
PAY007175,C000911,2026-01-27,399,UPI,REFUNDED
PAY007176,C000893,2025-11-24,799,UPI,SUCCESS
PAY007177,C000380,2026-04-19,799,NET_BANKING,SUCCESS
PAY007178,C000374,2026-03-28,599,CARD,SUCCESS
PAY007179,C000689,2026-09-18,399,UPI,FAILED
PAY007180,C000174,2026-08-22,999,WALLET,SUCCESS
PAY007181,C000300,2025-10-21,499,NET_BANKING,SUCCESS
PAY007182,C000359,2026-05-25,199,CARD,SUCCESS
PAY007183,C000731,2025-10-15,399,CARD,PENDING
PAY007184,C000938,2026-02-13,399,NET_BANKING,SUCCESS
PAY007185,C000122,2026-02-26,499,NET_BANKING,PENDING
PAY007186,C000693,2025-11-16,399,WALLET,SUCCESS
PAY007187,C000537,2026-06-13,599,CARD,SUCCESS
PAY007188,C000827,2025-11-28,499,CARD,REFUNDED
PAY007189,C000917,2026-07-03,599,WALLET,FAILED
PAY007190,C000792,2025-12-11,199,WALLET,SUCCESS
PAY007191,C000101,2025-11-23,1499,CARD,SUCCESS
PAY007192,C000878,2026-05-29,499,UPI,SUCCESS
PAY007193,C000895,2026-07-27,199,NET_BANKING,SUCCESS
PAY007194,C000463,2026-03-02,499,UPI,SUCCESS
PAY007195,C000946,2026-07-17,199,CARD,SUCCESS
PAY007196,C000537,2025-12-14,599,NET_BANKING,SUCCESS
PAY007197,C000292,2026-05-09,499,CARD,SUCCESS
PAY007198,C000495,2026-07-17,399,WALLET,SUCCESS
PAY007199,C000743,2026-03-30,599,CARD,SUCCESS
PAY007200,C000210,2026-03-13,599,NET_BANKING,SUCCESS
PAY007201,C000300,2026-09-18,299,UPI,SUCCESS
PAY007202,C000081,2025-09-28,599,UPI,SUCCESS
PAY007203,C000565,2026-07-17,399,CARD,SUCCESS
PAY007204,C000719,2025-11-05,1499,UPI,FAILED
PAY007205,C000894,2026-06-07,499,CARD,SUCCESS
PAY007206,C000023,2026-07-31,799,CARD,SUCCESS
PAY007207,C000107,2026-06-22,299,WALLET,FAILED
PAY007208,C000689,2026-07-12,399,UPI,SUCCESS
PAY007209,C000510,2026-08-22,299,UPI,SUCCESS
PAY007210,C000808,2026-08-02,999,CARD,PENDING
PAY007211,C000807,2026-08-22,999,NET_BANKING,REFUNDED
PAY007212,C000257,2025-10-23,499,WALLET,SUCCESS
PAY007213,C000615,2026-02-01,299,NET_BANKING,PENDING
PAY007214,C000434,2026-08-14,399,NET_BANKING,SUCCESS
PAY007215,C000236,2026-01-12,299,CARD,SUCCESS
PAY007216,C000669,2026-08-11,999,WALLET,FAILED
PAY007217,C000750,2026-09-12,499,CARD,SUCCESS
PAY007218,C000973,2026-07-29,1499,NET_BANKING,SUCCESS
PAY007219,C000513,2026-03-29,599,UPI,FAILED
PAY007220,C000427,2026-01-02,299,UPI,REFUNDED
PAY007221,C000563,2025-10-26,799,UPI,SUCCESS
PAY007222,C000555,2026-06-06,999,NET_BANKING,REFUNDED
PAY007223,C000666,2026-08-26,499,UPI,REFUNDED
PAY007224,C000812,2025-09-29,1499,UPI,SUCCESS
PAY007225,C000910,2026-08-27,499,UPI,SUCCESS
PAY007226,C000078,2026-03-01,399,NET_BANKING,SUCCESS
PAY007227,C000548,2026-04-25,799,UPI,SUCCESS
PAY007228,C000567,2026-05-29,199,UPI,SUCCESS
PAY007229,C000328,2025-10-27,399,UPI,SUCCESS
PAY007230,C000463,2026-05-13,599,WALLET,REFUNDED
PAY007231,C000985,2026-09-01,299,UPI,SUCCESS
PAY007232,C000383,2026-07-17,399,CARD,SUCCESS
PAY007233,C000250,2026-07-29,999,UPI,REFUNDED
PAY007234,C000632,2026-01-15,799,UPI,SUCCESS
PAY007235,C000031,2026-06-06,399,CARD,REFUNDED
PAY007236,C000534,2026-08-28,999,UPI,SUCCESS
PAY007237,C000324,2026-05-24,799,CARD,REFUNDED
PAY007238,C000673,2025-11-10,599,UPI,SUCCESS
PAY007239,C000773,2026-02-10,199,UPI,SUCCESS
PAY007240,C000762,2026-09-07,999,WALLET,SUCCESS
PAY007241,C000749,2025-11-10,1499,NET_BANKING,FAILED
PAY007242,C000602,2025-10-19,199,WALLET,SUCCESS
PAY007243,C000314,2026-01-11,299,WALLET,REFUNDED
PAY007244,C000933,2026-01-05,199,UPI,PENDING
PAY007245,C000533,2026-02-26,599,UPI,SUCCESS
PAY007246,C000640,2025-11-06,1499,UPI,REFUNDED
PAY007247,C000164,2026-02-13,399,NET_BANKING,FAILED
PAY007248,C000837,2025-12-30,999,CARD,SUCCESS
PAY007249,C000061,2026-04-25,499,WALLET,SUCCESS
PAY007250,C000437,2026-02-18,999,WALLET,SUCCESS
PAY007251,C000519,2026-04-20,599,CARD,SUCCESS
PAY007252,C000933,2026-07-25,1499,WALLET,SUCCESS
PAY007253,C000057,2025-12-03,499,NET_BANKING,SUCCESS
PAY007254,C000391,2026-09-13,199,CARD,FAILED
PAY007255,C000242,2025-10-11,299,NET_BANKING,FAILED
PAY007256,C000256,2025-12-25,299,NET_BANKING,SUCCESS
PAY007257,C000544,2026-06-16,499,UPI,SUCCESS
PAY007258,C000999,2026-01-17,1499,NET_BANKING,FAILED
PAY007259,C000232,2026-09-08,1499,CARD,SUCCESS
PAY007260,C000932,2026-03-19,1499,WALLET,FAILED
PAY007261,C000108,2026-08-11,599,NET_BANKING,SUCCESS
PAY007262,C000277,2025-12-30,399,WALLET,SUCCESS
PAY007263,C000998,2026-08-03,1499,WALLET,PENDING
PAY007264,C000549,2026-08-31,599,NET_BANKING,SUCCESS
PAY007265,C000150,2026-01-24,199,CARD,SUCCESS
PAY007266,C000919,2026-08-05,599,NET_BANKING,SUCCESS
PAY007267,C000390,2026-08-30,799,NET_BANKING,REFUNDED
PAY007268,C000616,2026-01-29,1499,WALLET,REFUNDED
PAY007269,C000210,2026-01-05,799,UPI,SUCCESS
PAY007270,C000372,2026-07-14,999,WALLET,PENDING
PAY007271,C000634,2026-08-08,199,CARD,SUCCESS
PAY007272,C000191,2026-06-11,599,NET_BANKING,SUCCESS
PAY007273,C000465,2026-02-19,199,CARD,FAILED
PAY007274,C000329,2026-03-01,999,WALLET,REFUNDED
PAY007275,C000306,2026-06-19,599,UPI,SUCCESS
PAY007276,C000713,2025-10-13,999,WALLET,SUCCESS
PAY007277,C000258,2025-11-07,299,UPI,PENDING
PAY007278,C000256,2026-08-11,1499,NET_BANKING,SUCCESS
PAY007279,C000252,2025-10-09,499,UPI,PENDING
PAY007280,C000645,2026-01-19,199,WALLET,SUCCESS
PAY007281,C000278,2026-05-25,299,UPI,SUCCESS
PAY007282,C000689,2025-10-16,399,UPI,SUCCESS
PAY007283,C000824,2025-11-18,599,UPI,SUCCESS
PAY007284,C000080,2025-12-07,199,UPI,SUCCESS
PAY007285,C000692,2026-07-25,399,WALLET,PENDING
PAY007286,C000200,2026-03-13,299,CARD,FAILED
PAY007287,C000250,2025-12-22,299,CARD,SUCCESS
PAY007288,C000878,2025-12-15,799,UPI,SUCCESS
PAY007289,C000364,2026-09-05,799,CARD,REFUNDED
PAY007290,C000692,2025-12-07,399,WALLET,SUCCESS
PAY007291,C000180,2026-02-23,199,CARD,SUCCESS
PAY007292,C000212,2026-04-28,1499,CARD,SUCCESS
PAY007293,C000813,2026-02-06,499,CARD,PENDING
PAY007294,C000841,2026-07-28,299,UPI,SUCCESS
PAY007295,C000283,2026-04-13,399,WALLET,SUCCESS
PAY007296,C000701,2025-12-13,599,UPI,SUCCESS
PAY007297,C000778,2026-02-18,299,NET_BANKING,SUCCESS
PAY007298,C000379,2025-12-14,199,WALLET,REFUNDED
PAY007299,C000643,2026-04-29,299,UPI,SUCCESS
PAY007300,C000235,2026-07-15,499,CARD,PENDING
PAY007301,C000639,2026-03-10,999,UPI,SUCCESS
PAY007302,C000897,2026-09-21,199,NET_BANKING,SUCCESS
PAY007303,C000461,2026-05-21,999,NET_BANKING,FAILED
PAY007304,C000770,2025-11-17,799,CARD,SUCCESS
PAY007305,C000695,2026-03-18,799,CARD,SUCCESS
PAY007306,C000785,2026-05-11,299,UPI,SUCCESS
PAY007307,C000671,2026-07-20,799,CARD,SUCCESS
PAY007308,C000054,2026-06-16,299,NET_BANKING,REFUNDED
PAY007309,C000038,2026-02-08,999,UPI,FAILED
PAY007310,C000671,2026-04-28,599,UPI,SUCCESS
PAY007311,C000659,2026-02-02,499,WALLET,SUCCESS
PAY007312,C000880,2025-11-07,999,WALLET,FAILED
PAY007313,C000587,2026-03-07,299,NET_BANKING,SUCCESS
PAY007314,C000544,2026-07-30,999,WALLET,SUCCESS
PAY007315,C000341,2025-11-30,499,UPI,SUCCESS
PAY007316,C000930,2026-07-17,299,WALLET,SUCCESS
PAY007317,C000781,2026-02-20,599,UPI,SUCCESS
PAY007318,C000071,2026-03-21,299,WALLET,SUCCESS
PAY007319,C000921,2026-03-02,399,CARD,SUCCESS
PAY007320,C000199,2026-04-17,599,NET_BANKING,SUCCESS
PAY007321,C000778,2026-02-14,599,UPI,REFUNDED
PAY007322,C000229,2025-10-31,599,CARD,PENDING
PAY007323,C000978,2025-09-26,499,WALLET,SUCCESS
PAY007324,C000699,2026-01-14,1499,NET_BANKING,SUCCESS
PAY007325,C000592,2026-02-13,199,UPI,SUCCESS
PAY007326,C000704,2026-04-07,199,CARD,SUCCESS
PAY007327,C000942,2026-09-02,999,NET_BANKING,REFUNDED
PAY007328,C000850,2026-03-07,799,CARD,SUCCESS
PAY007329,C000803,2025-10-13,399,NET_BANKING,SUCCESS
PAY007330,C000658,2026-08-20,199,NET_BANKING,REFUNDED
PAY007331,C000578,2025-10-14,299,UPI,SUCCESS
PAY007332,C000186,2026-02-06,1499,NET_BANKING,SUCCESS
PAY007333,C000842,2026-06-25,299,WALLET,SUCCESS
PAY007334,C000993,2025-11-26,1499,CARD,PENDING
PAY007335,C000543,2026-03-23,299,WALLET,SUCCESS
PAY007336,C000124,2025-10-12,299,NET_BANKING,SUCCESS
PAY007337,C000687,2026-01-24,199,WALLET,SUCCESS
PAY007338,C000674,2026-02-16,999,UPI,PENDING
PAY007339,C000238,2026-03-25,499,CARD,SUCCESS
PAY007340,C000429,2026-05-17,599,NET_BANKING,FAILED
PAY007341,C000489,2026-08-04,299,UPI,FAILED
PAY007342,C000244,2026-07-12,399,UPI,SUCCESS
PAY007343,C000542,2026-04-20,199,NET_BANKING,SUCCESS
PAY007344,C000914,2026-07-26,399,WALLET,SUCCESS
PAY007345,C000427,2026-08-24,199,UPI,FAILED
PAY007346,C000091,2026-07-27,399,WALLET,SUCCESS
PAY007347,C000477,2026-01-04,999,WALLET,SUCCESS
PAY007348,C000810,2026-07-04,1499,NET_BANKING,REFUNDED
PAY007349,C000788,2026-03-11,999,CARD,SUCCESS
PAY007350,C000068,2026-02-27,599,WALLET,REFUNDED
PAY007351,C000104,2026-01-03,299,UPI,SUCCESS
PAY007352,C000738,2026-06-15,599,CARD,SUCCESS
PAY007353,C000775,2026-08-21,999,UPI,REFUNDED
PAY007354,C000291,2025-12-12,599,CARD,REFUNDED
PAY007355,C000904,2026-04-10,299,NET_BANKING,REFUNDED
PAY007356,C000122,2026-01-30,199,WALLET,REFUNDED
PAY007357,C000671,2025-11-08,799,NET_BANKING,SUCCESS
PAY007358,C000777,2026-05-03,799,UPI,SUCCESS
PAY007359,C000276,2026-05-18,499,WALLET,PENDING
PAY007360,C000969,2026-01-29,399,CARD,REFUNDED
PAY007361,C000533,2026-01-16,499,WALLET,SUCCESS
PAY007362,C000960,2026-05-29,299,WALLET,FAILED
PAY007363,C000049,2026-05-07,399,CARD,SUCCESS
PAY007364,C000730,2026-09-13,199,CARD,REFUNDED
PAY007365,C000372,2025-09-29,1499,WALLET,FAILED
PAY007366,C000539,2026-06-20,599,WALLET,SUCCESS
PAY007367,C000797,2026-07-05,399,WALLET,SUCCESS
PAY007368,C000853,2025-12-28,499,NET_BANKING,PENDING
PAY007369,C000601,2026-08-10,599,CARD,SUCCESS
PAY007370,C000273,2025-11-01,299,CARD,FAILED
PAY007371,C000254,2025-12-03,399,UPI,SUCCESS
PAY007372,C000424,2025-12-06,399,NET_BANKING,SUCCESS
PAY007373,C000173,2026-05-18,399,WALLET,SUCCESS
PAY007374,C000342,2025-10-14,399,WALLET,SUCCESS
PAY007375,C000099,2026-02-26,199,NET_BANKING,SUCCESS
PAY007376,C000078,2026-07-21,299,NET_BANKING,SUCCESS
PAY007377,C000482,2026-08-10,499,NET_BANKING,PENDING
PAY007378,C000273,2025-10-01,499,CARD,FAILED
PAY007379,C000577,2025-12-16,999,WALLET,REFUNDED
PAY007380,C000567,2025-12-09,799,WALLET,REFUNDED
PAY007381,C000875,2025-10-08,999,NET_BANKING,SUCCESS
PAY007382,C000846,2025-12-17,299,NET_BANKING,REFUNDED
PAY007383,C000981,2026-03-21,799,CARD,SUCCESS
PAY007384,C000407,2026-05-30,799,WALLET,SUCCESS
PAY007385,C000749,2025-12-02,599,CARD,PENDING
PAY007386,C000395,2026-01-03,999,NET_BANKING,SUCCESS
PAY007387,C000757,2026-07-29,499,WALLET,PENDING
PAY007388,C000760,2026-04-11,999,NET_BANKING,SUCCESS
PAY007389,C000896,2025-10-26,999,CARD,FAILED
PAY007390,C000020,2026-08-30,299,NET_BANKING,SUCCESS
PAY007391,C000261,2026-09-02,799,NET_BANKING,FAILED
PAY007392,C000564,2026-08-13,199,UPI,SUCCESS
PAY007393,C000801,2026-07-24,399,CARD,FAILED
PAY007394,C000955,2025-11-04,999,UPI,REFUNDED
PAY007395,C000288,2026-02-05,199,NET_BANKING,SUCCESS
PAY007396,C000959,2025-12-01,299,UPI,REFUNDED
PAY007397,C000642,2026-08-16,1499,NET_BANKING,SUCCESS
PAY007398,C000032,2025-12-30,599,UPI,SUCCESS
PAY007399,C000354,2026-07-12,599,UPI,SUCCESS
PAY007400,C000190,2026-03-05,199,WALLET,REFUNDED
PAY007401,C000210,2026-09-17,199,WALLET,SUCCESS
PAY007402,C000662,2025-11-11,799,CARD,PENDING
PAY007403,C000459,2026-05-11,999,UPI,PENDING
PAY007404,C000649,2026-03-18,799,NET_BANKING,PENDING
PAY007405,C000897,2025-11-14,599,NET_BANKING,REFUNDED
PAY007406,C000916,2026-02-26,299,UPI,SUCCESS
PAY007407,C000859,2025-11-23,1499,CARD,SUCCESS
PAY007408,C000661,2026-06-04,299,WALLET,SUCCESS
PAY007409,C000513,2025-10-19,999,CARD,SUCCESS
PAY007410,C000184,2026-01-29,999,WALLET,SUCCESS
PAY007411,C000396,2025-12-19,1499,CARD,SUCCESS
PAY007412,C000536,2025-11-02,299,WALLET,FAILED
PAY007413,C000561,2026-03-11,599,NET_BANKING,SUCCESS
PAY007414,C000763,2026-05-25,399,NET_BANKING,SUCCESS
PAY007415,C000869,2026-02-11,399,CARD,SUCCESS
PAY007416,C000586,2026-08-13,399,CARD,SUCCESS
PAY007417,C000755,2026-08-13,999,CARD,PENDING
PAY007418,C000143,2025-12-22,199,CARD,REFUNDED
PAY007419,C000595,2025-10-07,599,CARD,SUCCESS
PAY007420,C000116,2026-02-11,599,NET_BANKING,FAILED
PAY007421,C000645,2026-04-27,799,WALLET,SUCCESS
PAY007422,C000791,2026-01-18,399,UPI,SUCCESS
PAY007423,C000534,2026-04-06,399,UPI,SUCCESS
PAY007424,C000140,2025-12-20,799,WALLET,SUCCESS
PAY007425,C000921,2026-04-11,999,WALLET,PENDING
PAY007426,C000467,2025-10-10,499,UPI,SUCCESS
PAY007427,C000588,2026-06-01,199,UPI,FAILED
PAY007428,C000087,2026-08-14,499,WALLET,REFUNDED
PAY007429,C000449,2026-04-02,199,CARD,REFUNDED
PAY007430,C000060,2026-09-22,1499,NET_BANKING,SUCCESS
PAY007431,C000223,2025-11-07,599,CARD,PENDING
PAY007432,C000116,2026-07-03,499,UPI,SUCCESS
PAY007433,C000695,2025-12-15,499,NET_BANKING,SUCCESS
PAY007434,C000065,2025-09-30,799,CARD,FAILED
PAY007435,C000527,2026-06-12,799,NET_BANKING,REFUNDED
PAY007436,C000824,2026-06-30,299,NET_BANKING,SUCCESS
PAY007437,C000761,2026-08-14,499,NET_BANKING,SUCCESS
PAY007438,C000379,2026-05-07,799,NET_BANKING,SUCCESS
PAY007439,C000185,2026-09-19,199,NET_BANKING,SUCCESS
PAY007440,C000215,2026-02-03,1499,UPI,SUCCESS
PAY007441,C000122,2025-12-05,199,UPI,SUCCESS
PAY007442,C000801,2025-11-30,199,CARD,SUCCESS
PAY007443,C000645,2025-11-04,499,CARD,SUCCESS
PAY007444,C000950,2026-08-04,599,WALLET,FAILED
PAY007445,C000238,2026-09-02,199,UPI,SUCCESS
PAY007446,C000986,2026-09-09,799,NET_BANKING,REFUNDED
PAY007447,C000444,2026-01-04,199,WALLET,REFUNDED
PAY007448,C000393,2026-02-25,599,CARD,FAILED
PAY007449,C000205,2026-04-23,399,UPI,PENDING
PAY007450,C000834,2026-02-14,299,CARD,SUCCESS
PAY007451,C000552,2025-10-30,299,CARD,SUCCESS
PAY007452,C000004,2025-10-07,1499,UPI,SUCCESS
PAY007453,C000556,2025-10-10,299,WALLET,PENDING
PAY007454,C000219,2026-06-09,599,UPI,SUCCESS
PAY007455,C000041,2026-02-03,299,NET_BANKING,SUCCESS
PAY007456,C000239,2025-12-11,599,CARD,FAILED
PAY007457,C000197,2025-10-06,299,CARD,SUCCESS
PAY007458,C000864,2025-11-06,299,WALLET,SUCCESS
PAY007459,C000880,2026-03-28,499,WALLET,REFUNDED
PAY007460,C000963,2025-12-18,599,WALLET,SUCCESS
PAY007461,C000199,2026-02-05,199,WALLET,SUCCESS
PAY007462,C000906,2025-12-12,199,CARD,SUCCESS
PAY007463,C000521,2026-04-19,999,UPI,FAILED
PAY007464,C000181,2026-04-28,499,WALLET,REFUNDED
PAY007465,C000591,2026-02-07,399,CARD,SUCCESS
PAY007466,C000197,2026-06-15,299,NET_BANKING,SUCCESS
PAY007467,C000477,2025-09-24,1499,WALLET,SUCCESS
PAY007468,C000381,2026-04-16,199,CARD,REFUNDED
PAY007469,C000076,2025-10-28,499,NET_BANKING,REFUNDED
PAY007470,C000569,2026-07-07,599,WALLET,SUCCESS
PAY007471,C000939,2026-06-28,799,CARD,FAILED
PAY007472,C000346,2026-08-20,999,UPI,FAILED
PAY007473,C000927,2026-03-28,199,WALLET,REFUNDED
PAY007474,C000688,2026-01-21,999,CARD,REFUNDED
PAY007475,C000831,2025-11-08,999,NET_BANKING,SUCCESS
PAY007476,C000195,2026-02-03,499,NET_BANKING,SUCCESS
PAY007477,C000773,2026-06-20,299,NET_BANKING,SUCCESS
PAY007478,C000204,2026-05-24,199,NET_BANKING,SUCCESS
PAY007479,C000766,2026-03-23,199,UPI,SUCCESS
PAY007480,C000916,2026-08-06,1499,CARD,SUCCESS
PAY007481,C000591,2026-03-18,999,CARD,REFUNDED
PAY007482,C000687,2026-05-17,499,NET_BANKING,SUCCESS
PAY007483,C000398,2026-01-08,199,NET_BANKING,FAILED
PAY007484,C000600,2026-02-27,999,NET_BANKING,PENDING
PAY007485,C000726,2025-12-03,799,UPI,PENDING
PAY007486,C000675,2026-03-25,999,UPI,SUCCESS
PAY007487,C000562,2026-02-23,799,NET_BANKING,PENDING
PAY007488,C000198,2025-12-10,799,WALLET,SUCCESS
PAY007489,C000251,2026-02-25,299,CARD,PENDING
PAY007490,C000280,2026-05-21,1499,UPI,FAILED
PAY007491,C000612,2026-03-25,599,NET_BANKING,SUCCESS
PAY007492,C000499,2025-11-07,599,WALLET,SUCCESS
PAY007493,C000928,2026-07-23,299,WALLET,SUCCESS
PAY007494,C000607,2026-03-13,299,UPI,PENDING
PAY007495,C000169,2026-07-21,199,UPI,SUCCESS
PAY007496,C000515,2026-05-25,299,NET_BANKING,FAILED
PAY007497,C000689,2026-07-09,199,WALLET,PENDING
PAY007498,C000397,2026-05-18,599,UPI,SUCCESS
PAY007499,C000125,2026-05-21,299,UPI,SUCCESS
PAY007500,C000553,2026-05-30,599,UPI,SUCCESS
PAY007501,C000598,2026-01-09,999,WALLET,SUCCESS
PAY007502,C000999,2025-10-18,199,CARD,SUCCESS
PAY007503,C000840,2026-03-11,1499,UPI,FAILED
PAY007504,C000108,2025-10-11,299,UPI,SUCCESS
PAY007505,C000200,2026-05-10,399,CARD,SUCCESS
PAY007506,C000757,2025-11-20,299,WALLET,SUCCESS
PAY007507,C000909,2026-08-21,799,UPI,FAILED
PAY007508,C000532,2025-10-26,799,WALLET,SUCCESS
PAY007509,C000454,2026-07-20,399,UPI,SUCCESS
PAY007510,C000834,2025-11-22,1499,WALLET,SUCCESS
PAY007511,C000139,2026-01-20,1499,CARD,FAILED
PAY007512,C000451,2025-11-29,499,NET_BANKING,SUCCESS
PAY007513,C000320,2025-10-22,799,UPI,PENDING
PAY007514,C000210,2026-01-28,599,UPI,FAILED
PAY007515,C000535,2025-11-29,399,NET_BANKING,SUCCESS
PAY007516,C000543,2026-06-08,1499,WALLET,FAILED
PAY007517,C000302,2025-10-24,999,NET_BANKING,PENDING
PAY007518,C000724,2025-12-23,799,WALLET,SUCCESS
PAY007519,C000638,2026-05-26,399,WALLET,SUCCESS
PAY007520,C000010,2026-07-07,599,UPI,REFUNDED
PAY007521,C000020,2026-01-16,999,CARD,SUCCESS
PAY007522,C000919,2026-02-02,599,UPI,SUCCESS
PAY007523,C000898,2026-01-10,1499,UPI,SUCCESS
PAY007524,C000580,2026-03-04,599,UPI,PENDING
PAY007525,C000797,2025-12-19,1499,CARD,SUCCESS
PAY007526,C000591,2026-08-11,999,UPI,PENDING
PAY007527,C000178,2025-10-04,299,CARD,SUCCESS
PAY007528,C000395,2026-05-29,399,CARD,REFUNDED
PAY007529,C000402,2026-04-05,599,UPI,FAILED
PAY007530,C000299,2026-09-10,499,NET_BANKING,PENDING
PAY007531,C000265,2025-12-25,599,UPI,FAILED
PAY007532,C000218,2026-06-20,799,NET_BANKING,REFUNDED
PAY007533,C000156,2025-10-11,199,CARD,REFUNDED
PAY007534,C000580,2025-11-20,599,CARD,REFUNDED
PAY007535,C000474,2026-07-21,799,NET_BANKING,PENDING
PAY007536,C000248,2026-08-14,599,NET_BANKING,SUCCESS
PAY007537,C000215,2026-06-18,799,UPI,SUCCESS
PAY007538,C000747,2026-03-20,599,NET_BANKING,FAILED
PAY007539,C000234,2025-12-20,999,NET_BANKING,SUCCESS
PAY007540,C000857,2026-03-04,1499,CARD,REFUNDED
PAY007541,C000517,2026-03-22,199,WALLET,FAILED
PAY007542,C000209,2026-04-27,599,NET_BANKING,SUCCESS
PAY007543,C000530,2026-04-19,399,CARD,SUCCESS
PAY007544,C000434,2026-02-23,599,WALLET,PENDING
PAY007545,C000150,2026-09-06,399,CARD,SUCCESS
PAY007546,C000635,2026-04-26,399,NET_BANKING,PENDING
PAY007547,C000479,2026-02-10,299,UPI,SUCCESS
PAY007548,C000392,2025-11-01,999,NET_BANKING,FAILED
PAY007549,C000731,2026-07-08,199,UPI,FAILED
PAY007550,C000488,2026-06-22,199,WALLET,SUCCESS
PAY007551,C000105,2025-09-25,999,CARD,SUCCESS
PAY007552,C000063,2026-05-20,399,CARD,SUCCESS
PAY007553,C000299,2026-05-26,599,UPI,PENDING
PAY007554,C000610,2025-11-26,299,WALLET,FAILED
PAY007555,C000594,2026-02-28,1499,UPI,PENDING
PAY007556,C000498,2026-05-09,799,NET_BANKING,REFUNDED
PAY007557,C000271,2025-10-03,1499,CARD,REFUNDED
PAY007558,C000976,2025-11-03,1499,CARD,SUCCESS
PAY007559,C000233,2026-02-25,599,UPI,SUCCESS
PAY007560,C000087,2026-07-30,599,WALLET,SUCCESS
PAY007561,C000571,2026-08-14,299,UPI,SUCCESS
PAY007562,C000124,2026-01-14,1499,NET_BANKING,SUCCESS
PAY007563,C000033,2026-08-27,199,CARD,SUCCESS
PAY007564,C000209,2026-02-28,199,WALLET,SUCCESS
PAY007565,C000160,2026-08-27,199,UPI,PENDING
PAY007566,C000060,2025-11-17,299,CARD,SUCCESS
PAY007567,C000200,2026-04-15,799,WALLET,SUCCESS
PAY007568,C000761,2026-01-12,499,CARD,PENDING
PAY007569,C000997,2026-05-30,599,CARD,PENDING
PAY007570,C000191,2026-08-09,999,NET_BANKING,REFUNDED
PAY007571,C000298,2026-05-03,299,UPI,SUCCESS
PAY007572,C000043,2025-11-21,299,UPI,SUCCESS
PAY007573,C000522,2025-10-23,999,UPI,SUCCESS
PAY007574,C000093,2026-02-17,199,NET_BANKING,SUCCESS
PAY007575,C000057,2025-11-16,999,UPI,FAILED
PAY007576,C000585,2026-03-15,399,NET_BANKING,SUCCESS
PAY007577,C000075,2026-07-30,999,WALLET,SUCCESS
PAY007578,C000604,2026-01-12,1499,NET_BANKING,REFUNDED
PAY007579,C000450,2025-10-28,199,WALLET,REFUNDED
PAY007580,C000506,2026-03-25,399,NET_BANKING,PENDING
PAY007581,C000341,2026-05-06,399,UPI,FAILED
PAY007582,C000369,2026-06-17,599,UPI,SUCCESS
PAY007583,C000238,2026-09-06,599,UPI,SUCCESS
PAY007584,C000140,2026-07-13,999,CARD,PENDING
PAY007585,C000783,2026-02-25,299,CARD,SUCCESS
PAY007586,C000385,2026-08-20,399,NET_BANKING,SUCCESS
PAY007587,C000268,2026-04-24,1499,NET_BANKING,REFUNDED
PAY007588,C000052,2025-12-19,199,CARD,PENDING
PAY007589,C000042,2026-08-21,399,NET_BANKING,PENDING
PAY007590,C000424,2026-08-02,199,NET_BANKING,SUCCESS
PAY007591,C000364,2026-09-14,1499,CARD,SUCCESS
PAY007592,C000542,2026-01-27,299,NET_BANKING,PENDING
PAY007593,C000212,2025-12-10,399,NET_BANKING,SUCCESS
PAY007594,C000347,2026-04-24,1499,NET_BANKING,REFUNDED
PAY007595,C000431,2026-09-02,799,NET_BANKING,SUCCESS
PAY007596,C000905,2025-10-13,199,WALLET,REFUNDED
PAY007597,C000052,2026-08-09,599,WALLET,SUCCESS
PAY007598,C000057,2025-11-04,799,UPI,SUCCESS
PAY007599,C000136,2025-10-29,799,NET_BANKING,SUCCESS
PAY007600,C000241,2026-04-01,799,CARD,SUCCESS
PAY007601,C000331,2026-04-14,799,UPI,SUCCESS
PAY007602,C000389,2026-03-17,199,WALLET,PENDING
PAY007603,C000684,2026-04-22,799,CARD,SUCCESS
PAY007604,C000470,2026-06-16,499,WALLET,PENDING
PAY007605,C000914,2025-10-24,1499,UPI,SUCCESS
PAY007606,C000237,2026-05-31,599,CARD,SUCCESS
PAY007607,C000927,2025-11-08,599,NET_BANKING,FAILED
PAY007608,C000711,2025-11-25,299,WALLET,REFUNDED
PAY007609,C000795,2025-10-19,199,UPI,PENDING
PAY007610,C000869,2026-09-08,999,CARD,REFUNDED
PAY007611,C000096,2025-12-11,599,WALLET,REFUNDED
PAY007612,C000497,2026-06-23,199,UPI,REFUNDED
PAY007613,C000595,2026-05-14,799,UPI,PENDING
PAY007614,C000022,2025-12-30,999,WALLET,PENDING
PAY007615,C000081,2025-11-23,199,CARD,FAILED
PAY007616,C000688,2026-08-04,999,WALLET,REFUNDED
PAY007617,C000295,2026-06-16,799,NET_BANKING,SUCCESS
PAY007618,C000697,2026-04-16,599,UPI,SUCCESS
PAY007619,C000630,2026-05-29,199,CARD,SUCCESS
PAY007620,C000212,2026-05-31,499,CARD,SUCCESS
PAY007621,C000336,2025-09-25,799,WALLET,PENDING
PAY007622,C000051,2026-06-15,499,UPI,SUCCESS
PAY007623,C000181,2026-01-19,199,NET_BANKING,SUCCESS
PAY007624,C000496,2026-01-20,999,UPI,SUCCESS
PAY007625,C000564,2026-07-10,799,CARD,FAILED
PAY007626,C000184,2026-02-17,499,UPI,FAILED
PAY007627,C000635,2026-03-09,199,UPI,REFUNDED
PAY007628,C000431,2026-01-15,299,CARD,SUCCESS
PAY007629,C000652,2026-04-04,499,NET_BANKING,SUCCESS
PAY007630,C000018,2026-06-14,299,UPI,SUCCESS
PAY007631,C000898,2025-11-28,299,CARD,SUCCESS
PAY007632,C000582,2026-03-25,299,UPI,REFUNDED
PAY007633,C000658,2025-12-02,599,UPI,SUCCESS
PAY007634,C000898,2025-11-03,199,WALLET,FAILED
PAY007635,C000584,2026-03-05,299,WALLET,FAILED
PAY007636,C000737,2026-01-16,1499,UPI,SUCCESS
PAY007637,C000820,2026-06-28,599,UPI,PENDING
PAY007638,C000739,2025-11-25,299,NET_BANKING,SUCCESS
PAY007639,C000284,2026-03-23,199,CARD,SUCCESS
PAY007640,C000018,2026-06-22,499,WALLET,SUCCESS
PAY007641,C000945,2025-12-17,199,CARD,REFUNDED
PAY007642,C000259,2026-08-13,499,NET_BANKING,REFUNDED
PAY007643,C000904,2026-06-06,199,CARD,SUCCESS
PAY007644,C000958,2025-10-07,299,CARD,SUCCESS
PAY007645,C000112,2025-12-26,299,UPI,SUCCESS
PAY007646,C000679,2026-09-21,199,UPI,REFUNDED
PAY007647,C000842,2026-05-04,499,NET_BANKING,PENDING
PAY007648,C000981,2026-01-20,299,CARD,SUCCESS
PAY007649,C000267,2026-01-12,799,CARD,REFUNDED
PAY007650,C000241,2025-11-16,599,UPI,SUCCESS
PAY007651,C000638,2026-06-27,1499,WALLET,REFUNDED
PAY007652,C000237,2026-07-31,199,NET_BANKING,REFUNDED
PAY007653,C000493,2026-01-08,799,NET_BANKING,SUCCESS
PAY007654,C000707,2025-10-15,999,WALLET,SUCCESS
PAY007655,C000110,2026-07-21,799,CARD,PENDING
PAY007656,C000681,2026-05-20,299,NET_BANKING,FAILED
PAY007657,C000531,2026-02-03,799,CARD,SUCCESS
PAY007658,C000071,2025-11-23,799,CARD,SUCCESS
PAY007659,C000292,2026-01-13,499,NET_BANKING,FAILED
PAY007660,C000956,2025-12-08,199,NET_BANKING,SUCCESS
PAY007661,C000904,2025-11-02,299,CARD,SUCCESS
PAY007662,C000757,2026-03-23,499,UPI,PENDING
PAY007663,C000217,2026-05-01,199,CARD,SUCCESS
PAY007664,C000157,2026-07-10,999,NET_BANKING,SUCCESS
PAY007665,C000201,2026-05-28,199,CARD,PENDING
PAY007666,C000254,2026-07-29,399,WALLET,SUCCESS
PAY007667,C000408,2026-04-20,399,CARD,SUCCESS
PAY007668,C000834,2025-10-16,1499,NET_BANKING,SUCCESS
PAY007669,C000368,2025-10-15,799,NET_BANKING,REFUNDED
PAY007670,C000582,2025-09-26,999,WALLET,SUCCESS
PAY007671,C000084,2025-10-18,1499,NET_BANKING,SUCCESS
PAY007672,C000183,2026-04-20,499,UPI,FAILED
PAY007673,C000590,2026-05-29,399,CARD,SUCCESS
PAY007674,C000023,2026-09-18,399,WALLET,SUCCESS
PAY007675,C000291,2026-09-13,599,NET_BANKING,SUCCESS
PAY007676,C000174,2025-11-05,299,NET_BANKING,PENDING
PAY007677,C000757,2026-09-08,399,WALLET,REFUNDED
PAY007678,C000083,2026-04-19,799,NET_BANKING,SUCCESS
PAY007679,C000315,2025-11-02,199,WALLET,SUCCESS
PAY007680,C000099,2025-12-09,1499,NET_BANKING,REFUNDED
PAY007681,C000763,2025-11-19,499,UPI,SUCCESS
PAY007682,C000181,2026-08-21,499,NET_BANKING,SUCCESS
PAY007683,C000406,2026-05-24,299,CARD,SUCCESS
PAY007684,C000633,2026-04-05,999,WALLET,SUCCESS
PAY007685,C000075,2026-07-23,999,NET_BANKING,SUCCESS
PAY007686,C000208,2026-07-24,199,WALLET,SUCCESS
PAY007687,C000020,2026-05-22,499,WALLET,REFUNDED
PAY007688,C000274,2025-11-28,799,CARD,SUCCESS
PAY007689,C000695,2026-05-26,1499,WALLET,PENDING
PAY007690,C000181,2026-08-04,1499,CARD,REFUNDED
PAY007691,C000723,2026-02-01,299,WALLET,SUCCESS
PAY007692,C000248,2025-11-08,999,CARD,SUCCESS
PAY007693,C000184,2026-05-15,799,WALLET,SUCCESS
PAY007694,C000793,2025-11-10,499,WALLET,SUCCESS
PAY007695,C000405,2025-11-03,199,UPI,SUCCESS
PAY007696,C000293,2026-05-07,499,UPI,REFUNDED
PAY007697,C000833,2026-09-04,199,CARD,SUCCESS
PAY007698,C000552,2026-07-12,199,UPI,SUCCESS
PAY007699,C000272,2026-08-13,999,NET_BANKING,FAILED
PAY007700,C000834,2026-06-29,799,UPI,FAILED
PAY007701,C000612,2025-10-03,799,WALLET,SUCCESS
PAY007702,C000640,2026-01-12,199,CARD,SUCCESS
PAY007703,C000792,2025-12-01,1499,UPI,SUCCESS
PAY007704,C000939,2026-05-24,599,CARD,PENDING
PAY007705,C000170,2026-03-15,499,WALLET,SUCCESS
PAY007706,C000170,2025-11-10,199,WALLET,REFUNDED
PAY007707,C000357,2026-04-30,199,CARD,SUCCESS
PAY007708,C000203,2026-02-28,1499,WALLET,FAILED
PAY007709,C000860,2025-10-10,1499,UPI,PENDING
PAY007710,C000457,2026-08-29,399,NET_BANKING,PENDING
PAY007711,C000746,2026-03-01,999,CARD,SUCCESS
PAY007712,C000399,2025-12-17,599,NET_BANKING,SUCCESS
PAY007713,C000979,2026-05-18,399,NET_BANKING,SUCCESS
PAY007714,C000988,2025-11-06,199,UPI,REFUNDED
PAY007715,C000360,2026-07-02,599,CARD,SUCCESS
PAY007716,C000693,2026-08-24,799,WALLET,SUCCESS
PAY007717,C000961,2026-01-06,999,NET_BANKING,SUCCESS
PAY007718,C000668,2025-12-07,599,NET_BANKING,SUCCESS
PAY007719,C000830,2025-11-24,499,CARD,SUCCESS
PAY007720,C000070,2026-07-28,999,CARD,FAILED
PAY007721,C000669,2026-07-24,299,WALLET,SUCCESS
PAY007722,C000934,2026-05-03,199,NET_BANKING,PENDING
PAY007723,C000691,2026-03-20,999,NET_BANKING,SUCCESS
PAY007724,C000293,2025-11-27,499,CARD,SUCCESS
PAY007725,C000775,2025-10-19,499,NET_BANKING,SUCCESS
PAY007726,C000555,2026-03-01,399,NET_BANKING,FAILED
PAY007727,C000198,2026-02-17,399,NET_BANKING,FAILED
PAY007728,C000530,2026-04-23,1499,NET_BANKING,REFUNDED
PAY007729,C000823,2026-03-02,799,CARD,FAILED
PAY007730,C000300,2025-09-28,999,NET_BANKING,SUCCESS
PAY007731,C000355,2026-05-09,299,CARD,SUCCESS
PAY007732,C000955,2026-04-14,1499,WALLET,SUCCESS
PAY007733,C000964,2026-08-09,399,WALLET,SUCCESS
PAY007734,C000753,2026-09-08,199,WALLET,SUCCESS
PAY007735,C000616,2026-09-22,999,WALLET,SUCCESS
PAY007736,C000911,2025-12-07,799,NET_BANKING,FAILED
PAY007737,C000825,2026-03-31,199,CARD,SUCCESS
PAY007738,C000285,2026-06-09,499,UPI,PENDING
PAY007739,C000466,2026-01-08,999,CARD,SUCCESS
PAY007740,C000411,2026-05-27,999,CARD,REFUNDED
PAY007741,C000218,2026-07-09,999,CARD,SUCCESS
PAY007742,C000464,2026-03-12,499,NET_BANKING,SUCCESS
PAY007743,C000198,2026-09-05,599,CARD,SUCCESS
PAY007744,C000788,2025-11-21,199,NET_BANKING,FAILED
PAY007745,C000559,2025-10-01,1499,CARD,SUCCESS
PAY007746,C000956,2025-12-23,799,NET_BANKING,SUCCESS
PAY007747,C000990,2025-11-20,1499,WALLET,FAILED
PAY007748,C000182,2026-01-18,299,WALLET,SUCCESS
PAY007749,C000393,2025-11-08,499,WALLET,SUCCESS
PAY007750,C000404,2026-01-08,1499,NET_BANKING,FAILED
PAY007751,C000343,2026-05-10,1499,CARD,FAILED
PAY007752,C000784,2025-11-23,799,NET_BANKING,SUCCESS
PAY007753,C000715,2026-04-17,399,UPI,REFUNDED
PAY007754,C000651,2026-08-13,199,CARD,SUCCESS
PAY007755,C000242,2026-06-02,399,UPI,SUCCESS
PAY007756,C000739,2025-11-17,299,UPI,PENDING
PAY007757,C000429,2025-11-22,499,NET_BANKING,REFUNDED
PAY007758,C000367,2026-03-02,199,NET_BANKING,SUCCESS
PAY007759,C000872,2025-12-02,499,NET_BANKING,PENDING
PAY007760,C000527,2026-08-16,1499,NET_BANKING,SUCCESS
PAY007761,C000795,2026-09-01,399,UPI,SUCCESS
PAY007762,C000619,2026-09-02,299,WALLET,SUCCESS
PAY007763,C000408,2026-05-17,199,CARD,SUCCESS
PAY007764,C000476,2026-07-12,399,NET_BANKING,SUCCESS
PAY007765,C000056,2026-08-21,599,WALLET,REFUNDED
PAY007766,C000464,2025-10-17,599,WALLET,SUCCESS
PAY007767,C000117,2026-05-14,599,WALLET,SUCCESS
PAY007768,C000420,2025-12-07,399,NET_BANKING,PENDING
PAY007769,C000016,2025-11-16,299,UPI,PENDING
PAY007770,C000785,2026-03-07,499,CARD,FAILED
PAY007771,C000713,2025-12-10,199,CARD,SUCCESS
PAY007772,C000844,2026-02-13,199,CARD,SUCCESS
PAY007773,C000598,2026-04-27,599,UPI,FAILED
PAY007774,C000494,2025-12-03,999,UPI,SUCCESS
PAY007775,C000688,2026-05-03,199,UPI,SUCCESS
PAY007776,C000867,2025-10-11,199,NET_BANKING,FAILED
PAY007777,C000742,2025-12-11,499,CARD,PENDING
PAY007778,C000274,2026-05-16,599,NET_BANKING,SUCCESS
PAY007779,C000573,2026-05-06,399,UPI,SUCCESS
PAY007780,C000433,2025-10-29,1499,CARD,SUCCESS
PAY007781,C000102,2026-06-09,999,CARD,SUCCESS
PAY007782,C000864,2026-01-22,599,WALLET,PENDING
PAY007783,C000415,2025-10-29,499,UPI,SUCCESS
PAY007784,C000431,2026-06-01,599,NET_BANKING,REFUNDED
PAY007785,C000620,2025-10-15,399,WALLET,SUCCESS
PAY007786,C000511,2026-03-31,1499,WALLET,SUCCESS
PAY007787,C000870,2025-12-27,499,CARD,SUCCESS
PAY007788,C000132,2026-08-10,299,UPI,FAILED
PAY007789,C000406,2026-09-04,199,CARD,SUCCESS
PAY007790,C000803,2025-10-05,399,UPI,PENDING
PAY007791,C000787,2026-03-30,599,WALLET,SUCCESS
PAY007792,C000873,2025-11-05,199,NET_BANKING,REFUNDED
PAY007793,C000955,2025-12-07,799,UPI,REFUNDED
PAY007794,C000339,2026-03-31,799,WALLET,FAILED
PAY007795,C000883,2026-04-18,599,UPI,PENDING
PAY007796,C000517,2025-09-28,199,NET_BANKING,SUCCESS
PAY007797,C000343,2026-01-30,199,CARD,REFUNDED
PAY007798,C000366,2025-10-05,399,UPI,PENDING
PAY007799,C000161,2025-12-13,499,WALLET,FAILED
PAY007800,C000626,2026-06-04,799,UPI,SUCCESS
PAY007801,C000752,2025-10-27,299,WALLET,SUCCESS
PAY007802,C000356,2025-11-14,1499,CARD,FAILED
PAY007803,C000077,2026-08-31,499,CARD,FAILED
PAY007804,C000447,2025-12-25,799,NET_BANKING,SUCCESS
PAY007805,C000483,2026-08-07,199,WALLET,PENDING
PAY007806,C000971,2026-05-10,399,CARD,SUCCESS
PAY007807,C000368,2026-06-20,499,UPI,SUCCESS
PAY007808,C000125,2026-07-01,399,CARD,FAILED
PAY007809,C000610,2026-06-15,599,WALLET,PENDING
PAY007810,C000909,2026-01-06,299,NET_BANKING,REFUNDED
PAY007811,C000961,2025-10-25,799,WALLET,SUCCESS
PAY007812,C000728,2026-04-18,799,WALLET,SUCCESS
PAY007813,C000265,2026-02-08,599,CARD,SUCCESS
PAY007814,C000330,2025-10-07,599,WALLET,SUCCESS
PAY007815,C000887,2026-04-12,299,UPI,REFUNDED
PAY007816,C000508,2026-09-20,499,UPI,PENDING
PAY007817,C000340,2026-08-18,999,NET_BANKING,PENDING
PAY007818,C000602,2026-09-18,799,NET_BANKING,SUCCESS
PAY007819,C000445,2026-09-16,1499,WALLET,FAILED
PAY007820,C000112,2026-04-10,999,UPI,PENDING
PAY007821,C000616,2026-04-14,999,WALLET,SUCCESS
PAY007822,C000557,2026-09-03,799,WALLET,REFUNDED
PAY007823,C000667,2026-06-29,1499,CARD,SUCCESS
PAY007824,C000216,2026-07-22,299,UPI,REFUNDED
PAY007825,C000856,2025-11-18,799,NET_BANKING,REFUNDED
PAY007826,C000047,2025-10-18,799,WALLET,FAILED
PAY007827,C000052,2026-01-07,1499,NET_BANKING,FAILED
PAY007828,C000282,2026-03-13,999,WALLET,REFUNDED
PAY007829,C000345,2026-08-15,999,WALLET,SUCCESS
PAY007830,C000213,2026-01-15,399,NET_BANKING,REFUNDED
PAY007831,C000315,2026-07-30,999,WALLET,FAILED
PAY007832,C000671,2026-02-28,999,NET_BANKING,REFUNDED
PAY007833,C000719,2026-05-26,999,WALLET,SUCCESS
PAY007834,C000113,2026-03-20,399,NET_BANKING,SUCCESS
PAY007835,C000221,2026-07-17,499,NET_BANKING,SUCCESS
PAY007836,C000871,2026-06-04,299,UPI,SUCCESS
PAY007837,C000931,2025-12-01,1499,WALLET,SUCCESS
PAY007838,C000462,2025-11-17,799,CARD,SUCCESS
PAY007839,C000247,2026-08-07,499,NET_BANKING,SUCCESS
PAY007840,C000047,2026-04-02,299,UPI,FAILED
PAY007841,C000938,2025-12-22,299,CARD,REFUNDED
PAY007842,C000636,2026-01-16,499,CARD,PENDING
PAY007843,C000590,2026-07-27,199,WALLET,REFUNDED
PAY007844,C000737,2026-07-15,399,CARD,SUCCESS
PAY007845,C000991,2026-02-05,999,NET_BANKING,SUCCESS
PAY007846,C000207,2026-08-18,299,UPI,SUCCESS
PAY007847,C000292,2026-04-11,499,CARD,SUCCESS
PAY007848,C000792,2026-02-15,399,CARD,REFUNDED
PAY007849,C000268,2026-02-02,1499,WALLET,PENDING
PAY007850,C000629,2026-07-12,499,UPI,SUCCESS
PAY007851,C000547,2025-11-30,799,NET_BANKING,REFUNDED
PAY007852,C000289,2026-07-24,999,NET_BANKING,PENDING
PAY007853,C000656,2026-05-30,999,UPI,SUCCESS
PAY007854,C000838,2026-02-03,399,CARD,SUCCESS
PAY007855,C000060,2026-03-17,299,UPI,PENDING
PAY007856,C000217,2025-12-22,599,CARD,SUCCESS
PAY007857,C000064,2026-06-10,199,WALLET,REFUNDED
PAY007858,C000630,2025-12-12,799,NET_BANKING,FAILED
PAY007859,C000214,2026-06-29,499,UPI,SUCCESS
PAY007860,C000320,2025-12-20,299,WALLET,SUCCESS
PAY007861,C000638,2026-01-06,499,UPI,SUCCESS
PAY007862,C000049,2025-11-26,799,WALLET,REFUNDED
PAY007863,C000036,2026-06-05,799,CARD,SUCCESS
PAY007864,C000814,2026-08-18,199,NET_BANKING,SUCCESS
PAY007865,C000133,2026-08-02,399,CARD,SUCCESS
PAY007866,C000596,2026-07-13,599,UPI,SUCCESS
PAY007867,C000586,2025-10-03,399,UPI,SUCCESS
PAY007868,C000471,2025-11-21,1499,NET_BANKING,SUCCESS
PAY007869,C000416,2026-03-25,599,WALLET,SUCCESS
PAY007870,C000798,2026-02-27,499,WALLET,PENDING
PAY007871,C000881,2026-03-31,199,WALLET,PENDING
PAY007872,C000667,2025-11-07,399,UPI,SUCCESS
PAY007873,C000831,2026-08-24,199,UPI,SUCCESS
PAY007874,C000151,2025-10-09,299,NET_BANKING,PENDING
PAY007875,C000009,2025-12-23,499,CARD,FAILED
PAY007876,C000364,2026-08-19,1499,NET_BANKING,SUCCESS
PAY007877,C000064,2026-06-16,999,NET_BANKING,SUCCESS
PAY007878,C000165,2026-01-18,799,UPI,SUCCESS
PAY007879,C000379,2026-03-23,399,WALLET,PENDING
PAY007880,C000684,2026-03-02,499,WALLET,PENDING
PAY007881,C000545,2025-11-13,199,UPI,SUCCESS
PAY007882,C000214,2026-02-05,1499,WALLET,PENDING
PAY007883,C000869,2026-09-21,399,NET_BANKING,SUCCESS
PAY007884,C000211,2025-11-12,399,WALLET,SUCCESS
PAY007885,C000732,2025-09-26,399,WALLET,SUCCESS
PAY007886,C000983,2026-06-30,299,NET_BANKING,FAILED
PAY007887,C000699,2026-08-23,299,CARD,SUCCESS
PAY007888,C000901,2026-02-09,499,NET_BANKING,SUCCESS
PAY007889,C000214,2026-08-21,499,WALLET,FAILED
PAY007890,C000136,2026-07-08,799,UPI,SUCCESS
PAY007891,C000925,2026-02-01,199,CARD,PENDING
PAY007892,C000039,2025-12-25,999,NET_BANKING,PENDING
PAY007893,C000992,2025-12-22,299,CARD,REFUNDED
PAY007894,C000892,2026-03-01,599,NET_BANKING,SUCCESS
PAY007895,C000018,2026-09-16,1499,NET_BANKING,SUCCESS
PAY007896,C000243,2026-07-27,299,NET_BANKING,SUCCESS
PAY007897,C000176,2026-09-02,799,WALLET,REFUNDED
PAY007898,C000852,2026-06-10,599,CARD,SUCCESS
PAY007899,C000885,2026-04-04,299,WALLET,SUCCESS
PAY007900,C000113,2026-05-20,999,WALLET,PENDING
PAY007901,C000739,2026-05-02,1499,CARD,FAILED
PAY007902,C000882,2026-03-13,499,UPI,PENDING
PAY007903,C000520,2026-03-19,799,WALLET,SUCCESS
PAY007904,C000270,2025-10-20,1499,NET_BANKING,PENDING
PAY007905,C000689,2025-10-27,399,UPI,REFUNDED
PAY007906,C000936,2026-08-12,199,WALLET,PENDING
PAY007907,C000513,2026-03-02,199,WALLET,SUCCESS
PAY007908,C000303,2026-04-15,599,CARD,FAILED
PAY007909,C000093,2026-04-30,399,NET_BANKING,SUCCESS
PAY007910,C000018,2026-02-01,199,WALLET,REFUNDED
PAY007911,C000681,2026-08-13,199,UPI,SUCCESS
PAY007912,C000223,2026-03-13,999,NET_BANKING,SUCCESS
PAY007913,C000253,2026-06-12,599,NET_BANKING,FAILED
PAY007914,C000820,2026-08-28,199,NET_BANKING,SUCCESS
PAY007915,C000980,2025-11-17,1499,UPI,SUCCESS
PAY007916,C000082,2026-04-06,499,CARD,SUCCESS
PAY007917,C000149,2026-05-19,499,NET_BANKING,SUCCESS
PAY007918,C000859,2026-03-09,299,NET_BANKING,SUCCESS
PAY007919,C000471,2025-12-22,299,UPI,REFUNDED
PAY007920,C000423,2025-12-20,599,CARD,SUCCESS
PAY007921,C000955,2026-08-14,999,NET_BANKING,REFUNDED
PAY007922,C000903,2026-01-15,199,WALLET,REFUNDED
PAY007923,C000241,2026-03-28,999,CARD,PENDING
PAY007924,C000888,2026-07-17,999,UPI,SUCCESS
PAY007925,C000635,2026-04-25,999,CARD,FAILED
PAY007926,C000202,2026-09-01,599,WALLET,SUCCESS
PAY007927,C000706,2025-10-03,499,WALLET,SUCCESS
PAY007928,C000534,2026-03-05,1499,CARD,SUCCESS
PAY007929,C000342,2026-02-14,999,NET_BANKING,SUCCESS
PAY007930,C000717,2025-10-22,999,CARD,SUCCESS
PAY007931,C000629,2026-05-28,1499,NET_BANKING,REFUNDED
PAY007932,C000897,2025-11-21,999,WALLET,FAILED
PAY007933,C000076,2026-07-03,199,WALLET,SUCCESS
PAY007934,C000776,2025-09-30,799,WALLET,FAILED
PAY007935,C000226,2025-11-16,299,WALLET,SUCCESS
PAY007936,C000193,2025-12-06,499,CARD,SUCCESS
PAY007937,C000433,2026-08-05,199,UPI,SUCCESS
PAY007938,C000091,2026-05-06,499,WALLET,SUCCESS
PAY007939,C000736,2025-12-30,1499,NET_BANKING,SUCCESS
PAY007940,C000863,2025-10-24,599,UPI,SUCCESS
PAY007941,C000967,2026-01-17,799,CARD,FAILED
PAY007942,C000822,2025-10-25,499,CARD,SUCCESS
PAY007943,C000396,2026-08-04,1499,UPI,SUCCESS
PAY007944,C000449,2026-01-13,1499,WALLET,SUCCESS
PAY007945,C000845,2025-12-13,499,CARD,REFUNDED
PAY007946,C000812,2026-03-02,799,WALLET,SUCCESS
PAY007947,C000216,2026-07-18,1499,NET_BANKING,SUCCESS
PAY007948,C000319,2026-07-26,799,CARD,FAILED
PAY007949,C000447,2026-04-01,799,CARD,SUCCESS
PAY007950,C000918,2026-05-27,499,WALLET,REFUNDED
PAY007951,C000988,2025-11-19,499,UPI,SUCCESS
PAY007952,C000155,2026-05-31,799,WALLET,SUCCESS
PAY007953,C000696,2026-04-13,599,WALLET,SUCCESS
PAY007954,C000585,2026-09-02,999,UPI,SUCCESS
PAY007955,C000046,2026-01-19,599,NET_BANKING,FAILED
PAY007956,C000998,2026-03-07,399,WALLET,FAILED
PAY007957,C000770,2026-05-14,1499,CARD,FAILED
PAY007958,C000222,2026-04-09,1499,NET_BANKING,REFUNDED
PAY007959,C000441,2025-10-19,499,WALLET,SUCCESS
PAY007960,C000962,2026-09-12,499,NET_BANKING,SUCCESS
PAY007961,C000214,2026-03-18,599,NET_BANKING,SUCCESS
PAY007962,C000049,2026-03-04,599,NET_BANKING,PENDING
PAY007963,C000725,2026-07-26,999,CARD,REFUNDED
PAY007964,C000873,2026-03-08,299,NET_BANKING,SUCCESS
PAY007965,C000611,2026-07-13,999,UPI,SUCCESS
PAY007966,C000743,2025-10-11,499,UPI,REFUNDED
PAY007967,C000777,2026-02-09,1499,NET_BANKING,PENDING
PAY007968,C000267,2025-10-13,199,WALLET,FAILED
PAY007969,C000297,2026-05-18,199,WALLET,SUCCESS
PAY007970,C000682,2026-09-06,199,UPI,SUCCESS
PAY007971,C000678,2026-02-16,199,NET_BANKING,SUCCESS
PAY007972,C000006,2025-11-25,1499,WALLET,PENDING
PAY007973,C000050,2026-06-20,299,UPI,SUCCESS
PAY007974,C000539,2025-11-30,599,NET_BANKING,SUCCESS
PAY007975,C000910,2025-11-23,299,NET_BANKING,FAILED
PAY007976,C000178,2026-08-15,1499,CARD,PENDING
PAY007977,C000698,2026-01-01,399,CARD,SUCCESS
PAY007978,C000684,2026-07-24,499,NET_BANKING,SUCCESS
PAY007979,C000795,2025-12-17,299,UPI,SUCCESS
PAY007980,C000867,2025-10-14,199,CARD,PENDING
PAY007981,C000755,2026-06-21,299,UPI,FAILED
PAY007982,C000701,2026-01-29,1499,UPI,REFUNDED
PAY007983,C000508,2026-07-14,1499,WALLET,SUCCESS
PAY007984,C000615,2025-11-15,299,WALLET,SUCCESS
PAY007985,C000981,2025-10-04,299,UPI,SUCCESS
PAY007986,C000314,2026-04-17,199,UPI,REFUNDED
PAY007987,C000171,2026-08-11,299,NET_BANKING,PENDING
PAY007988,C000503,2025-11-16,399,UPI,SUCCESS
PAY007989,C000102,2026-05-12,599,WALLET,PENDING
PAY007990,C000640,2026-01-22,1499,UPI,SUCCESS
PAY007991,C000550,2026-07-09,999,WALLET,REFUNDED
PAY007992,C000976,2025-10-11,399,CARD,PENDING
PAY007993,C000477,2026-01-14,1499,CARD,REFUNDED
PAY007994,C000575,2025-12-04,999,NET_BANKING,FAILED
PAY007995,C000747,2026-04-10,499,UPI,SUCCESS
PAY007996,C000048,2026-08-04,799,WALLET,PENDING
PAY007997,C000779,2026-06-23,199,UPI,SUCCESS
PAY007998,C000648,2026-06-11,299,WALLET,SUCCESS
PAY007999,C000909,2026-09-12,1499,NET_BANKING,REFUNDED
PAY008000,C000976,2026-08-01,199,NET_BANKING,PENDING
PAY008001,C000413,2025-11-27,399,CARD,REFUNDED
PAY008002,C000154,2026-08-01,999,WALLET,PENDING
PAY008003,C000223,2026-04-24,499,UPI,PENDING
PAY008004,C000978,2026-05-15,399,NET_BANKING,SUCCESS
PAY008005,C000428,2026-04-18,799,WALLET,PENDING
PAY008006,C000809,2025-12-27,399,UPI,SUCCESS
PAY008007,C000228,2026-09-10,199,NET_BANKING,FAILED
PAY008008,C000569,2025-10-31,499,CARD,SUCCESS
PAY008009,C000191,2025-10-14,999,CARD,REFUNDED
PAY008010,C000285,2026-01-29,199,UPI,SUCCESS
PAY008011,C000810,2026-01-25,999,NET_BANKING,SUCCESS
PAY008012,C000369,2026-01-26,799,NET_BANKING,SUCCESS
PAY008013,C000187,2026-06-05,399,CARD,SUCCESS
PAY008014,C000047,2026-04-25,799,UPI,SUCCESS
PAY008015,C000385,2026-03-28,299,WALLET,SUCCESS
PAY008016,C000635,2025-10-12,799,UPI,SUCCESS
PAY008017,C000716,2025-12-02,299,NET_BANKING,FAILED
PAY008018,C000544,2026-06-10,399,CARD,SUCCESS
PAY008019,C000732,2026-03-19,1499,CARD,FAILED
PAY008020,C000725,2026-09-16,999,WALLET,SUCCESS
PAY008021,C000787,2026-06-09,199,CARD,REFUNDED
PAY008022,C000922,2026-08-14,799,NET_BANKING,SUCCESS
PAY008023,C000442,2026-03-01,1499,UPI,FAILED
PAY008024,C000892,2025-12-16,1499,UPI,SUCCESS
PAY008025,C000795,2026-01-30,1499,CARD,SUCCESS
PAY008026,C000376,2025-12-02,999,CARD,SUCCESS
PAY008027,C000601,2026-05-23,1499,CARD,REFUNDED
PAY008028,C000902,2026-09-12,399,NET_BANKING,SUCCESS
PAY008029,C000021,2025-09-25,599,UPI,SUCCESS
PAY008030,C000097,2025-12-24,399,NET_BANKING,SUCCESS
PAY008031,C000904,2026-01-11,599,CARD,SUCCESS
PAY008032,C000705,2026-03-27,799,UPI,SUCCESS
PAY008033,C000730,2026-02-22,1499,WALLET,PENDING
PAY008034,C000068,2026-09-03,1499,NET_BANKING,SUCCESS
PAY008035,C000677,2025-10-21,499,UPI,SUCCESS
PAY008036,C000721,2026-03-30,999,CARD,SUCCESS
PAY008037,C000204,2026-07-15,599,WALLET,SUCCESS
PAY008038,C000451,2025-10-04,799,NET_BANKING,PENDING
PAY008039,C000185,2025-10-05,999,WALLET,SUCCESS
PAY008040,C000828,2026-03-23,999,UPI,SUCCESS
PAY008041,C000087,2026-02-28,499,UPI,SUCCESS
PAY008042,C000827,2026-01-28,399,WALLET,SUCCESS
PAY008043,C000411,2025-12-23,399,CARD,SUCCESS
PAY008044,C000446,2025-12-30,1499,UPI,SUCCESS
PAY008045,C000379,2026-07-13,299,UPI,FAILED
PAY008046,C000418,2026-07-26,799,UPI,SUCCESS
PAY008047,C000511,2026-03-01,499,WALLET,PENDING
PAY008048,C000043,2026-01-22,399,UPI,FAILED
PAY008049,C000024,2025-11-26,299,NET_BANKING,FAILED
PAY008050,C000177,2026-01-03,599,UPI,SUCCESS
PAY008051,C000110,2025-11-03,999,UPI,REFUNDED
PAY008052,C000990,2026-04-16,299,UPI,SUCCESS
PAY008053,C000238,2026-03-16,399,CARD,SUCCESS
PAY008054,C000740,2025-12-13,1499,NET_BANKING,REFUNDED
PAY008055,C000346,2026-02-11,199,WALLET,REFUNDED
PAY008056,C000506,2025-11-03,299,WALLET,REFUNDED
PAY008057,C000431,2026-03-02,499,NET_BANKING,PENDING
PAY008058,C000089,2026-06-10,199,UPI,SUCCESS
PAY008059,C000364,2025-11-23,999,NET_BANKING,SUCCESS
PAY008060,C000938,2026-07-25,799,CARD,PENDING
PAY008061,C000337,2026-05-21,299,NET_BANKING,SUCCESS
PAY008062,C000852,2026-09-07,1499,NET_BANKING,PENDING
PAY008063,C000526,2026-07-08,599,NET_BANKING,SUCCESS
PAY008064,C000866,2026-03-24,999,UPI,FAILED
PAY008065,C000990,2026-08-26,599,CARD,REFUNDED
PAY008066,C000095,2026-08-27,499,NET_BANKING,SUCCESS
PAY008067,C000122,2026-04-13,399,NET_BANKING,REFUNDED
PAY008068,C000045,2026-06-11,599,NET_BANKING,SUCCESS
PAY008069,C000214,2026-06-29,599,CARD,SUCCESS
PAY008070,C000152,2026-04-27,599,NET_BANKING,SUCCESS
PAY008071,C000784,2026-01-30,199,NET_BANKING,REFUNDED
PAY008072,C000491,2026-07-17,1499,CARD,SUCCESS
PAY008073,C000892,2025-10-21,199,CARD,SUCCESS
PAY008074,C000315,2026-08-26,199,WALLET,SUCCESS
PAY008075,C000697,2026-05-16,599,UPI,SUCCESS
PAY008076,C000952,2026-07-30,399,CARD,SUCCESS
PAY008077,C000446,2025-12-07,199,WALLET,SUCCESS
PAY008078,C000597,2025-12-26,799,NET_BANKING,FAILED
PAY008079,C000619,2026-05-03,499,WALLET,REFUNDED
PAY008080,C000811,2026-02-13,799,WALLET,SUCCESS
PAY008081,C000056,2025-11-21,399,CARD,PENDING
PAY008082,C000232,2025-10-26,1499,CARD,SUCCESS
PAY008083,C000660,2026-05-09,399,UPI,FAILED
PAY008084,C000260,2026-08-30,299,NET_BANKING,SUCCESS
PAY008085,C000883,2025-11-07,299,UPI,REFUNDED
PAY008086,C000922,2026-03-16,399,NET_BANKING,SUCCESS
PAY008087,C000165,2026-05-09,1499,UPI,PENDING
PAY008088,C000135,2026-07-02,1499,CARD,SUCCESS
PAY008089,C000739,2026-02-20,799,UPI,REFUNDED
PAY008090,C000367,2026-02-21,799,WALLET,SUCCESS
PAY008091,C000613,2026-09-15,199,NET_BANKING,SUCCESS
PAY008092,C000696,2026-06-01,499,NET_BANKING,PENDING
PAY008093,C000512,2025-11-27,599,WALLET,SUCCESS
PAY008094,C000249,2025-12-06,799,CARD,SUCCESS
PAY008095,C000121,2026-04-15,399,CARD,SUCCESS
PAY008096,C000864,2026-03-28,199,NET_BANKING,SUCCESS
PAY008097,C000140,2026-08-02,999,CARD,REFUNDED
PAY008098,C000636,2026-07-01,1499,NET_BANKING,SUCCESS
PAY008099,C000055,2025-12-28,799,UPI,PENDING
PAY008100,C000545,2026-08-29,299,UPI,FAILED
PAY008101,C000956,2026-07-18,1499,CARD,SUCCESS
PAY008102,C000426,2026-09-02,399,WALLET,REFUNDED
PAY008103,C000130,2026-05-26,499,NET_BANKING,SUCCESS
PAY008104,C000563,2026-02-06,599,UPI,SUCCESS
PAY008105,C000935,2026-04-11,599,NET_BANKING,FAILED
PAY008106,C000248,2025-12-13,499,UPI,PENDING
PAY008107,C000259,2026-03-20,399,NET_BANKING,SUCCESS
PAY008108,C000795,2026-07-11,999,WALLET,PENDING
PAY008109,C000482,2025-10-27,599,WALLET,FAILED
PAY008110,C000463,2026-02-26,499,UPI,PENDING
PAY008111,C000764,2026-08-31,199,UPI,SUCCESS
PAY008112,C000936,2025-10-20,499,WALLET,SUCCESS
PAY008113,C000395,2026-06-20,1499,CARD,SUCCESS
PAY008114,C000484,2026-05-13,799,NET_BANKING,SUCCESS
PAY008115,C000060,2026-07-23,799,UPI,SUCCESS
PAY008116,C000631,2026-04-22,999,NET_BANKING,SUCCESS
PAY008117,C000461,2026-04-06,199,NET_BANKING,SUCCESS
PAY008118,C000941,2026-06-10,499,UPI,PENDING
PAY008119,C000531,2026-03-22,599,UPI,SUCCESS
PAY008120,C000925,2026-05-14,499,NET_BANKING,PENDING
PAY008121,C000166,2026-07-30,299,CARD,REFUNDED
PAY008122,C000414,2026-05-02,399,WALLET,REFUNDED
PAY008123,C000106,2026-06-30,299,UPI,FAILED
PAY008124,C000337,2026-02-16,499,WALLET,REFUNDED
PAY008125,C000897,2026-06-06,299,CARD,SUCCESS
PAY008126,C000142,2026-07-08,399,CARD,SUCCESS
PAY008127,C000618,2026-04-24,999,WALLET,SUCCESS
PAY008128,C000974,2026-04-16,599,NET_BANKING,PENDING
PAY008129,C000235,2025-11-16,499,UPI,PENDING
PAY008130,C000813,2026-02-27,199,CARD,SUCCESS
PAY008131,C000211,2026-04-12,399,CARD,REFUNDED
PAY008132,C000785,2025-11-25,399,WALLET,FAILED
PAY008133,C000808,2026-04-06,199,NET_BANKING,PENDING
PAY008134,C000803,2026-03-12,399,WALLET,PENDING
PAY008135,C000836,2026-06-24,599,CARD,SUCCESS
PAY008136,C000443,2026-05-10,299,CARD,REFUNDED
PAY008137,C000290,2026-06-16,199,UPI,SUCCESS
PAY008138,C000778,2026-01-25,499,CARD,SUCCESS
PAY008139,C000107,2026-07-28,399,CARD,REFUNDED
PAY008140,C000159,2026-02-05,299,WALLET,SUCCESS
PAY008141,C000644,2025-12-18,799,UPI,SUCCESS
PAY008142,C000511,2025-12-30,1499,UPI,SUCCESS
PAY008143,C000447,2026-06-13,299,NET_BANKING,FAILED
PAY008144,C000178,2026-02-11,399,CARD,PENDING
PAY008145,C000044,2026-06-04,299,UPI,SUCCESS
PAY008146,C000180,2026-04-14,399,UPI,SUCCESS
PAY008147,C000219,2026-02-03,999,NET_BANKING,SUCCESS
PAY008148,C000176,2026-01-19,199,WALLET,SUCCESS
PAY008149,C000326,2026-05-28,499,CARD,SUCCESS
PAY008150,C000514,2026-06-10,499,NET_BANKING,SUCCESS
PAY008151,C000051,2026-03-01,799,NET_BANKING,SUCCESS
PAY008152,C000983,2026-08-05,199,CARD,SUCCESS
PAY008153,C000055,2026-06-12,399,CARD,SUCCESS
PAY008154,C000170,2026-07-08,999,NET_BANKING,PENDING
PAY008155,C000786,2025-12-30,499,UPI,PENDING
PAY008156,C000992,2025-12-01,999,CARD,SUCCESS
PAY008157,C000552,2026-06-18,599,WALLET,PENDING
PAY008158,C000194,2026-05-31,199,WALLET,FAILED
PAY008159,C000889,2026-07-04,199,NET_BANKING,SUCCESS
PAY008160,C000576,2025-12-28,399,UPI,SUCCESS
PAY008161,C000175,2026-01-17,499,CARD,SUCCESS
PAY008162,C000240,2026-06-24,499,UPI,SUCCESS
PAY008163,C000961,2026-07-03,199,UPI,PENDING
PAY008164,C000602,2025-10-31,799,WALLET,SUCCESS
PAY008165,C000618,2026-01-15,599,NET_BANKING,PENDING
PAY008166,C000542,2025-12-16,299,NET_BANKING,SUCCESS
PAY008167,C000039,2025-11-05,499,NET_BANKING,REFUNDED
PAY008168,C000700,2025-11-02,799,WALLET,PENDING
PAY008169,C000490,2026-05-05,999,WALLET,SUCCESS
PAY008170,C000742,2026-07-15,799,CARD,SUCCESS
PAY008171,C000594,2025-10-21,999,NET_BANKING,SUCCESS
PAY008172,C000160,2025-11-06,499,CARD,SUCCESS
PAY008173,C000097,2025-10-30,599,UPI,FAILED
PAY008174,C000298,2026-08-24,499,NET_BANKING,SUCCESS
PAY008175,C000339,2025-11-09,299,NET_BANKING,SUCCESS
PAY008176,C000063,2026-02-10,199,NET_BANKING,PENDING
PAY008177,C000547,2026-01-09,299,WALLET,SUCCESS
PAY008178,C000657,2026-03-08,999,UPI,FAILED
PAY008179,C000438,2026-03-23,799,NET_BANKING,PENDING
PAY008180,C000672,2026-02-06,1499,UPI,REFUNDED
PAY008181,C000127,2025-11-13,599,NET_BANKING,SUCCESS
PAY008182,C000414,2026-05-08,199,NET_BANKING,SUCCESS
PAY008183,C000207,2026-04-12,999,NET_BANKING,SUCCESS
PAY008184,C000274,2026-08-29,199,UPI,PENDING
PAY008185,C000964,2026-06-29,499,NET_BANKING,REFUNDED
PAY008186,C000135,2026-08-13,399,NET_BANKING,FAILED
PAY008187,C000508,2026-02-04,599,NET_BANKING,SUCCESS
PAY008188,C000691,2025-12-14,199,WALLET,SUCCESS
PAY008189,C000157,2026-04-04,499,WALLET,FAILED
PAY008190,C000769,2026-03-02,1499,NET_BANKING,SUCCESS
PAY008191,C000948,2025-10-21,199,CARD,PENDING
PAY008192,C000214,2026-02-07,299,CARD,SUCCESS
PAY008193,C000076,2026-03-05,199,UPI,PENDING
PAY008194,C000723,2026-05-22,1499,NET_BANKING,PENDING
PAY008195,C000885,2026-07-04,499,WALLET,SUCCESS
PAY008196,C000020,2026-02-11,999,NET_BANKING,PENDING
PAY008197,C000477,2025-10-12,299,NET_BANKING,REFUNDED
PAY008198,C000765,2026-05-08,599,UPI,FAILED
PAY008199,C000130,2026-02-17,799,CARD,REFUNDED
PAY008200,C000893,2025-11-15,399,NET_BANKING,SUCCESS
PAY008201,C000568,2026-08-30,499,WALLET,SUCCESS
PAY008202,C000349,2026-06-15,499,WALLET,PENDING
PAY008203,C000435,2026-05-07,999,NET_BANKING,FAILED
PAY008204,C000641,2026-08-05,299,WALLET,REFUNDED
PAY008205,C000426,2025-10-08,799,CARD,FAILED
PAY008206,C000313,2026-02-05,299,NET_BANKING,FAILED
PAY008207,C000220,2025-12-23,1499,WALLET,REFUNDED
PAY008208,C000264,2026-01-30,199,UPI,SUCCESS
PAY008209,C000182,2026-02-20,299,NET_BANKING,FAILED
PAY008210,C000634,2025-12-01,199,CARD,SUCCESS
PAY008211,C000336,2026-04-28,199,NET_BANKING,SUCCESS
PAY008212,C000756,2026-01-12,999,WALLET,SUCCESS
PAY008213,C000035,2026-09-15,999,NET_BANKING,PENDING
PAY008214,C000672,2025-12-07,999,NET_BANKING,SUCCESS
PAY008215,C000786,2026-04-11,399,WALLET,SUCCESS
PAY008216,C000237,2026-05-15,299,UPI,SUCCESS
PAY008217,C000289,2026-01-04,1499,NET_BANKING,SUCCESS
PAY008218,C000147,2025-11-20,1499,NET_BANKING,SUCCESS
PAY008219,C000030,2026-02-24,199,UPI,REFUNDED
PAY008220,C000408,2026-01-15,999,NET_BANKING,PENDING
PAY008221,C000478,2025-11-12,199,WALLET,REFUNDED
PAY008222,C000812,2026-04-02,499,CARD,SUCCESS
PAY008223,C000353,2025-10-15,499,NET_BANKING,SUCCESS
PAY008224,C000344,2026-08-24,1499,WALLET,REFUNDED
PAY008225,C000588,2026-06-27,299,NET_BANKING,PENDING
PAY008226,C000040,2026-04-01,299,CARD,SUCCESS
PAY008227,C000928,2026-03-08,499,UPI,SUCCESS
PAY008228,C000884,2026-02-10,499,NET_BANKING,SUCCESS
PAY008229,C000065,2026-03-29,499,UPI,SUCCESS
PAY008230,C000955,2025-12-03,799,NET_BANKING,PENDING
PAY008231,C000548,2026-07-13,299,UPI,FAILED
PAY008232,C000888,2025-11-11,599,UPI,PENDING
PAY008233,C000762,2026-05-15,299,WALLET,REFUNDED
PAY008234,C000347,2026-04-25,399,CARD,REFUNDED
PAY008235,C000254,2026-08-29,399,UPI,SUCCESS
PAY008236,C000231,2026-04-04,599,WALLET,REFUNDED
PAY008237,C000859,2026-07-18,599,NET_BANKING,SUCCESS
PAY008238,C000731,2025-10-23,599,UPI,SUCCESS
PAY008239,C000706,2025-12-08,199,CARD,SUCCESS
PAY008240,C000377,2026-01-11,199,WALLET,SUCCESS
PAY008241,C000123,2026-01-26,499,CARD,FAILED
PAY008242,C000423,2025-12-04,999,WALLET,SUCCESS
PAY008243,C000349,2025-11-05,1499,UPI,FAILED
PAY008244,C000541,2026-08-20,399,NET_BANKING,SUCCESS
PAY008245,C000402,2026-08-10,399,CARD,SUCCESS
PAY008246,C000306,2026-02-05,499,UPI,PENDING
PAY008247,C000226,2026-05-14,299,NET_BANKING,SUCCESS
PAY008248,C000801,2026-08-22,1499,UPI,PENDING
PAY008249,C000876,2026-01-09,199,UPI,FAILED
PAY008250,C000534,2026-04-02,799,UPI,PENDING
PAY008251,C000913,2025-11-02,299,NET_BANKING,SUCCESS
PAY008252,C000170,2026-01-27,299,WALLET,SUCCESS
PAY008253,C000988,2025-12-29,199,NET_BANKING,SUCCESS
PAY008254,C000651,2025-10-19,499,NET_BANKING,PENDING
PAY008255,C000651,2026-02-25,999,WALLET,FAILED
PAY008256,C000904,2025-11-01,399,WALLET,SUCCESS
PAY008257,C000195,2025-10-30,1499,UPI,FAILED
PAY008258,C000285,2026-01-23,399,WALLET,SUCCESS
PAY008259,C000896,2026-03-05,799,NET_BANKING,SUCCESS
PAY008260,C000078,2026-05-24,299,UPI,FAILED
PAY008261,C000518,2026-03-07,499,WALLET,SUCCESS
PAY008262,C000071,2025-10-07,999,CARD,SUCCESS
PAY008263,C000172,2025-09-23,999,NET_BANKING,SUCCESS
PAY008264,C000630,2026-05-30,1499,WALLET,SUCCESS
PAY008265,C000497,2026-03-20,199,UPI,SUCCESS
PAY008266,C000419,2026-01-18,399,UPI,SUCCESS
PAY008267,C000975,2026-05-05,499,CARD,REFUNDED
PAY008268,C000418,2025-10-05,399,CARD,SUCCESS
PAY008269,C000363,2025-12-26,599,NET_BANKING,SUCCESS
PAY008270,C000365,2026-06-15,199,CARD,REFUNDED
PAY008271,C000997,2026-05-30,999,CARD,SUCCESS
PAY008272,C000023,2026-08-08,599,CARD,SUCCESS
PAY008273,C000736,2026-09-19,199,CARD,SUCCESS
PAY008274,C000162,2026-07-16,1499,NET_BANKING,PENDING
PAY008275,C000122,2026-08-05,599,WALLET,SUCCESS
PAY008276,C000315,2026-02-15,299,NET_BANKING,FAILED
PAY008277,C000409,2026-08-11,199,CARD,FAILED
PAY008278,C000984,2026-02-04,1499,NET_BANKING,PENDING
PAY008279,C000586,2026-03-26,599,WALLET,SUCCESS
PAY008280,C000976,2026-06-08,999,NET_BANKING,PENDING
PAY008281,C000984,2025-09-25,799,UPI,FAILED
PAY008282,C000138,2026-09-05,499,WALLET,SUCCESS
PAY008283,C000002,2025-10-01,499,WALLET,SUCCESS
PAY008284,C000949,2025-10-02,999,NET_BANKING,SUCCESS
PAY008285,C000486,2026-02-08,499,UPI,SUCCESS
PAY008286,C000721,2026-06-24,799,UPI,SUCCESS
PAY008287,C000787,2026-07-06,199,NET_BANKING,SUCCESS
PAY008288,C000112,2025-10-09,999,CARD,PENDING
PAY008289,C000372,2026-03-23,599,NET_BANKING,SUCCESS
PAY008290,C000794,2026-07-18,499,CARD,SUCCESS
PAY008291,C000916,2026-02-06,499,UPI,SUCCESS
PAY008292,C000022,2025-12-21,199,NET_BANKING,REFUNDED
PAY008293,C000066,2026-04-09,599,UPI,SUCCESS
PAY008294,C000579,2026-09-05,199,WALLET,SUCCESS
PAY008295,C000512,2026-03-09,499,UPI,SUCCESS
PAY008296,C000851,2026-06-30,1499,WALLET,SUCCESS
PAY008297,C000244,2026-05-08,599,NET_BANKING,SUCCESS
PAY008298,C000866,2026-09-10,199,CARD,REFUNDED
PAY008299,C000194,2026-07-26,499,WALLET,REFUNDED
PAY008300,C000432,2026-03-22,399,UPI,SUCCESS
PAY008301,C000428,2026-06-22,499,NET_BANKING,SUCCESS
PAY008302,C000429,2026-07-15,299,CARD,PENDING
PAY008303,C000365,2026-02-22,1499,UPI,SUCCESS
PAY008304,C000809,2026-07-10,599,NET_BANKING,SUCCESS
PAY008305,C000620,2026-04-06,199,UPI,REFUNDED
PAY008306,C000313,2026-07-30,1499,CARD,PENDING
PAY008307,C000914,2025-10-27,499,NET_BANKING,PENDING
PAY008308,C000226,2026-09-07,299,UPI,SUCCESS
PAY008309,C000996,2025-10-17,399,NET_BANKING,REFUNDED
PAY008310,C000565,2025-12-30,799,UPI,PENDING
PAY008311,C000672,2025-10-21,299,NET_BANKING,SUCCESS
PAY008312,C000806,2026-07-18,799,CARD,SUCCESS
PAY008313,C000797,2026-03-13,999,WALLET,REFUNDED
PAY008314,C000074,2025-10-28,399,CARD,SUCCESS
PAY008315,C000496,2026-06-01,399,CARD,SUCCESS
PAY008316,C000972,2026-05-02,999,NET_BANKING,FAILED
PAY008317,C000323,2026-09-03,999,UPI,SUCCESS
PAY008318,C000289,2026-03-09,799,NET_BANKING,SUCCESS
PAY008319,C000497,2026-01-01,1499,CARD,FAILED
PAY008320,C000098,2026-07-25,799,CARD,SUCCESS
PAY008321,C000445,2026-04-24,299,WALLET,SUCCESS
PAY008322,C000992,2026-02-06,999,WALLET,REFUNDED
PAY008323,C000107,2026-01-18,499,WALLET,PENDING
PAY008324,C000311,2025-11-07,499,CARD,SUCCESS
PAY008325,C000882,2026-03-05,999,NET_BANKING,PENDING
PAY008326,C000988,2025-12-09,499,CARD,SUCCESS
PAY008327,C000237,2026-07-13,1499,CARD,SUCCESS
PAY008328,C000544,2025-10-02,1499,NET_BANKING,SUCCESS
PAY008329,C000962,2026-07-16,499,WALLET,SUCCESS
PAY008330,C000627,2026-08-08,499,UPI,SUCCESS
PAY008331,C000482,2026-07-04,499,UPI,SUCCESS
PAY008332,C000570,2026-01-15,499,CARD,SUCCESS
PAY008333,C000060,2026-05-17,999,WALLET,SUCCESS
PAY008334,C000292,2026-02-27,499,NET_BANKING,SUCCESS
PAY008335,C000565,2026-01-05,599,NET_BANKING,FAILED
PAY008336,C000964,2026-02-07,299,WALLET,SUCCESS
PAY008337,C000026,2025-12-13,199,NET_BANKING,SUCCESS
PAY008338,C000458,2026-04-22,199,UPI,SUCCESS
PAY008339,C000072,2026-07-04,999,WALLET,SUCCESS
PAY008340,C000430,2025-10-31,299,UPI,SUCCESS
PAY008341,C000084,2025-11-28,199,UPI,SUCCESS
PAY008342,C000211,2026-01-10,1499,WALLET,SUCCESS
PAY008343,C000092,2025-12-15,1499,NET_BANKING,REFUNDED
PAY008344,C000830,2025-11-04,1499,UPI,SUCCESS
PAY008345,C000033,2026-03-04,599,NET_BANKING,REFUNDED
PAY008346,C000431,2026-07-31,1499,WALLET,SUCCESS
PAY008347,C000489,2025-12-18,199,NET_BANKING,SUCCESS
PAY008348,C000073,2026-08-15,999,CARD,SUCCESS
PAY008349,C000837,2026-08-02,499,CARD,SUCCESS
PAY008350,C000883,2026-05-03,999,UPI,PENDING
PAY008351,C000741,2026-02-24,1499,NET_BANKING,PENDING
PAY008352,C000481,2026-02-19,399,NET_BANKING,PENDING
PAY008353,C000005,2026-08-24,1499,WALLET,REFUNDED
PAY008354,C000343,2025-10-01,299,CARD,SUCCESS
PAY008355,C000344,2025-12-13,499,WALLET,SUCCESS
PAY008356,C000607,2025-12-16,299,CARD,SUCCESS
PAY008357,C000034,2026-04-25,199,NET_BANKING,SUCCESS
PAY008358,C000186,2026-02-24,1499,WALLET,SUCCESS
PAY008359,C000252,2026-08-24,199,UPI,SUCCESS
PAY008360,C000134,2025-12-09,499,CARD,SUCCESS
PAY008361,C000771,2025-11-28,999,CARD,SUCCESS
PAY008362,C000315,2026-02-27,499,NET_BANKING,PENDING
PAY008363,C000573,2025-12-27,999,UPI,SUCCESS
PAY008364,C000244,2026-06-13,299,UPI,PENDING
PAY008365,C000379,2025-09-26,299,UPI,SUCCESS
PAY008366,C000666,2026-06-30,1499,WALLET,FAILED
PAY008367,C000757,2026-07-21,999,NET_BANKING,SUCCESS
PAY008368,C000358,2025-12-06,199,WALLET,PENDING
PAY008369,C000491,2026-02-28,399,CARD,SUCCESS
PAY008370,C000977,2025-10-23,199,WALLET,SUCCESS
PAY008371,C000380,2026-05-08,199,CARD,SUCCESS
PAY008372,C000015,2026-05-05,799,WALLET,SUCCESS
PAY008373,C000320,2026-07-10,999,NET_BANKING,SUCCESS
PAY008374,C000965,2026-08-11,299,UPI,REFUNDED
PAY008375,C000559,2026-05-22,499,UPI,FAILED
PAY008376,C000261,2026-03-08,1499,WALLET,REFUNDED
PAY008377,C000860,2025-11-02,399,CARD,SUCCESS
PAY008378,C000737,2026-08-31,499,CARD,FAILED
PAY008379,C000617,2026-08-10,599,WALLET,SUCCESS
PAY008380,C000864,2026-03-22,199,UPI,FAILED
PAY008381,C000051,2026-08-21,499,UPI,REFUNDED
PAY008382,C000255,2026-02-21,299,WALLET,SUCCESS
PAY008383,C000784,2026-05-08,399,UPI,PENDING
PAY008384,C000260,2025-12-30,799,NET_BANKING,FAILED
PAY008385,C000769,2026-01-24,599,WALLET,PENDING
PAY008386,C000956,2026-07-16,299,NET_BANKING,FAILED
PAY008387,C000525,2026-03-14,199,WALLET,SUCCESS
PAY008388,C000818,2026-04-04,1499,CARD,SUCCESS
PAY008389,C000316,2026-09-04,299,UPI,SUCCESS
PAY008390,C000633,2026-01-14,299,UPI,SUCCESS
PAY008391,C000208,2026-01-22,999,CARD,REFUNDED
PAY008392,C000501,2026-04-14,999,WALLET,SUCCESS
PAY008393,C000221,2025-11-22,399,WALLET,FAILED
PAY008394,C000938,2026-05-12,999,CARD,FAILED
PAY008395,C000856,2025-12-19,199,CARD,SUCCESS
PAY008396,C000303,2026-08-15,199,CARD,SUCCESS
PAY008397,C000371,2026-02-06,799,CARD,FAILED
PAY008398,C000372,2026-06-30,1499,CARD,FAILED
PAY008399,C000176,2026-07-10,499,NET_BANKING,SUCCESS
PAY008400,C000810,2026-08-15,799,NET_BANKING,SUCCESS
PAY008401,C000047,2026-07-06,1499,UPI,SUCCESS
PAY008402,C000831,2025-10-23,199,CARD,SUCCESS
PAY008403,C000178,2026-05-28,299,NET_BANKING,SUCCESS
PAY008404,C000778,2026-08-19,799,WALLET,SUCCESS
PAY008405,C000505,2026-07-01,199,CARD,PENDING
PAY008406,C000905,2025-11-21,299,WALLET,FAILED
PAY008407,C000583,2026-07-07,199,UPI,SUCCESS
PAY008408,C000041,2025-10-03,1499,WALLET,SUCCESS
PAY008409,C000248,2026-07-17,999,CARD,PENDING
PAY008410,C000994,2025-11-13,399,NET_BANKING,REFUNDED
PAY008411,C000837,2026-03-07,1499,NET_BANKING,SUCCESS
PAY008412,C000229,2026-03-19,199,CARD,SUCCESS
PAY008413,C000965,2026-03-31,999,CARD,SUCCESS
PAY008414,C000568,2026-08-26,799,NET_BANKING,REFUNDED
PAY008415,C000891,2026-03-01,199,UPI,SUCCESS
PAY008416,C000444,2026-03-08,299,UPI,SUCCESS
PAY008417,C000659,2025-10-10,399,UPI,SUCCESS
PAY008418,C000327,2026-04-12,1499,WALLET,FAILED
PAY008419,C000076,2026-09-06,799,UPI,SUCCESS
PAY008420,C000744,2025-12-19,599,UPI,SUCCESS
PAY008421,C000057,2026-09-22,799,CARD,SUCCESS
PAY008422,C000516,2025-11-27,399,NET_BANKING,SUCCESS
PAY008423,C000418,2025-11-17,799,WALLET,SUCCESS
PAY008424,C000729,2026-02-16,199,NET_BANKING,SUCCESS
PAY008425,C000784,2025-09-28,599,UPI,SUCCESS
PAY008426,C000164,2026-05-14,999,WALLET,PENDING
PAY008427,C000512,2026-08-04,299,UPI,SUCCESS
PAY008428,C000272,2026-08-28,599,UPI,SUCCESS
PAY008429,C000357,2026-07-03,1499,NET_BANKING,PENDING
PAY008430,C000932,2026-08-05,499,CARD,SUCCESS
PAY008431,C000216,2025-10-14,999,CARD,SUCCESS
PAY008432,C000311,2026-07-01,399,CARD,SUCCESS
PAY008433,C000116,2026-01-20,299,WALLET,FAILED
PAY008434,C000849,2026-05-10,999,CARD,FAILED
PAY008435,C000749,2026-04-09,199,NET_BANKING,SUCCESS
PAY008436,C000321,2025-11-04,399,UPI,SUCCESS
PAY008437,C000141,2026-03-03,199,WALLET,REFUNDED
PAY008438,C000460,2025-12-22,799,WALLET,SUCCESS
PAY008439,C000375,2026-05-04,299,WALLET,PENDING
PAY008440,C000965,2026-07-10,799,UPI,SUCCESS
PAY008441,C000140,2026-09-04,499,NET_BANKING,FAILED
PAY008442,C000468,2026-08-06,799,UPI,REFUNDED
PAY008443,C000401,2026-09-12,499,NET_BANKING,PENDING
PAY008444,C000349,2025-12-12,499,WALLET,REFUNDED
PAY008445,C000254,2026-06-27,199,CARD,PENDING
PAY008446,C000944,2026-03-29,599,NET_BANKING,PENDING
PAY008447,C000795,2025-12-17,499,NET_BANKING,PENDING
PAY008448,C000182,2026-05-10,199,NET_BANKING,FAILED
PAY008449,C000191,2025-12-22,799,NET_BANKING,REFUNDED
PAY008450,C000278,2026-08-31,399,UPI,SUCCESS
PAY008451,C000248,2026-01-01,999,NET_BANKING,PENDING
PAY008452,C000902,2026-09-22,799,WALLET,PENDING
PAY008453,C000705,2025-12-20,399,WALLET,SUCCESS
PAY008454,C000376,2026-07-12,999,NET_BANKING,SUCCESS
PAY008455,C000810,2026-07-31,499,CARD,REFUNDED
PAY008456,C000041,2026-06-23,999,UPI,PENDING
PAY008457,C000588,2025-11-29,299,CARD,SUCCESS
PAY008458,C000912,2026-07-04,1499,UPI,SUCCESS
PAY008459,C000333,2025-12-12,199,CARD,SUCCESS
PAY008460,C000912,2026-07-02,499,NET_BANKING,SUCCESS
PAY008461,C000705,2026-03-21,399,WALLET,REFUNDED
PAY008462,C000348,2026-07-22,299,UPI,FAILED
PAY008463,C000805,2026-05-13,999,UPI,SUCCESS
PAY008464,C000771,2026-02-22,799,UPI,SUCCESS
PAY008465,C000287,2026-05-03,999,NET_BANKING,REFUNDED
PAY008466,C000024,2026-03-24,599,UPI,FAILED
PAY008467,C000659,2025-10-20,599,WALLET,SUCCESS
PAY008468,C000979,2026-03-06,199,WALLET,SUCCESS
PAY008469,C000595,2026-06-29,199,UPI,SUCCESS
PAY008470,C000125,2025-12-09,499,NET_BANKING,SUCCESS
PAY008471,C000072,2026-01-23,299,NET_BANKING,REFUNDED
PAY008472,C000783,2026-02-28,799,CARD,SUCCESS
PAY008473,C000004,2026-05-02,299,UPI,PENDING
PAY008474,C000329,2025-12-04,599,CARD,SUCCESS
PAY008475,C000554,2026-01-09,399,NET_BANKING,FAILED
PAY008476,C000144,2026-07-26,299,WALLET,SUCCESS
PAY008477,C000501,2026-03-13,299,CARD,SUCCESS
PAY008478,C000930,2026-05-21,499,CARD,SUCCESS
PAY008479,C000503,2026-01-26,399,WALLET,SUCCESS
PAY008480,C000105,2025-10-09,199,WALLET,SUCCESS
PAY008481,C000494,2026-02-16,999,CARD,SUCCESS
PAY008482,C000800,2026-06-13,399,NET_BANKING,SUCCESS
PAY008483,C000528,2026-08-10,1499,CARD,SUCCESS
PAY008484,C000959,2026-04-28,999,NET_BANKING,SUCCESS
PAY008485,C000186,2025-12-03,399,WALLET,SUCCESS
PAY008486,C000383,2026-08-24,499,WALLET,SUCCESS
PAY008487,C000933,2025-12-07,1499,UPI,REFUNDED
PAY008488,C000607,2026-04-24,599,WALLET,FAILED
PAY008489,C000084,2026-09-15,299,UPI,SUCCESS
PAY008490,C000295,2026-07-28,599,UPI,SUCCESS
PAY008491,C000409,2026-02-10,799,CARD,FAILED
PAY008492,C000746,2026-07-21,199,WALLET,SUCCESS
PAY008493,C000914,2026-02-25,199,WALLET,FAILED
PAY008494,C000255,2025-11-10,199,CARD,FAILED
PAY008495,C000058,2026-02-23,299,WALLET,REFUNDED
PAY008496,C000904,2026-09-07,399,CARD,SUCCESS
PAY008497,C000951,2026-07-30,599,WALLET,FAILED
PAY008498,C000591,2026-07-01,1499,WALLET,FAILED
PAY008499,C000687,2025-10-02,499,CARD,PENDING
PAY008500,C000791,2025-12-31,1499,CARD,SUCCESS
PAY008501,C000542,2026-09-18,1499,CARD,SUCCESS
PAY008502,C000398,2026-02-06,799,NET_BANKING,REFUNDED
PAY008503,C000341,2026-05-09,999,CARD,FAILED
PAY008504,C000568,2025-10-26,499,CARD,REFUNDED
PAY008505,C000464,2026-03-09,399,UPI,SUCCESS
PAY008506,C000033,2026-04-02,599,NET_BANKING,SUCCESS
PAY008507,C000784,2026-01-14,999,CARD,SUCCESS
PAY008508,C000152,2026-05-15,599,CARD,SUCCESS
PAY008509,C000063,2025-11-09,299,WALLET,PENDING
PAY008510,C000112,2025-12-16,799,WALLET,REFUNDED
PAY008511,C000476,2025-12-27,599,WALLET,REFUNDED
PAY008512,C000974,2026-01-28,1499,WALLET,REFUNDED
PAY008513,C000825,2026-01-20,399,CARD,PENDING
PAY008514,C000289,2026-02-09,499,WALLET,SUCCESS
PAY008515,C000434,2026-08-18,399,NET_BANKING,SUCCESS
PAY008516,C000966,2025-11-10,1499,NET_BANKING,PENDING
PAY008517,C000077,2025-09-24,199,CARD,SUCCESS
PAY008518,C000523,2026-02-02,399,UPI,SUCCESS
PAY008519,C000646,2025-12-18,999,WALLET,SUCCESS
PAY008520,C000781,2025-11-09,299,WALLET,SUCCESS
PAY008521,C000600,2025-10-14,1499,NET_BANKING,PENDING
PAY008522,C000144,2025-10-01,499,WALLET,SUCCESS
PAY008523,C000552,2026-07-13,499,NET_BANKING,SUCCESS
PAY008524,C000861,2026-05-24,199,UPI,SUCCESS
PAY008525,C000336,2025-12-15,199,NET_BANKING,REFUNDED
PAY008526,C000649,2025-12-25,499,CARD,PENDING
PAY008527,C000826,2025-10-22,1499,NET_BANKING,SUCCESS
PAY008528,C000444,2025-12-19,599,NET_BANKING,SUCCESS
PAY008529,C000781,2025-10-12,1499,UPI,FAILED
PAY008530,C000594,2026-08-01,799,CARD,FAILED
PAY008531,C000114,2025-12-10,199,WALLET,SUCCESS
PAY008532,C000672,2026-08-11,999,CARD,PENDING
PAY008533,C000356,2026-08-20,199,WALLET,FAILED
PAY008534,C000679,2026-01-09,599,WALLET,SUCCESS
PAY008535,C000927,2026-01-05,799,WALLET,SUCCESS
PAY008536,C000240,2025-11-22,299,NET_BANKING,PENDING
PAY008537,C000063,2025-10-16,299,CARD,REFUNDED
PAY008538,C000253,2026-06-18,599,UPI,PENDING
PAY008539,C000555,2025-12-04,399,WALLET,PENDING
PAY008540,C000351,2026-09-09,499,UPI,FAILED
PAY008541,C000162,2026-03-27,199,WALLET,FAILED
PAY008542,C000409,2026-01-01,599,NET_BANKING,SUCCESS
PAY008543,C000615,2026-07-16,199,NET_BANKING,REFUNDED
PAY008544,C000712,2026-02-02,299,UPI,SUCCESS
PAY008545,C000343,2026-01-30,199,NET_BANKING,SUCCESS
PAY008546,C000100,2026-04-18,1499,CARD,SUCCESS
PAY008547,C000176,2025-12-08,599,WALLET,REFUNDED
PAY008548,C000452,2026-05-14,199,UPI,REFUNDED
PAY008549,C000458,2025-09-26,399,UPI,SUCCESS
PAY008550,C000244,2025-12-29,799,WALLET,FAILED
PAY008551,C000028,2025-12-13,1499,UPI,PENDING
PAY008552,C000328,2026-03-02,299,UPI,FAILED
PAY008553,C000849,2025-11-05,499,NET_BANKING,PENDING
PAY008554,C000071,2026-07-01,499,NET_BANKING,SUCCESS
PAY008555,C000824,2025-10-02,999,CARD,SUCCESS
PAY008556,C000142,2026-06-19,599,NET_BANKING,SUCCESS
PAY008557,C000757,2026-08-30,999,UPI,PENDING
PAY008558,C000643,2026-05-13,599,CARD,SUCCESS
PAY008559,C000174,2026-02-12,499,CARD,FAILED
PAY008560,C000711,2026-02-05,199,CARD,REFUNDED
PAY008561,C000308,2026-01-09,399,WALLET,SUCCESS
PAY008562,C000539,2026-04-06,799,CARD,REFUNDED
PAY008563,C000318,2026-06-01,199,CARD,REFUNDED
PAY008564,C000270,2026-06-21,399,CARD,SUCCESS
PAY008565,C000781,2025-10-12,499,WALLET,SUCCESS
PAY008566,C000375,2026-08-24,199,CARD,SUCCESS
PAY008567,C000400,2026-03-15,499,WALLET,SUCCESS
PAY008568,C000652,2026-03-13,999,NET_BANKING,SUCCESS
PAY008569,C000305,2026-02-25,299,WALLET,SUCCESS
PAY008570,C000655,2026-02-10,399,CARD,SUCCESS
PAY008571,C000869,2026-07-30,999,WALLET,SUCCESS
PAY008572,C000386,2025-12-12,499,CARD,FAILED
PAY008573,C000155,2026-04-13,999,NET_BANKING,SUCCESS
PAY008574,C000015,2026-09-01,499,UPI,REFUNDED
PAY008575,C000691,2026-06-02,299,CARD,REFUNDED
PAY008576,C000548,2026-04-27,799,NET_BANKING,SUCCESS
PAY008577,C000163,2026-05-17,799,NET_BANKING,REFUNDED
PAY008578,C000359,2025-11-09,1499,CARD,SUCCESS
PAY008579,C000351,2026-08-28,999,NET_BANKING,SUCCESS
PAY008580,C000023,2026-01-02,399,NET_BANKING,REFUNDED
PAY008581,C000309,2025-10-01,1499,CARD,SUCCESS
PAY008582,C000955,2026-06-14,299,NET_BANKING,SUCCESS
PAY008583,C000503,2026-08-31,999,UPI,FAILED
PAY008584,C000366,2025-11-19,199,UPI,SUCCESS
PAY008585,C000742,2026-09-12,799,WALLET,FAILED
PAY008586,C000984,2025-10-28,199,UPI,SUCCESS
PAY008587,C000592,2025-12-16,199,UPI,SUCCESS
PAY008588,C000734,2026-05-03,399,UPI,SUCCESS
PAY008589,C000922,2026-02-02,399,WALLET,FAILED
PAY008590,C000541,2025-12-28,199,CARD,SUCCESS
PAY008591,C000373,2026-08-14,1499,WALLET,PENDING
PAY008592,C000391,2026-09-03,299,NET_BANKING,REFUNDED
PAY008593,C000735,2026-08-28,499,CARD,SUCCESS
PAY008594,C000316,2025-11-08,199,CARD,REFUNDED
PAY008595,C000982,2026-04-30,399,NET_BANKING,SUCCESS
PAY008596,C000658,2026-01-08,499,UPI,SUCCESS
PAY008597,C000341,2026-05-13,299,CARD,FAILED
PAY008598,C000148,2025-10-09,799,CARD,SUCCESS
PAY008599,C000691,2026-05-08,599,CARD,SUCCESS
PAY008600,C000712,2025-10-09,599,CARD,SUCCESS
PAY008601,C000572,2026-03-07,799,UPI,REFUNDED
PAY008602,C000460,2026-08-03,799,CARD,FAILED
PAY008603,C000731,2026-03-24,599,NET_BANKING,SUCCESS
PAY008604,C000823,2026-03-25,299,UPI,REFUNDED
PAY008605,C000489,2026-07-30,199,UPI,REFUNDED
PAY008606,C000659,2026-03-27,599,CARD,FAILED
PAY008607,C000387,2026-05-19,399,UPI,PENDING
PAY008608,C000787,2026-03-07,399,WALLET,PENDING
PAY008609,C000672,2026-05-05,1499,CARD,SUCCESS
PAY008610,C000581,2026-06-05,799,NET_BANKING,SUCCESS
PAY008611,C000909,2026-03-02,799,NET_BANKING,SUCCESS
PAY008612,C000713,2026-06-04,199,UPI,SUCCESS
PAY008613,C000155,2026-08-11,399,WALLET,SUCCESS
PAY008614,C000432,2026-04-20,199,CARD,SUCCESS
PAY008615,C000854,2026-05-25,299,WALLET,FAILED
PAY008616,C000922,2025-12-19,399,NET_BANKING,SUCCESS
PAY008617,C000272,2026-01-23,499,NET_BANKING,SUCCESS
PAY008618,C000786,2026-04-20,199,CARD,FAILED
PAY008619,C000129,2026-07-12,199,CARD,SUCCESS
PAY008620,C000373,2026-09-17,199,CARD,SUCCESS
PAY008621,C000080,2026-04-07,299,WALLET,SUCCESS
PAY008622,C000962,2026-01-18,799,UPI,SUCCESS
PAY008623,C000917,2026-07-11,499,CARD,PENDING
PAY008624,C000393,2026-02-27,399,NET_BANKING,SUCCESS
PAY008625,C000634,2026-04-19,199,NET_BANKING,REFUNDED
PAY008626,C000643,2026-04-12,399,WALLET,SUCCESS
PAY008627,C000061,2025-12-03,999,UPI,REFUNDED
PAY008628,C000786,2025-10-07,399,WALLET,SUCCESS
PAY008629,C000125,2025-10-31,399,WALLET,REFUNDED
PAY008630,C000756,2026-07-11,299,UPI,PENDING
PAY008631,C000996,2026-04-21,599,UPI,SUCCESS
PAY008632,C000406,2025-09-26,499,NET_BANKING,SUCCESS
PAY008633,C000840,2026-06-24,299,UPI,SUCCESS
PAY008634,C000042,2026-07-04,799,NET_BANKING,SUCCESS
PAY008635,C000212,2025-11-24,299,NET_BANKING,SUCCESS
PAY008636,C000210,2026-02-06,399,UPI,PENDING
PAY008637,C000303,2026-01-25,299,UPI,SUCCESS
PAY008638,C000683,2026-02-13,999,WALLET,SUCCESS
PAY008639,C000418,2026-07-01,599,UPI,SUCCESS
PAY008640,C000547,2026-02-24,1499,CARD,SUCCESS
PAY008641,C000883,2026-03-02,599,CARD,REFUNDED
PAY008642,C000965,2026-09-02,999,NET_BANKING,SUCCESS
PAY008643,C000443,2025-12-21,599,CARD,FAILED
PAY008644,C000302,2026-06-25,399,UPI,SUCCESS
PAY008645,C000620,2026-03-13,199,WALLET,REFUNDED
PAY008646,C000464,2025-10-23,499,NET_BANKING,PENDING
PAY008647,C000138,2026-06-02,599,NET_BANKING,SUCCESS
PAY008648,C000501,2026-07-29,499,WALLET,SUCCESS
PAY008649,C000036,2026-09-15,399,NET_BANKING,PENDING
PAY008650,C000894,2025-12-07,599,WALLET,FAILED
PAY008651,C000395,2025-11-13,499,WALLET,SUCCESS
PAY008652,C000762,2025-10-10,499,NET_BANKING,SUCCESS
PAY008653,C000704,2026-04-13,599,UPI,PENDING
PAY008654,C000833,2025-11-10,499,CARD,SUCCESS
PAY008655,C000154,2026-01-27,399,WALLET,REFUNDED
PAY008656,C000154,2026-05-16,399,WALLET,SUCCESS
PAY008657,C000693,2026-06-21,399,WALLET,SUCCESS
PAY008658,C000820,2026-03-06,199,WALLET,SUCCESS
PAY008659,C000743,2026-02-08,999,CARD,FAILED
PAY008660,C000317,2025-12-19,599,NET_BANKING,REFUNDED
PAY008661,C000832,2026-02-15,599,WALLET,SUCCESS
PAY008662,C000097,2026-04-20,1499,UPI,SUCCESS
PAY008663,C000564,2026-06-20,1499,CARD,PENDING
PAY008664,C000603,2026-03-18,799,CARD,REFUNDED
PAY008665,C000936,2026-03-11,299,WALLET,SUCCESS
PAY008666,C000121,2026-03-05,599,WALLET,SUCCESS
PAY008667,C000560,2025-12-23,999,NET_BANKING,PENDING
PAY008668,C000597,2026-07-19,599,NET_BANKING,SUCCESS
PAY008669,C000888,2025-10-05,1499,CARD,SUCCESS
PAY008670,C000895,2026-04-23,999,NET_BANKING,PENDING
PAY008671,C000012,2026-03-26,299,WALLET,SUCCESS
PAY008672,C000285,2026-07-22,999,NET_BANKING,SUCCESS
PAY008673,C000931,2026-05-24,999,CARD,REFUNDED
PAY008674,C000929,2025-10-28,1499,WALLET,SUCCESS
PAY008675,C000185,2026-01-22,199,NET_BANKING,SUCCESS
PAY008676,C000247,2025-12-06,299,WALLET,REFUNDED
PAY008677,C000791,2026-06-09,999,NET_BANKING,SUCCESS
PAY008678,C000600,2025-12-22,499,CARD,REFUNDED
PAY008679,C000063,2025-11-15,299,UPI,REFUNDED
PAY008680,C000467,2026-07-25,999,WALLET,PENDING
PAY008681,C000484,2026-06-23,199,NET_BANKING,PENDING
PAY008682,C000962,2026-06-25,499,NET_BANKING,SUCCESS
PAY008683,C000243,2026-01-09,1499,WALLET,SUCCESS
PAY008684,C000112,2026-05-30,199,WALLET,FAILED
PAY008685,C000110,2025-12-07,599,UPI,SUCCESS
PAY008686,C000048,2025-12-17,399,WALLET,SUCCESS
PAY008687,C000784,2026-01-31,199,CARD,PENDING
PAY008688,C000291,2025-12-21,199,CARD,FAILED
PAY008689,C000160,2026-05-28,399,UPI,REFUNDED
PAY008690,C000681,2026-07-14,599,CARD,PENDING
PAY008691,C000850,2026-08-08,299,CARD,SUCCESS
PAY008692,C000496,2026-02-08,599,UPI,SUCCESS
PAY008693,C000988,2025-12-26,299,UPI,SUCCESS
PAY008694,C000172,2026-02-25,1499,CARD,SUCCESS
PAY008695,C000266,2025-10-04,499,CARD,SUCCESS
PAY008696,C000873,2026-07-23,999,UPI,SUCCESS
PAY008697,C000189,2026-04-21,799,NET_BANKING,SUCCESS
PAY008698,C000619,2026-08-18,299,WALLET,SUCCESS
PAY008699,C000803,2026-07-28,199,WALLET,FAILED
PAY008700,C000049,2025-12-24,499,NET_BANKING,SUCCESS
PAY008701,C000668,2025-11-11,399,NET_BANKING,SUCCESS
PAY008702,C000185,2026-03-22,799,CARD,FAILED
PAY008703,C000954,2026-03-17,399,NET_BANKING,SUCCESS
PAY008704,C000637,2026-05-29,1499,NET_BANKING,PENDING
PAY008705,C000280,2026-04-05,1499,WALLET,FAILED
PAY008706,C000343,2026-09-13,199,WALLET,SUCCESS
PAY008707,C000788,2026-09-14,399,WALLET,PENDING
PAY008708,C000524,2025-10-05,1499,NET_BANKING,SUCCESS
PAY008709,C000328,2025-12-03,499,WALLET,PENDING
PAY008710,C000661,2026-02-23,299,CARD,REFUNDED
PAY008711,C000965,2025-10-21,999,CARD,SUCCESS
PAY008712,C000510,2025-12-08,1499,CARD,FAILED
PAY008713,C000821,2026-07-30,199,WALLET,PENDING
PAY008714,C000490,2025-10-13,499,CARD,FAILED
PAY008715,C000816,2026-01-27,1499,CARD,REFUNDED
PAY008716,C000799,2026-01-09,199,NET_BANKING,SUCCESS
PAY008717,C000395,2026-03-24,599,CARD,SUCCESS
PAY008718,C000651,2026-01-13,799,WALLET,SUCCESS
PAY008719,C000956,2025-09-28,799,CARD,REFUNDED
PAY008720,C000287,2026-05-09,199,NET_BANKING,SUCCESS
PAY008721,C000486,2025-11-06,1499,CARD,SUCCESS
PAY008722,C000656,2026-06-15,599,CARD,SUCCESS
PAY008723,C000814,2026-03-04,499,WALLET,FAILED
PAY008724,C000946,2026-07-16,499,WALLET,SUCCESS
PAY008725,C000856,2025-12-11,999,UPI,SUCCESS
PAY008726,C000227,2026-01-26,299,NET_BANKING,SUCCESS
PAY008727,C000479,2026-04-04,1499,UPI,SUCCESS
PAY008728,C000120,2026-07-19,199,UPI,SUCCESS
PAY008729,C000077,2026-02-14,399,NET_BANKING,FAILED
PAY008730,C000537,2026-03-21,499,UPI,PENDING
PAY008731,C000192,2025-11-20,799,WALLET,REFUNDED
PAY008732,C000089,2025-12-18,399,NET_BANKING,FAILED
PAY008733,C000292,2025-10-23,299,NET_BANKING,PENDING
PAY008734,C000718,2026-06-18,199,WALLET,SUCCESS
PAY008735,C000771,2026-07-10,599,WALLET,REFUNDED
PAY008736,C000708,2025-12-22,999,CARD,SUCCESS
PAY008737,C000049,2026-09-12,399,NET_BANKING,SUCCESS
PAY008738,C000122,2026-07-07,999,UPI,SUCCESS
PAY008739,C000965,2026-09-12,299,UPI,REFUNDED
PAY008740,C000882,2026-02-23,799,WALLET,FAILED
PAY008741,C000255,2026-05-09,999,UPI,REFUNDED
PAY008742,C000406,2026-07-10,799,UPI,PENDING
PAY008743,C000525,2026-06-16,499,NET_BANKING,SUCCESS
PAY008744,C000864,2026-04-22,599,CARD,FAILED
PAY008745,C000874,2025-12-31,399,UPI,REFUNDED
PAY008746,C000937,2026-01-10,399,NET_BANKING,SUCCESS
PAY008747,C000054,2026-05-26,399,WALLET,REFUNDED
PAY008748,C000950,2026-07-10,799,NET_BANKING,SUCCESS
PAY008749,C000892,2026-06-14,499,UPI,SUCCESS
PAY008750,C000398,2025-10-29,799,UPI,PENDING
PAY008751,C000496,2026-06-27,999,WALLET,SUCCESS
PAY008752,C000301,2026-09-18,499,WALLET,SUCCESS
PAY008753,C000199,2026-05-12,299,NET_BANKING,REFUNDED
PAY008754,C000846,2025-12-14,799,NET_BANKING,SUCCESS
PAY008755,C000792,2026-02-06,799,UPI,FAILED
PAY008756,C000380,2026-06-03,299,CARD,SUCCESS
PAY008757,C000793,2025-10-11,299,UPI,SUCCESS
PAY008758,C000476,2026-06-09,299,NET_BANKING,SUCCESS
PAY008759,C000508,2025-11-16,499,UPI,SUCCESS
PAY008760,C000705,2025-11-26,499,UPI,PENDING
PAY008761,C000037,2026-07-21,299,CARD,FAILED
PAY008762,C000314,2026-03-05,799,WALLET,SUCCESS
PAY008763,C000301,2026-04-06,1499,CARD,PENDING
PAY008764,C000496,2026-03-29,199,WALLET,SUCCESS
PAY008765,C000965,2026-02-04,399,UPI,SUCCESS
PAY008766,C000219,2026-03-01,499,NET_BANKING,PENDING
PAY008767,C000914,2026-02-12,299,NET_BANKING,SUCCESS
PAY008768,C000563,2026-09-15,199,WALLET,SUCCESS
PAY008769,C000354,2026-02-26,799,CARD,SUCCESS
PAY008770,C000893,2026-06-26,799,UPI,FAILED
PAY008771,C000478,2026-02-07,499,UPI,PENDING
PAY008772,C000941,2026-05-30,1499,WALLET,FAILED
PAY008773,C000627,2026-05-02,199,NET_BANKING,SUCCESS
PAY008774,C000099,2026-01-11,599,UPI,SUCCESS
PAY008775,C000135,2026-04-02,299,NET_BANKING,SUCCESS
PAY008776,C000669,2025-11-16,599,CARD,SUCCESS
PAY008777,C000307,2026-05-08,599,UPI,PENDING
PAY008778,C000572,2026-03-09,999,CARD,REFUNDED
PAY008779,C000034,2026-06-16,599,NET_BANKING,SUCCESS
PAY008780,C000322,2025-10-10,499,CARD,SUCCESS
PAY008781,C000080,2025-12-24,599,WALLET,PENDING
PAY008782,C000895,2026-02-24,399,CARD,SUCCESS
PAY008783,C000876,2026-07-16,399,CARD,PENDING
PAY008784,C000813,2026-06-25,599,WALLET,PENDING
PAY008785,C000570,2026-01-10,799,UPI,SUCCESS
PAY008786,C000729,2026-07-29,599,UPI,SUCCESS
PAY008787,C000241,2026-08-25,1499,UPI,SUCCESS
PAY008788,C000977,2026-09-05,1499,UPI,SUCCESS
PAY008789,C000521,2026-08-23,799,CARD,FAILED
PAY008790,C000828,2026-05-20,599,UPI,SUCCESS
PAY008791,C000470,2025-10-22,599,UPI,SUCCESS
PAY008792,C000058,2025-12-22,799,UPI,FAILED
PAY008793,C000363,2026-01-14,999,CARD,FAILED
PAY008794,C000409,2026-01-15,299,WALLET,REFUNDED
PAY008795,C000131,2026-02-13,599,CARD,SUCCESS
PAY008796,C000915,2026-06-08,1499,WALLET,SUCCESS
PAY008797,C000404,2026-07-28,199,WALLET,SUCCESS
PAY008798,C000900,2026-08-16,299,WALLET,SUCCESS
PAY008799,C000664,2026-05-03,999,CARD,SUCCESS
PAY008800,C000089,2026-03-27,1499,NET_BANKING,REFUNDED
PAY008801,C000351,2026-01-09,399,NET_BANKING,SUCCESS
PAY008802,C000262,2026-09-05,599,WALLET,REFUNDED
PAY008803,C000286,2026-08-22,999,WALLET,SUCCESS
PAY008804,C000178,2025-11-22,199,CARD,SUCCESS
PAY008805,C000673,2026-05-23,299,NET_BANKING,REFUNDED
PAY008806,C000404,2026-02-15,399,WALLET,REFUNDED
PAY008807,C000585,2026-05-27,1499,NET_BANKING,SUCCESS
PAY008808,C000842,2026-04-13,799,WALLET,PENDING
PAY008809,C000896,2026-06-27,799,UPI,PENDING
PAY008810,C000269,2025-10-01,499,CARD,REFUNDED
PAY008811,C000735,2025-09-23,399,CARD,SUCCESS
PAY008812,C000630,2026-07-05,999,UPI,PENDING
PAY008813,C000386,2026-06-29,499,WALLET,SUCCESS
PAY008814,C000323,2026-07-03,999,NET_BANKING,PENDING
PAY008815,C000882,2026-06-23,999,UPI,SUCCESS
PAY008816,C000229,2025-09-24,999,UPI,SUCCESS
PAY008817,C000935,2026-08-07,799,UPI,SUCCESS
PAY008818,C000680,2025-10-03,199,NET_BANKING,FAILED
PAY008819,C000471,2025-10-06,399,NET_BANKING,FAILED
PAY008820,C000286,2026-09-18,399,CARD,PENDING
PAY008821,C000276,2026-04-24,299,WALLET,SUCCESS
PAY008822,C000552,2026-04-27,599,UPI,FAILED
PAY008823,C000473,2026-03-21,499,CARD,SUCCESS
PAY008824,C000931,2026-08-14,399,NET_BANKING,PENDING
PAY008825,C000627,2026-03-06,299,UPI,PENDING
PAY008826,C000990,2025-11-03,299,NET_BANKING,SUCCESS
PAY008827,C000280,2026-04-29,399,UPI,PENDING
PAY008828,C000444,2026-01-25,399,UPI,SUCCESS
PAY008829,C000329,2026-03-26,999,CARD,REFUNDED
PAY008830,C000823,2026-02-23,199,WALLET,SUCCESS
PAY008831,C000286,2025-11-25,499,CARD,SUCCESS
PAY008832,C000118,2026-01-29,499,WALLET,SUCCESS
PAY008833,C000570,2026-05-14,299,NET_BANKING,PENDING
PAY008834,C000062,2025-11-01,499,WALLET,REFUNDED
PAY008835,C000289,2026-04-28,999,WALLET,REFUNDED
PAY008836,C000089,2026-09-19,1499,UPI,REFUNDED
PAY008837,C000405,2026-08-29,599,CARD,PENDING
PAY008838,C000958,2026-04-20,199,UPI,FAILED
PAY008839,C000436,2026-05-15,299,WALLET,SUCCESS
PAY008840,C000986,2026-05-19,399,CARD,SUCCESS
PAY008841,C000999,2026-07-11,199,UPI,SUCCESS
PAY008842,C000459,2026-01-16,999,WALLET,SUCCESS
PAY008843,C000403,2025-10-04,999,CARD,SUCCESS
PAY008844,C000724,2026-04-25,799,UPI,FAILED
PAY008845,C000656,2025-10-26,1499,UPI,SUCCESS
PAY008846,C000570,2026-06-28,799,CARD,PENDING
PAY008847,C000749,2025-12-21,199,UPI,SUCCESS
PAY008848,C000685,2026-02-11,1499,WALLET,FAILED
PAY008849,C000073,2026-07-23,799,NET_BANKING,SUCCESS
PAY008850,C000311,2026-06-14,399,WALLET,SUCCESS
PAY008851,C000754,2026-03-08,399,WALLET,FAILED
PAY008852,C000891,2026-02-05,799,WALLET,FAILED
PAY008853,C000556,2025-10-01,599,CARD,PENDING
PAY008854,C000996,2026-07-05,999,WALLET,SUCCESS
PAY008855,C000327,2026-07-12,199,CARD,SUCCESS
PAY008856,C000561,2026-03-13,199,CARD,FAILED
PAY008857,C000854,2026-04-14,199,WALLET,FAILED
PAY008858,C000379,2026-04-08,999,UPI,SUCCESS
PAY008859,C000680,2025-11-05,199,CARD,SUCCESS
PAY008860,C000097,2025-11-07,199,UPI,REFUNDED
PAY008861,C000061,2025-12-19,499,WALLET,SUCCESS
PAY008862,C000784,2025-10-18,399,WALLET,REFUNDED
PAY008863,C000854,2026-05-03,499,WALLET,SUCCESS
PAY008864,C000329,2026-03-18,799,UPI,SUCCESS
PAY008865,C000627,2025-10-05,399,WALLET,SUCCESS
PAY008866,C000701,2026-05-11,799,UPI,SUCCESS
PAY008867,C000676,2026-02-08,399,CARD,SUCCESS
PAY008868,C000291,2026-03-03,1499,NET_BANKING,PENDING
PAY008869,C000756,2026-07-03,399,CARD,PENDING
PAY008870,C000542,2026-07-04,399,WALLET,SUCCESS
PAY008871,C000258,2026-03-11,299,NET_BANKING,FAILED
PAY008872,C000142,2025-10-10,999,NET_BANKING,SUCCESS
PAY008873,C000201,2026-06-04,499,CARD,FAILED
PAY008874,C000050,2026-01-06,1499,WALLET,FAILED
PAY008875,C000564,2025-12-18,999,CARD,REFUNDED
PAY008876,C000324,2025-10-07,1499,NET_BANKING,SUCCESS
PAY008877,C000672,2026-05-08,999,UPI,REFUNDED
PAY008878,C000917,2026-09-20,799,NET_BANKING,FAILED
PAY008879,C000532,2026-07-10,999,WALLET,SUCCESS
PAY008880,C000201,2025-11-23,299,CARD,SUCCESS
PAY008881,C000257,2026-04-30,299,WALLET,FAILED
PAY008882,C000176,2026-05-04,199,NET_BANKING,SUCCESS
PAY008883,C000870,2025-11-23,499,NET_BANKING,PENDING
PAY008884,C000711,2026-06-28,799,WALLET,SUCCESS
PAY008885,C000631,2025-12-01,399,WALLET,PENDING
PAY008886,C000961,2025-11-22,599,WALLET,SUCCESS
PAY008887,C000450,2025-10-16,1499,WALLET,SUCCESS
PAY008888,C000509,2025-12-29,199,NET_BANKING,REFUNDED
PAY008889,C000906,2026-01-04,199,WALLET,SUCCESS
PAY008890,C000111,2026-01-11,599,CARD,SUCCESS
PAY008891,C000524,2025-10-11,999,UPI,SUCCESS
PAY008892,C000314,2026-06-16,1499,NET_BANKING,SUCCESS
PAY008893,C000248,2025-12-18,799,NET_BANKING,PENDING
PAY008894,C000923,2026-04-17,299,NET_BANKING,PENDING
PAY008895,C000224,2026-01-28,399,NET_BANKING,SUCCESS
PAY008896,C000602,2026-02-09,399,WALLET,REFUNDED
PAY008897,C000172,2026-01-30,399,WALLET,SUCCESS
PAY008898,C000896,2026-05-07,1499,UPI,SUCCESS
PAY008899,C000232,2026-09-11,1499,WALLET,SUCCESS
PAY008900,C000787,2025-12-17,299,WALLET,SUCCESS
PAY008901,C000801,2026-04-08,799,WALLET,SUCCESS
PAY008902,C000878,2026-07-04,1499,NET_BANKING,PENDING
PAY008903,C000635,2026-05-10,799,UPI,REFUNDED
PAY008904,C000833,2026-05-02,399,NET_BANKING,PENDING
PAY008905,C000376,2026-08-09,399,WALLET,FAILED
PAY008906,C000381,2026-01-29,799,WALLET,SUCCESS
PAY008907,C000323,2026-04-23,299,CARD,REFUNDED
PAY008908,C000965,2026-06-22,1499,CARD,FAILED
PAY008909,C001000,2026-07-22,599,UPI,REFUNDED
PAY008910,C000730,2026-03-27,399,WALLET,PENDING
PAY008911,C000956,2026-03-05,799,WALLET,FAILED
PAY008912,C000446,2026-06-10,299,NET_BANKING,PENDING
PAY008913,C000007,2026-05-13,499,WALLET,SUCCESS
PAY008914,C000550,2026-01-19,499,CARD,SUCCESS
PAY008915,C000663,2025-11-19,299,WALLET,SUCCESS
PAY008916,C000313,2026-06-08,299,WALLET,SUCCESS
PAY008917,C000975,2025-10-20,499,UPI,FAILED
PAY008918,C000426,2026-03-17,999,WALLET,SUCCESS
PAY008919,C000103,2025-11-04,799,UPI,SUCCESS
PAY008920,C000223,2025-11-12,799,NET_BANKING,FAILED
PAY008921,C000521,2025-10-30,399,CARD,SUCCESS
PAY008922,C000565,2026-02-16,199,UPI,PENDING
PAY008923,C000880,2025-12-29,1499,UPI,PENDING
PAY008924,C000404,2025-10-09,799,UPI,SUCCESS
PAY008925,C000885,2026-07-27,299,WALLET,FAILED
PAY008926,C000107,2025-12-07,799,NET_BANKING,SUCCESS
PAY008927,C000168,2026-03-17,399,WALLET,SUCCESS
PAY008928,C000492,2025-09-28,799,UPI,FAILED
PAY008929,C000120,2026-02-17,799,CARD,PENDING
PAY008930,C000325,2026-05-21,1499,CARD,REFUNDED
PAY008931,C000152,2026-01-15,199,WALLET,PENDING
PAY008932,C000382,2025-12-28,599,WALLET,SUCCESS
PAY008933,C000570,2026-03-03,199,NET_BANKING,SUCCESS
PAY008934,C000267,2025-12-20,1499,UPI,SUCCESS
PAY008935,C000386,2025-12-17,1499,WALLET,REFUNDED
PAY008936,C000051,2026-02-11,499,NET_BANKING,SUCCESS
PAY008937,C000373,2025-11-11,1499,CARD,PENDING
PAY008938,C000895,2026-02-02,599,NET_BANKING,SUCCESS
PAY008939,C000456,2025-10-26,399,UPI,REFUNDED
PAY008940,C000054,2025-11-09,399,NET_BANKING,SUCCESS
PAY008941,C000530,2026-04-26,599,UPI,FAILED
PAY008942,C000696,2026-05-18,799,UPI,SUCCESS
PAY008943,C000826,2026-08-30,599,WALLET,SUCCESS
PAY008944,C000803,2026-01-19,1499,UPI,SUCCESS
PAY008945,C000324,2025-12-09,199,UPI,SUCCESS
PAY008946,C000593,2025-12-31,499,CARD,SUCCESS
PAY008947,C000495,2026-09-13,799,UPI,FAILED
PAY008948,C000119,2026-03-04,399,NET_BANKING,FAILED
PAY008949,C000456,2026-02-19,599,CARD,SUCCESS
PAY008950,C000997,2026-08-14,599,WALLET,SUCCESS
PAY008951,C000643,2026-08-26,199,CARD,SUCCESS
PAY008952,C000952,2026-04-30,799,WALLET,SUCCESS
PAY008953,C000226,2025-10-20,199,NET_BANKING,SUCCESS
PAY008954,C000551,2025-10-07,799,NET_BANKING,SUCCESS
PAY008955,C000138,2026-04-12,299,NET_BANKING,PENDING
PAY008956,C000356,2026-05-01,499,NET_BANKING,SUCCESS
PAY008957,C000630,2025-12-18,599,CARD,SUCCESS
PAY008958,C000930,2025-12-13,799,WALLET,SUCCESS
PAY008959,C000091,2026-06-25,399,CARD,SUCCESS
PAY008960,C000554,2026-04-17,599,WALLET,SUCCESS
PAY008961,C000413,2026-01-09,299,UPI,FAILED
PAY008962,C000105,2025-12-10,299,NET_BANKING,REFUNDED
PAY008963,C000857,2026-09-17,299,UPI,SUCCESS
PAY008964,C000824,2026-02-08,299,UPI,FAILED
PAY008965,C000467,2025-09-25,1499,NET_BANKING,FAILED
PAY008966,C000016,2026-03-14,299,UPI,SUCCESS
PAY008967,C000756,2026-02-04,599,NET_BANKING,PENDING
PAY008968,C000304,2026-09-03,299,UPI,SUCCESS
PAY008969,C000870,2025-11-11,599,WALLET,REFUNDED
PAY008970,C000741,2025-10-08,1499,CARD,SUCCESS
PAY008971,C000672,2026-02-20,199,CARD,SUCCESS
PAY008972,C000692,2025-11-11,399,UPI,REFUNDED
PAY008973,C000244,2025-12-29,399,CARD,FAILED
PAY008974,C000855,2026-04-09,999,UPI,SUCCESS
PAY008975,C000435,2025-11-01,399,NET_BANKING,SUCCESS
PAY008976,C000104,2026-03-18,999,CARD,SUCCESS
PAY008977,C000677,2026-05-11,599,UPI,SUCCESS
PAY008978,C000356,2026-06-12,199,UPI,SUCCESS
PAY008979,C000216,2026-07-18,299,UPI,SUCCESS
PAY008980,C000071,2026-09-09,599,NET_BANKING,PENDING
PAY008981,C000444,2026-06-03,1499,NET_BANKING,SUCCESS
PAY008982,C000870,2026-07-18,399,WALLET,REFUNDED
PAY008983,C000794,2025-10-29,199,WALLET,SUCCESS
PAY008984,C000905,2025-09-25,1499,NET_BANKING,SUCCESS
PAY008985,C000834,2026-07-23,599,NET_BANKING,FAILED
PAY008986,C000601,2026-02-06,999,UPI,SUCCESS
PAY008987,C000599,2025-12-23,199,NET_BANKING,FAILED
PAY008988,C000438,2025-12-26,499,CARD,SUCCESS
PAY008989,C000925,2026-01-13,799,NET_BANKING,PENDING
PAY008990,C000972,2026-01-27,399,NET_BANKING,SUCCESS
PAY008991,C000296,2026-08-31,999,NET_BANKING,FAILED
PAY008992,C000656,2026-02-19,1499,UPI,PENDING
PAY008993,C000668,2026-06-24,399,WALLET,PENDING
PAY008994,C000502,2025-10-18,799,UPI,FAILED
PAY008995,C000513,2026-04-01,1499,WALLET,PENDING
PAY008996,C000675,2026-02-26,299,UPI,SUCCESS
PAY008997,C000128,2026-01-23,299,UPI,SUCCESS
PAY008998,C000160,2026-03-20,299,UPI,PENDING
PAY008999,C000870,2025-11-04,1499,WALLET,SUCCESS
PAY009000,C000388,2026-08-19,399,UPI,SUCCESS
PAY009001,C000632,2026-08-29,599,CARD,SUCCESS
PAY009002,C000552,2026-08-27,599,NET_BANKING,SUCCESS
PAY009003,C000028,2026-02-09,299,CARD,FAILED
PAY009004,C000432,2025-12-06,199,WALLET,FAILED
PAY009005,C000951,2026-08-17,599,NET_BANKING,SUCCESS
PAY009006,C000460,2025-09-29,1499,CARD,SUCCESS
PAY009007,C000847,2025-10-15,599,CARD,SUCCESS
PAY009008,C000345,2026-03-02,599,UPI,REFUNDED
PAY009009,C000451,2026-01-03,499,WALLET,SUCCESS
PAY009010,C000505,2025-12-26,999,WALLET,PENDING
PAY009011,C000898,2026-07-12,199,WALLET,FAILED
PAY009012,C000179,2026-07-31,499,UPI,REFUNDED
PAY009013,C000273,2026-02-08,199,NET_BANKING,PENDING
PAY009014,C000703,2026-01-21,999,WALLET,SUCCESS
PAY009015,C000706,2026-07-08,299,UPI,REFUNDED
PAY009016,C000036,2026-02-01,999,WALLET,SUCCESS
PAY009017,C000638,2026-06-02,399,UPI,SUCCESS
PAY009018,C000363,2026-08-26,299,NET_BANKING,FAILED
PAY009019,C000422,2026-07-22,1499,UPI,SUCCESS
PAY009020,C000796,2025-11-05,999,WALLET,SUCCESS
PAY009021,C000194,2025-09-26,299,CARD,PENDING
PAY009022,C000321,2025-10-16,399,NET_BANKING,SUCCESS
PAY009023,C000958,2026-06-23,1499,UPI,SUCCESS
PAY009024,C000527,2026-04-23,299,UPI,SUCCESS
PAY009025,C000485,2025-10-08,999,UPI,SUCCESS
PAY009026,C000690,2026-01-26,499,WALLET,SUCCESS
PAY009027,C000769,2025-12-25,999,WALLET,SUCCESS
PAY009028,C000847,2026-05-23,399,UPI,SUCCESS
PAY009029,C000344,2025-11-24,999,NET_BANKING,FAILED
PAY009030,C000781,2026-07-16,199,UPI,FAILED
PAY009031,C000417,2026-09-07,399,UPI,SUCCESS
PAY009032,C000411,2025-10-11,999,UPI,SUCCESS
PAY009033,C000778,2025-11-29,299,NET_BANKING,SUCCESS
PAY009034,C000386,2026-07-28,799,WALLET,PENDING
PAY009035,C000108,2025-12-28,299,WALLET,PENDING
PAY009036,C000541,2025-12-02,799,CARD,FAILED
PAY009037,C000025,2026-06-10,499,WALLET,SUCCESS
PAY009038,C000770,2025-11-19,399,NET_BANKING,FAILED
PAY009039,C000486,2026-03-11,599,WALLET,FAILED
PAY009040,C000246,2026-02-20,999,UPI,PENDING
PAY009041,C000535,2026-04-04,299,NET_BANKING,SUCCESS
PAY009042,C000915,2025-10-28,999,WALLET,SUCCESS
PAY009043,C000372,2026-08-18,1499,CARD,SUCCESS
PAY009044,C000009,2025-10-13,499,CARD,REFUNDED
PAY009045,C000256,2025-09-26,599,CARD,SUCCESS
PAY009046,C000961,2025-10-13,199,UPI,SUCCESS
PAY009047,C000346,2026-01-01,299,CARD,SUCCESS
PAY009048,C000810,2025-12-08,199,WALLET,SUCCESS
PAY009049,C000475,2026-08-06,499,CARD,FAILED
PAY009050,C000905,2025-10-12,799,CARD,SUCCESS
PAY009051,C000401,2026-08-19,499,UPI,SUCCESS
PAY009052,C000495,2026-01-24,199,WALLET,REFUNDED
PAY009053,C000423,2026-07-23,499,NET_BANKING,FAILED
PAY009054,C000511,2026-07-27,599,UPI,SUCCESS
PAY009055,C000501,2026-06-19,199,CARD,REFUNDED
PAY009056,C000200,2025-11-05,199,WALLET,REFUNDED
PAY009057,C000432,2026-04-13,199,WALLET,SUCCESS
PAY009058,C000709,2026-04-17,799,UPI,SUCCESS
PAY009059,C000549,2026-08-31,799,WALLET,SUCCESS
PAY009060,C000892,2026-04-10,999,NET_BANKING,SUCCESS
PAY009061,C000371,2025-12-01,999,NET_BANKING,FAILED
PAY009062,C000415,2026-06-12,399,WALLET,FAILED
PAY009063,C000443,2026-04-14,299,NET_BANKING,REFUNDED
PAY009064,C000110,2025-12-23,999,UPI,PENDING
PAY009065,C000686,2025-12-27,1499,WALLET,PENDING
PAY009066,C000228,2026-04-22,799,NET_BANKING,REFUNDED
PAY009067,C000994,2026-06-27,1499,NET_BANKING,PENDING
PAY009068,C000934,2026-02-20,299,UPI,REFUNDED
PAY009069,C000416,2025-11-19,299,UPI,SUCCESS
PAY009070,C000424,2025-10-09,399,CARD,FAILED
PAY009071,C000527,2026-05-03,999,WALLET,SUCCESS
PAY009072,C000551,2025-12-07,799,NET_BANKING,FAILED
PAY009073,C000492,2025-10-18,1499,WALLET,SUCCESS
PAY009074,C000209,2026-03-27,499,NET_BANKING,PENDING
PAY009075,C000299,2026-05-12,399,CARD,REFUNDED
PAY009076,C000079,2026-06-21,599,NET_BANKING,FAILED
PAY009077,C000096,2026-09-02,599,NET_BANKING,SUCCESS
PAY009078,C000789,2026-08-10,499,NET_BANKING,REFUNDED
PAY009079,C000739,2026-04-10,199,CARD,REFUNDED
PAY009080,C000619,2026-08-15,299,NET_BANKING,SUCCESS
PAY009081,C000964,2026-02-27,399,WALLET,FAILED
PAY009082,C000062,2026-05-14,999,CARD,SUCCESS
PAY009083,C000711,2026-05-10,199,WALLET,SUCCESS
PAY009084,C000017,2026-03-16,799,WALLET,SUCCESS
PAY009085,C000793,2025-12-08,999,CARD,FAILED
PAY009086,C000953,2026-07-18,299,CARD,SUCCESS
PAY009087,C000370,2026-05-31,199,CARD,SUCCESS
PAY009088,C000266,2025-09-24,299,UPI,SUCCESS
PAY009089,C000174,2026-04-29,1499,UPI,SUCCESS
PAY009090,C000523,2026-06-10,799,WALLET,SUCCESS
PAY009091,C000809,2025-11-07,499,CARD,SUCCESS
PAY009092,C000171,2026-09-08,499,WALLET,PENDING
PAY009093,C000951,2026-02-18,199,UPI,SUCCESS
PAY009094,C000797,2026-02-08,399,UPI,PENDING
PAY009095,C000846,2025-11-02,199,NET_BANKING,SUCCESS
PAY009096,C000286,2026-01-29,799,WALLET,PENDING
PAY009097,C000827,2026-01-22,299,CARD,PENDING
PAY009098,C000391,2025-09-27,799,WALLET,SUCCESS
PAY009099,C000644,2026-09-17,799,UPI,SUCCESS
PAY009100,C000528,2026-05-29,799,CARD,FAILED
PAY009101,C000051,2025-10-04,299,NET_BANKING,SUCCESS
PAY009102,C000407,2025-11-11,399,CARD,SUCCESS
PAY009103,C000943,2025-12-04,299,CARD,SUCCESS
PAY009104,C000773,2026-06-29,999,UPI,PENDING
PAY009105,C000790,2026-03-11,499,CARD,SUCCESS
PAY009106,C000279,2026-08-20,199,NET_BANKING,FAILED
PAY009107,C000687,2026-05-23,499,CARD,SUCCESS
PAY009108,C000093,2026-04-15,599,WALLET,PENDING
PAY009109,C000288,2026-07-27,999,WALLET,SUCCESS
PAY009110,C000590,2026-03-26,1499,UPI,REFUNDED
PAY009111,C000988,2025-10-02,599,NET_BANKING,SUCCESS
PAY009112,C000879,2025-11-23,199,UPI,SUCCESS
PAY009113,C000175,2026-08-01,199,WALLET,SUCCESS
PAY009114,C000622,2026-09-06,799,UPI,FAILED
PAY009115,C000587,2025-10-11,999,WALLET,PENDING
PAY009116,C000901,2025-11-25,399,WALLET,PENDING
PAY009117,C000760,2026-05-09,799,NET_BANKING,FAILED
PAY009118,C000853,2025-10-29,1499,UPI,REFUNDED
PAY009119,C000712,2025-10-29,799,CARD,FAILED
PAY009120,C000600,2026-09-15,399,WALLET,SUCCESS
PAY009121,C000964,2026-01-08,199,CARD,REFUNDED
PAY009122,C000192,2026-06-19,499,UPI,SUCCESS
PAY009123,C000081,2026-03-25,1499,WALLET,FAILED
PAY009124,C000342,2026-03-10,1499,WALLET,PENDING
PAY009125,C000331,2025-10-27,399,NET_BANKING,REFUNDED
PAY009126,C000139,2026-09-10,199,CARD,SUCCESS
PAY009127,C000533,2025-11-30,799,UPI,PENDING
PAY009128,C000592,2026-06-09,199,CARD,REFUNDED
PAY009129,C000163,2026-06-03,1499,WALLET,REFUNDED
PAY009130,C000786,2026-03-25,1499,NET_BANKING,REFUNDED
PAY009131,C000880,2025-11-27,799,NET_BANKING,SUCCESS
PAY009132,C000690,2026-03-01,399,NET_BANKING,PENDING
PAY009133,C000694,2025-10-28,599,UPI,SUCCESS
PAY009134,C000052,2026-08-15,799,NET_BANKING,SUCCESS
PAY009135,C000413,2026-01-14,599,UPI,SUCCESS
PAY009136,C000990,2026-08-16,299,CARD,FAILED
PAY009137,C000186,2026-01-24,499,WALLET,SUCCESS
PAY009138,C000305,2026-04-10,599,NET_BANKING,SUCCESS
PAY009139,C000565,2026-04-15,299,NET_BANKING,FAILED
PAY009140,C000377,2025-11-17,299,WALLET,REFUNDED
PAY009141,C000941,2026-02-12,1499,UPI,SUCCESS
PAY009142,C000448,2026-08-24,399,WALLET,SUCCESS
PAY009143,C000930,2026-07-14,799,WALLET,SUCCESS
PAY009144,C000012,2026-09-03,199,WALLET,SUCCESS
PAY009145,C000475,2026-07-31,1499,WALLET,SUCCESS
PAY009146,C000346,2026-07-27,1499,NET_BANKING,SUCCESS
PAY009147,C000195,2026-03-04,399,UPI,SUCCESS
PAY009148,C000490,2026-03-16,499,UPI,SUCCESS
PAY009149,C000088,2026-03-14,199,UPI,SUCCESS
PAY009150,C000566,2026-08-11,1499,WALLET,REFUNDED
PAY009151,C000235,2026-01-04,799,UPI,SUCCESS
PAY009152,C000947,2026-06-15,299,WALLET,SUCCESS
PAY009153,C000055,2026-03-29,199,WALLET,SUCCESS
PAY009154,C000643,2026-07-30,999,NET_BANKING,PENDING
PAY009155,C000952,2025-12-15,999,UPI,PENDING
PAY009156,C000411,2026-04-03,299,WALLET,REFUNDED
PAY009157,C000387,2025-09-25,499,CARD,FAILED
PAY009158,C000699,2025-11-06,499,WALLET,SUCCESS
PAY009159,C000650,2025-10-28,499,UPI,SUCCESS
PAY009160,C000750,2026-06-13,1499,NET_BANKING,SUCCESS
PAY009161,C000933,2026-06-03,599,CARD,SUCCESS
PAY009162,C000320,2026-09-10,199,CARD,PENDING
PAY009163,C000508,2026-08-15,1499,WALLET,SUCCESS
PAY009164,C000055,2026-05-13,599,WALLET,SUCCESS
PAY009165,C000239,2026-01-21,799,NET_BANKING,REFUNDED
PAY009166,C000993,2026-02-20,599,CARD,PENDING
PAY009167,C000712,2026-04-06,399,NET_BANKING,PENDING
PAY009168,C000571,2026-08-17,199,UPI,PENDING
PAY009169,C000437,2026-03-29,999,UPI,SUCCESS
PAY009170,C000905,2026-02-28,299,UPI,SUCCESS
PAY009171,C000656,2026-07-23,599,WALLET,PENDING
PAY009172,C000376,2026-08-14,199,CARD,SUCCESS
PAY009173,C000114,2026-08-22,499,NET_BANKING,REFUNDED
PAY009174,C000014,2026-06-06,799,NET_BANKING,SUCCESS
PAY009175,C000594,2025-11-03,299,WALLET,SUCCESS
PAY009176,C000060,2025-12-27,1499,NET_BANKING,REFUNDED
PAY009177,C000686,2026-06-23,299,UPI,SUCCESS
PAY009178,C000943,2026-01-20,399,NET_BANKING,SUCCESS
PAY009179,C000314,2026-01-30,999,UPI,SUCCESS
PAY009180,C000468,2025-10-14,799,UPI,FAILED
PAY009181,C000974,2025-11-01,599,CARD,SUCCESS
PAY009182,C000141,2026-05-05,499,UPI,SUCCESS
PAY009183,C000502,2026-02-01,999,UPI,PENDING
PAY009184,C000445,2025-12-17,399,UPI,SUCCESS
PAY009185,C000452,2026-05-26,1499,NET_BANKING,SUCCESS
PAY009186,C000830,2026-04-15,799,NET_BANKING,PENDING
PAY009187,C000288,2026-02-19,599,CARD,SUCCESS
PAY009188,C000253,2026-03-12,199,WALLET,REFUNDED
PAY009189,C000709,2025-12-07,599,NET_BANKING,SUCCESS
PAY009190,C000175,2026-08-12,799,NET_BANKING,SUCCESS
PAY009191,C000374,2026-06-09,1499,CARD,SUCCESS
PAY009192,C000439,2026-02-19,399,WALLET,SUCCESS
PAY009193,C000551,2026-08-31,299,UPI,SUCCESS
PAY009194,C000139,2026-03-10,1499,NET_BANKING,SUCCESS
PAY009195,C000809,2026-05-05,499,WALLET,SUCCESS
PAY009196,C000475,2026-01-26,499,WALLET,FAILED
PAY009197,C000531,2026-05-21,199,NET_BANKING,SUCCESS
PAY009198,C000047,2026-09-06,199,CARD,SUCCESS
PAY009199,C000404,2026-03-24,499,WALLET,SUCCESS
PAY009200,C000170,2026-02-08,599,CARD,SUCCESS
PAY009201,C000545,2026-01-30,799,UPI,SUCCESS
PAY009202,C000901,2026-04-21,599,WALLET,FAILED
PAY009203,C000280,2026-03-21,1499,WALLET,SUCCESS
PAY009204,C000731,2025-12-02,799,UPI,REFUNDED
PAY009205,C000106,2026-04-03,299,WALLET,SUCCESS
PAY009206,C000114,2025-10-07,999,UPI,FAILED
PAY009207,C000957,2026-02-11,499,UPI,PENDING
PAY009208,C000959,2026-04-07,799,WALLET,PENDING
PAY009209,C000114,2025-11-19,599,CARD,REFUNDED
PAY009210,C000891,2026-01-10,399,UPI,SUCCESS
PAY009211,C000344,2025-11-24,399,WALLET,SUCCESS
PAY009212,C000851,2025-12-11,599,CARD,SUCCESS
PAY009213,C000879,2026-02-12,1499,CARD,FAILED
PAY009214,C000110,2025-12-09,1499,UPI,SUCCESS
PAY009215,C000435,2026-03-09,1499,NET_BANKING,SUCCESS
PAY009216,C000645,2026-02-02,999,CARD,SUCCESS
PAY009217,C000510,2025-12-24,199,NET_BANKING,FAILED
PAY009218,C000307,2026-07-31,199,UPI,SUCCESS
PAY009219,C000445,2026-01-10,499,UPI,SUCCESS
PAY009220,C000542,2026-02-09,599,CARD,PENDING
PAY009221,C000288,2026-05-09,799,CARD,PENDING
PAY009222,C000312,2026-03-20,399,NET_BANKING,SUCCESS
PAY009223,C000463,2026-03-28,999,UPI,PENDING
PAY009224,C000220,2026-05-03,399,CARD,SUCCESS
PAY009225,C000391,2026-08-28,199,CARD,SUCCESS
PAY009226,C000048,2025-11-07,1499,CARD,REFUNDED
PAY009227,C000116,2026-08-11,1499,CARD,SUCCESS
PAY009228,C000034,2026-06-22,399,UPI,SUCCESS
PAY009229,C000895,2026-03-26,999,CARD,SUCCESS
PAY009230,C000693,2026-05-03,999,UPI,SUCCESS
PAY009231,C000620,2026-06-16,1499,UPI,REFUNDED
PAY009232,C000038,2026-09-15,199,UPI,SUCCESS
PAY009233,C000589,2026-01-30,499,WALLET,PENDING
PAY009234,C000386,2026-06-06,399,WALLET,SUCCESS
PAY009235,C000266,2026-07-20,399,NET_BANKING,SUCCESS
PAY009236,C000345,2026-08-06,399,UPI,SUCCESS
PAY009237,C000231,2026-03-19,999,CARD,SUCCESS
PAY009238,C000313,2026-03-31,399,NET_BANKING,PENDING
PAY009239,C000227,2026-04-06,199,UPI,FAILED
PAY009240,C000195,2026-06-21,999,NET_BANKING,SUCCESS
PAY009241,C000821,2025-11-06,1499,CARD,SUCCESS
PAY009242,C000606,2026-07-10,1499,CARD,FAILED
PAY009243,C000466,2025-12-05,399,WALLET,FAILED
PAY009244,C000779,2026-05-18,399,NET_BANKING,PENDING
PAY009245,C000203,2026-06-29,999,WALLET,SUCCESS
PAY009246,C000907,2026-07-24,1499,NET_BANKING,SUCCESS
PAY009247,C000214,2025-12-06,1499,NET_BANKING,REFUNDED
PAY009248,C000779,2026-05-19,499,UPI,REFUNDED
PAY009249,C000243,2025-10-11,499,UPI,SUCCESS
PAY009250,C000160,2025-12-15,999,NET_BANKING,SUCCESS
PAY009251,C000425,2025-10-27,299,WALLET,REFUNDED
PAY009252,C000350,2026-07-07,399,CARD,REFUNDED
PAY009253,C000724,2026-08-08,599,CARD,SUCCESS
PAY009254,C000545,2026-04-11,499,NET_BANKING,SUCCESS
PAY009255,C000685,2026-06-18,199,CARD,PENDING
PAY009256,C000635,2026-01-26,599,WALLET,REFUNDED
PAY009257,C000518,2026-01-09,299,NET_BANKING,SUCCESS
PAY009258,C000463,2026-03-31,399,NET_BANKING,PENDING
PAY009259,C000195,2025-09-27,399,CARD,PENDING
PAY009260,C000674,2025-10-15,299,CARD,SUCCESS
PAY009261,C000670,2025-11-22,499,NET_BANKING,SUCCESS
PAY009262,C000813,2025-12-13,199,NET_BANKING,SUCCESS
PAY009263,C000263,2026-01-21,299,WALLET,SUCCESS
PAY009264,C000636,2026-04-08,1499,NET_BANKING,REFUNDED
PAY009265,C000382,2026-08-13,599,UPI,SUCCESS
PAY009266,C000396,2025-10-19,299,CARD,FAILED
PAY009267,C000224,2026-07-17,399,WALLET,REFUNDED
PAY009268,C000872,2026-08-13,1499,WALLET,FAILED
PAY009269,C000053,2025-11-27,599,UPI,SUCCESS
PAY009270,C000881,2025-10-31,299,NET_BANKING,SUCCESS
PAY009271,C000153,2026-04-27,799,UPI,SUCCESS
PAY009272,C000086,2025-12-11,299,NET_BANKING,PENDING
PAY009273,C000601,2026-06-26,299,UPI,REFUNDED
PAY009274,C000741,2026-03-28,299,UPI,SUCCESS
PAY009275,C000149,2026-07-26,799,WALLET,SUCCESS
PAY009276,C000915,2026-05-11,199,WALLET,PENDING
PAY009277,C000978,2025-11-16,999,UPI,PENDING
PAY009278,C000419,2026-07-15,399,UPI,SUCCESS
PAY009279,C000258,2026-04-04,799,UPI,SUCCESS
PAY009280,C000270,2025-09-27,1499,CARD,FAILED
PAY009281,C000787,2025-11-16,599,WALLET,FAILED
PAY009282,C000761,2026-09-18,1499,UPI,SUCCESS
PAY009283,C000539,2025-11-26,1499,WALLET,SUCCESS
PAY009284,C000163,2025-11-29,999,UPI,FAILED
PAY009285,C000564,2026-08-13,799,WALLET,SUCCESS
PAY009286,C000123,2025-09-25,399,UPI,SUCCESS
PAY009287,C000460,2025-10-23,599,WALLET,PENDING
PAY009288,C000683,2025-11-16,599,CARD,SUCCESS
PAY009289,C000378,2026-07-30,1499,NET_BANKING,FAILED
PAY009290,C000563,2026-04-09,1499,WALLET,SUCCESS
PAY009291,C000929,2025-12-01,399,NET_BANKING,SUCCESS
PAY009292,C000101,2026-08-05,599,CARD,SUCCESS
PAY009293,C000191,2026-02-24,199,NET_BANKING,SUCCESS
PAY009294,C000179,2026-03-30,399,WALLET,SUCCESS
PAY009295,C000638,2025-12-18,199,NET_BANKING,SUCCESS
PAY009296,C000568,2026-01-03,799,CARD,SUCCESS
PAY009297,C000687,2026-07-28,199,UPI,REFUNDED
PAY009298,C000513,2026-07-29,599,NET_BANKING,PENDING
PAY009299,C000623,2026-06-27,399,WALLET,SUCCESS
PAY009300,C000956,2025-12-04,799,NET_BANKING,SUCCESS
PAY009301,C000186,2026-01-24,499,UPI,SUCCESS
PAY009302,C000146,2025-10-02,1499,WALLET,SUCCESS
PAY009303,C000614,2026-05-11,499,CARD,SUCCESS
PAY009304,C000972,2025-10-07,399,UPI,SUCCESS
PAY009305,C000205,2026-07-30,499,WALLET,SUCCESS
PAY009306,C000484,2026-04-14,1499,UPI,REFUNDED
PAY009307,C000099,2026-03-21,499,WALLET,SUCCESS
PAY009308,C000052,2025-11-10,399,WALLET,SUCCESS
PAY009309,C000774,2026-04-01,999,CARD,SUCCESS
PAY009310,C000074,2026-05-26,499,UPI,SUCCESS
PAY009311,C000467,2026-04-23,999,WALLET,SUCCESS
PAY009312,C000214,2026-05-25,299,WALLET,SUCCESS
PAY009313,C000997,2026-04-22,199,NET_BANKING,SUCCESS
PAY009314,C000074,2025-09-24,599,NET_BANKING,SUCCESS
PAY009315,C000789,2026-03-28,299,CARD,REFUNDED
PAY009316,C000731,2026-09-03,299,WALLET,SUCCESS
PAY009317,C000659,2026-04-23,599,UPI,REFUNDED
PAY009318,C000164,2026-08-17,399,CARD,SUCCESS
PAY009319,C000149,2025-11-19,399,CARD,SUCCESS
PAY009320,C000342,2025-10-20,599,NET_BANKING,SUCCESS
PAY009321,C000988,2026-01-04,1499,WALLET,REFUNDED
PAY009322,C000267,2026-06-12,999,WALLET,SUCCESS
PAY009323,C000777,2026-05-25,399,WALLET,FAILED
PAY009324,C000010,2026-05-02,399,UPI,SUCCESS
PAY009325,C000297,2025-12-24,599,UPI,FAILED
PAY009326,C000938,2026-03-27,599,CARD,PENDING
PAY009327,C000837,2025-12-10,799,CARD,SUCCESS
PAY009328,C000145,2026-03-22,999,CARD,SUCCESS
PAY009329,C000082,2026-04-20,399,NET_BANKING,SUCCESS
PAY009330,C000204,2026-01-23,299,UPI,FAILED
PAY009331,C000365,2026-03-15,299,NET_BANKING,SUCCESS
PAY009332,C000242,2026-06-15,399,NET_BANKING,SUCCESS
PAY009333,C000726,2025-10-17,599,CARD,SUCCESS
PAY009334,C000196,2025-12-21,999,NET_BANKING,PENDING
PAY009335,C000654,2026-04-12,399,CARD,SUCCESS
PAY009336,C000724,2025-09-27,999,WALLET,PENDING
PAY009337,C000726,2026-09-08,999,UPI,SUCCESS
PAY009338,C000929,2026-01-22,799,NET_BANKING,SUCCESS
PAY009339,C000289,2026-05-11,199,CARD,SUCCESS
PAY009340,C000412,2025-11-15,1499,WALLET,REFUNDED
PAY009341,C000225,2025-11-28,499,CARD,SUCCESS
PAY009342,C000641,2026-02-16,499,NET_BANKING,SUCCESS
PAY009343,C000048,2025-10-11,299,WALLET,FAILED
PAY009344,C000120,2026-01-18,499,UPI,SUCCESS
PAY009345,C000601,2025-12-11,499,WALLET,SUCCESS
PAY009346,C000988,2025-10-28,599,CARD,SUCCESS
PAY009347,C000636,2026-08-18,999,CARD,SUCCESS
PAY009348,C000001,2026-05-06,199,NET_BANKING,SUCCESS
PAY009349,C000481,2025-11-07,399,CARD,SUCCESS
PAY009350,C000443,2026-07-28,299,NET_BANKING,FAILED
PAY009351,C000101,2026-01-15,999,CARD,PENDING
PAY009352,C000790,2026-03-03,599,NET_BANKING,SUCCESS
PAY009353,C000008,2025-12-18,299,CARD,SUCCESS
PAY009354,C000113,2026-01-05,599,WALLET,SUCCESS
PAY009355,C000029,2026-06-24,1499,CARD,SUCCESS
PAY009356,C000678,2025-10-30,399,NET_BANKING,REFUNDED
PAY009357,C000504,2025-12-07,599,UPI,REFUNDED
PAY009358,C000896,2026-07-21,299,UPI,REFUNDED
PAY009359,C000375,2026-01-11,499,NET_BANKING,SUCCESS
PAY009360,C000454,2026-05-13,399,WALLET,FAILED
PAY009361,C000198,2026-08-20,299,CARD,SUCCESS
PAY009362,C000530,2026-06-08,1499,UPI,SUCCESS
PAY009363,C000156,2025-11-02,199,CARD,SUCCESS
PAY009364,C000118,2025-10-08,1499,NET_BANKING,SUCCESS
PAY009365,C000455,2026-05-24,1499,WALLET,FAILED
PAY009366,C000386,2026-06-17,1499,WALLET,SUCCESS
PAY009367,C000364,2026-08-25,999,NET_BANKING,SUCCESS
PAY009368,C000265,2026-06-11,799,UPI,SUCCESS
PAY009369,C000961,2025-12-09,199,CARD,SUCCESS
PAY009370,C000838,2026-09-22,599,WALLET,SUCCESS
PAY009371,C000965,2026-07-30,499,UPI,SUCCESS
PAY009372,C000923,2026-02-16,399,UPI,SUCCESS
PAY009373,C000437,2026-09-19,1499,UPI,FAILED
PAY009374,C000894,2026-09-08,599,UPI,PENDING
PAY009375,C000263,2026-03-15,799,CARD,SUCCESS
PAY009376,C000671,2026-07-03,1499,CARD,SUCCESS
PAY009377,C000351,2026-01-14,599,WALLET,SUCCESS
PAY009378,C000648,2026-05-27,199,UPI,SUCCESS
PAY009379,C000414,2026-06-27,799,UPI,REFUNDED
PAY009380,C000741,2026-09-20,1499,NET_BANKING,FAILED
PAY009381,C000319,2026-02-06,999,CARD,SUCCESS
PAY009382,C000486,2026-06-21,499,NET_BANKING,SUCCESS
PAY009383,C000250,2026-05-18,299,NET_BANKING,REFUNDED
PAY009384,C000394,2026-01-02,399,WALLET,REFUNDED
PAY009385,C000288,2026-03-13,499,WALLET,PENDING
PAY009386,C000014,2026-03-26,999,WALLET,SUCCESS
PAY009387,C000629,2025-10-16,199,CARD,SUCCESS
PAY009388,C000756,2025-11-10,1499,CARD,FAILED
PAY009389,C000407,2026-02-09,799,WALLET,SUCCESS
PAY009390,C000644,2026-06-04,299,CARD,FAILED
PAY009391,C000468,2025-11-03,599,WALLET,SUCCESS
PAY009392,C000134,2026-03-29,999,WALLET,PENDING
PAY009393,C000952,2026-07-12,399,WALLET,SUCCESS
PAY009394,C000155,2026-06-24,399,NET_BANKING,SUCCESS
PAY009395,C000642,2025-10-23,599,WALLET,FAILED
PAY009396,C000045,2025-10-27,199,NET_BANKING,SUCCESS
PAY009397,C000840,2026-01-10,499,UPI,SUCCESS
PAY009398,C000516,2026-07-29,299,NET_BANKING,REFUNDED
PAY009399,C000886,2025-10-27,399,WALLET,PENDING
PAY009400,C000057,2026-05-03,399,CARD,PENDING
PAY009401,C000333,2026-03-24,399,WALLET,REFUNDED
PAY009402,C000365,2026-05-07,399,CARD,REFUNDED
PAY009403,C000305,2026-03-20,999,CARD,SUCCESS
PAY009404,C000008,2025-11-13,999,WALLET,REFUNDED
PAY009405,C000166,2026-05-06,599,WALLET,SUCCESS
PAY009406,C000800,2026-09-02,1499,NET_BANKING,SUCCESS
PAY009407,C000188,2026-08-12,299,NET_BANKING,SUCCESS
PAY009408,C000420,2026-09-19,799,CARD,FAILED
PAY009409,C000688,2025-09-26,299,NET_BANKING,SUCCESS
PAY009410,C000102,2025-11-03,199,NET_BANKING,FAILED
PAY009411,C000397,2026-07-09,999,NET_BANKING,REFUNDED
PAY009412,C000891,2025-10-15,1499,NET_BANKING,REFUNDED
PAY009413,C000691,2025-11-03,999,NET_BANKING,SUCCESS
PAY009414,C000523,2026-02-22,999,UPI,SUCCESS
PAY009415,C000470,2026-03-28,299,UPI,SUCCESS
PAY009416,C000425,2026-06-16,999,WALLET,REFUNDED
PAY009417,C000930,2026-04-01,299,CARD,PENDING
PAY009418,C000991,2026-07-29,299,WALLET,SUCCESS
PAY009419,C000477,2026-06-24,999,CARD,SUCCESS
PAY009420,C000118,2026-03-25,199,NET_BANKING,SUCCESS
PAY009421,C000281,2025-09-27,199,CARD,SUCCESS
PAY009422,C000395,2026-09-10,399,NET_BANKING,FAILED
PAY009423,C000981,2025-11-04,299,UPI,FAILED
PAY009424,C000911,2026-01-27,199,NET_BANKING,SUCCESS
PAY009425,C000290,2026-01-28,599,NET_BANKING,SUCCESS
PAY009426,C000822,2026-09-18,499,CARD,SUCCESS
PAY009427,C000924,2026-08-22,999,UPI,SUCCESS
PAY009428,C000523,2026-05-10,299,WALLET,SUCCESS
PAY009429,C000978,2026-07-09,999,UPI,REFUNDED
PAY009430,C000229,2026-05-06,1499,NET_BANKING,PENDING
PAY009431,C000384,2025-12-15,299,UPI,SUCCESS
PAY009432,C000318,2026-02-12,1499,CARD,REFUNDED
PAY009433,C000030,2025-11-14,199,UPI,SUCCESS
PAY009434,C000740,2026-07-25,1499,WALLET,SUCCESS
PAY009435,C000398,2025-12-23,599,CARD,FAILED
PAY009436,C000932,2026-02-07,499,WALLET,SUCCESS
PAY009437,C000601,2026-05-29,399,UPI,PENDING
PAY009438,C000635,2025-11-22,799,WALLET,SUCCESS
PAY009439,C000192,2025-12-24,299,NET_BANKING,SUCCESS
PAY009440,C000830,2025-10-06,299,NET_BANKING,FAILED
PAY009441,C000496,2025-12-08,199,UPI,REFUNDED
PAY009442,C000115,2026-03-06,999,NET_BANKING,SUCCESS
PAY009443,C000057,2026-04-10,599,WALLET,SUCCESS
PAY009444,C000904,2026-09-18,1499,CARD,SUCCESS
PAY009445,C000041,2026-09-06,999,WALLET,SUCCESS
PAY009446,C000786,2026-03-31,999,CARD,SUCCESS
PAY009447,C000770,2025-11-22,299,WALLET,SUCCESS
PAY009448,C000426,2026-08-13,1499,NET_BANKING,SUCCESS
PAY009449,C000321,2026-05-27,199,WALLET,SUCCESS
PAY009450,C000304,2026-01-15,599,NET_BANKING,SUCCESS
PAY009451,C000859,2026-08-18,199,NET_BANKING,FAILED
PAY009452,C000708,2026-03-05,499,NET_BANKING,SUCCESS
PAY009453,C000370,2025-11-01,499,UPI,SUCCESS
PAY009454,C000276,2026-04-23,999,UPI,PENDING
PAY009455,C000775,2025-09-29,1499,WALLET,FAILED
PAY009456,C000466,2026-07-10,1499,CARD,SUCCESS
PAY009457,C000903,2025-11-12,999,NET_BANKING,SUCCESS
PAY009458,C000044,2026-02-06,999,WALLET,FAILED
PAY009459,C000155,2026-01-06,799,NET_BANKING,SUCCESS
PAY009460,C000568,2026-06-23,499,NET_BANKING,REFUNDED
PAY009461,C000083,2026-03-21,299,CARD,FAILED
PAY009462,C000173,2026-02-22,299,WALLET,SUCCESS
PAY009463,C000676,2026-03-23,399,NET_BANKING,SUCCESS
PAY009464,C000942,2026-09-07,799,UPI,FAILED
PAY009465,C000097,2025-10-08,599,NET_BANKING,REFUNDED
PAY009466,C000517,2025-10-26,599,CARD,SUCCESS
PAY009467,C000927,2025-12-25,199,UPI,PENDING
PAY009468,C000174,2026-06-19,399,UPI,SUCCESS
PAY009469,C000177,2026-04-23,1499,WALLET,SUCCESS
PAY009470,C000001,2026-03-06,1499,WALLET,SUCCESS
PAY009471,C000350,2026-02-03,599,CARD,SUCCESS
PAY009472,C000030,2026-03-08,599,WALLET,REFUNDED
PAY009473,C000720,2026-07-02,299,UPI,SUCCESS
PAY009474,C000162,2026-07-15,499,WALLET,SUCCESS
PAY009475,C000364,2026-06-11,499,WALLET,PENDING
PAY009476,C000300,2025-10-19,399,WALLET,PENDING
PAY009477,C000668,2026-07-26,299,UPI,FAILED
PAY009478,C000846,2026-09-19,299,CARD,REFUNDED
PAY009479,C000598,2026-06-06,599,NET_BANKING,SUCCESS
PAY009480,C000555,2026-04-10,499,UPI,SUCCESS
PAY009481,C000061,2026-04-05,999,NET_BANKING,REFUNDED
PAY009482,C000713,2026-03-07,399,CARD,SUCCESS
PAY009483,C000686,2026-09-12,599,WALLET,SUCCESS
PAY009484,C000137,2026-08-08,199,CARD,PENDING
PAY009485,C000632,2026-08-26,199,WALLET,SUCCESS
PAY009486,C000470,2025-11-08,399,NET_BANKING,REFUNDED
PAY009487,C000060,2026-02-27,1499,NET_BANKING,SUCCESS
PAY009488,C000831,2025-10-12,599,CARD,SUCCESS
PAY009489,C000255,2026-09-13,199,WALLET,REFUNDED
PAY009490,C000928,2025-12-11,599,NET_BANKING,FAILED
PAY009491,C000793,2026-06-20,199,UPI,SUCCESS
PAY009492,C000799,2026-05-29,999,UPI,REFUNDED
PAY009493,C000644,2025-10-10,299,UPI,SUCCESS
PAY009494,C000811,2025-10-14,599,UPI,REFUNDED
PAY009495,C000496,2025-12-06,499,CARD,SUCCESS
PAY009496,C000206,2026-05-22,499,WALLET,FAILED
PAY009497,C000294,2026-02-01,1499,CARD,SUCCESS
PAY009498,C000670,2025-12-04,1499,UPI,SUCCESS
PAY009499,C000812,2026-08-18,599,CARD,SUCCESS
PAY009500,C001000,2026-05-02,999,CARD,SUCCESS
PAY009501,C000483,2025-12-20,999,UPI,SUCCESS
PAY009502,C000348,2026-07-29,799,WALLET,SUCCESS
PAY009503,C000725,2025-10-25,499,CARD,PENDING
PAY009504,C000346,2026-09-15,1499,UPI,SUCCESS
PAY009505,C000622,2026-04-21,799,CARD,SUCCESS
PAY009506,C000952,2026-09-08,299,CARD,SUCCESS
PAY009507,C000442,2026-08-28,499,UPI,SUCCESS
PAY009508,C000874,2025-11-10,199,CARD,SUCCESS
PAY009509,C000321,2026-07-14,199,NET_BANKING,SUCCESS
PAY009510,C000336,2026-08-07,1499,CARD,REFUNDED
PAY009511,C000185,2026-07-10,499,WALLET,PENDING
PAY009512,C000083,2026-08-26,399,CARD,FAILED
PAY009513,C000858,2026-08-14,799,NET_BANKING,SUCCESS
PAY009514,C000051,2026-06-01,599,NET_BANKING,SUCCESS
PAY009515,C000125,2025-10-15,299,CARD,SUCCESS
PAY009516,C000890,2026-01-20,599,UPI,SUCCESS
PAY009517,C000793,2026-04-28,499,WALLET,SUCCESS
PAY009518,C000681,2026-02-16,299,CARD,REFUNDED
PAY009519,C000292,2026-05-29,799,WALLET,FAILED
PAY009520,C000836,2026-09-20,199,NET_BANKING,SUCCESS
PAY009521,C000859,2026-03-18,799,CARD,PENDING
PAY009522,C000371,2025-12-21,799,WALLET,SUCCESS
PAY009523,C000153,2026-01-27,1499,UPI,SUCCESS
PAY009524,C000044,2026-09-01,799,CARD,SUCCESS
PAY009525,C000226,2026-06-23,399,UPI,REFUNDED
PAY009526,C000262,2025-11-02,499,WALLET,SUCCESS
PAY009527,C000602,2026-07-09,999,NET_BANKING,SUCCESS
PAY009528,C000191,2026-03-06,1499,WALLET,SUCCESS
PAY009529,C000465,2026-05-20,199,UPI,SUCCESS
PAY009530,C000550,2026-07-11,599,CARD,FAILED
PAY009531,C000456,2026-01-26,999,UPI,REFUNDED
PAY009532,C000273,2025-11-03,399,UPI,REFUNDED
PAY009533,C000025,2026-04-01,499,NET_BANKING,REFUNDED
PAY009534,C000470,2026-01-25,799,NET_BANKING,PENDING
PAY009535,C000571,2026-07-28,999,UPI,SUCCESS
PAY009536,C000101,2026-03-02,299,UPI,SUCCESS
PAY009537,C000247,2026-08-01,1499,UPI,SUCCESS
PAY009538,C000050,2026-08-20,1499,UPI,SUCCESS
PAY009539,C000369,2025-12-22,599,CARD,SUCCESS
PAY009540,C000488,2026-02-06,999,CARD,SUCCESS
PAY009541,C000873,2026-08-19,1499,NET_BANKING,SUCCESS
PAY009542,C000988,2026-05-01,1499,UPI,SUCCESS
PAY009543,C000476,2026-04-19,499,NET_BANKING,SUCCESS
PAY009544,C000145,2026-02-02,599,WALLET,SUCCESS
PAY009545,C000575,2026-09-03,299,WALLET,SUCCESS
PAY009546,C000910,2026-02-01,599,UPI,SUCCESS
PAY009547,C000356,2025-10-12,499,CARD,SUCCESS
PAY009548,C000218,2026-04-04,299,CARD,SUCCESS
PAY009549,C000844,2025-10-20,599,NET_BANKING,PENDING
PAY009550,C000616,2026-03-28,799,NET_BANKING,PENDING
PAY009551,C000905,2026-09-06,499,NET_BANKING,SUCCESS
PAY009552,C000878,2026-01-08,999,NET_BANKING,FAILED
PAY009553,C000855,2026-03-28,599,NET_BANKING,FAILED
PAY009554,C000491,2025-10-10,299,WALLET,REFUNDED
PAY009555,C000945,2026-02-03,499,UPI,SUCCESS
PAY009556,C000280,2026-09-05,799,CARD,SUCCESS
PAY009557,C000553,2025-09-26,599,NET_BANKING,REFUNDED
PAY009558,C000552,2026-08-25,599,WALLET,SUCCESS
PAY009559,C000670,2026-09-17,499,CARD,SUCCESS
PAY009560,C000463,2025-10-24,399,NET_BANKING,SUCCESS
PAY009561,C000738,2026-05-18,1499,NET_BANKING,SUCCESS
PAY009562,C000541,2025-10-05,1499,WALLET,SUCCESS
PAY009563,C000368,2026-02-14,599,CARD,SUCCESS
PAY009564,C000427,2026-04-28,1499,NET_BANKING,REFUNDED
PAY009565,C000572,2025-12-03,599,NET_BANKING,SUCCESS
PAY009566,C000965,2025-12-28,1499,CARD,SUCCESS
PAY009567,C000109,2026-05-01,1499,WALLET,SUCCESS
PAY009568,C000569,2026-06-21,499,NET_BANKING,SUCCESS
PAY009569,C000916,2026-07-03,799,UPI,SUCCESS
PAY009570,C000341,2026-01-07,999,CARD,SUCCESS
PAY009571,C000701,2026-04-10,799,NET_BANKING,SUCCESS
PAY009572,C000749,2026-03-31,599,UPI,SUCCESS
PAY009573,C000763,2026-03-27,499,NET_BANKING,PENDING
PAY009574,C000251,2026-05-22,399,NET_BANKING,SUCCESS
PAY009575,C000315,2026-05-16,999,UPI,FAILED
PAY009576,C000539,2025-12-31,999,NET_BANKING,SUCCESS
PAY009577,C000436,2026-07-29,199,CARD,SUCCESS
PAY009578,C000742,2026-09-09,299,WALLET,PENDING
PAY009579,C000873,2025-11-20,799,UPI,SUCCESS
PAY009580,C000945,2025-12-15,999,UPI,SUCCESS
PAY009581,C000946,2026-06-07,299,NET_BANKING,REFUNDED
PAY009582,C000434,2026-04-28,799,UPI,REFUNDED
PAY009583,C000400,2026-05-27,499,WALLET,FAILED
PAY009584,C000001,2026-04-11,1499,CARD,REFUNDED
PAY009585,C000419,2025-12-07,199,NET_BANKING,SUCCESS
PAY009586,C000717,2026-02-09,799,NET_BANKING,REFUNDED
PAY009587,C000149,2026-03-05,499,NET_BANKING,REFUNDED
PAY009588,C000381,2025-11-14,799,UPI,REFUNDED
PAY009589,C000747,2026-08-14,799,CARD,FAILED
PAY009590,C000951,2026-05-02,999,CARD,PENDING
PAY009591,C000534,2026-01-12,499,CARD,PENDING
PAY009592,C000567,2026-01-21,499,NET_BANKING,PENDING
PAY009593,C000227,2026-07-07,1499,NET_BANKING,PENDING
PAY009594,C000136,2026-01-17,299,UPI,SUCCESS
PAY009595,C000383,2026-09-20,599,UPI,PENDING
PAY009596,C000311,2026-04-02,799,WALLET,SUCCESS
PAY009597,C000458,2025-09-24,199,WALLET,PENDING
PAY009598,C000347,2025-10-05,799,UPI,REFUNDED
PAY009599,C000036,2025-10-10,799,NET_BANKING,REFUNDED
PAY009600,C000827,2026-01-11,399,WALLET,SUCCESS
PAY009601,C000738,2026-05-10,399,NET_BANKING,REFUNDED
PAY009602,C000125,2025-10-27,599,CARD,PENDING
PAY009603,C000961,2026-05-07,499,UPI,SUCCESS
PAY009604,C000846,2026-02-21,999,UPI,FAILED
PAY009605,C000529,2025-12-05,1499,UPI,SUCCESS
PAY009606,C000994,2026-06-23,799,WALLET,SUCCESS
PAY009607,C000444,2026-05-14,299,WALLET,FAILED
PAY009608,C000945,2026-05-04,1499,UPI,SUCCESS
PAY009609,C000289,2025-12-22,1499,UPI,SUCCESS
PAY009610,C000549,2025-10-28,199,UPI,FAILED
PAY009611,C000211,2026-07-24,199,CARD,SUCCESS
PAY009612,C000791,2025-11-09,299,NET_BANKING,FAILED
PAY009613,C000310,2026-01-05,299,WALLET,SUCCESS
PAY009614,C000312,2026-06-19,499,WALLET,SUCCESS
PAY009615,C000917,2026-09-18,1499,NET_BANKING,SUCCESS
PAY009616,C000371,2025-11-10,499,WALLET,FAILED
PAY009617,C000168,2025-12-07,599,WALLET,FAILED
PAY009618,C000626,2026-06-06,299,CARD,SUCCESS
PAY009619,C000047,2025-10-18,199,NET_BANKING,SUCCESS
PAY009620,C000553,2026-08-29,499,NET_BANKING,PENDING
PAY009621,C000085,2025-12-03,599,WALLET,PENDING
PAY009622,C000320,2025-11-14,999,UPI,SUCCESS
PAY009623,C000227,2026-05-16,199,WALLET,SUCCESS
PAY009624,C000339,2026-04-16,599,UPI,SUCCESS
PAY009625,C000453,2026-06-03,1499,CARD,FAILED
PAY009626,C000728,2026-01-21,599,WALLET,REFUNDED
PAY009627,C000431,2025-12-31,1499,CARD,SUCCESS
PAY009628,C000720,2025-10-29,399,UPI,SUCCESS
PAY009629,C000080,2025-09-30,399,NET_BANKING,SUCCESS
PAY009630,C000057,2026-06-29,799,UPI,SUCCESS
PAY009631,C000790,2026-07-29,599,UPI,FAILED
PAY009632,C000982,2026-01-11,199,UPI,SUCCESS
PAY009633,C000850,2025-10-09,399,UPI,SUCCESS
PAY009634,C000192,2025-11-02,499,CARD,PENDING
PAY009635,C000643,2026-03-04,799,WALLET,PENDING
PAY009636,C000845,2026-02-18,599,NET_BANKING,SUCCESS
PAY009637,C000067,2026-08-30,299,NET_BANKING,FAILED
PAY009638,C000210,2026-05-05,1499,CARD,SUCCESS
PAY009639,C000093,2026-01-21,299,CARD,FAILED
PAY009640,C000050,2026-04-01,599,UPI,PENDING
PAY009641,C000250,2026-06-12,499,NET_BANKING,SUCCESS
PAY009642,C000549,2026-01-24,399,CARD,SUCCESS
PAY009643,C000160,2026-04-14,399,UPI,REFUNDED
PAY009644,C000893,2026-08-25,499,WALLET,REFUNDED
PAY009645,C000818,2026-05-20,599,UPI,SUCCESS
PAY009646,C000395,2025-12-07,999,CARD,REFUNDED
PAY009647,C000602,2025-12-08,599,NET_BANKING,SUCCESS
PAY009648,C000562,2026-04-18,399,UPI,SUCCESS
PAY009649,C000658,2026-05-04,999,UPI,SUCCESS
PAY009650,C000449,2026-08-05,799,UPI,REFUNDED
PAY009651,C000702,2025-11-18,799,WALLET,SUCCESS
PAY009652,C000852,2025-10-07,1499,NET_BANKING,PENDING
PAY009653,C000395,2026-06-17,499,NET_BANKING,SUCCESS
PAY009654,C000946,2026-04-02,399,UPI,SUCCESS
PAY009655,C000632,2026-06-05,999,WALLET,FAILED
PAY009656,C000181,2025-12-20,1499,CARD,REFUNDED
PAY009657,C000136,2026-06-11,399,WALLET,FAILED
PAY009658,C000312,2025-10-18,999,UPI,PENDING
PAY009659,C000873,2026-05-13,499,WALLET,REFUNDED
PAY009660,C000209,2025-11-18,499,WALLET,FAILED
PAY009661,C000395,2025-11-04,1499,WALLET,REFUNDED
PAY009662,C000578,2026-05-10,399,NET_BANKING,SUCCESS
PAY009663,C000292,2026-07-11,499,UPI,SUCCESS
PAY009664,C000079,2026-02-20,599,WALLET,PENDING
PAY009665,C000275,2026-07-22,1499,CARD,FAILED
PAY009666,C000166,2026-08-29,399,WALLET,SUCCESS
PAY009667,C000223,2025-12-28,499,NET_BANKING,SUCCESS
PAY009668,C000626,2026-02-23,299,WALLET,SUCCESS
PAY009669,C000837,2025-11-25,499,CARD,SUCCESS
PAY009670,C000739,2026-03-28,599,UPI,FAILED
PAY009671,C000372,2026-04-04,1499,WALLET,SUCCESS
PAY009672,C000224,2026-05-11,1499,UPI,SUCCESS
PAY009673,C000405,2025-10-04,399,WALLET,SUCCESS
PAY009674,C000457,2025-11-24,999,UPI,FAILED
PAY009675,C000210,2026-09-19,799,NET_BANKING,REFUNDED
PAY009676,C000621,2026-06-20,599,UPI,PENDING
PAY009677,C000980,2026-02-22,1499,NET_BANKING,REFUNDED
PAY009678,C000495,2026-05-06,1499,UPI,REFUNDED
PAY009679,C000767,2025-12-02,599,WALLET,REFUNDED
PAY009680,C000177,2026-05-31,299,WALLET,FAILED
PAY009681,C000368,2026-09-04,1499,UPI,SUCCESS
PAY009682,C000110,2026-01-20,599,UPI,SUCCESS
PAY009683,C000820,2025-11-19,199,UPI,SUCCESS
PAY009684,C000552,2026-03-19,499,NET_BANKING,REFUNDED
PAY009685,C000742,2026-09-10,499,CARD,SUCCESS
PAY009686,C000793,2026-01-31,999,CARD,SUCCESS
PAY009687,C000071,2025-12-07,1499,NET_BANKING,SUCCESS
PAY009688,C000407,2026-09-03,999,UPI,SUCCESS
PAY009689,C000975,2025-11-18,199,NET_BANKING,SUCCESS
PAY009690,C000366,2026-01-11,999,UPI,REFUNDED
PAY009691,C000963,2026-07-06,799,NET_BANKING,PENDING
PAY009692,C000251,2026-01-13,599,WALLET,SUCCESS
PAY009693,C000396,2025-10-03,1499,UPI,PENDING
PAY009694,C000683,2026-08-11,1499,UPI,REFUNDED
PAY009695,C000147,2026-02-09,499,CARD,SUCCESS
PAY009696,C000760,2026-08-27,399,UPI,REFUNDED
PAY009697,C000160,2026-06-19,999,CARD,FAILED
PAY009698,C000089,2026-05-30,299,UPI,REFUNDED
PAY009699,C000769,2026-03-13,599,CARD,REFUNDED
PAY009700,C000078,2026-02-15,199,WALLET,REFUNDED
PAY009701,C000877,2025-11-15,299,CARD,SUCCESS
PAY009702,C000476,2026-03-11,299,WALLET,FAILED
PAY009703,C000944,2026-09-06,599,CARD,SUCCESS
PAY009704,C000232,2025-11-23,199,UPI,SUCCESS
PAY009705,C000501,2025-09-30,199,WALLET,SUCCESS
PAY009706,C000003,2026-06-26,499,CARD,SUCCESS
PAY009707,C000912,2025-12-13,399,WALLET,SUCCESS
PAY009708,C000870,2026-03-25,1499,CARD,SUCCESS
PAY009709,C000688,2026-03-21,999,NET_BANKING,SUCCESS
PAY009710,C000996,2025-11-05,1499,CARD,REFUNDED
PAY009711,C000910,2025-11-22,199,NET_BANKING,SUCCESS
PAY009712,C000683,2026-01-13,499,CARD,SUCCESS
PAY009713,C000856,2026-08-06,1499,CARD,SUCCESS
PAY009714,C000560,2026-05-06,199,NET_BANKING,SUCCESS
PAY009715,C000773,2025-12-31,1499,UPI,SUCCESS
PAY009716,C000818,2026-08-25,199,CARD,SUCCESS
PAY009717,C000253,2026-01-20,199,NET_BANKING,SUCCESS
PAY009718,C000100,2026-05-23,299,WALLET,SUCCESS
PAY009719,C000169,2025-12-06,999,CARD,SUCCESS
PAY009720,C000244,2026-08-13,999,NET_BANKING,FAILED
PAY009721,C000622,2026-06-28,499,WALLET,REFUNDED
PAY009722,C000491,2026-07-09,599,UPI,SUCCESS
PAY009723,C000310,2026-06-01,1499,WALLET,PENDING
PAY009724,C000542,2026-06-03,399,WALLET,SUCCESS
PAY009725,C000026,2025-12-28,799,UPI,SUCCESS
PAY009726,C000259,2026-08-19,799,CARD,PENDING
PAY009727,C000853,2025-10-17,999,CARD,FAILED
PAY009728,C000352,2026-07-04,399,CARD,SUCCESS
PAY009729,C000502,2026-06-05,1499,NET_BANKING,PENDING
PAY009730,C000613,2026-09-15,1499,UPI,SUCCESS
PAY009731,C000575,2026-06-16,499,UPI,SUCCESS
PAY009732,C000715,2026-07-19,999,UPI,REFUNDED
PAY009733,C000683,2026-02-05,1499,NET_BANKING,SUCCESS
PAY009734,C000252,2025-11-30,199,CARD,SUCCESS
PAY009735,C000873,2026-02-18,599,UPI,SUCCESS
PAY009736,C000944,2026-04-12,299,CARD,SUCCESS
PAY009737,C000392,2026-04-27,299,NET_BANKING,SUCCESS
PAY009738,C000333,2026-06-27,599,WALLET,REFUNDED
PAY009739,C000375,2026-09-17,299,UPI,PENDING
PAY009740,C000221,2026-02-14,799,CARD,SUCCESS
PAY009741,C000504,2025-11-12,1499,UPI,REFUNDED
PAY009742,C000451,2026-07-08,199,NET_BANKING,SUCCESS
PAY009743,C000972,2026-03-02,1499,CARD,SUCCESS
PAY009744,C000340,2026-01-12,499,CARD,FAILED
PAY009745,C000661,2025-11-22,499,WALLET,SUCCESS
PAY009746,C000376,2026-03-24,799,UPI,SUCCESS
PAY009747,C000550,2025-10-25,799,WALLET,SUCCESS
PAY009748,C000685,2025-12-25,1499,NET_BANKING,SUCCESS
PAY009749,C000358,2026-02-21,1499,NET_BANKING,PENDING
PAY009750,C000815,2026-09-22,299,NET_BANKING,REFUNDED
PAY009751,C000482,2026-01-22,1499,WALLET,SUCCESS
PAY009752,C000038,2026-02-07,599,NET_BANKING,REFUNDED
PAY009753,C000605,2026-06-29,999,CARD,SUCCESS
PAY009754,C000147,2026-01-09,799,NET_BANKING,REFUNDED
PAY009755,C000434,2026-05-12,799,UPI,FAILED
PAY009756,C000400,2025-12-24,599,NET_BANKING,SUCCESS
PAY009757,C000787,2025-09-27,199,WALLET,SUCCESS
PAY009758,C000624,2025-10-26,299,CARD,SUCCESS
PAY009759,C000457,2026-01-06,599,WALLET,REFUNDED
PAY009760,C000802,2026-02-05,799,WALLET,SUCCESS
PAY009761,C000234,2026-06-11,799,NET_BANKING,PENDING
PAY009762,C000258,2025-10-18,399,CARD,REFUNDED
PAY009763,C000240,2025-12-25,999,UPI,SUCCESS
PAY009764,C000298,2026-09-01,1499,CARD,SUCCESS
PAY009765,C000870,2026-06-20,399,CARD,SUCCESS
PAY009766,C000318,2026-07-14,499,UPI,PENDING
PAY009767,C000854,2025-12-30,499,CARD,SUCCESS
PAY009768,C000016,2025-10-01,1499,UPI,PENDING
PAY009769,C000506,2026-05-22,299,NET_BANKING,FAILED
PAY009770,C000280,2025-12-14,599,UPI,SUCCESS
PAY009771,C000554,2026-06-15,999,CARD,PENDING
PAY009772,C000851,2026-04-19,1499,NET_BANKING,SUCCESS
PAY009773,C000197,2025-09-25,1499,WALLET,FAILED
PAY009774,C000295,2026-06-12,199,CARD,SUCCESS
PAY009775,C000215,2025-10-23,599,WALLET,SUCCESS
PAY009776,C000151,2026-04-07,799,WALLET,SUCCESS
PAY009777,C000257,2026-08-30,1499,NET_BANKING,SUCCESS
PAY009778,C000661,2025-10-07,199,CARD,SUCCESS
PAY009779,C000782,2025-10-08,799,UPI,SUCCESS
PAY009780,C000997,2025-12-21,399,NET_BANKING,SUCCESS
PAY009781,C000839,2026-08-17,799,WALLET,SUCCESS
PAY009782,C000718,2026-07-16,999,UPI,SUCCESS
PAY009783,C000183,2026-08-28,399,WALLET,SUCCESS
PAY009784,C000131,2026-03-10,199,CARD,PENDING
PAY009785,C000965,2026-01-19,499,NET_BANKING,REFUNDED
PAY009786,C000025,2025-11-19,799,CARD,REFUNDED
PAY009787,C000300,2026-09-19,599,NET_BANKING,FAILED
PAY009788,C000999,2026-09-18,399,WALLET,SUCCESS
PAY009789,C000969,2026-03-01,799,WALLET,REFUNDED
PAY009790,C000561,2026-08-26,999,NET_BANKING,REFUNDED
PAY009791,C000976,2025-10-12,1499,WALLET,SUCCESS
PAY009792,C000971,2026-03-20,299,WALLET,PENDING
PAY009793,C000952,2026-01-12,799,UPI,SUCCESS
PAY009794,C000400,2026-09-19,1499,NET_BANKING,FAILED
PAY009795,C000632,2025-12-08,1499,WALLET,REFUNDED
PAY009796,C000739,2026-07-30,199,WALLET,SUCCESS
PAY009797,C000891,2025-10-17,499,WALLET,SUCCESS
PAY009798,C000200,2026-08-25,1499,WALLET,SUCCESS
PAY009799,C000397,2025-11-28,799,NET_BANKING,REFUNDED
PAY009800,C000922,2025-10-22,199,UPI,SUCCESS
PAY009801,C000229,2026-05-30,299,UPI,SUCCESS
PAY009802,C000903,2025-10-15,799,CARD,PENDING
PAY009803,C000557,2026-08-30,799,UPI,SUCCESS
PAY009804,C000162,2026-07-14,599,CARD,SUCCESS
PAY009805,C000712,2025-12-08,599,CARD,SUCCESS
PAY009806,C000807,2025-10-16,799,UPI,SUCCESS
PAY009807,C000865,2026-07-18,1499,WALLET,SUCCESS
PAY009808,C000518,2026-08-18,1499,CARD,SUCCESS
PAY009809,C000007,2026-07-04,399,WALLET,SUCCESS
PAY009810,C000409,2026-02-17,399,CARD,SUCCESS
PAY009811,C000746,2025-11-15,199,NET_BANKING,FAILED
PAY009812,C000377,2026-01-17,1499,CARD,REFUNDED
PAY009813,C000040,2026-09-19,499,CARD,SUCCESS
PAY009814,C000323,2026-01-08,499,WALLET,SUCCESS
PAY009815,C000526,2026-04-03,199,WALLET,SUCCESS
PAY009816,C000346,2026-06-16,1499,NET_BANKING,SUCCESS
PAY009817,C000346,2025-09-27,1499,WALLET,REFUNDED
PAY009818,C000010,2025-11-11,599,CARD,FAILED
PAY009819,C000259,2025-11-04,499,UPI,SUCCESS
PAY009820,C000188,2026-08-23,299,CARD,SUCCESS
PAY009821,C000177,2026-07-20,999,CARD,REFUNDED
PAY009822,C000273,2026-02-16,499,UPI,FAILED
PAY009823,C000379,2026-01-17,299,WALLET,SUCCESS
PAY009824,C000376,2026-03-31,499,NET_BANKING,FAILED
PAY009825,C000561,2026-04-11,1499,WALLET,SUCCESS
PAY009826,C000281,2026-08-30,799,UPI,FAILED
PAY009827,C000488,2026-01-22,299,CARD,SUCCESS
PAY009828,C000605,2026-05-20,599,CARD,SUCCESS
PAY009829,C000035,2026-06-08,799,NET_BANKING,SUCCESS
PAY009830,C000078,2025-10-24,1499,UPI,REFUNDED
PAY009831,C000114,2026-07-16,1499,CARD,SUCCESS
PAY009832,C000942,2026-08-28,1499,WALLET,REFUNDED
PAY009833,C000977,2025-10-14,499,WALLET,SUCCESS
PAY009834,C000474,2026-09-16,799,NET_BANKING,PENDING
PAY009835,C000435,2026-01-09,399,WALLET,SUCCESS
PAY009836,C000912,2026-09-19,399,CARD,SUCCESS
PAY009837,C000289,2025-11-08,599,UPI,SUCCESS
PAY009838,C000752,2025-10-17,299,NET_BANKING,SUCCESS
PAY009839,C000594,2025-12-27,1499,NET_BANKING,FAILED
PAY009840,C000093,2025-11-30,399,UPI,PENDING
PAY009841,C000703,2025-10-28,199,NET_BANKING,PENDING
PAY009842,C000458,2026-02-24,799,CARD,PENDING
PAY009843,C000485,2026-02-13,999,NET_BANKING,SUCCESS
PAY009844,C000205,2026-04-11,1499,CARD,SUCCESS
PAY009845,C000004,2026-08-11,399,WALLET,SUCCESS
PAY009846,C000566,2026-03-22,999,CARD,SUCCESS
PAY009847,C000466,2025-10-27,999,NET_BANKING,SUCCESS
PAY009848,C000571,2025-10-20,799,WALLET,SUCCESS
PAY009849,C000113,2026-08-05,1499,UPI,PENDING
PAY009850,C000859,2026-04-04,999,WALLET,SUCCESS
PAY009851,C000657,2025-10-01,599,WALLET,SUCCESS
PAY009852,C000426,2026-09-18,299,UPI,SUCCESS
PAY009853,C000440,2025-12-28,799,CARD,SUCCESS
PAY009854,C000612,2026-07-05,599,UPI,SUCCESS
PAY009855,C000322,2025-12-17,499,UPI,PENDING
PAY009856,C000825,2026-02-06,599,CARD,SUCCESS
PAY009857,C000876,2025-12-02,299,UPI,SUCCESS
PAY009858,C000442,2026-01-23,299,CARD,SUCCESS
PAY009859,C000621,2026-01-29,199,NET_BANKING,FAILED
PAY009860,C000832,2026-03-17,999,WALLET,FAILED
PAY009861,C000057,2026-02-19,499,UPI,SUCCESS
PAY009862,C000667,2026-01-30,499,CARD,REFUNDED
PAY009863,C000874,2026-08-09,299,UPI,SUCCESS
PAY009864,C000473,2026-09-04,499,CARD,FAILED
PAY009865,C000212,2026-01-24,799,WALLET,PENDING
PAY009866,C000556,2025-12-08,599,WALLET,REFUNDED
PAY009867,C000174,2026-01-24,299,UPI,SUCCESS
PAY009868,C000904,2026-03-30,499,CARD,SUCCESS
PAY009869,C000122,2025-10-03,499,CARD,SUCCESS
PAY009870,C000909,2026-04-09,199,WALLET,REFUNDED
PAY009871,C000910,2026-08-19,999,NET_BANKING,FAILED
PAY009872,C000826,2026-02-05,1499,UPI,PENDING
PAY009873,C000995,2026-05-05,999,NET_BANKING,SUCCESS
PAY009874,C000356,2026-06-29,799,UPI,FAILED
PAY009875,C000005,2026-05-05,999,CARD,SUCCESS
PAY009876,C000797,2025-12-18,299,WALLET,REFUNDED
PAY009877,C000488,2026-07-11,499,CARD,SUCCESS
PAY009878,C000568,2025-12-30,399,NET_BANKING,SUCCESS
PAY009879,C000041,2026-08-10,499,NET_BANKING,SUCCESS
PAY009880,C000909,2025-11-25,799,NET_BANKING,SUCCESS
PAY009881,C000490,2025-10-08,199,NET_BANKING,SUCCESS
PAY009882,C000168,2026-03-29,199,CARD,FAILED
PAY009883,C000981,2026-04-08,399,UPI,FAILED
PAY009884,C000462,2026-03-18,1499,CARD,SUCCESS
PAY009885,C000916,2026-02-21,599,NET_BANKING,FAILED
PAY009886,C000062,2026-07-11,499,UPI,REFUNDED
PAY009887,C000710,2026-04-16,799,UPI,REFUNDED
PAY009888,C000001,2025-10-12,999,NET_BANKING,SUCCESS
PAY009889,C000673,2026-03-15,999,NET_BANKING,SUCCESS
PAY009890,C000604,2025-10-21,399,NET_BANKING,SUCCESS
PAY009891,C000857,2026-05-23,199,WALLET,FAILED
PAY009892,C000637,2026-01-10,199,UPI,SUCCESS
PAY009893,C000016,2025-11-13,999,UPI,REFUNDED
PAY009894,C000554,2025-12-17,1499,NET_BANKING,SUCCESS
PAY009895,C000035,2026-08-09,499,UPI,SUCCESS
PAY009896,C000106,2025-12-25,399,WALLET,SUCCESS
PAY009897,C000126,2025-10-19,599,UPI,SUCCESS
PAY009898,C000325,2026-03-16,1499,WALLET,FAILED
PAY009899,C000846,2026-06-27,499,NET_BANKING,SUCCESS
PAY009900,C000047,2026-06-28,1499,WALLET,SUCCESS
PAY009901,C000288,2026-03-11,999,WALLET,REFUNDED
PAY009902,C000826,2026-09-07,299,NET_BANKING,REFUNDED
PAY009903,C000043,2026-09-04,199,UPI,PENDING
PAY009904,C000374,2026-03-02,599,NET_BANKING,SUCCESS
PAY009905,C000463,2025-12-11,399,NET_BANKING,SUCCESS
PAY009906,C000821,2025-11-04,999,WALLET,SUCCESS
PAY009907,C000556,2026-07-10,199,NET_BANKING,FAILED
PAY009908,C000762,2026-01-12,1499,NET_BANKING,SUCCESS
PAY009909,C000678,2025-11-06,599,CARD,FAILED
PAY009910,C000977,2026-02-26,299,NET_BANKING,FAILED
PAY009911,C000322,2026-04-25,499,NET_BANKING,SUCCESS
PAY009912,C000807,2025-12-18,199,NET_BANKING,SUCCESS
PAY009913,C000673,2025-12-12,599,WALLET,FAILED
PAY009914,C000268,2026-03-09,399,WALLET,SUCCESS
PAY009915,C000105,2026-02-23,599,WALLET,SUCCESS
PAY009916,C000228,2026-09-11,599,UPI,SUCCESS
PAY009917,C000474,2026-03-07,799,UPI,FAILED
PAY009918,C000606,2026-06-19,599,WALLET,REFUNDED
PAY009919,C000747,2026-06-13,799,NET_BANKING,REFUNDED
PAY009920,C000197,2026-02-23,799,NET_BANKING,SUCCESS
PAY009921,C000845,2026-09-07,599,UPI,SUCCESS
PAY009922,C000945,2026-02-12,799,NET_BANKING,SUCCESS
PAY009923,C000726,2026-07-10,199,CARD,FAILED
PAY009924,C000427,2025-11-02,599,NET_BANKING,SUCCESS
PAY009925,C000089,2026-06-23,799,UPI,PENDING
PAY009926,C000384,2026-03-25,399,UPI,PENDING
PAY009927,C000847,2025-12-28,799,WALLET,PENDING
PAY009928,C000705,2026-03-13,499,CARD,SUCCESS
PAY009929,C000821,2026-06-09,799,WALLET,PENDING
PAY009930,C000161,2026-08-12,599,CARD,FAILED
PAY009931,C000766,2025-12-24,199,UPI,FAILED
PAY009932,C000610,2026-04-27,199,NET_BANKING,SUCCESS
PAY009933,C000134,2026-04-14,499,WALLET,FAILED
PAY009934,C000209,2026-08-29,499,NET_BANKING,SUCCESS
PAY009935,C000376,2025-10-28,599,CARD,PENDING
PAY009936,C000891,2026-01-08,399,UPI,SUCCESS
PAY009937,C000207,2026-09-17,599,NET_BANKING,SUCCESS
PAY009938,C000477,2025-12-14,499,WALLET,SUCCESS
PAY009939,C000370,2026-03-30,199,NET_BANKING,SUCCESS
PAY009940,C000493,2026-09-06,299,WALLET,REFUNDED
PAY009941,C000011,2025-09-25,199,NET_BANKING,FAILED
PAY009942,C000697,2026-06-29,299,UPI,SUCCESS
PAY009943,C000081,2026-05-11,399,NET_BANKING,FAILED
PAY009944,C000836,2026-05-29,1499,UPI,SUCCESS
PAY009945,C000197,2025-12-30,199,NET_BANKING,FAILED
PAY009946,C000795,2026-02-17,799,UPI,SUCCESS
PAY009947,C000577,2026-06-30,599,NET_BANKING,PENDING
PAY009948,C000728,2026-08-04,1499,NET_BANKING,SUCCESS
PAY009949,C000305,2025-11-22,499,NET_BANKING,SUCCESS
PAY009950,C000174,2026-07-04,1499,NET_BANKING,FAILED
PAY009951,C000066,2026-01-23,999,UPI,REFUNDED
PAY009952,C000033,2026-01-12,999,WALLET,REFUNDED
PAY009953,C000335,2026-03-01,299,NET_BANKING,FAILED
PAY009954,C000683,2026-02-13,599,WALLET,SUCCESS
PAY009955,C000668,2026-04-07,1499,UPI,FAILED
PAY009956,C000669,2025-12-08,999,NET_BANKING,PENDING
PAY009957,C000582,2026-02-19,599,WALLET,SUCCESS
PAY009958,C000306,2026-08-04,399,NET_BANKING,SUCCESS
PAY009959,C000290,2026-05-31,199,CARD,SUCCESS
PAY009960,C000955,2026-01-22,799,UPI,SUCCESS
PAY009961,C000919,2026-07-08,399,WALLET,SUCCESS
PAY009962,C000419,2025-12-17,399,UPI,SUCCESS
PAY009963,C000680,2026-08-22,799,CARD,REFUNDED
PAY009964,C000132,2026-06-20,799,UPI,SUCCESS
PAY009965,C000779,2025-11-23,599,NET_BANKING,FAILED
PAY009966,C000703,2026-04-29,799,WALLET,SUCCESS
PAY009967,C000207,2026-01-07,199,NET_BANKING,SUCCESS
PAY009968,C000416,2026-09-18,1499,WALLET,FAILED
PAY009969,C000507,2025-11-11,299,NET_BANKING,FAILED
PAY009970,C000631,2026-03-24,299,CARD,SUCCESS
PAY009971,C000993,2026-04-29,599,UPI,FAILED
PAY009972,C000057,2026-07-10,399,WALLET,SUCCESS
PAY009973,C000274,2025-09-30,499,WALLET,SUCCESS
PAY009974,C000938,2026-04-27,799,WALLET,SUCCESS
PAY009975,C000692,2025-12-12,499,CARD,SUCCESS
PAY009976,C000328,2026-02-08,799,NET_BANKING,SUCCESS
PAY009977,C000545,2026-05-28,1499,UPI,REFUNDED
PAY009978,C000356,2026-01-01,799,NET_BANKING,FAILED
PAY009979,C000381,2026-02-15,599,NET_BANKING,SUCCESS
PAY009980,C000809,2026-01-12,199,CARD,SUCCESS
PAY009981,C000537,2026-08-17,199,CARD,SUCCESS
PAY009982,C000573,2026-06-01,199,NET_BANKING,SUCCESS
PAY009983,C000980,2025-11-28,499,WALLET,SUCCESS
PAY009984,C000521,2026-09-06,299,WALLET,FAILED
PAY009985,C000447,2026-06-26,999,NET_BANKING,FAILED
PAY009986,C000981,2026-07-28,999,CARD,FAILED
PAY009987,C000912,2026-02-04,999,CARD,SUCCESS
PAY009988,C000110,2026-08-27,599,CARD,SUCCESS
PAY009989,C000221,2026-05-18,199,NET_BANKING,SUCCESS
PAY009990,C000506,2026-01-17,299,WALLET,PENDING
PAY009991,C000473,2026-06-10,599,NET_BANKING,SUCCESS
PAY009992,C000558,2026-09-07,799,CARD,PENDING
PAY009993,C000860,2025-12-11,299,NET_BANKING,SUCCESS
PAY009994,C000031,2026-04-16,599,NET_BANKING,SUCCESS
PAY009995,C000742,2026-01-14,399,WALLET,REFUNDED
PAY009996,C000053,2026-05-23,1499,NET_BANKING,SUCCESS
PAY009997,C000369,2026-02-16,199,NET_BANKING,SUCCESS
PAY009998,C000082,2026-07-31,499,NET_BANKING,FAILED
PAY009999,C000713,2026-05-25,499,WALLET,FAILED
PAY010000,C000779,2026-03-06,399,CARD,SUCCESS
PAY010001,C000383,2025-12-04,599,NET_BANKING,SUCCESS
PAY010002,C000755,2026-02-10,599,UPI,SUCCESS
PAY010003,C000730,2025-10-22,499,CARD,SUCCESS
PAY010004,C000533,2025-12-17,1499,NET_BANKING,PENDING
PAY010005,C000805,2025-11-16,199,CARD,SUCCESS
PAY010006,C000102,2026-05-28,1499,UPI,SUCCESS
PAY010007,C000932,2026-01-23,199,CARD,SUCCESS
PAY010008,C000674,2026-01-02,199,CARD,PENDING
PAY010009,C000411,2026-04-09,399,UPI,SUCCESS
PAY010010,C000843,2026-02-02,199,UPI,FAILED
PAY010011,C000094,2026-03-28,499,WALLET,SUCCESS
PAY010012,C000435,2026-08-27,1499,NET_BANKING,FAILED
PAY010013,C000406,2026-04-26,599,UPI,SUCCESS
PAY010014,C000506,2026-08-07,999,UPI,PENDING
PAY010015,C000970,2026-07-09,299,NET_BANKING,SUCCESS
PAY010016,C000160,2026-01-31,1499,NET_BANKING,PENDING
PAY010017,C000283,2026-08-18,799,CARD,SUCCESS
PAY010018,C000319,2026-02-25,199,CARD,SUCCESS
PAY010019,C000536,2026-02-27,299,WALLET,PENDING
PAY010020,C000525,2026-07-24,199,UPI,SUCCESS
PAY010021,C000973,2025-10-24,999,NET_BANKING,FAILED
PAY010022,C000664,2025-09-25,299,WALLET,SUCCESS
PAY010023,C000737,2026-02-06,1499,WALLET,SUCCESS
PAY010024,C000452,2026-01-11,299,NET_BANKING,SUCCESS
PAY010025,C000389,2026-07-23,1499,WALLET,FAILED
PAY010026,C000216,2026-04-19,499,NET_BANKING,SUCCESS
PAY010027,C000381,2026-08-31,999,CARD,FAILED
PAY010028,C000713,2025-11-12,1499,WALLET,SUCCESS
PAY010029,C000952,2026-09-15,399,NET_BANKING,SUCCESS
PAY010030,C000611,2026-05-23,399,UPI,REFUNDED
PAY010031,C000277,2026-07-01,599,UPI,FAILED
PAY010032,C000742,2026-07-12,299,UPI,SUCCESS
PAY010033,C000786,2026-01-20,999,UPI,FAILED
PAY010034,C000374,2025-11-18,999,UPI,SUCCESS
PAY010035,C000502,2026-02-07,799,NET_BANKING,SUCCESS
PAY010036,C000390,2026-07-05,299,CARD,SUCCESS
PAY010037,C000759,2026-08-23,499,UPI,SUCCESS
PAY010038,C000443,2025-11-23,799,UPI,PENDING
PAY010039,C000489,2025-11-07,799,WALLET,REFUNDED
PAY010040,C000125,2026-06-20,1499,NET_BANKING,SUCCESS
PAY010041,C000695,2025-09-29,999,CARD,FAILED
PAY010042,C000088,2026-09-07,199,UPI,FAILED
PAY010043,C000851,2026-06-19,599,UPI,FAILED
PAY010044,C000788,2025-10-12,799,CARD,SUCCESS
PAY010045,C000709,2025-11-07,199,WALLET,FAILED
PAY010046,C000680,2026-06-03,999,CARD,SUCCESS
PAY010047,C000760,2025-10-16,199,NET_BANKING,SUCCESS
PAY010048,C000242,2026-08-12,799,CARD,SUCCESS
PAY010049,C000775,2025-11-29,599,WALLET,SUCCESS
PAY010050,C000066,2026-07-12,199,WALLET,FAILED
PAY010051,C000654,2026-07-29,299,NET_BANKING,SUCCESS
PAY010052,C000524,2025-12-10,399,UPI,FAILED
PAY010053,C000766,2026-09-17,199,UPI,PENDING
PAY010054,C000264,2025-10-07,399,UPI,SUCCESS
PAY010055,C000149,2026-08-04,1499,NET_BANKING,SUCCESS
PAY010056,C000436,2026-06-26,799,NET_BANKING,SUCCESS
PAY010057,C000912,2026-05-29,199,WALLET,SUCCESS
PAY010058,C000806,2025-10-24,999,NET_BANKING,SUCCESS
PAY010059,C000791,2026-05-01,599,UPI,SUCCESS
PAY010060,C000167,2026-03-05,1499,CARD,SUCCESS
PAY010061,C000476,2026-05-25,299,NET_BANKING,SUCCESS
PAY010062,C000543,2026-06-09,299,WALLET,SUCCESS
PAY010063,C000967,2026-06-01,1499,CARD,SUCCESS
PAY010064,C000947,2026-01-06,299,CARD,SUCCESS
PAY010065,C000481,2025-11-10,999,UPI,SUCCESS
PAY010066,C000100,2025-10-28,999,NET_BANKING,FAILED
PAY010067,C000781,2025-10-25,599,WALLET,FAILED
PAY010068,C000176,2026-04-20,1499,WALLET,SUCCESS
PAY010069,C000547,2026-03-03,1499,WALLET,REFUNDED
PAY010070,C000077,2026-05-04,799,WALLET,SUCCESS
PAY010071,C000192,2026-08-25,199,WALLET,SUCCESS
PAY010072,C000764,2026-05-06,599,WALLET,SUCCESS
PAY010073,C000357,2026-02-22,399,CARD,SUCCESS
PAY010074,C000428,2026-04-07,1499,WALLET,REFUNDED
PAY010075,C000588,2025-11-13,799,UPI,SUCCESS
PAY010076,C000708,2025-11-30,399,WALLET,SUCCESS
PAY010077,C000369,2025-11-09,999,WALLET,SUCCESS
PAY010078,C000128,2025-12-05,999,WALLET,REFUNDED
PAY010079,C000688,2026-02-04,1499,WALLET,PENDING
PAY010080,C000536,2025-10-16,999,UPI,SUCCESS
PAY010081,C000572,2026-02-07,799,CARD,SUCCESS
PAY010082,C000045,2025-10-07,799,UPI,SUCCESS
PAY010083,C000054,2026-06-15,399,CARD,SUCCESS
PAY010084,C000336,2026-07-07,199,CARD,SUCCESS
PAY010085,C000351,2025-12-21,299,WALLET,FAILED
PAY010086,C000947,2026-04-23,299,CARD,REFUNDED
PAY010087,C000303,2026-07-30,999,CARD,SUCCESS
PAY010088,C000661,2025-10-07,799,WALLET,SUCCESS
PAY010089,C000893,2026-04-20,199,NET_BANKING,SUCCESS
PAY010090,C000331,2026-07-14,399,WALLET,REFUNDED
PAY010091,C000886,2026-02-12,1499,NET_BANKING,SUCCESS
PAY010092,C000771,2025-12-20,799,WALLET,SUCCESS
PAY010093,C000044,2026-05-14,499,CARD,SUCCESS
PAY010094,C000292,2026-03-27,299,UPI,SUCCESS
PAY010095,C000087,2026-01-23,299,NET_BANKING,SUCCESS
PAY010096,C000526,2026-05-09,299,CARD,REFUNDED
PAY010097,C000169,2025-10-09,199,CARD,PENDING
PAY010098,C000453,2026-01-03,599,WALLET,REFUNDED
PAY010099,C000172,2026-01-31,399,WALLET,REFUNDED
PAY010100,C000285,2025-10-25,1499,UPI,FAILED
PAY010101,C000992,2025-11-18,799,NET_BANKING,FAILED
PAY010102,C000335,2026-02-20,499,CARD,REFUNDED
PAY010103,C000580,2026-03-23,499,UPI,SUCCESS
PAY010104,C000298,2025-10-02,999,WALLET,SUCCESS
PAY010105,C000147,2026-06-24,399,CARD,SUCCESS
PAY010106,C000768,2026-01-13,299,CARD,PENDING
PAY010107,C000178,2026-02-21,499,CARD,SUCCESS
PAY010108,C000226,2026-04-01,799,CARD,SUCCESS
PAY010109,C000837,2026-03-13,1499,WALLET,SUCCESS
PAY010110,C000372,2026-01-18,199,WALLET,REFUNDED
PAY010111,C000756,2026-03-02,799,UPI,SUCCESS
PAY010112,C000655,2026-05-19,499,UPI,PENDING
PAY010113,C000530,2025-11-19,599,NET_BANKING,SUCCESS
PAY010114,C000773,2026-09-01,999,UPI,SUCCESS
PAY010115,C000718,2026-09-11,199,NET_BANKING,SUCCESS
PAY010116,C000464,2026-04-15,399,WALLET,PENDING
PAY010117,C000332,2025-11-02,799,WALLET,SUCCESS
PAY010118,C000361,2025-12-23,399,CARD,SUCCESS
PAY010119,C000697,2025-10-10,599,UPI,REFUNDED
PAY010120,C000646,2026-03-04,599,NET_BANKING,SUCCESS
PAY010121,C000470,2025-09-24,199,UPI,PENDING
PAY010122,C000466,2025-10-11,299,CARD,FAILED
PAY010123,C000231,2026-01-09,399,CARD,FAILED
PAY010124,C000730,2026-01-29,999,CARD,SUCCESS
PAY010125,C000572,2026-09-03,299,WALLET,SUCCESS
PAY010126,C000253,2026-02-16,999,UPI,PENDING
PAY010127,C000604,2025-11-09,599,UPI,SUCCESS
PAY010128,C000327,2026-01-30,399,CARD,FAILED
PAY010129,C000522,2026-01-13,1499,WALLET,SUCCESS
PAY010130,C000818,2025-11-20,399,NET_BANKING,SUCCESS
PAY010131,C000238,2025-12-22,299,WALLET,SUCCESS
PAY010132,C000656,2026-01-11,599,WALLET,SUCCESS
PAY010133,C000215,2025-10-16,199,CARD,SUCCESS
PAY010134,C000709,2026-02-09,1499,UPI,FAILED
PAY010135,C000076,2026-08-03,299,WALLET,SUCCESS
PAY010136,C000970,2026-02-09,599,CARD,SUCCESS
PAY010137,C000250,2026-06-30,199,UPI,PENDING
PAY010138,C000205,2026-08-25,499,WALLET,SUCCESS
PAY010139,C000399,2026-07-14,799,WALLET,PENDING
PAY010140,C000724,2026-03-20,499,NET_BANKING,PENDING
PAY010141,C000058,2026-09-04,499,UPI,SUCCESS
PAY010142,C000669,2026-07-29,999,WALLET,SUCCESS
PAY010143,C000634,2026-08-09,299,WALLET,SUCCESS
PAY010144,C000567,2026-04-12,299,CARD,SUCCESS
PAY010145,C000449,2026-08-21,199,CARD,PENDING
PAY010146,C000956,2026-07-17,999,NET_BANKING,PENDING
PAY010147,C000826,2025-11-25,599,CARD,REFUNDED
PAY010148,C000237,2026-05-22,199,CARD,SUCCESS
PAY010149,C000873,2026-08-04,1499,NET_BANKING,REFUNDED
PAY010150,C000258,2026-05-04,799,CARD,PENDING
PAY010151,C000299,2026-08-29,299,UPI,SUCCESS
PAY010152,C000746,2025-10-07,799,NET_BANKING,SUCCESS
PAY010153,C000386,2026-02-24,799,WALLET,REFUNDED
PAY010154,C000583,2026-05-07,299,UPI,FAILED
PAY010155,C000764,2025-11-14,799,NET_BANKING,FAILED
PAY010156,C000249,2026-02-26,1499,NET_BANKING,SUCCESS
PAY010157,C000260,2026-02-06,999,CARD,SUCCESS
PAY010158,C000399,2025-12-15,799,NET_BANKING,PENDING
PAY010159,C000421,2025-10-05,199,NET_BANKING,REFUNDED
PAY010160,C000109,2025-11-11,299,WALLET,REFUNDED
PAY010161,C000225,2026-06-03,499,UPI,FAILED
PAY010162,C000347,2026-07-21,1499,NET_BANKING,SUCCESS
PAY010163,C000179,2026-05-01,599,NET_BANKING,FAILED
PAY010164,C000370,2025-11-24,599,NET_BANKING,SUCCESS
PAY010165,C000929,2026-02-22,299,CARD,SUCCESS
PAY010166,C000539,2026-01-03,599,NET_BANKING,SUCCESS
PAY010167,C000396,2026-02-08,199,WALLET,REFUNDED
PAY010168,C000659,2026-05-29,799,WALLET,SUCCESS
PAY010169,C000626,2026-04-11,999,CARD,SUCCESS
PAY010170,C000478,2025-10-10,799,WALLET,REFUNDED
PAY010171,C000442,2026-09-20,999,WALLET,PENDING
PAY010172,C000512,2026-02-16,799,UPI,SUCCESS
PAY010173,C000791,2026-04-22,399,WALLET,PENDING
PAY010174,C000203,2026-06-17,799,NET_BANKING,SUCCESS
PAY010175,C000615,2026-08-19,1499,UPI,SUCCESS
PAY010176,C000288,2026-06-03,199,CARD,PENDING
PAY010177,C000212,2026-09-03,599,WALLET,REFUNDED
PAY010178,C000635,2026-08-26,599,UPI,SUCCESS
PAY010179,C000836,2026-05-13,199,CARD,PENDING
PAY010180,C000197,2026-04-02,199,WALLET,PENDING
PAY010181,C000202,2026-05-11,1499,WALLET,SUCCESS
PAY010182,C000343,2026-03-18,199,UPI,PENDING
PAY010183,C000534,2026-02-28,299,NET_BANKING,SUCCESS
PAY010184,C000704,2026-03-28,999,WALLET,SUCCESS
PAY010185,C000042,2025-09-28,799,NET_BANKING,SUCCESS
PAY010186,C000888,2025-10-26,999,WALLET,SUCCESS
PAY010187,C000931,2026-02-17,499,WALLET,PENDING
PAY010188,C000035,2025-12-24,1499,UPI,PENDING
PAY010189,C000580,2026-06-01,199,NET_BANKING,SUCCESS
PAY010190,C000316,2026-01-08,199,NET_BANKING,PENDING
PAY010191,C000362,2026-05-05,799,WALLET,SUCCESS
PAY010192,C000964,2026-09-14,1499,WALLET,SUCCESS
PAY010193,C000508,2026-08-13,299,UPI,FAILED
PAY010194,C000191,2026-06-26,199,NET_BANKING,SUCCESS
PAY010195,C000443,2025-11-10,1499,UPI,SUCCESS
PAY010196,C000713,2025-10-19,299,NET_BANKING,REFUNDED
PAY010197,C000391,2026-04-27,199,CARD,SUCCESS
PAY010198,C000310,2025-10-20,199,WALLET,REFUNDED
PAY010199,C000870,2026-08-04,499,UPI,PENDING
PAY010200,C000360,2025-11-18,1499,UPI,SUCCESS
PAY010201,C000398,2025-11-01,1499,UPI,SUCCESS
PAY010202,C000358,2026-09-16,599,UPI,SUCCESS
PAY010203,C000220,2026-01-23,199,WALLET,SUCCESS
PAY010204,C000616,2025-12-18,1499,NET_BANKING,FAILED
PAY010205,C000489,2026-08-21,599,CARD,SUCCESS
PAY010206,C000519,2025-10-21,1499,NET_BANKING,REFUNDED
PAY010207,C000389,2026-01-01,299,NET_BANKING,SUCCESS
PAY010208,C000696,2025-11-23,999,CARD,SUCCESS
PAY010209,C000178,2026-06-09,799,CARD,REFUNDED
PAY010210,C000302,2025-12-09,999,WALLET,SUCCESS
PAY010211,C000666,2026-02-26,599,CARD,SUCCESS
PAY010212,C000285,2025-09-23,299,WALLET,SUCCESS
PAY010213,C000026,2026-04-18,599,NET_BANKING,PENDING
PAY010214,C000942,2026-02-17,199,WALLET,SUCCESS
PAY010215,C000570,2025-10-11,299,CARD,SUCCESS
PAY010216,C000802,2026-02-13,199,CARD,SUCCESS
PAY010217,C000179,2025-10-13,599,WALLET,REFUNDED
PAY010218,C000449,2026-01-29,299,CARD,SUCCESS
PAY010219,C000765,2026-04-22,399,WALLET,PENDING
PAY010220,C000471,2026-07-27,399,NET_BANKING,SUCCESS
PAY010221,C000322,2026-06-10,499,WALLET,SUCCESS
PAY010222,C000520,2026-01-23,599,NET_BANKING,REFUNDED
PAY010223,C000399,2025-11-19,1499,CARD,REFUNDED
PAY010224,C000577,2026-09-07,499,CARD,SUCCESS
PAY010225,C000047,2026-05-18,299,UPI,SUCCESS
PAY010226,C000115,2026-03-10,999,UPI,FAILED
PAY010227,C000426,2026-05-20,399,NET_BANKING,PENDING
PAY010228,C000558,2026-08-08,799,WALLET,REFUNDED
PAY010229,C000484,2026-05-23,299,WALLET,FAILED
PAY010230,C000453,2025-10-31,599,NET_BANKING,SUCCESS
PAY010231,C000862,2026-03-14,299,UPI,SUCCESS
PAY010232,C000470,2025-10-02,199,WALLET,SUCCESS
PAY010233,C000368,2026-02-11,1499,UPI,SUCCESS
PAY010234,C000718,2026-04-26,1499,CARD,SUCCESS
PAY010235,C000432,2025-11-18,199,UPI,SUCCESS
PAY010236,C000269,2026-08-08,599,UPI,REFUNDED
PAY010237,C000466,2026-06-03,399,WALLET,SUCCESS
PAY010238,C000469,2026-07-18,299,UPI,FAILED
PAY010239,C000590,2026-05-12,1499,UPI,REFUNDED
PAY010240,C000835,2025-12-29,499,NET_BANKING,SUCCESS
PAY010241,C000207,2026-03-29,599,UPI,SUCCESS
PAY010242,C000315,2026-09-20,199,UPI,SUCCESS
PAY010243,C000766,2026-07-27,399,NET_BANKING,FAILED
PAY010244,C000505,2026-04-24,399,UPI,SUCCESS
PAY010245,C000817,2026-05-10,599,WALLET,SUCCESS
PAY010246,C000657,2025-12-11,799,NET_BANKING,SUCCESS
PAY010247,C000534,2026-04-10,999,WALLET,SUCCESS
PAY010248,C000907,2026-09-01,399,WALLET,SUCCESS
PAY010249,C000054,2026-05-17,299,NET_BANKING,SUCCESS
PAY010250,C000583,2025-10-31,299,WALLET,FAILED
PAY010251,C000938,2026-01-13,399,NET_BANKING,PENDING
PAY010252,C000006,2025-10-08,999,UPI,REFUNDED
PAY010253,C000073,2026-01-02,999,CARD,SUCCESS
PAY010254,C000668,2026-05-04,1499,WALLET,PENDING
PAY010255,C000646,2026-09-15,299,WALLET,PENDING
PAY010256,C000444,2025-12-26,599,WALLET,REFUNDED
PAY010257,C000415,2026-08-04,499,CARD,SUCCESS
PAY010258,C000025,2026-04-28,599,UPI,FAILED
PAY010259,C000033,2025-11-09,399,UPI,FAILED
PAY010260,C000453,2026-02-26,399,NET_BANKING,PENDING
PAY010261,C000706,2026-04-15,999,CARD,FAILED
PAY010262,C000504,2026-05-31,199,CARD,REFUNDED
PAY010263,C000456,2026-09-18,499,WALLET,FAILED
PAY010264,C000812,2026-02-21,1499,NET_BANKING,SUCCESS
PAY010265,C000820,2026-02-21,499,CARD,SUCCESS
PAY010266,C000919,2026-05-15,199,NET_BANKING,FAILED
PAY010267,C000776,2026-01-30,299,UPI,REFUNDED
PAY010268,C000935,2026-09-20,199,UPI,REFUNDED
PAY010269,C000766,2026-04-17,499,UPI,SUCCESS
PAY010270,C000373,2026-09-22,799,UPI,SUCCESS
PAY010271,C000058,2026-04-28,399,CARD,SUCCESS
PAY010272,C000326,2026-09-11,399,UPI,SUCCESS
PAY010273,C000935,2025-11-09,399,WALLET,REFUNDED
PAY010274,C000520,2026-02-01,499,WALLET,SUCCESS
PAY010275,C000027,2025-10-16,799,NET_BANKING,SUCCESS
PAY010276,C000811,2025-11-28,599,NET_BANKING,SUCCESS
PAY010277,C000831,2025-12-11,999,UPI,REFUNDED
PAY010278,C000339,2026-04-12,399,NET_BANKING,SUCCESS
PAY010279,C000832,2025-12-10,599,UPI,FAILED
PAY010280,C000750,2026-03-30,499,UPI,PENDING
PAY010281,C000557,2026-04-12,1499,CARD,SUCCESS
PAY010282,C000532,2025-11-06,499,UPI,PENDING
PAY010283,C000875,2026-06-05,599,NET_BANKING,SUCCESS
PAY010284,C000714,2025-12-21,999,WALLET,FAILED
PAY010285,C000392,2025-10-17,399,NET_BANKING,SUCCESS
PAY010286,C000470,2026-09-07,1499,CARD,SUCCESS
PAY010287,C000135,2026-08-09,299,NET_BANKING,SUCCESS
PAY010288,C000075,2025-10-13,999,CARD,SUCCESS
PAY010289,C000766,2025-12-26,599,WALLET,SUCCESS
PAY010290,C000258,2026-04-04,299,UPI,REFUNDED
PAY010291,C000031,2025-11-28,499,CARD,REFUNDED
PAY010292,C000516,2026-04-24,199,CARD,SUCCESS
PAY010293,C000758,2026-06-16,399,CARD,REFUNDED
PAY010294,C000234,2026-04-16,199,CARD,SUCCESS
PAY010295,C000946,2025-12-30,499,WALLET,SUCCESS
PAY010296,C000202,2025-10-25,799,WALLET,SUCCESS
PAY010297,C000169,2026-03-07,999,UPI,FAILED
PAY010298,C000109,2026-03-12,299,UPI,SUCCESS
PAY010299,C000603,2026-07-12,399,CARD,FAILED
PAY010300,C000247,2026-05-01,499,CARD,FAILED
PAY010301,C000281,2025-12-05,499,NET_BANKING,SUCCESS
PAY010302,C000118,2026-08-31,199,WALLET,SUCCESS
PAY010303,C000167,2025-10-26,1499,UPI,PENDING
PAY010304,C000321,2026-05-14,199,NET_BANKING,PENDING
PAY010305,C000546,2026-09-03,299,UPI,SUCCESS
PAY010306,C000937,2025-10-18,299,WALLET,FAILED
PAY010307,C000087,2025-11-27,199,UPI,SUCCESS
PAY010308,C000931,2025-10-26,399,NET_BANKING,SUCCESS
PAY010309,C000186,2026-03-29,999,NET_BANKING,REFUNDED
PAY010310,C000185,2026-08-13,299,CARD,SUCCESS
PAY010311,C000098,2026-02-13,1499,WALLET,PENDING
PAY010312,C000951,2026-01-17,499,UPI,REFUNDED
PAY010313,C000188,2026-09-14,299,WALLET,SUCCESS
PAY010314,C000414,2026-08-16,299,WALLET,SUCCESS
PAY010315,C000777,2026-01-14,399,CARD,SUCCESS
PAY010316,C000418,2025-12-10,399,UPI,SUCCESS
PAY010317,C000106,2026-08-02,1499,NET_BANKING,SUCCESS
PAY010318,C000166,2026-03-08,199,NET_BANKING,SUCCESS
PAY010319,C000302,2026-05-10,199,WALLET,REFUNDED
PAY010320,C000903,2026-02-08,299,NET_BANKING,PENDING
PAY010321,C000967,2026-08-16,799,NET_BANKING,FAILED
PAY010322,C000388,2025-11-11,1499,CARD,PENDING
PAY010323,C000237,2026-02-19,799,NET_BANKING,SUCCESS
PAY010324,C000088,2026-06-30,1499,WALLET,REFUNDED
PAY010325,C000527,2026-08-22,799,UPI,REFUNDED
PAY010326,C000226,2026-04-17,599,WALLET,SUCCESS
PAY010327,C000776,2026-07-19,1499,UPI,FAILED
PAY010328,C000663,2026-09-02,799,WALLET,REFUNDED
PAY010329,C000583,2025-12-19,199,UPI,FAILED
PAY010330,C000204,2026-03-12,599,WALLET,SUCCESS
PAY010331,C000475,2025-11-21,999,CARD,SUCCESS
PAY010332,C000078,2026-05-11,199,NET_BANKING,REFUNDED
PAY010333,C000375,2026-06-28,299,CARD,PENDING
PAY010334,C000814,2026-09-18,199,CARD,SUCCESS
PAY010335,C000554,2025-09-28,599,CARD,FAILED
PAY010336,C000736,2026-01-15,499,UPI,SUCCESS
PAY010337,C000525,2025-10-29,399,CARD,SUCCESS
PAY010338,C000497,2025-12-01,1499,CARD,REFUNDED
PAY010339,C000177,2025-11-29,399,WALLET,PENDING
PAY010340,C000180,2026-04-24,399,NET_BANKING,SUCCESS
PAY010341,C000586,2025-10-30,299,NET_BANKING,PENDING
PAY010342,C000894,2026-01-10,199,CARD,FAILED
PAY010343,C000497,2026-06-30,499,UPI,FAILED
PAY010344,C000561,2026-06-02,299,CARD,PENDING
PAY010345,C000327,2025-11-03,599,NET_BANKING,PENDING
PAY010346,C000481,2026-08-29,999,WALLET,PENDING
PAY010347,C000047,2025-09-24,299,WALLET,REFUNDED
PAY010348,C000702,2026-08-27,199,WALLET,FAILED
PAY010349,C000391,2025-10-09,199,UPI,REFUNDED
PAY010350,C000694,2025-10-09,399,UPI,SUCCESS
PAY010351,C000132,2025-11-25,799,CARD,SUCCESS
PAY010352,C000420,2025-11-25,199,WALLET,FAILED
PAY010353,C000454,2025-10-30,399,WALLET,SUCCESS
PAY010354,C000821,2026-02-09,499,CARD,FAILED
PAY010355,C000094,2026-05-17,399,WALLET,SUCCESS
PAY010356,C000918,2026-05-11,499,UPI,REFUNDED
PAY010357,C000177,2026-03-26,799,WALLET,FAILED
PAY010358,C000062,2025-11-12,599,UPI,SUCCESS
PAY010359,C000323,2026-04-16,199,NET_BANKING,SUCCESS
PAY010360,C000608,2025-09-25,999,WALLET,PENDING
PAY010361,C000427,2025-11-25,399,CARD,PENDING
PAY010362,C000201,2025-10-18,1499,NET_BANKING,REFUNDED
PAY010363,C000882,2025-12-02,599,CARD,FAILED
PAY010364,C000492,2026-01-31,299,NET_BANKING,FAILED
PAY010365,C000386,2025-12-09,1499,UPI,SUCCESS
PAY010366,C000145,2026-02-04,399,WALLET,SUCCESS
PAY010367,C000348,2026-01-02,199,NET_BANKING,FAILED
PAY010368,C000707,2026-04-13,1499,NET_BANKING,SUCCESS
PAY010369,C000542,2026-07-06,199,CARD,PENDING
PAY010370,C000366,2026-01-08,1499,NET_BANKING,SUCCESS
PAY010371,C000295,2025-12-25,199,WALLET,SUCCESS
PAY010372,C000943,2025-11-24,299,UPI,SUCCESS
PAY010373,C000939,2026-06-06,399,NET_BANKING,SUCCESS
PAY010374,C000110,2025-11-28,399,NET_BANKING,SUCCESS
PAY010375,C000708,2025-12-30,199,CARD,PENDING
PAY010376,C000785,2026-08-07,999,UPI,SUCCESS
PAY010377,C000326,2026-01-27,299,CARD,REFUNDED
PAY010378,C000314,2026-01-04,199,CARD,SUCCESS
PAY010379,C000574,2026-03-01,499,NET_BANKING,FAILED
PAY010380,C000013,2026-04-30,399,CARD,SUCCESS
PAY010381,C000906,2026-02-17,199,CARD,REFUNDED
PAY010382,C000478,2026-06-10,799,WALLET,SUCCESS
PAY010383,C000372,2026-04-18,599,WALLET,PENDING
PAY010384,C000668,2025-10-12,299,UPI,SUCCESS
PAY010385,C000977,2026-06-30,1499,WALLET,SUCCESS
PAY010386,C000526,2026-05-19,799,WALLET,SUCCESS
PAY010387,C000344,2025-12-28,799,WALLET,SUCCESS
PAY010388,C000153,2026-03-17,799,WALLET,SUCCESS
PAY010389,C000012,2026-08-05,499,WALLET,SUCCESS
PAY010390,C000483,2026-06-02,399,NET_BANKING,SUCCESS
PAY010391,C000754,2026-06-01,299,CARD,REFUNDED
PAY010392,C000987,2025-09-28,299,UPI,FAILED
PAY010393,C000909,2025-12-20,799,WALLET,SUCCESS
PAY010394,C000918,2026-01-06,199,WALLET,SUCCESS
PAY010395,C000677,2025-12-12,1499,CARD,FAILED
PAY010396,C000274,2026-06-08,399,WALLET,SUCCESS
PAY010397,C000576,2025-09-29,399,WALLET,REFUNDED
PAY010398,C000170,2026-06-28,299,CARD,REFUNDED
PAY010399,C000795,2026-04-14,299,UPI,SUCCESS
PAY010400,C000363,2026-05-19,799,WALLET,SUCCESS
PAY010401,C000273,2026-05-09,799,WALLET,PENDING
PAY010402,C000614,2026-01-01,599,UPI,SUCCESS
PAY010403,C000206,2025-11-15,199,WALLET,FAILED
PAY010404,C000601,2025-10-21,199,NET_BANKING,FAILED
PAY010405,C000538,2026-09-03,399,UPI,SUCCESS
PAY010406,C000904,2026-03-30,599,WALLET,SUCCESS
PAY010407,C000149,2026-07-17,1499,NET_BANKING,FAILED
PAY010408,C000925,2025-10-27,499,NET_BANKING,SUCCESS
PAY010409,C000491,2026-05-25,1499,NET_BANKING,SUCCESS
PAY010410,C000566,2026-01-11,599,UPI,PENDING
PAY010411,C000602,2026-06-01,399,CARD,SUCCESS
PAY010412,C000812,2026-09-08,299,NET_BANKING,SUCCESS
PAY010413,C000409,2026-06-26,599,WALLET,REFUNDED
PAY010414,C000499,2025-10-05,999,NET_BANKING,SUCCESS
PAY010415,C000481,2026-05-18,399,WALLET,REFUNDED
PAY010416,C000675,2026-06-28,1499,CARD,SUCCESS
PAY010417,C000193,2025-11-29,199,WALLET,SUCCESS
PAY010418,C000605,2026-04-17,299,UPI,SUCCESS
PAY010419,C000214,2026-09-18,399,CARD,SUCCESS
PAY010420,C000801,2026-04-12,799,NET_BANKING,PENDING
PAY010421,C000230,2026-09-21,599,NET_BANKING,SUCCESS
PAY010422,C000867,2026-06-19,799,WALLET,PENDING
PAY010423,C000963,2026-02-15,1499,CARD,REFUNDED
PAY010424,C000571,2026-05-22,999,UPI,SUCCESS
PAY010425,C000060,2026-07-23,999,WALLET,SUCCESS
PAY010426,C000209,2025-12-24,1499,WALLET,SUCCESS
PAY010427,C000672,2025-11-26,799,CARD,SUCCESS
PAY010428,C000162,2025-12-12,499,WALLET,SUCCESS
PAY010429,C000221,2026-06-09,1499,NET_BANKING,SUCCESS
PAY010430,C000890,2025-09-26,599,WALLET,SUCCESS
PAY010431,C000644,2025-10-11,399,UPI,SUCCESS
PAY010432,C000691,2026-08-07,499,NET_BANKING,SUCCESS
PAY010433,C000363,2026-02-17,999,CARD,SUCCESS
PAY010434,C000367,2025-10-19,499,WALLET,FAILED
PAY010435,C000300,2026-02-06,999,NET_BANKING,SUCCESS
PAY010436,C000418,2026-06-05,499,CARD,SUCCESS
PAY010437,C000050,2026-08-11,799,WALLET,SUCCESS
PAY010438,C000427,2026-02-06,499,WALLET,SUCCESS
PAY010439,C000601,2026-01-28,1499,WALLET,FAILED
PAY010440,C000649,2026-04-17,999,NET_BANKING,FAILED
PAY010441,C000777,2026-03-02,199,NET_BANKING,PENDING
PAY010442,C000008,2025-11-08,1499,NET_BANKING,PENDING
PAY010443,C000358,2026-04-23,299,CARD,SUCCESS
PAY010444,C000737,2025-11-18,1499,UPI,REFUNDED
PAY010445,C000903,2026-06-21,599,NET_BANKING,SUCCESS
PAY010446,C000822,2026-05-09,999,UPI,SUCCESS
PAY010447,C000363,2025-09-29,199,WALLET,SUCCESS
PAY010448,C000038,2025-10-16,199,UPI,PENDING
PAY010449,C000537,2026-03-31,499,UPI,REFUNDED
PAY010450,C000242,2025-10-06,399,CARD,SUCCESS
PAY010451,C000906,2026-08-19,299,UPI,FAILED
PAY010452,C000817,2025-11-15,999,WALLET,SUCCESS
PAY010453,C000809,2025-10-31,499,WALLET,REFUNDED
PAY010454,C000544,2026-09-15,1499,CARD,SUCCESS
PAY010455,C000145,2026-08-11,399,UPI,FAILED
PAY010456,C000677,2025-12-19,199,UPI,REFUNDED
PAY010457,C000379,2026-04-10,399,WALLET,PENDING
PAY010458,C000393,2025-11-12,199,CARD,FAILED
PAY010459,C000743,2026-05-20,799,NET_BANKING,SUCCESS
PAY010460,C000468,2026-06-20,799,CARD,FAILED
PAY010461,C000588,2026-01-08,1499,CARD,SUCCESS
PAY010462,C000385,2026-04-13,999,CARD,SUCCESS
PAY010463,C000929,2026-09-21,199,UPI,SUCCESS
PAY010464,C000859,2025-10-03,199,WALLET,SUCCESS
PAY010465,C000193,2026-03-30,299,CARD,SUCCESS
PAY010466,C000584,2026-06-03,199,CARD,SUCCESS
PAY010467,C000185,2026-06-15,299,CARD,SUCCESS
PAY010468,C000551,2026-07-27,199,CARD,SUCCESS
PAY010469,C000853,2025-11-13,1499,WALLET,SUCCESS
PAY010470,C000924,2025-10-08,299,CARD,REFUNDED
PAY010471,C000275,2025-10-17,799,WALLET,SUCCESS
PAY010472,C000668,2026-06-24,399,CARD,SUCCESS
PAY010473,C000709,2026-09-16,799,WALLET,REFUNDED
PAY010474,C000126,2026-08-15,999,CARD,FAILED
PAY010475,C000482,2026-01-10,799,CARD,FAILED
PAY010476,C000204,2026-08-03,1499,WALLET,FAILED
PAY010477,C000226,2025-10-01,499,WALLET,SUCCESS
PAY010478,C000454,2026-01-13,199,NET_BANKING,FAILED
PAY010479,C000007,2026-06-25,299,WALLET,SUCCESS
PAY010480,C000850,2026-01-24,799,CARD,SUCCESS
PAY010481,C000666,2025-11-02,599,NET_BANKING,SUCCESS
PAY010482,C000118,2026-03-23,499,NET_BANKING,SUCCESS
PAY010483,C000005,2025-11-07,1499,UPI,SUCCESS
PAY010484,C000324,2025-10-28,199,CARD,PENDING
PAY010485,C000578,2026-01-05,599,UPI,FAILED
PAY010486,C000385,2026-03-18,499,NET_BANKING,PENDING
PAY010487,C000404,2026-05-22,199,UPI,PENDING
PAY010488,C000677,2026-04-10,599,NET_BANKING,SUCCESS
PAY010489,C000669,2026-07-30,399,CARD,PENDING
PAY010490,C000504,2026-05-28,199,WALLET,FAILED
PAY010491,C000519,2026-07-18,599,WALLET,PENDING
PAY010492,C000164,2026-01-12,999,CARD,SUCCESS
PAY010493,C000802,2026-02-05,499,WALLET,SUCCESS
PAY010494,C000512,2026-03-24,499,WALLET,SUCCESS
PAY010495,C000497,2026-01-07,799,NET_BANKING,SUCCESS
PAY010496,C000936,2026-07-13,1499,CARD,SUCCESS
PAY010497,C000352,2026-07-02,999,NET_BANKING,SUCCESS
PAY010498,C000212,2026-04-08,499,CARD,SUCCESS
PAY010499,C000341,2026-04-20,299,CARD,SUCCESS
PAY010500,C000357,2026-09-13,999,WALLET,FAILED
PAY010501,C000178,2025-12-25,599,NET_BANKING,FAILED
PAY010502,C000848,2025-12-17,1499,NET_BANKING,SUCCESS
PAY010503,C000056,2026-01-06,799,NET_BANKING,SUCCESS
PAY010504,C000309,2026-03-19,599,CARD,SUCCESS
PAY010505,C000202,2026-02-04,199,WALLET,PENDING
PAY010506,C000587,2025-11-12,399,WALLET,REFUNDED
PAY010507,C000256,2026-04-14,499,UPI,SUCCESS
PAY010508,C000656,2026-03-24,199,UPI,REFUNDED
PAY010509,C000203,2025-10-05,799,CARD,PENDING
PAY010510,C000404,2025-10-01,1499,CARD,SUCCESS
PAY010511,C000759,2026-06-06,1499,CARD,SUCCESS
PAY010512,C000805,2025-11-14,499,UPI,REFUNDED
PAY010513,C000914,2026-01-29,399,WALLET,REFUNDED
PAY010514,C000962,2025-10-16,1499,WALLET,SUCCESS
PAY010515,C000735,2026-01-29,1499,CARD,REFUNDED
PAY010516,C000219,2026-01-14,499,WALLET,REFUNDED
PAY010517,C000391,2026-09-21,599,UPI,FAILED
PAY010518,C000908,2026-03-28,999,CARD,REFUNDED
PAY010519,C000019,2025-10-28,299,WALLET,REFUNDED
PAY010520,C000405,2026-09-05,399,UPI,SUCCESS
PAY010521,C000405,2026-07-09,799,NET_BANKING,REFUNDED
PAY010522,C000558,2025-10-28,399,WALLET,SUCCESS
PAY010523,C000018,2026-02-15,199,WALLET,FAILED
PAY010524,C000677,2026-02-18,399,UPI,SUCCESS
PAY010525,C000198,2026-07-05,1499,WALLET,PENDING
PAY010526,C000102,2026-05-15,599,WALLET,SUCCESS
PAY010527,C000128,2026-04-28,199,UPI,SUCCESS
PAY010528,C000770,2025-09-25,399,UPI,SUCCESS
PAY010529,C000894,2026-01-13,399,CARD,PENDING
PAY010530,C000885,2026-05-19,799,CARD,SUCCESS
PAY010531,C000281,2026-03-30,299,UPI,SUCCESS
PAY010532,C000066,2026-06-03,399,CARD,SUCCESS
PAY010533,C000308,2025-12-27,1499,NET_BANKING,SUCCESS
PAY010534,C000303,2026-05-22,599,UPI,SUCCESS
PAY010535,C000315,2026-04-09,499,WALLET,FAILED
PAY010536,C000558,2025-12-24,399,CARD,SUCCESS
PAY010537,C000401,2025-12-27,999,WALLET,SUCCESS
PAY010538,C000526,2026-09-08,499,WALLET,SUCCESS
PAY010539,C000325,2026-03-12,299,CARD,PENDING
PAY010540,C000039,2026-06-28,299,WALLET,REFUNDED
PAY010541,C000092,2026-07-08,199,WALLET,SUCCESS
PAY010542,C000312,2026-07-01,199,WALLET,SUCCESS
PAY010543,C000558,2026-03-22,799,UPI,REFUNDED
PAY010544,C000632,2026-03-17,199,CARD,REFUNDED
PAY010545,C000708,2026-09-18,499,UPI,SUCCESS
PAY010546,C000808,2026-01-07,199,UPI,SUCCESS
PAY010547,C000171,2026-07-19,299,WALLET,REFUNDED
PAY010548,C000574,2026-08-27,199,WALLET,PENDING
PAY010549,C000456,2026-08-25,999,CARD,FAILED
PAY010550,C000193,2026-04-01,499,NET_BANKING,FAILED
PAY010551,C000107,2026-06-07,499,UPI,SUCCESS
PAY010552,C000367,2026-06-28,599,UPI,SUCCESS
PAY010553,C000842,2026-04-27,299,WALLET,SUCCESS
PAY010554,C000787,2026-07-15,299,UPI,SUCCESS
PAY010555,C000509,2026-07-13,599,WALLET,SUCCESS
PAY010556,C000233,2025-10-25,999,CARD,SUCCESS
PAY010557,C000116,2026-03-01,1499,WALLET,REFUNDED
PAY010558,C000098,2026-05-27,499,CARD,SUCCESS
PAY010559,C000955,2026-02-21,199,NET_BANKING,SUCCESS
PAY010560,C000166,2025-11-22,299,NET_BANKING,SUCCESS
PAY010561,C000933,2025-12-09,199,WALLET,SUCCESS
PAY010562,C000139,2026-04-21,799,UPI,SUCCESS
PAY010563,C000210,2026-03-01,499,UPI,SUCCESS
PAY010564,C000304,2026-08-02,999,NET_BANKING,SUCCESS
PAY010565,C000435,2026-03-19,199,UPI,SUCCESS
PAY010566,C000622,2026-01-31,599,WALLET,SUCCESS
PAY010567,C000085,2026-07-26,299,UPI,SUCCESS
PAY010568,C000049,2026-09-11,799,NET_BANKING,SUCCESS
PAY010569,C000737,2026-04-01,799,CARD,REFUNDED
PAY010570,C000036,2026-08-31,299,CARD,SUCCESS
PAY010571,C000876,2025-10-16,999,CARD,SUCCESS
PAY010572,C000624,2026-06-26,199,NET_BANKING,REFUNDED
PAY010573,C000618,2026-07-22,399,UPI,SUCCESS
PAY010574,C000732,2025-11-20,1499,CARD,PENDING
PAY010575,C000836,2025-11-27,1499,WALLET,SUCCESS
PAY010576,C000116,2026-02-21,1499,NET_BANKING,FAILED
PAY010577,C000478,2026-03-21,499,CARD,SUCCESS
PAY010578,C000505,2026-03-13,499,UPI,SUCCESS
PAY010579,C000411,2026-06-18,1499,NET_BANKING,REFUNDED
PAY010580,C000445,2026-06-22,599,NET_BANKING,PENDING
PAY010581,C000706,2025-11-18,799,CARD,SUCCESS
PAY010582,C000617,2026-05-02,199,CARD,FAILED
PAY010583,C000758,2025-11-10,399,CARD,FAILED
PAY010584,C000722,2026-08-18,399,NET_BANKING,SUCCESS
PAY010585,C000471,2026-09-15,1499,CARD,SUCCESS
PAY010586,C000731,2026-09-15,799,CARD,REFUNDED
PAY010587,C000901,2025-10-28,499,CARD,SUCCESS
PAY010588,C000136,2026-02-08,499,CARD,SUCCESS
PAY010589,C000750,2025-10-09,199,CARD,SUCCESS
PAY010590,C000315,2026-09-15,199,CARD,FAILED
PAY010591,C000958,2025-11-02,999,CARD,FAILED
PAY010592,C000063,2026-02-16,799,NET_BANKING,SUCCESS
PAY010593,C000906,2026-03-21,299,CARD,SUCCESS
PAY010594,C000412,2026-09-01,999,UPI,FAILED
PAY010595,C000506,2026-08-02,199,UPI,REFUNDED
PAY010596,C000609,2026-03-10,399,CARD,SUCCESS
PAY010597,C000695,2025-10-24,1499,CARD,SUCCESS
PAY010598,C000827,2026-09-02,799,UPI,SUCCESS
PAY010599,C000324,2026-01-07,799,UPI,REFUNDED
PAY010600,C000012,2026-03-19,999,CARD,SUCCESS
PAY010601,C000264,2026-01-03,499,UPI,FAILED
PAY010602,C000772,2026-04-04,1499,NET_BANKING,PENDING
PAY010603,C000753,2026-02-26,299,CARD,SUCCESS
PAY010604,C000409,2026-01-24,999,CARD,PENDING
PAY010605,C000649,2026-05-31,599,WALLET,SUCCESS
PAY010606,C000555,2026-06-12,299,CARD,SUCCESS
PAY010607,C000274,2026-04-21,999,NET_BANKING,SUCCESS
PAY010608,C000963,2026-04-29,399,WALLET,PENDING
PAY010609,C000253,2026-04-25,599,WALLET,PENDING
PAY010610,C000983,2026-08-20,599,NET_BANKING,FAILED
PAY010611,C000418,2026-03-09,599,CARD,REFUNDED
PAY010612,C000832,2025-12-07,399,UPI,SUCCESS
PAY010613,C000308,2026-06-08,599,WALLET,SUCCESS
PAY010614,C000671,2026-09-06,599,CARD,FAILED
PAY010615,C000639,2025-12-28,399,UPI,SUCCESS
PAY010616,C000095,2026-03-13,599,CARD,SUCCESS
PAY010617,C000915,2026-05-31,799,NET_BANKING,REFUNDED
PAY010618,C000398,2026-01-24,499,NET_BANKING,FAILED
PAY010619,C000222,2026-05-02,799,WALLET,SUCCESS
PAY010620,C000306,2026-07-05,599,NET_BANKING,SUCCESS
PAY010621,C000300,2026-03-19,599,UPI,SUCCESS
PAY010622,C000588,2026-06-05,1499,UPI,SUCCESS
PAY010623,C000072,2026-06-29,399,CARD,SUCCESS
PAY010624,C000176,2025-12-12,399,UPI,REFUNDED
PAY010625,C000598,2025-09-26,199,NET_BANKING,PENDING
PAY010626,C000710,2026-06-02,399,WALLET,REFUNDED
PAY010627,C000850,2026-09-19,299,CARD,SUCCESS
PAY010628,C000132,2026-06-04,199,UPI,SUCCESS
PAY010629,C000988,2026-06-29,999,WALLET,SUCCESS
PAY010630,C000425,2026-09-03,599,CARD,SUCCESS
PAY010631,C000065,2026-04-13,199,NET_BANKING,REFUNDED
PAY010632,C000305,2026-05-20,1499,WALLET,SUCCESS
PAY010633,C000398,2026-08-30,499,WALLET,SUCCESS
PAY010634,C000978,2026-04-23,599,CARD,PENDING
PAY010635,C000425,2026-04-15,399,CARD,PENDING
PAY010636,C000905,2026-09-22,999,NET_BANKING,SUCCESS
PAY010637,C000368,2026-04-04,299,WALLET,SUCCESS
PAY010638,C000839,2025-12-19,999,NET_BANKING,REFUNDED
PAY010639,C000142,2025-12-04,799,CARD,FAILED
PAY010640,C000742,2026-01-26,199,NET_BANKING,SUCCESS
PAY010641,C000070,2026-08-31,299,CARD,SUCCESS
PAY010642,C000923,2026-06-29,999,NET_BANKING,SUCCESS
PAY010643,C000374,2025-11-24,999,NET_BANKING,PENDING
PAY010644,C000079,2026-04-22,999,WALLET,SUCCESS
PAY010645,C000077,2026-02-13,599,UPI,PENDING
PAY010646,C000823,2026-01-10,799,NET_BANKING,PENDING
PAY010647,C000626,2026-07-16,999,WALLET,SUCCESS
PAY010648,C000067,2025-10-21,999,CARD,SUCCESS
PAY010649,C000620,2025-10-17,199,CARD,REFUNDED
PAY010650,C000451,2025-10-01,1499,CARD,FAILED
PAY010651,C000892,2026-02-14,799,NET_BANKING,REFUNDED
PAY010652,C000207,2026-07-19,399,WALLET,REFUNDED
PAY010653,C000025,2026-05-15,799,NET_BANKING,FAILED
PAY010654,C000851,2026-09-01,299,NET_BANKING,REFUNDED
PAY010655,C000127,2025-10-17,299,NET_BANKING,SUCCESS
PAY010656,C000403,2026-05-03,499,WALLET,PENDING
PAY010657,C000225,2025-10-27,499,NET_BANKING,PENDING
PAY010658,C000017,2026-08-09,299,CARD,SUCCESS
PAY010659,C000619,2025-11-11,999,WALLET,PENDING
PAY010660,C000127,2025-11-04,1499,NET_BANKING,PENDING
PAY010661,C000185,2026-07-07,499,NET_BANKING,SUCCESS
PAY010662,C000471,2026-06-13,299,NET_BANKING,PENDING
PAY010663,C000090,2026-05-19,299,UPI,REFUNDED
PAY010664,C000901,2025-12-06,199,WALLET,REFUNDED
PAY010665,C000075,2025-12-27,599,UPI,SUCCESS
PAY010666,C000444,2026-04-06,399,CARD,PENDING
PAY010667,C000073,2026-08-07,399,WALLET,SUCCESS
PAY010668,C000141,2025-11-12,999,NET_BANKING,SUCCESS
PAY010669,C000515,2026-06-14,999,UPI,SUCCESS
PAY010670,C000820,2026-06-22,1499,UPI,FAILED
PAY010671,C000661,2026-01-21,499,WALLET,PENDING
PAY010672,C000087,2025-11-29,599,WALLET,SUCCESS
PAY010673,C000779,2026-04-12,499,NET_BANKING,SUCCESS
PAY010674,C000481,2026-09-22,999,WALLET,SUCCESS
PAY010675,C000118,2026-01-25,999,UPI,SUCCESS
PAY010676,C000374,2026-08-12,799,UPI,PENDING
PAY010677,C000544,2026-09-06,399,WALLET,SUCCESS
PAY010678,C000108,2026-07-24,399,NET_BANKING,PENDING
PAY010679,C000010,2026-07-21,499,CARD,SUCCESS
PAY010680,C000919,2025-11-16,599,UPI,FAILED
PAY010681,C000209,2025-11-05,499,UPI,SUCCESS
PAY010682,C000279,2026-08-31,199,WALLET,SUCCESS
PAY010683,C000248,2026-06-01,599,WALLET,FAILED
PAY010684,C000772,2026-01-06,299,WALLET,PENDING
PAY010685,C000667,2026-08-09,499,CARD,SUCCESS
PAY010686,C000733,2025-12-04,999,UPI,REFUNDED
PAY010687,C000035,2025-12-04,999,NET_BANKING,SUCCESS
PAY010688,C000088,2026-04-29,299,WALLET,PENDING
PAY010689,C000656,2026-08-05,499,UPI,SUCCESS
PAY010690,C000315,2026-07-30,399,NET_BANKING,FAILED
PAY010691,C000438,2026-07-18,199,CARD,SUCCESS
PAY010692,C000725,2026-04-11,199,NET_BANKING,SUCCESS
PAY010693,C000995,2025-10-24,599,NET_BANKING,SUCCESS
PAY010694,C000171,2026-09-02,999,NET_BANKING,SUCCESS
PAY010695,C000172,2026-07-19,399,WALLET,SUCCESS
PAY010696,C000671,2026-03-26,299,CARD,SUCCESS
PAY010697,C000465,2025-11-12,499,CARD,SUCCESS
PAY010698,C000758,2026-03-26,299,CARD,REFUNDED
PAY010699,C000564,2026-01-10,999,NET_BANKING,SUCCESS
PAY010700,C000464,2026-07-06,799,NET_BANKING,SUCCESS
PAY010701,C000716,2026-09-07,499,CARD,REFUNDED
PAY010702,C000095,2026-07-26,999,WALLET,SUCCESS
PAY010703,C000272,2026-08-25,799,UPI,FAILED
PAY010704,C000498,2026-07-23,299,UPI,REFUNDED
PAY010705,C000420,2026-09-12,399,UPI,SUCCESS
PAY010706,C000163,2026-08-27,299,UPI,SUCCESS
PAY010707,C000309,2026-02-26,999,CARD,SUCCESS
PAY010708,C000976,2025-12-22,999,UPI,REFUNDED
PAY010709,C000639,2026-06-13,1499,NET_BANKING,SUCCESS
PAY010710,C000715,2026-01-26,999,CARD,FAILED
PAY010711,C000344,2025-11-19,999,NET_BANKING,SUCCESS
PAY010712,C000003,2026-01-02,1499,UPI,FAILED
PAY010713,C000314,2026-04-02,299,UPI,FAILED
PAY010714,C000057,2025-10-09,599,NET_BANKING,SUCCESS
PAY010715,C000311,2025-12-21,399,CARD,FAILED
PAY010716,C000408,2026-05-31,599,WALLET,SUCCESS
PAY010717,C000073,2025-10-25,399,UPI,PENDING
PAY010718,C000790,2025-12-08,499,UPI,REFUNDED
PAY010719,C000015,2026-09-07,599,UPI,SUCCESS
PAY010720,C000509,2026-02-13,1499,UPI,REFUNDED
PAY010721,C000323,2025-10-12,299,CARD,SUCCESS
PAY010722,C000653,2026-03-16,299,CARD,SUCCESS
PAY010723,C000252,2025-11-13,499,UPI,PENDING
PAY010724,C000051,2025-12-18,799,WALLET,SUCCESS
PAY010725,C000713,2026-07-01,199,NET_BANKING,FAILED
PAY010726,C000434,2026-06-02,399,CARD,PENDING
PAY010727,C000809,2025-10-19,299,NET_BANKING,FAILED
PAY010728,C000644,2026-02-23,1499,CARD,SUCCESS
PAY010729,C000695,2025-10-08,399,WALLET,SUCCESS
PAY010730,C000937,2026-02-09,299,CARD,SUCCESS
PAY010731,C000433,2026-01-26,499,CARD,SUCCESS
PAY010732,C000785,2026-01-19,299,WALLET,FAILED
PAY010733,C000507,2026-07-02,1499,UPI,SUCCESS
PAY010734,C000334,2026-05-28,299,CARD,REFUNDED
PAY010735,C000360,2026-01-15,799,CARD,SUCCESS
PAY010736,C000133,2025-11-30,399,CARD,SUCCESS
PAY010737,C000364,2025-11-19,599,NET_BANKING,SUCCESS
PAY010738,C000634,2026-07-27,799,CARD,FAILED
PAY010739,C000783,2025-10-14,1499,CARD,SUCCESS
PAY010740,C000131,2026-07-02,599,NET_BANKING,REFUNDED
PAY010741,C000363,2025-10-22,199,UPI,SUCCESS
PAY010742,C000948,2025-10-06,599,WALLET,SUCCESS
PAY010743,C000065,2026-05-19,499,NET_BANKING,SUCCESS
PAY010744,C000579,2026-08-10,299,CARD,SUCCESS
PAY010745,C000915,2026-01-21,799,NET_BANKING,SUCCESS
PAY010746,C000860,2026-09-08,599,CARD,SUCCESS
PAY010747,C000022,2026-08-27,1499,NET_BANKING,SUCCESS
PAY010748,C000296,2025-10-18,1499,CARD,FAILED
PAY010749,C000577,2025-12-21,499,NET_BANKING,FAILED
PAY010750,C000940,2026-02-23,999,WALLET,SUCCESS
PAY010751,C000233,2026-09-19,999,NET_BANKING,SUCCESS
PAY010752,C000933,2025-09-27,1499,NET_BANKING,REFUNDED
PAY010753,C000589,2026-03-14,299,WALLET,SUCCESS
PAY010754,C000508,2026-09-12,799,UPI,SUCCESS
PAY010755,C000191,2026-03-19,1499,UPI,PENDING
PAY010756,C000942,2026-05-30,1499,NET_BANKING,SUCCESS
PAY010757,C000731,2026-04-10,299,UPI,PENDING
PAY010758,C000590,2026-09-22,799,NET_BANKING,FAILED
PAY010759,C000305,2025-09-24,1499,WALLET,SUCCESS
PAY010760,C000086,2026-07-20,399,NET_BANKING,SUCCESS
PAY010761,C000409,2026-01-05,999,CARD,SUCCESS
PAY010762,C000921,2026-01-13,799,WALLET,PENDING
PAY010763,C000758,2026-01-15,799,WALLET,REFUNDED
PAY010764,C000602,2026-07-27,599,WALLET,SUCCESS
PAY010765,C000643,2025-12-07,399,WALLET,PENDING
PAY010766,C000412,2026-03-22,599,WALLET,FAILED
PAY010767,C000369,2026-02-13,299,CARD,SUCCESS
PAY010768,C000437,2026-05-09,999,UPI,SUCCESS
PAY010769,C000876,2026-05-07,399,CARD,SUCCESS
PAY010770,C000462,2025-12-06,1499,CARD,FAILED
PAY010771,C000601,2025-10-04,399,NET_BANKING,SUCCESS
PAY010772,C000140,2026-02-13,299,CARD,SUCCESS
PAY010773,C000365,2025-10-31,299,UPI,SUCCESS
PAY010774,C000604,2026-07-06,499,UPI,PENDING
PAY010775,C000944,2025-09-28,499,NET_BANKING,PENDING
PAY010776,C000404,2026-06-14,799,UPI,SUCCESS
PAY010777,C000347,2025-12-23,499,UPI,SUCCESS
PAY010778,C000105,2025-10-30,799,WALLET,SUCCESS
PAY010779,C000445,2026-02-24,799,NET_BANKING,PENDING
PAY010780,C000507,2026-02-18,499,CARD,SUCCESS
PAY010781,C000039,2026-03-29,299,WALLET,SUCCESS
PAY010782,C000061,2025-12-25,299,CARD,FAILED
PAY010783,C000105,2026-08-24,199,UPI,PENDING
PAY010784,C000969,2026-06-19,599,WALLET,SUCCESS
PAY010785,C000123,2026-05-21,299,WALLET,FAILED
PAY010786,C000652,2025-11-10,799,CARD,REFUNDED
PAY010787,C000040,2026-02-22,399,CARD,PENDING
PAY010788,C000825,2026-07-09,399,CARD,PENDING
PAY010789,C000133,2026-03-29,599,UPI,SUCCESS
PAY010790,C000748,2025-11-26,599,WALLET,SUCCESS
PAY010791,C000279,2026-01-21,999,CARD,PENDING
PAY010792,C000657,2025-10-04,499,CARD,FAILED
PAY010793,C000871,2026-05-04,499,WALLET,SUCCESS
PAY010794,C000162,2025-10-18,999,UPI,SUCCESS
PAY010795,C000283,2026-06-14,199,UPI,FAILED
PAY010796,C000293,2026-02-07,599,UPI,REFUNDED
PAY010797,C000861,2026-02-20,499,UPI,FAILED
PAY010798,C000887,2025-10-21,999,CARD,SUCCESS
PAY010799,C000267,2025-10-28,299,UPI,SUCCESS
PAY010800,C000683,2025-11-15,599,CARD,SUCCESS
PAY010801,C000086,2025-09-24,299,UPI,SUCCESS
PAY010802,C000292,2025-10-12,399,NET_BANKING,SUCCESS
PAY010803,C000664,2025-12-08,799,WALLET,SUCCESS
PAY010804,C000022,2025-11-02,799,UPI,SUCCESS
PAY010805,C000776,2026-06-15,1499,CARD,FAILED
PAY010806,C000986,2026-06-28,799,WALLET,SUCCESS
PAY010807,C000193,2026-06-30,999,UPI,SUCCESS
PAY010808,C000071,2026-03-18,799,WALLET,FAILED
PAY010809,C000386,2026-05-21,299,CARD,SUCCESS
PAY010810,C000171,2026-04-28,299,CARD,SUCCESS
PAY010811,C000492,2026-09-11,499,CARD,SUCCESS
PAY010812,C000620,2026-09-20,599,UPI,REFUNDED
PAY010813,C000064,2025-10-12,499,UPI,SUCCESS
PAY010814,C000524,2026-05-26,599,NET_BANKING,SUCCESS
PAY010815,C000854,2025-12-25,999,CARD,REFUNDED
PAY010816,C000804,2026-01-29,599,WALLET,SUCCESS
PAY010817,C000609,2026-06-25,299,CARD,SUCCESS
PAY010818,C000057,2026-07-29,499,CARD,SUCCESS
PAY010819,C000875,2025-11-12,799,CARD,SUCCESS
PAY010820,C000986,2026-06-03,199,CARD,SUCCESS
PAY010821,C000489,2026-06-30,999,UPI,REFUNDED
PAY010822,C000223,2025-11-07,199,CARD,SUCCESS
PAY010823,C000966,2026-03-05,999,CARD,SUCCESS
PAY010824,C000828,2026-02-18,399,NET_BANKING,SUCCESS
PAY010825,C000501,2026-03-28,299,UPI,SUCCESS
PAY010826,C000857,2026-08-08,499,NET_BANKING,SUCCESS
PAY010827,C000100,2026-07-13,199,WALLET,SUCCESS
PAY010828,C000447,2026-08-10,999,UPI,FAILED
PAY010829,C000059,2026-02-27,399,CARD,PENDING
PAY010830,C000703,2026-02-26,799,CARD,SUCCESS
PAY010831,C000820,2025-10-28,799,CARD,PENDING
PAY010832,C000913,2026-03-27,599,WALLET,REFUNDED
PAY010833,C000629,2026-04-24,1499,CARD,SUCCESS
PAY010834,C000337,2026-09-07,999,CARD,SUCCESS
PAY010835,C000574,2026-02-14,999,NET_BANKING,FAILED
PAY010836,C000658,2026-05-27,799,WALLET,SUCCESS
PAY010837,C000054,2026-03-13,399,WALLET,REFUNDED
PAY010838,C000846,2025-11-20,199,WALLET,REFUNDED
PAY010839,C000248,2026-05-16,299,CARD,PENDING
PAY010840,C000063,2026-05-28,499,NET_BANKING,FAILED
PAY010841,C000694,2025-11-20,799,WALLET,PENDING
PAY010842,C000483,2026-09-06,299,UPI,SUCCESS
PAY010843,C000734,2026-04-16,399,CARD,REFUNDED
PAY010844,C000180,2025-11-27,199,NET_BANKING,REFUNDED
PAY010845,C000839,2026-02-01,799,WALLET,SUCCESS
PAY010846,C000506,2025-12-13,999,CARD,PENDING
PAY010847,C000970,2026-08-16,299,WALLET,SUCCESS
PAY010848,C000467,2025-11-15,1499,UPI,SUCCESS
PAY010849,C000690,2026-05-22,799,WALLET,SUCCESS
PAY010850,C000944,2026-07-14,399,NET_BANKING,SUCCESS
PAY010851,C000275,2026-03-11,599,CARD,SUCCESS
PAY010852,C000105,2025-11-26,399,UPI,SUCCESS
PAY010853,C000066,2025-12-19,299,NET_BANKING,SUCCESS
PAY010854,C000140,2026-07-18,499,UPI,PENDING
PAY010855,C000045,2026-01-25,1499,CARD,SUCCESS
PAY010856,C000174,2025-12-28,499,WALLET,PENDING
PAY010857,C000882,2026-06-03,1499,WALLET,FAILED
PAY010858,C000412,2026-09-12,799,NET_BANKING,FAILED
PAY010859,C000945,2026-04-08,499,WALLET,PENDING
PAY010860,C000481,2026-07-15,399,NET_BANKING,SUCCESS
PAY010861,C000892,2025-10-07,1499,CARD,REFUNDED
PAY010862,C000274,2025-11-15,299,NET_BANKING,SUCCESS
PAY010863,C000157,2025-10-26,499,UPI,FAILED
PAY010864,C000715,2026-09-05,1499,UPI,PENDING
PAY010865,C000372,2026-08-16,1499,UPI,SUCCESS
PAY010866,C000484,2026-06-06,399,CARD,REFUNDED
PAY010867,C000831,2026-03-16,1499,CARD,SUCCESS
PAY010868,C000786,2026-05-12,799,WALLET,FAILED
PAY010869,C000654,2026-04-04,599,WALLET,SUCCESS
PAY010870,C000946,2026-06-18,599,CARD,SUCCESS
PAY010871,C000495,2026-06-03,1499,UPI,PENDING
PAY010872,C000039,2025-10-24,299,WALLET,SUCCESS
PAY010873,C000329,2025-10-26,299,NET_BANKING,SUCCESS
PAY010874,C000941,2026-08-01,499,WALLET,PENDING
PAY010875,C000733,2025-11-28,199,CARD,SUCCESS
PAY010876,C000528,2026-08-06,299,CARD,REFUNDED
PAY010877,C000556,2025-11-17,199,CARD,PENDING
PAY010878,C000216,2026-02-21,599,CARD,SUCCESS
PAY010879,C000699,2026-01-22,999,CARD,FAILED
PAY010880,C000881,2026-04-11,399,UPI,PENDING
PAY010881,C000589,2025-10-26,799,CARD,SUCCESS
PAY010882,C000261,2026-04-24,499,NET_BANKING,FAILED
PAY010883,C000918,2026-06-14,799,NET_BANKING,SUCCESS
PAY010884,C000377,2026-06-18,299,UPI,SUCCESS
PAY010885,C000011,2026-08-14,999,WALLET,SUCCESS
PAY010886,C000285,2025-11-30,199,CARD,REFUNDED
PAY010887,C000080,2026-06-27,499,UPI,FAILED
PAY010888,C000128,2026-05-19,199,WALLET,SUCCESS
PAY010889,C000607,2026-05-31,599,NET_BANKING,SUCCESS
PAY010890,C000664,2026-04-25,499,CARD,SUCCESS
PAY010891,C000653,2026-06-20,199,NET_BANKING,SUCCESS
PAY010892,C000285,2026-02-10,199,WALLET,FAILED
PAY010893,C000470,2026-07-04,499,CARD,SUCCESS
PAY010894,C000811,2025-11-19,199,NET_BANKING,FAILED
PAY010895,C000184,2026-08-25,199,WALLET,SUCCESS
PAY010896,C000910,2026-01-08,499,NET_BANKING,SUCCESS
PAY010897,C000847,2026-03-07,399,WALLET,REFUNDED
PAY010898,C000349,2026-01-02,599,NET_BANKING,SUCCESS
PAY010899,C000160,2026-01-09,999,WALLET,SUCCESS
PAY010900,C000859,2026-03-19,599,NET_BANKING,SUCCESS
PAY010901,C000126,2026-07-20,199,NET_BANKING,SUCCESS
PAY010902,C000838,2026-06-12,799,NET_BANKING,SUCCESS
PAY010903,C000192,2025-12-19,299,UPI,REFUNDED
PAY010904,C000128,2026-04-16,999,CARD,SUCCESS
PAY010905,C000448,2026-08-11,999,NET_BANKING,SUCCESS
PAY010906,C000290,2026-08-22,799,UPI,SUCCESS
PAY010907,C000134,2026-06-17,399,NET_BANKING,SUCCESS
PAY010908,C000236,2025-11-21,199,WALLET,SUCCESS
PAY010909,C000937,2026-02-19,399,CARD,SUCCESS
PAY010910,C000138,2025-10-15,599,CARD,FAILED
PAY010911,C000590,2026-09-07,599,WALLET,SUCCESS
PAY010912,C000548,2026-04-21,399,WALLET,FAILED
PAY010913,C000507,2026-03-24,199,CARD,FAILED
PAY010914,C000037,2026-07-29,799,NET_BANKING,SUCCESS
PAY010915,C000096,2026-03-17,599,WALLET,FAILED
PAY010916,C000608,2025-09-23,799,NET_BANKING,SUCCESS
PAY010917,C000915,2026-09-18,799,NET_BANKING,PENDING
PAY010918,C000097,2026-05-19,499,CARD,SUCCESS
PAY010919,C000158,2026-03-07,199,UPI,PENDING
PAY010920,C000790,2025-11-28,599,WALLET,SUCCESS
PAY010921,C000871,2025-11-07,399,UPI,PENDING
PAY010922,C000155,2026-05-14,299,UPI,SUCCESS
PAY010923,C000995,2026-07-28,799,CARD,SUCCESS
PAY010924,C000192,2026-02-19,799,NET_BANKING,PENDING
PAY010925,C000792,2025-10-01,299,NET_BANKING,SUCCESS
PAY010926,C000012,2025-12-28,399,NET_BANKING,SUCCESS
PAY010927,C000619,2026-07-21,799,CARD,SUCCESS
PAY010928,C000001,2026-08-13,399,NET_BANKING,FAILED
PAY010929,C000435,2025-09-25,299,UPI,FAILED
PAY010930,C000329,2025-12-05,799,UPI,PENDING
PAY010931,C000114,2025-12-26,599,UPI,PENDING
PAY010932,C000095,2026-03-23,1499,NET_BANKING,SUCCESS
PAY010933,C000815,2026-05-04,1499,WALLET,SUCCESS
PAY010934,C000495,2026-07-20,199,WALLET,SUCCESS
PAY010935,C000691,2026-09-10,199,WALLET,PENDING
PAY010936,C000233,2026-01-23,599,WALLET,REFUNDED
PAY010937,C000868,2025-10-08,1499,UPI,SUCCESS
PAY010938,C000673,2025-11-09,199,UPI,SUCCESS
PAY010939,C000630,2026-08-11,299,CARD,SUCCESS
PAY010940,C000467,2026-05-06,1499,CARD,SUCCESS
PAY010941,C000630,2026-02-06,199,WALLET,SUCCESS
PAY010942,C000099,2026-03-04,599,NET_BANKING,SUCCESS
PAY010943,C000860,2026-08-19,799,UPI,SUCCESS
PAY010944,C000039,2026-06-25,299,UPI,REFUNDED
PAY010945,C000657,2026-03-16,799,WALLET,SUCCESS
PAY010946,C000015,2026-08-12,499,CARD,PENDING
PAY010947,C000611,2026-06-15,799,NET_BANKING,SUCCESS
PAY010948,C000506,2026-04-06,799,CARD,REFUNDED
PAY010949,C000959,2026-03-25,999,UPI,SUCCESS
PAY010950,C000064,2026-09-20,399,NET_BANKING,REFUNDED
PAY010951,C000182,2026-04-24,399,CARD,SUCCESS
PAY010952,C000130,2025-11-24,599,CARD,SUCCESS
PAY010953,C000196,2025-11-01,799,CARD,SUCCESS
PAY010954,C000153,2026-04-10,199,UPI,SUCCESS
PAY010955,C000166,2026-08-24,399,WALLET,SUCCESS
PAY010956,C000342,2026-05-21,299,WALLET,SUCCESS
PAY010957,C000459,2025-10-05,799,UPI,REFUNDED
PAY010958,C000952,2026-01-26,199,UPI,FAILED
PAY010959,C000673,2026-01-26,399,CARD,PENDING
PAY010960,C000817,2025-12-19,499,UPI,SUCCESS
PAY010961,C000031,2026-06-11,799,CARD,REFUNDED
PAY010962,C000407,2025-10-17,999,NET_BANKING,SUCCESS
PAY010963,C000387,2026-07-03,799,CARD,SUCCESS
PAY010964,C000200,2025-12-29,799,UPI,SUCCESS
PAY010965,C000301,2026-01-03,199,WALLET,PENDING
PAY010966,C000276,2026-07-01,199,UPI,FAILED
PAY010967,C000326,2026-06-14,199,WALLET,REFUNDED
PAY010968,C000118,2025-12-10,299,WALLET,SUCCESS
PAY010969,C000886,2026-02-26,1499,WALLET,SUCCESS
PAY010970,C000497,2026-01-04,1499,CARD,SUCCESS
PAY010971,C000672,2026-09-22,1499,WALLET,SUCCESS
PAY010972,C000878,2026-06-29,599,UPI,FAILED
PAY010973,C000677,2026-03-31,999,WALLET,SUCCESS
PAY010974,C000211,2026-09-01,299,CARD,SUCCESS
PAY010975,C000916,2026-04-26,299,WALLET,SUCCESS
PAY010976,C000649,2026-05-12,1499,CARD,SUCCESS
PAY010977,C000349,2026-06-02,299,CARD,SUCCESS
PAY010978,C000915,2025-12-12,299,NET_BANKING,FAILED
PAY010979,C000818,2026-05-14,799,WALLET,SUCCESS
PAY010980,C000114,2026-03-08,599,CARD,SUCCESS
PAY010981,C000508,2025-09-28,1499,NET_BANKING,SUCCESS
PAY010982,C000388,2025-11-24,499,NET_BANKING,SUCCESS
PAY010983,C000767,2025-11-21,299,WALLET,PENDING
PAY010984,C000164,2025-10-19,599,WALLET,SUCCESS
PAY010985,C000972,2026-01-05,599,UPI,PENDING
PAY010986,C000813,2026-04-09,999,NET_BANKING,REFUNDED
PAY010987,C000213,2025-09-26,799,NET_BANKING,FAILED
PAY010988,C000218,2026-02-13,599,CARD,SUCCESS
PAY010989,C000733,2026-08-24,199,CARD,FAILED
PAY010990,C000327,2026-08-08,999,NET_BANKING,REFUNDED
PAY010991,C000072,2025-12-09,299,CARD,SUCCESS
PAY010992,C000803,2025-10-18,999,WALLET,PENDING
PAY010993,C000638,2025-11-11,199,CARD,SUCCESS
PAY010994,C000202,2026-06-04,1499,UPI,FAILED
PAY010995,C000484,2025-12-19,499,WALLET,PENDING
PAY010996,C000352,2026-07-27,299,WALLET,SUCCESS
PAY010997,C000272,2026-01-13,399,UPI,SUCCESS
PAY010998,C000904,2025-10-30,1499,UPI,FAILED
PAY010999,C000322,2026-04-20,1499,CARD,SUCCESS
PAY011000,C000138,2026-06-02,799,NET_BANKING,SUCCESS
PAY011001,C000462,2026-03-19,199,UPI,SUCCESS
PAY011002,C001000,2026-01-11,999,NET_BANKING,SUCCESS
PAY011003,C000981,2026-02-24,399,WALLET,PENDING
PAY011004,C000816,2026-05-10,199,WALLET,SUCCESS
PAY011005,C000764,2025-10-27,399,WALLET,SUCCESS
PAY011006,C000558,2026-01-01,499,UPI,FAILED
PAY011007,C000426,2026-06-23,999,UPI,PENDING
PAY011008,C000338,2026-07-30,799,NET_BANKING,SUCCESS
PAY011009,C000435,2026-04-02,199,WALLET,SUCCESS
PAY011010,C000623,2025-09-23,299,WALLET,REFUNDED
PAY011011,C000067,2026-04-14,1499,UPI,REFUNDED
PAY011012,C000770,2026-09-07,299,WALLET,SUCCESS
PAY011013,C000848,2026-07-23,799,NET_BANKING,REFUNDED
PAY011014,C000984,2026-09-06,299,UPI,SUCCESS
PAY011015,C000211,2026-05-22,499,CARD,FAILED
PAY011016,C000218,2026-02-24,1499,UPI,FAILED
PAY011017,C000067,2026-01-29,299,NET_BANKING,PENDING
PAY011018,C000455,2025-11-26,199,WALLET,REFUNDED
PAY011019,C000848,2026-02-11,199,NET_BANKING,SUCCESS
PAY011020,C000293,2026-01-24,599,UPI,REFUNDED
PAY011021,C000530,2026-03-22,499,UPI,REFUNDED
PAY011022,C000168,2026-08-15,299,NET_BANKING,REFUNDED
PAY011023,C000534,2026-07-10,199,NET_BANKING,SUCCESS
PAY011024,C000146,2026-03-30,599,WALLET,SUCCESS
PAY011025,C000455,2026-01-11,299,CARD,FAILED
PAY011026,C000385,2026-02-27,299,NET_BANKING,PENDING
PAY011027,C000543,2026-07-20,399,CARD,SUCCESS
PAY011028,C000026,2026-01-19,299,CARD,SUCCESS
PAY011029,C000884,2026-08-28,1499,WALLET,REFUNDED
PAY011030,C000052,2025-12-25,299,UPI,SUCCESS
PAY011031,C000348,2026-06-25,499,CARD,FAILED
PAY011032,C000198,2026-06-06,799,WALLET,SUCCESS
PAY011033,C000362,2025-12-18,299,NET_BANKING,SUCCESS
PAY011034,C000612,2026-01-22,999,CARD,SUCCESS
PAY011035,C000560,2025-09-29,799,WALLET,SUCCESS
PAY011036,C000660,2026-08-20,799,UPI,SUCCESS
PAY011037,C000690,2026-08-19,499,NET_BANKING,SUCCESS
PAY011038,C000989,2026-07-06,799,NET_BANKING,FAILED
PAY011039,C000992,2026-08-23,599,NET_BANKING,SUCCESS
PAY011040,C000800,2025-12-28,799,WALLET,SUCCESS
PAY011041,C000453,2026-06-01,999,WALLET,SUCCESS
PAY011042,C000702,2026-02-22,499,WALLET,SUCCESS
PAY011043,C000014,2026-09-16,299,WALLET,REFUNDED
PAY011044,C000617,2026-03-22,399,NET_BANKING,REFUNDED
PAY011045,C000884,2026-07-18,399,WALLET,SUCCESS
PAY011046,C000981,2026-07-26,1499,UPI,SUCCESS
PAY011047,C000333,2025-11-18,999,NET_BANKING,SUCCESS
PAY011048,C000035,2026-02-07,999,UPI,SUCCESS
PAY011049,C000336,2025-12-04,999,WALLET,PENDING
PAY011050,C000295,2026-05-28,499,WALLET,PENDING
PAY011051,C000294,2026-07-17,1499,CARD,SUCCESS
PAY011052,C000047,2026-08-12,799,UPI,SUCCESS
PAY011053,C000245,2026-04-05,599,WALLET,REFUNDED
PAY011054,C000426,2026-02-21,399,CARD,SUCCESS
PAY011055,C000904,2025-11-02,799,NET_BANKING,SUCCESS
PAY011056,C000572,2026-01-08,499,WALLET,SUCCESS
PAY011057,C000799,2026-09-10,599,CARD,FAILED
PAY011058,C000102,2025-10-06,499,CARD,PENDING
PAY011059,C000129,2026-01-28,199,NET_BANKING,SUCCESS
PAY011060,C000616,2026-09-18,999,WALLET,SUCCESS
PAY011061,C000962,2026-07-09,199,WALLET,SUCCESS
PAY011062,C000574,2026-05-21,199,NET_BANKING,REFUNDED
PAY011063,C000614,2026-03-04,499,NET_BANKING,SUCCESS
PAY011064,C000489,2025-12-19,399,CARD,SUCCESS
PAY011065,C000120,2026-03-10,1499,CARD,SUCCESS
PAY011066,C000157,2026-07-17,599,WALLET,SUCCESS
PAY011067,C000472,2025-10-19,1499,UPI,FAILED
PAY011068,C000011,2025-10-20,1499,CARD,PENDING
PAY011069,C000866,2025-11-25,599,CARD,FAILED
PAY011070,C000738,2025-12-21,199,WALLET,PENDING
PAY011071,C000289,2026-02-04,799,CARD,SUCCESS
PAY011072,C000906,2026-06-05,399,CARD,PENDING
PAY011073,C000059,2026-06-14,399,NET_BANKING,SUCCESS
PAY011074,C000622,2026-08-09,299,CARD,SUCCESS
PAY011075,C000505,2026-07-19,399,WALLET,SUCCESS
PAY011076,C000170,2025-10-05,599,WALLET,SUCCESS
PAY011077,C000309,2025-10-22,299,WALLET,SUCCESS
PAY011078,C000945,2025-11-14,399,NET_BANKING,REFUNDED
PAY011079,C000528,2026-03-19,799,WALLET,REFUNDED
PAY011080,C000116,2026-05-18,999,CARD,REFUNDED
PAY011081,C000641,2026-06-21,999,WALLET,SUCCESS
PAY011082,C000920,2026-02-21,999,CARD,PENDING
PAY011083,C000267,2026-04-19,799,UPI,SUCCESS
PAY011084,C000966,2025-11-24,799,WALLET,SUCCESS
PAY011085,C000414,2026-04-14,599,UPI,SUCCESS
PAY011086,C000967,2025-11-13,199,UPI,FAILED
PAY011087,C000882,2026-04-30,299,CARD,SUCCESS
PAY011088,C000995,2026-03-09,399,NET_BANKING,SUCCESS
PAY011089,C000403,2026-04-16,1499,UPI,REFUNDED
PAY011090,C000611,2026-02-17,299,UPI,SUCCESS
PAY011091,C000873,2025-12-27,199,WALLET,SUCCESS
PAY011092,C000666,2026-08-04,199,WALLET,SUCCESS
PAY011093,C000682,2026-04-06,799,CARD,REFUNDED
PAY011094,C000085,2025-12-11,399,CARD,SUCCESS
PAY011095,C000626,2026-04-12,599,WALLET,REFUNDED
PAY011096,C000160,2025-12-11,199,UPI,SUCCESS
PAY011097,C000780,2026-04-24,1499,UPI,SUCCESS
PAY011098,C000016,2025-09-26,399,WALLET,PENDING
PAY011099,C000204,2026-04-19,399,NET_BANKING,PENDING
PAY011100,C000223,2025-10-31,299,WALLET,SUCCESS
PAY011101,C000896,2026-01-20,599,WALLET,SUCCESS
PAY011102,C000196,2025-12-31,499,WALLET,SUCCESS
PAY011103,C000854,2026-03-11,499,CARD,REFUNDED
PAY011104,C000741,2026-02-23,299,UPI,PENDING
PAY011105,C000484,2026-08-17,999,UPI,SUCCESS
PAY011106,C000688,2026-04-03,399,UPI,SUCCESS
PAY011107,C000016,2026-08-18,299,CARD,FAILED
PAY011108,C000249,2026-08-01,599,NET_BANKING,PENDING
PAY011109,C000114,2026-02-07,999,UPI,SUCCESS
PAY011110,C000145,2026-03-22,799,CARD,SUCCESS
PAY011111,C000477,2026-05-21,999,WALLET,SUCCESS
PAY011112,C000604,2025-12-19,299,NET_BANKING,SUCCESS
PAY011113,C000952,2025-10-25,799,CARD,SUCCESS
PAY011114,C000888,2026-09-20,799,WALLET,SUCCESS
PAY011115,C000616,2026-05-20,199,UPI,PENDING
PAY011116,C000121,2025-10-04,399,WALLET,SUCCESS
PAY011117,C000163,2026-04-15,299,CARD,SUCCESS
PAY011118,C000799,2026-04-14,199,CARD,SUCCESS
PAY011119,C000013,2025-10-12,1499,NET_BANKING,PENDING
PAY011120,C000750,2025-11-26,999,CARD,PENDING
PAY011121,C000371,2025-12-17,1499,NET_BANKING,SUCCESS
PAY011122,C000344,2026-07-09,299,CARD,SUCCESS
PAY011123,C000473,2026-01-19,799,CARD,PENDING
PAY011124,C000080,2026-03-28,399,WALLET,SUCCESS
PAY011125,C000482,2026-09-16,1499,NET_BANKING,SUCCESS
PAY011126,C000654,2026-02-15,1499,UPI,REFUNDED
PAY011127,C000377,2026-07-19,499,WALLET,PENDING
PAY011128,C000188,2025-12-25,1499,NET_BANKING,PENDING
PAY011129,C000400,2026-05-09,399,CARD,SUCCESS
PAY011130,C000984,2025-10-25,799,CARD,REFUNDED
PAY011131,C000582,2026-01-24,199,UPI,SUCCESS
PAY011132,C000088,2026-01-09,199,WALLET,REFUNDED
PAY011133,C000294,2026-04-12,999,NET_BANKING,PENDING
PAY011134,C000971,2026-03-17,499,NET_BANKING,REFUNDED
PAY011135,C000133,2026-06-14,199,CARD,FAILED
PAY011136,C000056,2026-01-14,299,WALLET,REFUNDED
PAY011137,C000578,2026-03-04,1499,CARD,SUCCESS
PAY011138,C000660,2026-01-23,199,UPI,SUCCESS
PAY011139,C000897,2026-06-03,299,UPI,SUCCESS
PAY011140,C000247,2026-04-03,499,CARD,REFUNDED
PAY011141,C000990,2025-10-11,399,CARD,SUCCESS
PAY011142,C000038,2025-10-16,599,CARD,PENDING
PAY011143,C000563,2026-09-04,599,CARD,FAILED
PAY011144,C000139,2025-10-02,1499,CARD,SUCCESS
PAY011145,C000665,2026-01-31,1499,WALLET,SUCCESS
PAY011146,C000789,2026-05-22,799,WALLET,FAILED
PAY011147,C000357,2026-08-28,799,WALLET,PENDING
PAY011148,C000695,2025-11-07,599,CARD,SUCCESS
PAY011149,C000831,2026-07-03,799,CARD,SUCCESS
PAY011150,C000960,2026-07-09,299,WALLET,SUCCESS
PAY011151,C000260,2026-07-24,199,CARD,PENDING
PAY011152,C000601,2026-09-11,799,WALLET,REFUNDED
PAY011153,C000414,2026-04-19,399,UPI,SUCCESS
PAY011154,C000610,2026-08-03,799,CARD,SUCCESS
PAY011155,C000171,2025-10-12,799,UPI,SUCCESS
PAY011156,C000217,2026-02-10,199,CARD,SUCCESS
PAY011157,C000459,2026-05-05,299,WALLET,FAILED
PAY011158,C000598,2025-09-26,199,UPI,SUCCESS
PAY011159,C000979,2026-02-08,399,UPI,PENDING
PAY011160,C000201,2026-03-28,299,UPI,SUCCESS
PAY011161,C000518,2025-10-22,199,UPI,SUCCESS
PAY011162,C000727,2026-09-16,399,WALLET,SUCCESS
PAY011163,C000623,2026-04-09,499,NET_BANKING,FAILED
PAY011164,C000512,2026-07-08,1499,WALLET,PENDING
PAY011165,C000642,2026-01-26,799,UPI,REFUNDED
PAY011166,C000648,2025-11-02,599,NET_BANKING,REFUNDED
PAY011167,C000974,2026-01-25,1499,NET_BANKING,SUCCESS
PAY011168,C000434,2025-11-28,599,NET_BANKING,FAILED
PAY011169,C000600,2026-02-23,199,NET_BANKING,SUCCESS
PAY011170,C000243,2025-10-05,199,UPI,SUCCESS
PAY011171,C000359,2026-02-25,599,NET_BANKING,SUCCESS
PAY011172,C000922,2025-10-17,599,WALLET,FAILED
PAY011173,C000822,2026-03-23,1499,NET_BANKING,SUCCESS
PAY011174,C000968,2026-09-09,399,NET_BANKING,SUCCESS
PAY011175,C000678,2026-01-07,199,NET_BANKING,FAILED
PAY011176,C000671,2025-11-23,199,UPI,SUCCESS
PAY011177,C000362,2025-12-20,399,UPI,SUCCESS
PAY011178,C000926,2026-01-14,799,NET_BANKING,SUCCESS
PAY011179,C000363,2026-09-20,299,UPI,SUCCESS
PAY011180,C000593,2025-10-03,599,WALLET,SUCCESS
PAY011181,C000277,2026-07-11,599,WALLET,SUCCESS
PAY011182,C000942,2026-06-09,999,CARD,SUCCESS
PAY011183,C000482,2026-05-26,599,NET_BANKING,SUCCESS
PAY011184,C000300,2026-01-12,599,CARD,SUCCESS
PAY011185,C000206,2026-09-01,599,UPI,FAILED
PAY011186,C000846,2025-12-04,199,CARD,SUCCESS
PAY011187,C000346,2026-03-20,399,UPI,SUCCESS
PAY011188,C000027,2026-04-07,799,NET_BANKING,SUCCESS
PAY011189,C000048,2026-05-14,499,UPI,REFUNDED
PAY011190,C000595,2026-01-09,999,CARD,FAILED
PAY011191,C000827,2025-10-19,299,UPI,REFUNDED
PAY011192,C000428,2026-04-10,199,UPI,SUCCESS
PAY011193,C000204,2026-02-08,1499,NET_BANKING,PENDING
PAY011194,C000501,2026-08-09,499,CARD,SUCCESS
PAY011195,C000804,2026-07-23,599,CARD,SUCCESS
PAY011196,C000941,2026-06-28,399,CARD,SUCCESS
PAY011197,C000657,2026-08-17,799,UPI,SUCCESS
PAY011198,C000948,2026-08-28,499,WALLET,FAILED
PAY011199,C000799,2025-12-28,199,CARD,SUCCESS
PAY011200,C000510,2026-03-10,599,WALLET,PENDING
PAY011201,C000680,2025-11-15,799,WALLET,SUCCESS
PAY011202,C000246,2026-08-30,399,NET_BANKING,SUCCESS
PAY011203,C000847,2025-12-15,999,UPI,SUCCESS
PAY011204,C000221,2025-12-04,999,WALLET,REFUNDED
PAY011205,C000944,2025-12-07,199,CARD,REFUNDED
PAY011206,C000395,2026-06-25,999,UPI,SUCCESS
PAY011207,C000127,2026-02-02,1499,WALLET,SUCCESS
PAY011208,C000590,2026-06-16,999,WALLET,SUCCESS
PAY011209,C000920,2026-07-08,299,CARD,SUCCESS
PAY011210,C000266,2026-06-07,1499,NET_BANKING,FAILED
PAY011211,C000067,2026-08-04,999,UPI,FAILED
PAY011212,C000886,2026-03-08,999,WALLET,SUCCESS
PAY011213,C000829,2026-06-27,499,WALLET,SUCCESS
PAY011214,C000639,2026-09-06,599,UPI,SUCCESS
PAY011215,C000880,2025-10-05,299,UPI,FAILED
PAY011216,C000555,2026-08-11,599,WALLET,SUCCESS
PAY011217,C000339,2025-10-06,499,NET_BANKING,PENDING
PAY011218,C000958,2026-09-20,499,WALLET,PENDING
PAY011219,C000185,2026-06-13,199,UPI,SUCCESS
PAY011220,C000608,2026-05-27,999,UPI,REFUNDED
PAY011221,C000291,2026-08-13,199,UPI,FAILED
PAY011222,C000752,2026-04-15,299,CARD,REFUNDED
PAY011223,C000957,2026-09-15,799,UPI,FAILED
PAY011224,C000079,2025-11-09,499,WALLET,SUCCESS
PAY011225,C000631,2026-03-24,999,WALLET,SUCCESS
PAY011226,C000029,2026-01-03,199,NET_BANKING,PENDING
PAY011227,C000422,2026-06-26,499,NET_BANKING,FAILED
PAY011228,C000135,2026-07-21,299,NET_BANKING,SUCCESS
PAY011229,C000628,2026-03-13,1499,CARD,REFUNDED
PAY011230,C000029,2025-11-27,399,UPI,FAILED
PAY011231,C000779,2025-10-17,599,WALLET,SUCCESS
PAY011232,C000453,2026-08-31,299,CARD,SUCCESS
PAY011233,C000937,2026-05-25,999,WALLET,SUCCESS
PAY011234,C000446,2026-04-26,399,NET_BANKING,SUCCESS
PAY011235,C000588,2026-02-28,299,UPI,FAILED
PAY011236,C000816,2026-07-13,1499,WALLET,SUCCESS
PAY011237,C000559,2025-11-19,399,UPI,SUCCESS
PAY011238,C000173,2026-04-05,799,UPI,PENDING
PAY011239,C000341,2025-12-11,599,CARD,REFUNDED
PAY011240,C000312,2026-07-15,999,UPI,SUCCESS
PAY011241,C000435,2025-12-14,599,WALLET,SUCCESS
PAY011242,C000084,2026-02-23,199,WALLET,FAILED
PAY011243,C000214,2026-01-07,999,CARD,REFUNDED
PAY011244,C000276,2026-02-07,499,WALLET,SUCCESS
PAY011245,C000369,2025-11-14,599,NET_BANKING,PENDING
PAY011246,C000686,2026-03-17,599,UPI,SUCCESS
PAY011247,C000904,2026-08-06,1499,WALLET,PENDING
PAY011248,C000132,2026-05-13,199,WALLET,SUCCESS
PAY011249,C000948,2025-10-29,499,UPI,SUCCESS
PAY011250,C000283,2026-09-15,299,NET_BANKING,SUCCESS
PAY011251,C000427,2025-12-05,399,CARD,SUCCESS
PAY011252,C000848,2026-09-17,399,CARD,REFUNDED
PAY011253,C000988,2025-12-25,999,UPI,SUCCESS
PAY011254,C000984,2026-01-01,799,NET_BANKING,SUCCESS
PAY011255,C000586,2025-11-22,299,WALLET,REFUNDED
PAY011256,C000264,2026-07-15,199,NET_BANKING,SUCCESS
PAY011257,C000669,2026-02-21,799,UPI,SUCCESS
PAY011258,C000781,2025-11-07,999,WALLET,PENDING
PAY011259,C000744,2026-01-03,399,CARD,SUCCESS
PAY011260,C000261,2026-05-17,799,CARD,FAILED
PAY011261,C000500,2026-01-02,499,UPI,REFUNDED
PAY011262,C000243,2026-06-02,499,CARD,FAILED
PAY011263,C000704,2025-12-22,399,NET_BANKING,SUCCESS
PAY011264,C000024,2025-12-13,1499,UPI,SUCCESS
PAY011265,C000231,2026-06-06,999,NET_BANKING,SUCCESS
PAY011266,C000912,2026-06-03,999,UPI,SUCCESS
PAY011267,C000301,2026-04-20,599,WALLET,SUCCESS
PAY011268,C000445,2026-09-04,499,CARD,REFUNDED
PAY011269,C000836,2025-12-30,199,CARD,SUCCESS
PAY011270,C000905,2025-12-09,199,NET_BANKING,SUCCESS
PAY011271,C000902,2026-03-10,499,NET_BANKING,FAILED
PAY011272,C000701,2026-08-06,1499,WALLET,SUCCESS
PAY011273,C000105,2025-12-10,499,CARD,SUCCESS
PAY011274,C000876,2025-09-28,799,CARD,SUCCESS
PAY011275,C000706,2026-06-05,399,WALLET,REFUNDED
PAY011276,C000831,2026-07-29,299,CARD,REFUNDED
PAY011277,C000362,2026-07-02,499,NET_BANKING,SUCCESS
PAY011278,C000454,2026-05-22,299,UPI,SUCCESS
PAY011279,C000514,2026-04-06,499,CARD,REFUNDED
PAY011280,C000478,2026-07-02,799,WALLET,REFUNDED
PAY011281,C000404,2026-01-19,799,CARD,SUCCESS
PAY011282,C000211,2025-10-03,499,UPI,FAILED
PAY011283,C000239,2026-05-17,199,WALLET,SUCCESS
PAY011284,C000338,2026-06-24,399,CARD,SUCCESS
PAY011285,C000526,2026-01-15,599,CARD,SUCCESS
PAY011286,C000836,2026-02-01,599,NET_BANKING,PENDING
PAY011287,C000808,2026-01-26,599,NET_BANKING,SUCCESS
PAY011288,C000189,2026-02-02,1499,UPI,FAILED
PAY011289,C000841,2026-06-29,599,WALLET,FAILED
PAY011290,C000706,2026-03-04,199,NET_BANKING,SUCCESS
PAY011291,C000165,2026-02-24,199,UPI,SUCCESS
PAY011292,C000445,2026-05-30,799,NET_BANKING,REFUNDED
PAY011293,C000221,2026-04-30,299,WALLET,REFUNDED
PAY011294,C000396,2025-11-03,399,NET_BANKING,PENDING
PAY011295,C000989,2025-12-17,399,UPI,PENDING
PAY011296,C000636,2026-05-14,1499,WALLET,PENDING
PAY011297,C000362,2026-01-21,1499,NET_BANKING,SUCCESS
PAY011298,C000809,2026-07-01,499,NET_BANKING,FAILED
PAY011299,C000391,2025-10-15,299,NET_BANKING,PENDING
PAY011300,C000411,2026-02-15,299,CARD,SUCCESS
PAY011301,C000423,2025-11-29,599,CARD,SUCCESS
PAY011302,C000454,2025-10-18,499,CARD,SUCCESS
PAY011303,C000936,2026-06-30,399,CARD,SUCCESS
PAY011304,C000823,2026-05-29,799,NET_BANKING,SUCCESS
PAY011305,C000019,2026-09-05,1499,CARD,SUCCESS
PAY011306,C000978,2026-06-15,1499,CARD,PENDING
PAY011307,C000473,2026-06-09,299,WALLET,FAILED
PAY011308,C000167,2026-09-02,1499,UPI,FAILED
PAY011309,C000026,2026-09-09,299,CARD,FAILED
PAY011310,C000132,2026-05-01,299,CARD,SUCCESS
PAY011311,C000408,2026-03-16,799,NET_BANKING,FAILED
PAY011312,C000908,2026-06-11,599,NET_BANKING,PENDING
PAY011313,C000404,2026-04-11,999,WALLET,REFUNDED
PAY011314,C000798,2025-10-14,1499,UPI,REFUNDED
PAY011315,C000214,2026-03-26,399,WALLET,FAILED
PAY011316,C000746,2026-05-19,799,CARD,REFUNDED
PAY011317,C000755,2026-05-11,1499,CARD,SUCCESS
PAY011318,C000703,2026-07-19,799,CARD,REFUNDED
PAY011319,C000250,2026-05-07,399,NET_BANKING,SUCCESS
PAY011320,C000378,2025-10-14,999,NET_BANKING,SUCCESS
PAY011321,C000153,2026-02-01,799,CARD,REFUNDED
PAY011322,C000837,2026-08-19,199,NET_BANKING,FAILED
PAY011323,C000602,2026-08-09,399,NET_BANKING,SUCCESS
PAY011324,C000109,2025-11-18,299,NET_BANKING,SUCCESS
PAY011325,C000710,2026-05-13,299,WALLET,FAILED
PAY011326,C000181,2026-06-06,999,WALLET,FAILED
PAY011327,C000629,2026-02-11,1499,WALLET,PENDING
PAY011328,C000509,2025-12-26,399,WALLET,REFUNDED
PAY011329,C000420,2026-03-20,799,NET_BANKING,SUCCESS
PAY011330,C000667,2026-08-08,399,WALLET,SUCCESS
PAY011331,C000477,2026-08-02,599,CARD,SUCCESS
PAY011332,C000655,2026-09-18,599,UPI,PENDING
PAY011333,C000758,2026-08-11,599,WALLET,SUCCESS
PAY011334,C000633,2026-08-29,799,UPI,FAILED
PAY011335,C000667,2026-03-03,199,CARD,SUCCESS
PAY011336,C000338,2025-12-04,299,WALLET,PENDING
PAY011337,C000235,2025-10-13,999,NET_BANKING,PENDING
PAY011338,C000977,2025-12-18,999,CARD,REFUNDED
PAY011339,C000327,2026-03-28,1499,NET_BANKING,REFUNDED
PAY011340,C000886,2026-01-05,499,UPI,SUCCESS
PAY011341,C000549,2026-06-29,999,WALLET,SUCCESS
PAY011342,C000738,2026-07-23,399,NET_BANKING,FAILED
PAY011343,C000317,2026-03-10,499,WALLET,SUCCESS
PAY011344,C000294,2025-11-22,799,CARD,FAILED
PAY011345,C000382,2026-06-22,799,NET_BANKING,SUCCESS
PAY011346,C000512,2026-06-13,799,CARD,SUCCESS
PAY011347,C000905,2025-11-18,499,NET_BANKING,SUCCESS
PAY011348,C000066,2025-11-24,1499,UPI,REFUNDED
PAY011349,C000474,2026-07-31,299,UPI,SUCCESS
PAY011350,C000365,2025-10-19,599,WALLET,SUCCESS
PAY011351,C000736,2026-03-08,299,NET_BANKING,SUCCESS
PAY011352,C000550,2026-09-19,499,WALLET,FAILED
PAY011353,C000529,2025-12-09,299,NET_BANKING,SUCCESS
PAY011354,C000580,2025-11-11,599,CARD,SUCCESS
PAY011355,C000502,2026-09-09,599,WALLET,SUCCESS
PAY011356,C000600,2025-10-06,999,WALLET,SUCCESS
PAY011357,C000373,2025-12-28,399,CARD,SUCCESS
PAY011358,C000481,2026-05-13,1499,WALLET,FAILED
PAY011359,C000607,2026-01-17,299,WALLET,SUCCESS
PAY011360,C000398,2026-06-27,599,CARD,FAILED
PAY011361,C000577,2026-07-07,799,UPI,SUCCESS
PAY011362,C000977,2025-10-30,599,NET_BANKING,SUCCESS
PAY011363,C000024,2026-02-08,599,CARD,REFUNDED
PAY011364,C000114,2026-06-21,199,NET_BANKING,SUCCESS
PAY011365,C000879,2026-03-21,299,NET_BANKING,REFUNDED
PAY011366,C000608,2026-03-08,799,NET_BANKING,PENDING
PAY011367,C000189,2026-07-06,999,UPI,REFUNDED
PAY011368,C000543,2026-07-05,599,NET_BANKING,SUCCESS
PAY011369,C000852,2026-09-22,299,CARD,REFUNDED
PAY011370,C000173,2026-02-16,999,WALLET,SUCCESS
PAY011371,C000031,2026-07-26,599,UPI,REFUNDED
PAY011372,C000074,2026-07-21,199,CARD,SUCCESS
PAY011373,C000015,2026-09-06,199,CARD,REFUNDED
PAY011374,C001000,2026-03-20,499,WALLET,FAILED
PAY011375,C000118,2025-11-20,199,UPI,REFUNDED
PAY011376,C000700,2025-12-14,599,CARD,SUCCESS
PAY011377,C000959,2026-01-12,999,NET_BANKING,REFUNDED
PAY011378,C000462,2025-12-29,399,CARD,SUCCESS
PAY011379,C000232,2025-10-31,599,UPI,SUCCESS
PAY011380,C000443,2026-03-06,299,UPI,SUCCESS
PAY011381,C000114,2026-04-04,299,CARD,SUCCESS
PAY011382,C000441,2026-03-23,799,UPI,PENDING
PAY011383,C000884,2026-08-29,599,CARD,SUCCESS
PAY011384,C000051,2026-05-19,599,CARD,FAILED
PAY011385,C000042,2025-10-16,1499,UPI,SUCCESS
PAY011386,C000377,2026-04-13,499,WALLET,SUCCESS
PAY011387,C000208,2026-02-26,999,UPI,FAILED
PAY011388,C000359,2026-09-05,799,UPI,SUCCESS
PAY011389,C000579,2026-04-14,199,WALLET,REFUNDED
PAY011390,C000344,2025-11-29,299,UPI,REFUNDED
PAY011391,C000505,2026-02-11,999,CARD,PENDING
PAY011392,C000920,2026-05-04,299,NET_BANKING,FAILED
PAY011393,C000643,2025-11-25,299,WALLET,SUCCESS
PAY011394,C000370,2026-08-09,399,CARD,SUCCESS
PAY011395,C000158,2026-02-05,199,CARD,REFUNDED
PAY011396,C000592,2026-01-24,299,NET_BANKING,REFUNDED
PAY011397,C000105,2026-05-12,199,UPI,REFUNDED
PAY011398,C000037,2026-03-06,1499,CARD,PENDING
PAY011399,C000683,2026-03-18,599,NET_BANKING,REFUNDED
PAY011400,C000844,2025-10-14,1499,UPI,FAILED
PAY011401,C000257,2026-03-13,999,NET_BANKING,PENDING
PAY011402,C000975,2026-02-07,399,UPI,REFUNDED
PAY011403,C000885,2025-09-29,299,NET_BANKING,SUCCESS
PAY011404,C000751,2026-06-27,1499,WALLET,PENDING
PAY011405,C000745,2026-04-30,799,CARD,SUCCESS
PAY011406,C000740,2026-04-19,399,NET_BANKING,SUCCESS
PAY011407,C000618,2025-11-12,999,NET_BANKING,SUCCESS
PAY011408,C000592,2025-12-24,499,WALLET,REFUNDED
PAY011409,C000302,2025-10-29,999,WALLET,SUCCESS
PAY011410,C000321,2025-10-30,1499,UPI,SUCCESS
PAY011411,C000755,2026-08-15,499,CARD,PENDING
PAY011412,C000251,2026-07-22,799,NET_BANKING,SUCCESS
PAY011413,C000486,2026-04-04,999,NET_BANKING,REFUNDED
PAY011414,C000692,2026-03-05,1499,CARD,FAILED
PAY011415,C000615,2026-04-12,1499,UPI,SUCCESS
PAY011416,C000871,2026-06-10,999,WALLET,FAILED
PAY011417,C000779,2026-07-10,399,CARD,FAILED
PAY011418,C000059,2026-08-08,399,WALLET,SUCCESS
PAY011419,C000942,2025-11-24,1499,WALLET,REFUNDED
PAY011420,C000358,2025-10-26,799,NET_BANKING,SUCCESS
PAY011421,C000309,2026-05-24,1499,CARD,FAILED
PAY011422,C000384,2026-05-14,299,UPI,PENDING
PAY011423,C000489,2026-02-04,799,UPI,REFUNDED
PAY011424,C000330,2026-08-29,399,CARD,SUCCESS
PAY011425,C000659,2025-12-17,199,UPI,REFUNDED
PAY011426,C000571,2026-05-22,1499,NET_BANKING,SUCCESS
PAY011427,C000976,2025-10-21,299,NET_BANKING,FAILED
PAY011428,C000271,2025-10-20,199,NET_BANKING,PENDING
PAY011429,C000219,2026-03-27,1499,CARD,SUCCESS
PAY011430,C000614,2025-12-22,999,CARD,SUCCESS
PAY011431,C000882,2026-04-26,799,WALLET,SUCCESS
PAY011432,C000214,2025-11-13,599,UPI,SUCCESS
PAY011433,C000432,2025-10-21,499,UPI,PENDING
PAY011434,C000432,2026-06-26,399,WALLET,SUCCESS
PAY011435,C000678,2026-07-02,599,UPI,SUCCESS
PAY011436,C000564,2026-08-09,799,UPI,SUCCESS
PAY011437,C000739,2025-12-12,399,CARD,SUCCESS
PAY011438,C000730,2025-10-07,799,NET_BANKING,SUCCESS
PAY011439,C000408,2026-06-21,199,NET_BANKING,SUCCESS
PAY011440,C000969,2026-06-05,399,UPI,SUCCESS
PAY011441,C000030,2026-04-21,799,WALLET,SUCCESS
PAY011442,C000431,2025-12-02,399,NET_BANKING,SUCCESS
PAY011443,C000869,2026-03-18,499,NET_BANKING,SUCCESS
PAY011444,C000358,2026-08-16,299,NET_BANKING,SUCCESS
PAY011445,C000033,2026-06-26,599,CARD,FAILED
PAY011446,C000285,2025-10-20,999,UPI,SUCCESS
PAY011447,C000134,2026-05-26,499,UPI,SUCCESS
PAY011448,C000051,2026-05-07,499,WALLET,PENDING
PAY011449,C000766,2025-11-25,599,CARD,PENDING
PAY011450,C000214,2026-01-12,199,WALLET,SUCCESS
PAY011451,C000668,2025-10-12,799,NET_BANKING,FAILED
PAY011452,C000332,2026-07-15,1499,NET_BANKING,FAILED
PAY011453,C000136,2026-01-28,999,NET_BANKING,REFUNDED
PAY011454,C000826,2025-10-17,799,NET_BANKING,SUCCESS
PAY011455,C000822,2026-07-04,199,WALLET,SUCCESS
PAY011456,C000666,2026-04-05,199,UPI,SUCCESS
PAY011457,C000111,2026-05-05,299,NET_BANKING,SUCCESS
PAY011458,C000754,2026-01-08,999,NET_BANKING,FAILED
PAY011459,C000203,2026-05-05,499,CARD,SUCCESS
PAY011460,C000963,2025-12-21,1499,CARD,PENDING
PAY011461,C000640,2026-08-15,1499,WALLET,PENDING
PAY011462,C000902,2026-03-10,599,UPI,SUCCESS
PAY011463,C000128,2025-11-28,599,UPI,REFUNDED
PAY011464,C000809,2025-12-24,399,WALLET,SUCCESS
PAY011465,C000565,2026-01-06,1499,UPI,SUCCESS
PAY011466,C000887,2026-04-27,799,CARD,SUCCESS
PAY011467,C000022,2026-02-14,1499,CARD,REFUNDED
PAY011468,C000043,2026-06-21,399,CARD,SUCCESS
PAY011469,C000330,2025-11-28,599,UPI,PENDING
PAY011470,C000732,2026-09-14,499,UPI,SUCCESS
PAY011471,C000758,2026-01-02,799,NET_BANKING,SUCCESS
PAY011472,C000985,2025-11-07,399,CARD,SUCCESS
PAY011473,C000282,2025-12-16,599,UPI,SUCCESS
PAY011474,C000725,2025-11-15,799,NET_BANKING,FAILED
PAY011475,C000956,2025-12-26,1499,UPI,REFUNDED
PAY011476,C000918,2026-06-23,499,WALLET,REFUNDED
PAY011477,C000144,2026-04-24,1499,WALLET,PENDING
PAY011478,C000115,2026-01-04,199,UPI,FAILED
PAY011479,C000976,2025-12-14,999,WALLET,SUCCESS
PAY011480,C000700,2026-09-05,1499,CARD,SUCCESS
PAY011481,C000258,2026-03-17,999,UPI,FAILED
PAY011482,C000056,2026-05-19,299,NET_BANKING,PENDING
PAY011483,C000391,2026-09-13,499,WALLET,SUCCESS
PAY011484,C000828,2026-05-05,799,WALLET,SUCCESS
PAY011485,C000539,2026-07-03,399,UPI,PENDING
PAY011486,C000268,2025-12-22,1499,NET_BANKING,REFUNDED
PAY011487,C000246,2025-10-22,799,NET_BANKING,SUCCESS
PAY011488,C000759,2026-08-16,599,NET_BANKING,REFUNDED
PAY011489,C000711,2026-06-10,299,NET_BANKING,FAILED
PAY011490,C000262,2026-03-26,799,CARD,REFUNDED
PAY011491,C000824,2026-08-06,799,UPI,SUCCESS
PAY011492,C000523,2025-11-15,499,UPI,FAILED
PAY011493,C000469,2025-09-28,999,WALLET,SUCCESS
PAY011494,C000392,2026-01-17,1499,UPI,PENDING
PAY011495,C000363,2026-05-02,1499,CARD,SUCCESS
PAY011496,C000492,2025-12-05,1499,CARD,SUCCESS
PAY011497,C000212,2025-12-12,599,NET_BANKING,FAILED
PAY011498,C000361,2026-05-13,999,CARD,REFUNDED
PAY011499,C000287,2026-02-24,499,CARD,SUCCESS
PAY011500,C000902,2026-03-31,199,CARD,SUCCESS
PAY011501,C000742,2026-08-13,1499,WALLET,SUCCESS
PAY011502,C000196,2026-01-07,999,NET_BANKING,REFUNDED
PAY011503,C000078,2025-11-21,999,WALLET,SUCCESS
PAY011504,C000054,2026-09-12,499,NET_BANKING,SUCCESS
PAY011505,C000844,2026-01-10,599,CARD,SUCCESS
PAY011506,C000260,2026-05-01,499,UPI,FAILED
PAY011507,C000508,2026-01-09,299,WALLET,PENDING
PAY011508,C000588,2026-01-08,1499,UPI,PENDING
PAY011509,C000724,2026-03-12,1499,NET_BANKING,SUCCESS
PAY011510,C000051,2025-12-04,999,WALLET,PENDING
PAY011511,C000879,2026-08-29,399,NET_BANKING,SUCCESS
PAY011512,C000374,2026-04-03,399,WALLET,SUCCESS
PAY011513,C000349,2026-09-14,199,CARD,PENDING
PAY011514,C000793,2026-01-26,499,UPI,PENDING
PAY011515,C000548,2026-06-10,299,WALLET,SUCCESS
PAY011516,C000968,2026-04-22,1499,NET_BANKING,SUCCESS
PAY011517,C000279,2026-06-02,199,UPI,PENDING
PAY011518,C000198,2025-11-08,299,CARD,SUCCESS
PAY011519,C000487,2026-01-16,499,NET_BANKING,SUCCESS
PAY011520,C000483,2026-01-19,1499,CARD,SUCCESS
PAY011521,C000689,2025-11-29,299,NET_BANKING,SUCCESS
PAY011522,C000396,2026-08-19,499,UPI,SUCCESS
PAY011523,C000713,2026-03-27,599,CARD,SUCCESS
PAY011524,C000261,2025-12-24,199,WALLET,SUCCESS
PAY011525,C000409,2026-04-07,1499,CARD,SUCCESS
PAY011526,C000681,2026-03-01,999,UPI,SUCCESS
PAY011527,C000421,2026-07-13,299,CARD,SUCCESS
PAY011528,C000892,2026-09-19,199,NET_BANKING,SUCCESS
PAY011529,C000062,2026-06-17,199,CARD,SUCCESS
PAY011530,C000201,2025-12-02,299,UPI,SUCCESS
PAY011531,C000990,2025-11-01,399,NET_BANKING,SUCCESS
PAY011532,C000449,2026-08-18,999,WALLET,SUCCESS
PAY011533,C000537,2026-01-24,799,UPI,FAILED
PAY011534,C000547,2026-03-01,399,NET_BANKING,SUCCESS
PAY011535,C000820,2025-10-01,999,WALLET,FAILED
PAY011536,C000177,2025-11-12,199,NET_BANKING,PENDING
PAY011537,C000873,2026-01-20,799,UPI,FAILED
PAY011538,C000973,2025-10-31,499,UPI,SUCCESS
PAY011539,C000644,2025-10-21,299,NET_BANKING,SUCCESS
PAY011540,C000184,2025-10-26,999,NET_BANKING,FAILED
PAY011541,C000509,2025-11-03,1499,WALLET,SUCCESS
PAY011542,C000450,2026-09-21,299,WALLET,SUCCESS
PAY011543,C000984,2026-07-26,1499,WALLET,PENDING
PAY011544,C000588,2026-03-19,299,UPI,PENDING
PAY011545,C000120,2025-10-04,599,WALLET,REFUNDED
PAY011546,C000148,2026-09-17,499,NET_BANKING,SUCCESS
PAY011547,C000916,2025-11-22,1499,UPI,SUCCESS
PAY011548,C000878,2026-01-27,799,UPI,REFUNDED
PAY011549,C000276,2025-09-28,199,UPI,SUCCESS
PAY011550,C000229,2026-06-08,999,UPI,FAILED
PAY011551,C000148,2026-07-24,399,UPI,FAILED
PAY011552,C000011,2025-11-09,199,WALLET,REFUNDED
PAY011553,C000573,2026-05-15,499,CARD,FAILED
PAY011554,C000975,2026-03-30,999,UPI,SUCCESS
PAY011555,C000593,2026-07-01,199,WALLET,SUCCESS
PAY011556,C000376,2025-10-16,399,UPI,SUCCESS
PAY011557,C000680,2025-10-15,399,UPI,SUCCESS
PAY011558,C000938,2025-10-30,599,NET_BANKING,SUCCESS
PAY011559,C000667,2026-07-18,199,CARD,SUCCESS
PAY011560,C000026,2026-07-30,399,CARD,SUCCESS
PAY011561,C000701,2026-07-29,599,CARD,SUCCESS
PAY011562,C000230,2025-11-28,199,UPI,SUCCESS
PAY011563,C000676,2025-11-03,399,UPI,FAILED
PAY011564,C000844,2026-06-21,399,CARD,REFUNDED
PAY011565,C000051,2026-01-10,999,NET_BANKING,PENDING
PAY011566,C000689,2025-11-08,999,UPI,SUCCESS
PAY011567,C000233,2025-12-27,999,CARD,FAILED
PAY011568,C000105,2026-05-10,1499,NET_BANKING,REFUNDED
PAY011569,C000954,2025-12-02,799,CARD,PENDING
PAY011570,C000357,2026-05-31,599,CARD,PENDING
PAY011571,C000470,2026-05-20,999,WALLET,SUCCESS
PAY011572,C000796,2026-08-23,299,WALLET,SUCCESS
PAY011573,C000565,2025-11-22,299,WALLET,REFUNDED
PAY011574,C000306,2026-07-15,399,UPI,SUCCESS
PAY011575,C000343,2026-05-03,499,CARD,FAILED
PAY011576,C000345,2026-01-17,199,NET_BANKING,REFUNDED
PAY011577,C000717,2026-01-13,399,UPI,REFUNDED
PAY011578,C000118,2026-03-21,999,CARD,REFUNDED
PAY011579,C000184,2026-07-07,399,UPI,FAILED
PAY011580,C000330,2026-07-31,999,CARD,REFUNDED
PAY011581,C000254,2026-06-23,999,NET_BANKING,SUCCESS
PAY011582,C000559,2025-10-03,799,NET_BANKING,PENDING
PAY011583,C000663,2026-04-18,799,WALLET,PENDING
PAY011584,C000548,2026-01-10,199,NET_BANKING,REFUNDED
PAY011585,C000680,2025-10-26,199,UPI,SUCCESS
PAY011586,C000033,2025-10-01,799,UPI,SUCCESS
PAY011587,C000670,2025-09-28,199,CARD,SUCCESS
PAY011588,C000218,2026-01-29,499,UPI,SUCCESS
PAY011589,C000164,2026-02-05,299,UPI,SUCCESS
PAY011590,C000785,2025-10-02,199,NET_BANKING,SUCCESS
PAY011591,C000725,2026-05-15,499,WALLET,SUCCESS
PAY011592,C000621,2025-09-29,1499,NET_BANKING,SUCCESS
PAY011593,C000332,2026-03-11,299,NET_BANKING,SUCCESS
PAY011594,C000717,2025-11-20,1499,UPI,REFUNDED
PAY011595,C000768,2026-04-07,599,NET_BANKING,FAILED
PAY011596,C000036,2025-11-08,499,UPI,SUCCESS
PAY011597,C000720,2025-10-11,799,WALLET,SUCCESS
PAY011598,C000470,2026-07-30,599,NET_BANKING,FAILED
PAY011599,C000098,2026-03-13,799,WALLET,SUCCESS
PAY011600,C000383,2026-07-31,199,CARD,REFUNDED
PAY011601,C000513,2026-02-09,799,NET_BANKING,SUCCESS
PAY011602,C000524,2026-03-08,199,CARD,FAILED
PAY011603,C000173,2026-06-22,999,CARD,SUCCESS
PAY011604,C000590,2026-04-10,499,WALLET,SUCCESS
PAY011605,C000879,2025-10-31,799,WALLET,SUCCESS
PAY011606,C000587,2026-04-24,399,WALLET,SUCCESS
PAY011607,C000983,2026-09-19,1499,UPI,FAILED
PAY011608,C000488,2025-11-22,499,NET_BANKING,SUCCESS
PAY011609,C000635,2026-04-12,399,NET_BANKING,SUCCESS
PAY011610,C000092,2026-04-02,499,UPI,SUCCESS
PAY011611,C000092,2025-12-06,499,WALLET,SUCCESS
PAY011612,C000947,2026-08-17,799,UPI,PENDING
PAY011613,C000202,2026-06-25,399,CARD,REFUNDED
PAY011614,C000399,2025-09-24,599,WALLET,SUCCESS
PAY011615,C000032,2026-03-18,199,UPI,SUCCESS
PAY011616,C000028,2025-11-15,599,WALLET,SUCCESS
PAY011617,C000445,2026-01-23,399,NET_BANKING,FAILED
PAY011618,C000559,2026-01-15,299,UPI,REFUNDED
PAY011619,C000016,2026-04-16,799,UPI,SUCCESS
PAY011620,C000374,2026-01-19,399,NET_BANKING,SUCCESS
PAY011621,C000332,2026-09-13,599,WALLET,SUCCESS
PAY011622,C000443,2026-07-12,599,UPI,SUCCESS
PAY011623,C000085,2026-03-02,599,WALLET,PENDING
PAY011624,C000877,2026-06-17,299,UPI,SUCCESS
PAY011625,C000135,2025-12-06,499,UPI,SUCCESS
PAY011626,C000918,2025-12-07,599,UPI,SUCCESS
PAY011627,C000858,2025-12-03,799,NET_BANKING,FAILED
PAY011628,C000623,2025-10-25,299,UPI,SUCCESS
PAY011629,C000519,2026-03-09,299,NET_BANKING,SUCCESS
PAY011630,C000512,2026-01-13,299,NET_BANKING,SUCCESS
PAY011631,C000013,2026-06-10,299,NET_BANKING,PENDING
PAY011632,C000034,2026-08-21,799,CARD,SUCCESS
PAY011633,C000728,2026-08-03,999,UPI,SUCCESS
PAY011634,C000330,2025-11-27,599,CARD,SUCCESS
PAY011635,C000063,2026-08-12,999,NET_BANKING,SUCCESS
PAY011636,C000871,2025-12-16,999,CARD,PENDING
PAY011637,C000225,2025-09-30,1499,WALLET,PENDING
PAY011638,C000919,2025-11-06,399,WALLET,SUCCESS
PAY011639,C000417,2026-02-06,999,WALLET,SUCCESS
PAY011640,C000420,2026-01-16,599,UPI,SUCCESS
PAY011641,C000114,2026-03-18,799,WALLET,SUCCESS
PAY011642,C000115,2026-08-28,999,WALLET,SUCCESS
PAY011643,C000658,2026-01-10,599,CARD,SUCCESS
PAY011644,C000102,2026-03-22,399,UPI,PENDING
PAY011645,C000816,2026-05-30,999,UPI,PENDING
PAY011646,C000403,2026-02-15,299,WALLET,SUCCESS
PAY011647,C000470,2026-08-16,1499,WALLET,SUCCESS
PAY011648,C000925,2025-10-22,299,NET_BANKING,REFUNDED
PAY011649,C000652,2025-12-03,299,NET_BANKING,REFUNDED
PAY011650,C000152,2025-12-07,199,NET_BANKING,SUCCESS
PAY011651,C000302,2026-07-20,299,CARD,SUCCESS
PAY011652,C000282,2026-02-08,299,UPI,REFUNDED
PAY011653,C000990,2025-12-09,199,UPI,SUCCESS
PAY011654,C000141,2026-07-26,1499,UPI,SUCCESS
PAY011655,C000837,2025-09-30,599,NET_BANKING,SUCCESS
PAY011656,C000855,2025-12-05,299,UPI,SUCCESS
PAY011657,C000611,2026-08-10,599,NET_BANKING,PENDING
PAY011658,C000328,2026-09-11,999,UPI,REFUNDED
PAY011659,C000780,2026-08-25,399,CARD,SUCCESS
PAY011660,C000568,2026-01-01,999,CARD,REFUNDED
PAY011661,C000506,2026-06-17,299,CARD,PENDING
PAY011662,C000604,2026-04-08,499,UPI,FAILED
PAY011663,C000564,2026-01-10,999,NET_BANKING,REFUNDED
PAY011664,C000354,2025-10-30,199,WALLET,REFUNDED
PAY011665,C000393,2025-11-03,599,NET_BANKING,REFUNDED
PAY011666,C000731,2026-04-11,999,NET_BANKING,PENDING
PAY011667,C000087,2026-08-10,299,NET_BANKING,PENDING
PAY011668,C000924,2026-09-09,499,CARD,SUCCESS
PAY011669,C000872,2026-09-09,599,CARD,PENDING
PAY011670,C000845,2025-12-13,199,UPI,FAILED
PAY011671,C000782,2025-12-07,799,NET_BANKING,SUCCESS
PAY011672,C000423,2026-06-15,299,UPI,REFUNDED
PAY011673,C000115,2026-02-01,399,NET_BANKING,FAILED
PAY011674,C000102,2026-03-13,299,CARD,SUCCESS
PAY011675,C000818,2025-12-10,499,UPI,SUCCESS
PAY011676,C000672,2026-05-10,399,WALLET,REFUNDED
PAY011677,C000922,2026-01-11,199,CARD,SUCCESS
PAY011678,C000345,2025-10-05,199,CARD,SUCCESS
PAY011679,C000541,2026-05-11,799,WALLET,SUCCESS
PAY011680,C000273,2026-08-05,799,CARD,FAILED
PAY011681,C000777,2026-06-27,399,CARD,REFUNDED
PAY011682,C000730,2026-03-24,799,NET_BANKING,SUCCESS
PAY011683,C000878,2025-10-22,199,WALLET,SUCCESS
PAY011684,C000999,2026-04-24,1499,UPI,SUCCESS
PAY011685,C000129,2026-06-08,1499,CARD,SUCCESS
PAY011686,C000075,2026-09-12,999,WALLET,SUCCESS
PAY011687,C000475,2025-11-28,599,UPI,SUCCESS
PAY011688,C000815,2026-06-18,799,WALLET,PENDING
PAY011689,C000660,2026-08-24,799,CARD,FAILED
PAY011690,C000627,2026-06-11,399,UPI,SUCCESS
PAY011691,C000347,2025-11-22,599,UPI,PENDING
PAY011692,C000854,2026-04-17,999,NET_BANKING,FAILED
PAY011693,C000847,2026-06-09,499,UPI,SUCCESS
PAY011694,C000003,2026-08-27,299,UPI,SUCCESS
PAY011695,C000666,2026-02-10,199,WALLET,SUCCESS
PAY011696,C000122,2026-05-09,199,CARD,SUCCESS
PAY011697,C000350,2025-10-18,799,NET_BANKING,FAILED
PAY011698,C000581,2025-10-29,299,NET_BANKING,SUCCESS
PAY011699,C000766,2026-08-06,399,WALLET,SUCCESS
PAY011700,C000705,2026-06-29,1499,WALLET,SUCCESS
PAY011701,C000543,2026-01-20,399,UPI,SUCCESS
PAY011702,C000528,2025-12-13,799,CARD,SUCCESS
PAY011703,C000633,2026-05-11,1499,UPI,SUCCESS
PAY011704,C000320,2026-02-08,499,CARD,SUCCESS
PAY011705,C000841,2026-09-05,299,WALLET,REFUNDED
PAY011706,C000692,2025-09-29,299,CARD,PENDING
PAY011707,C000502,2026-06-24,999,WALLET,SUCCESS
PAY011708,C000762,2025-10-17,399,CARD,REFUNDED
PAY011709,C000461,2026-09-20,799,UPI,PENDING
PAY011710,C000755,2026-01-19,599,UPI,REFUNDED
PAY011711,C000832,2026-09-07,499,NET_BANKING,SUCCESS
PAY011712,C000011,2025-11-04,499,NET_BANKING,SUCCESS
PAY011713,C000750,2026-03-04,199,WALLET,FAILED
PAY011714,C000390,2026-02-04,199,CARD,PENDING
PAY011715,C000948,2026-08-23,999,CARD,SUCCESS
PAY011716,C000172,2026-01-22,999,CARD,FAILED
PAY011717,C000157,2025-10-08,999,WALLET,SUCCESS
PAY011718,C000540,2026-03-28,799,UPI,PENDING
PAY011719,C000653,2026-01-12,599,NET_BANKING,PENDING
PAY011720,C000796,2026-06-13,399,NET_BANKING,SUCCESS
PAY011721,C000374,2026-04-15,999,WALLET,SUCCESS
PAY011722,C000276,2026-08-21,799,WALLET,SUCCESS
PAY011723,C000081,2026-02-17,499,UPI,FAILED
PAY011724,C000302,2026-09-09,299,WALLET,SUCCESS
PAY011725,C000528,2026-06-25,599,WALLET,REFUNDED
PAY011726,C000368,2025-12-13,299,NET_BANKING,SUCCESS
PAY011727,C000885,2026-02-28,399,UPI,SUCCESS
PAY011728,C000869,2025-10-26,199,CARD,PENDING
PAY011729,C000453,2026-01-30,199,WALLET,SUCCESS
PAY011730,C000281,2026-04-13,1499,NET_BANKING,PENDING
PAY011731,C000523,2025-10-20,1499,UPI,FAILED
PAY011732,C000173,2026-03-13,299,WALLET,FAILED
PAY011733,C000007,2026-06-22,599,UPI,SUCCESS
PAY011734,C000358,2026-06-10,299,UPI,SUCCESS
PAY011735,C000644,2026-08-22,199,CARD,SUCCESS
PAY011736,C000060,2025-10-14,399,CARD,REFUNDED
PAY011737,C000453,2026-01-05,299,WALLET,PENDING
PAY011738,C000733,2026-02-02,399,CARD,REFUNDED
PAY011739,C000835,2025-11-24,599,NET_BANKING,SUCCESS
PAY011740,C000072,2026-04-04,299,UPI,SUCCESS
PAY011741,C000529,2025-10-29,499,CARD,SUCCESS
PAY011742,C000118,2026-03-03,799,NET_BANKING,SUCCESS
PAY011743,C000757,2026-04-17,199,UPI,REFUNDED
PAY011744,C000121,2026-05-02,799,CARD,SUCCESS
PAY011745,C000327,2026-05-17,499,UPI,SUCCESS
PAY011746,C000978,2026-09-12,499,WALLET,FAILED
PAY011747,C000853,2026-04-12,599,CARD,SUCCESS
PAY011748,C000647,2026-05-30,799,WALLET,SUCCESS
PAY011749,C000256,2026-01-12,1499,NET_BANKING,REFUNDED
PAY011750,C000122,2026-04-24,299,CARD,SUCCESS
PAY011751,C000315,2026-01-17,199,WALLET,SUCCESS
PAY011752,C000316,2026-04-09,399,NET_BANKING,SUCCESS
PAY011753,C000066,2026-08-23,1499,NET_BANKING,SUCCESS
PAY011754,C000489,2026-07-12,399,CARD,SUCCESS
PAY011755,C000923,2025-11-23,499,WALLET,FAILED
PAY011756,C000137,2025-10-13,1499,CARD,REFUNDED
PAY011757,C000561,2026-02-27,799,WALLET,SUCCESS
PAY011758,C000443,2026-08-19,199,WALLET,PENDING
PAY011759,C000434,2026-04-05,199,CARD,SUCCESS
PAY011760,C000571,2026-01-20,299,NET_BANKING,REFUNDED
PAY011761,C000826,2026-01-02,299,WALLET,SUCCESS
PAY011762,C000357,2026-03-31,599,UPI,FAILED
PAY011763,C000844,2025-11-18,199,WALLET,SUCCESS
PAY011764,C000017,2026-07-15,999,NET_BANKING,SUCCESS
PAY011765,C000563,2026-05-02,1499,NET_BANKING,SUCCESS
PAY011766,C000261,2026-01-14,1499,WALLET,SUCCESS
PAY011767,C000234,2026-09-19,599,NET_BANKING,SUCCESS
PAY011768,C000068,2026-09-10,599,NET_BANKING,REFUNDED
PAY011769,C000313,2026-05-11,499,UPI,SUCCESS
PAY011770,C000573,2026-04-18,599,CARD,REFUNDED
PAY011771,C000566,2025-10-21,599,WALLET,REFUNDED
PAY011772,C000291,2026-07-30,199,NET_BANKING,SUCCESS
PAY011773,C000086,2026-04-25,299,CARD,SUCCESS
PAY011774,C000346,2026-05-09,1499,NET_BANKING,REFUNDED
PAY011775,C000470,2026-05-12,1499,NET_BANKING,REFUNDED
PAY011776,C000027,2026-06-12,199,WALLET,SUCCESS
PAY011777,C000190,2025-11-02,999,UPI,SUCCESS
PAY011778,C000944,2026-05-13,799,CARD,SUCCESS
PAY011779,C000352,2026-01-27,299,WALLET,SUCCESS
PAY011780,C000952,2025-11-04,999,NET_BANKING,SUCCESS
PAY011781,C000728,2026-04-02,999,UPI,FAILED
PAY011782,C000194,2026-05-02,499,UPI,SUCCESS
PAY011783,C000779,2026-08-03,199,UPI,SUCCESS
PAY011784,C000446,2026-04-30,399,CARD,SUCCESS
PAY011785,C000893,2026-03-31,1499,NET_BANKING,SUCCESS
PAY011786,C000252,2026-07-24,799,WALLET,REFUNDED
PAY011787,C000653,2025-10-17,799,WALLET,SUCCESS
PAY011788,C000752,2026-05-10,399,UPI,PENDING
PAY011789,C000851,2026-05-31,999,UPI,SUCCESS
PAY011790,C000433,2025-11-16,399,NET_BANKING,SUCCESS
PAY011791,C000107,2026-05-15,199,NET_BANKING,SUCCESS
PAY011792,C000063,2026-07-28,799,NET_BANKING,SUCCESS
PAY011793,C000381,2026-08-09,599,WALLET,FAILED
PAY011794,C000335,2026-07-07,599,CARD,REFUNDED
PAY011795,C000804,2026-04-16,599,UPI,SUCCESS
PAY011796,C000935,2025-11-06,599,NET_BANKING,PENDING
PAY011797,C000880,2026-07-27,599,NET_BANKING,SUCCESS
PAY011798,C000682,2025-11-14,299,UPI,FAILED
PAY011799,C000073,2026-06-27,999,NET_BANKING,SUCCESS
PAY011800,C000360,2025-12-02,299,UPI,SUCCESS
PAY011801,C000065,2025-11-11,299,NET_BANKING,SUCCESS
PAY011802,C000490,2026-07-27,999,WALLET,SUCCESS
PAY011803,C000275,2026-08-30,599,CARD,PENDING
PAY011804,C000449,2026-07-27,1499,UPI,SUCCESS
PAY011805,C000816,2026-07-21,1499,UPI,FAILED
PAY011806,C000846,2026-06-03,499,UPI,SUCCESS
PAY011807,C000858,2026-07-11,1499,WALLET,SUCCESS
PAY011808,C000273,2026-03-31,199,CARD,SUCCESS
PAY011809,C000593,2026-01-17,1499,NET_BANKING,FAILED
PAY011810,C000432,2026-04-15,799,NET_BANKING,FAILED
PAY011811,C000954,2026-05-14,199,NET_BANKING,SUCCESS
PAY011812,C000134,2026-07-28,999,WALLET,FAILED
PAY011813,C000431,2025-11-29,599,CARD,SUCCESS
PAY011814,C000772,2026-09-18,799,UPI,SUCCESS
PAY011815,C000659,2025-10-30,799,CARD,SUCCESS
PAY011816,C000502,2025-11-13,999,NET_BANKING,PENDING
PAY011817,C000805,2026-08-05,199,NET_BANKING,FAILED
PAY011818,C000994,2026-06-28,1499,UPI,SUCCESS
PAY011819,C000841,2026-08-26,999,NET_BANKING,SUCCESS
PAY011820,C000272,2025-10-16,499,WALLET,REFUNDED
PAY011821,C000147,2025-10-23,1499,NET_BANKING,SUCCESS
PAY011822,C000620,2026-09-07,599,WALLET,REFUNDED
PAY011823,C000998,2026-09-03,499,WALLET,SUCCESS
PAY011824,C000316,2026-07-29,1499,WALLET,FAILED
PAY011825,C000238,2025-10-22,199,WALLET,SUCCESS
PAY011826,C000155,2026-06-02,999,UPI,PENDING
PAY011827,C000438,2025-11-23,599,UPI,SUCCESS
PAY011828,C000570,2026-07-09,999,CARD,SUCCESS
PAY011829,C000459,2026-08-03,599,NET_BANKING,FAILED
PAY011830,C000526,2025-10-02,1499,NET_BANKING,REFUNDED
PAY011831,C000494,2026-08-20,999,CARD,SUCCESS
PAY011832,C000482,2026-03-20,199,CARD,PENDING
PAY011833,C000333,2026-06-10,999,NET_BANKING,PENDING
PAY011834,C000430,2025-12-24,399,WALLET,PENDING
PAY011835,C000378,2026-02-07,999,WALLET,SUCCESS
PAY011836,C000441,2026-04-29,399,WALLET,SUCCESS
PAY011837,C000592,2026-06-10,599,UPI,PENDING
PAY011838,C000189,2026-05-03,599,CARD,SUCCESS
PAY011839,C000191,2025-12-07,799,NET_BANKING,SUCCESS
PAY011840,C000472,2026-02-24,399,CARD,SUCCESS
PAY011841,C000132,2025-12-13,299,NET_BANKING,FAILED
PAY011842,C000124,2026-06-06,599,CARD,PENDING
PAY011843,C000013,2025-12-04,299,CARD,SUCCESS
PAY011844,C000304,2026-07-23,1499,CARD,SUCCESS
PAY011845,C000834,2026-06-26,1499,WALLET,SUCCESS
PAY011846,C000449,2026-08-25,799,NET_BANKING,SUCCESS
PAY011847,C000156,2025-10-23,299,NET_BANKING,SUCCESS
PAY011848,C000040,2025-09-25,299,NET_BANKING,SUCCESS
PAY011849,C000628,2026-05-01,799,UPI,PENDING
PAY011850,C000425,2026-01-30,1499,CARD,REFUNDED
PAY011851,C000073,2026-01-30,299,WALLET,REFUNDED
PAY011852,C000658,2026-05-11,999,NET_BANKING,SUCCESS
PAY011853,C000056,2026-05-22,999,CARD,SUCCESS
PAY011854,C000445,2026-03-07,499,WALLET,SUCCESS
PAY011855,C000183,2025-12-14,299,NET_BANKING,PENDING
PAY011856,C000368,2025-10-27,499,NET_BANKING,SUCCESS
PAY011857,C000480,2025-12-25,999,CARD,REFUNDED
PAY011858,C000604,2026-05-28,299,WALLET,FAILED
PAY011859,C000734,2025-10-18,399,CARD,FAILED
PAY011860,C000456,2026-04-28,499,UPI,PENDING
PAY011861,C000557,2026-05-13,999,CARD,REFUNDED
PAY011862,C000531,2026-05-03,799,CARD,SUCCESS
PAY011863,C000768,2026-09-17,299,WALLET,SUCCESS
PAY011864,C000353,2026-08-07,399,WALLET,PENDING
PAY011865,C000722,2025-12-08,299,UPI,SUCCESS
PAY011866,C000942,2025-10-19,399,WALLET,SUCCESS
PAY011867,C000013,2025-12-04,999,WALLET,FAILED
PAY011868,C000559,2026-04-23,599,UPI,FAILED
PAY011869,C000659,2025-12-08,799,UPI,PENDING
PAY011870,C000577,2026-07-28,1499,WALLET,REFUNDED
PAY011871,C000112,2026-04-24,599,WALLET,SUCCESS
PAY011872,C000060,2026-01-08,799,NET_BANKING,SUCCESS
PAY011873,C000197,2026-09-22,499,WALLET,SUCCESS
PAY011874,C000861,2026-06-05,499,CARD,PENDING
PAY011875,C000527,2026-08-27,1499,WALLET,PENDING
PAY011876,C000491,2025-10-10,399,UPI,SUCCESS
PAY011877,C000053,2026-08-04,499,UPI,SUCCESS
PAY011878,C000375,2026-02-08,199,NET_BANKING,SUCCESS
PAY011879,C000594,2026-08-10,299,WALLET,SUCCESS
PAY011880,C000361,2026-09-22,599,UPI,FAILED
PAY011881,C000618,2026-05-23,799,WALLET,SUCCESS
PAY011882,C000562,2026-05-08,499,CARD,FAILED
PAY011883,C000850,2026-07-06,1499,NET_BANKING,SUCCESS
PAY011884,C000226,2026-09-03,499,CARD,PENDING
PAY011885,C000245,2025-11-05,799,CARD,SUCCESS
PAY011886,C000928,2025-10-09,999,UPI,SUCCESS
PAY011887,C000101,2026-09-02,399,CARD,PENDING
PAY011888,C000784,2026-01-19,599,CARD,SUCCESS
PAY011889,C000183,2026-04-15,1499,NET_BANKING,SUCCESS
PAY011890,C000845,2025-10-22,299,UPI,SUCCESS
PAY011891,C000588,2026-03-24,299,WALLET,PENDING
PAY011892,C000327,2026-01-14,199,NET_BANKING,SUCCESS
PAY011893,C000025,2026-02-10,199,CARD,SUCCESS
PAY011894,C000989,2026-08-11,599,CARD,REFUNDED
PAY011895,C000565,2026-09-15,1499,NET_BANKING,SUCCESS
PAY011896,C000588,2026-03-13,199,CARD,SUCCESS
PAY011897,C000677,2026-08-18,1499,UPI,SUCCESS
PAY011898,C000277,2025-11-09,799,UPI,PENDING
PAY011899,C000615,2025-09-28,199,NET_BANKING,SUCCESS
PAY011900,C000343,2026-08-17,1499,NET_BANKING,SUCCESS
PAY011901,C000978,2026-05-23,999,UPI,SUCCESS
PAY011902,C000833,2025-10-28,499,CARD,FAILED
PAY011903,C000084,2025-10-31,399,WALLET,SUCCESS
PAY011904,C000371,2026-08-27,299,CARD,PENDING
PAY011905,C000912,2026-09-13,399,NET_BANKING,FAILED
PAY011906,C000224,2026-06-24,299,NET_BANKING,SUCCESS
PAY011907,C000352,2026-02-13,599,UPI,SUCCESS
PAY011908,C000942,2026-08-25,1499,UPI,REFUNDED
PAY011909,C000032,2026-03-09,299,WALLET,SUCCESS
PAY011910,C000401,2026-08-18,499,NET_BANKING,SUCCESS
PAY011911,C000771,2026-01-03,1499,CARD,SUCCESS
PAY011912,C000567,2026-05-10,599,CARD,SUCCESS
PAY011913,C000343,2025-11-24,599,CARD,SUCCESS
PAY011914,C000108,2026-07-07,999,UPI,FAILED
PAY011915,C000928,2026-09-12,1499,UPI,SUCCESS
PAY011916,C000965,2026-06-21,199,WALLET,SUCCESS
PAY011917,C000293,2026-06-10,199,NET_BANKING,FAILED
PAY011918,C000278,2026-07-15,499,CARD,FAILED
PAY011919,C000988,2026-05-29,399,WALLET,FAILED
PAY011920,C000169,2026-06-16,399,WALLET,SUCCESS
PAY011921,C000800,2025-11-14,999,UPI,REFUNDED
PAY011922,C000163,2025-11-07,499,NET_BANKING,PENDING
PAY011923,C000084,2026-01-06,999,CARD,REFUNDED
PAY011924,C000485,2026-06-17,999,NET_BANKING,SUCCESS
PAY011925,C000694,2026-01-21,799,UPI,SUCCESS
PAY011926,C000631,2026-01-14,199,WALLET,SUCCESS
PAY011927,C000939,2025-10-01,399,UPI,FAILED
PAY011928,C000355,2026-04-16,199,CARD,SUCCESS
PAY011929,C000075,2025-12-03,199,WALLET,FAILED
PAY011930,C000268,2025-10-24,499,UPI,SUCCESS
PAY011931,C000077,2026-07-21,399,CARD,SUCCESS
PAY011932,C000496,2025-12-21,999,CARD,SUCCESS
PAY011933,C000133,2026-02-04,299,UPI,SUCCESS
PAY011934,C000633,2026-05-21,799,CARD,PENDING
PAY011935,C000033,2026-08-10,999,CARD,SUCCESS
PAY011936,C000365,2026-05-24,399,NET_BANKING,REFUNDED
PAY011937,C000696,2026-09-09,399,NET_BANKING,SUCCESS
PAY011938,C000763,2026-02-09,1499,UPI,REFUNDED
PAY011939,C000797,2026-01-16,299,CARD,SUCCESS
PAY011940,C000527,2026-07-29,199,UPI,SUCCESS
PAY011941,C000668,2025-11-25,1499,WALLET,SUCCESS
PAY011942,C000138,2026-03-27,399,WALLET,SUCCESS
PAY011943,C000362,2026-06-09,1499,UPI,SUCCESS
PAY011944,C000606,2026-01-11,499,UPI,PENDING
PAY011945,C000515,2025-12-24,1499,UPI,SUCCESS
PAY011946,C000568,2026-08-28,199,UPI,REFUNDED
PAY011947,C000263,2026-05-18,199,NET_BANKING,PENDING
PAY011948,C000910,2025-12-14,1499,WALLET,FAILED
PAY011949,C000175,2026-02-03,799,WALLET,PENDING
PAY011950,C000448,2025-11-03,799,CARD,SUCCESS
PAY011951,C000436,2026-08-21,599,UPI,SUCCESS
PAY011952,C000432,2026-09-02,599,CARD,SUCCESS
PAY011953,C000197,2026-01-07,1499,UPI,SUCCESS
PAY011954,C000128,2026-09-12,599,NET_BANKING,SUCCESS
PAY011955,C000634,2026-04-09,399,WALLET,SUCCESS
PAY011956,C000939,2025-12-10,499,NET_BANKING,SUCCESS
PAY011957,C000076,2026-03-18,799,NET_BANKING,SUCCESS
PAY011958,C000104,2026-09-13,199,WALLET,REFUNDED
PAY011959,C000323,2026-08-14,799,WALLET,FAILED
PAY011960,C000217,2025-10-26,299,WALLET,PENDING
PAY011961,C000506,2026-01-17,299,WALLET,PENDING
PAY011962,C000178,2025-10-11,999,NET_BANKING,SUCCESS
PAY011963,C000800,2026-07-29,599,NET_BANKING,SUCCESS
PAY011964,C000828,2026-05-30,499,NET_BANKING,SUCCESS
PAY011965,C000495,2026-08-24,199,CARD,SUCCESS
PAY011966,C000177,2026-09-11,999,WALLET,PENDING
PAY011967,C000639,2026-07-27,999,UPI,SUCCESS
PAY011968,C000434,2026-09-14,499,UPI,SUCCESS
PAY011969,C000533,2026-02-22,1499,UPI,SUCCESS
PAY011970,C000616,2025-10-20,799,NET_BANKING,FAILED
PAY011971,C000236,2025-10-27,1499,WALLET,REFUNDED
PAY011972,C000674,2026-01-04,499,WALLET,SUCCESS
PAY011973,C000591,2026-07-17,1499,NET_BANKING,REFUNDED
PAY011974,C000891,2026-05-03,999,NET_BANKING,PENDING
PAY011975,C000702,2026-07-22,399,NET_BANKING,SUCCESS
PAY011976,C000005,2026-04-11,299,UPI,SUCCESS
PAY011977,C000807,2025-11-28,999,CARD,SUCCESS
PAY011978,C000025,2026-08-04,199,NET_BANKING,SUCCESS
PAY011979,C000984,2026-06-08,299,UPI,FAILED
PAY011980,C000885,2026-05-27,299,UPI,FAILED
PAY011981,C000307,2026-03-09,199,CARD,FAILED
PAY011982,C000149,2025-12-25,599,NET_BANKING,SUCCESS
PAY011983,C000485,2026-06-21,199,NET_BANKING,SUCCESS
PAY011984,C000637,2026-07-29,799,CARD,SUCCESS
PAY011985,C000400,2026-01-10,599,CARD,FAILED
PAY011986,C000791,2026-06-02,199,NET_BANKING,SUCCESS
PAY011987,C000237,2026-03-25,399,NET_BANKING,SUCCESS
PAY011988,C000401,2026-07-19,199,CARD,SUCCESS
PAY011989,C000459,2026-07-21,399,WALLET,PENDING
PAY011990,C000570,2026-04-22,399,WALLET,SUCCESS
PAY011991,C000870,2026-01-20,499,CARD,FAILED
PAY011992,C000734,2025-11-15,799,WALLET,FAILED
PAY011993,C000523,2026-09-15,1499,UPI,SUCCESS
PAY011994,C000090,2026-04-26,299,CARD,PENDING
PAY011995,C000843,2025-12-30,199,CARD,REFUNDED
PAY011996,C000153,2025-12-22,299,UPI,FAILED
PAY011997,C000127,2026-09-19,599,CARD,REFUNDED
PAY011998,C000161,2026-03-18,599,NET_BANKING,SUCCESS
PAY011999,C000025,2026-03-19,999,CARD,SUCCESS
PAY012000,C000777,2026-06-16,799,CARD,PENDING
