usage_id,customer_id,usage_date,data_used_gb,voice_minutes,sms_count
U000001,C000904,2026-02-07,0.5,55,37
U000002,C000295,2026-04-07,3.9,235,68
U000003,C000741,2025-12-14,3.48,1,28
U000004,C000837,2025-11-24,3.71,134,77
U000005,C000701,2025-12-19,4.56,112,21
U000006,C000706,2026-08-11,1.61,28,4
U000007,C000074,2026-06-17,0.6,27,34
U000008,C000473,2026-05-12,3.51,222,11
U000009,C000338,2025-09-29,3.63,71,81
U000010,C000521,2026-04-18,3.67,223,50
U000011,C000711,2026-03-19,2.85,201,42
U000012,C000368,2025-11-21,2.76,218,41
U000013,C000065,2026-01-24,2.43,175,70
U000014,C000822,2025-12-16,2.01,26,82
U000015,C000625,2025-11-04,2.12,108,46
U000016,C000352,2025-11-21,1.7,18,53
U000017,C000189,2025-12-06,2.81,78,32
U000018,C000354,2026-03-13,3.62,59,52
U000019,C000767,2026-06-24,0.27,185,80
U000020,C000587,2026-06-12,0.12,259,75
U000021,C000315,2026-09-10,2.65,81,7
U000022,C000055,2026-09-04,4.57,108,40
U000023,C000969,2026-05-19,2.72,230,38
U000024,C000968,2026-07-08,1.65,211,59
U000025,C000353,2025-10-05,1.06,135,11
U000026,C000738,2026-07-25,0.27,126,98
U000027,C000756,2026-09-03,2.39,75,76
U000028,C000502,2025-11-02,2.57,266,8
U000029,C000932,2026-03-05,3.13,268,21
U000030,C000991,2026-01-11,1.23,12,5
U000031,C000800,2026-08-29,0.35,161,24
U000032,C000303,2026-04-05,3.09,285,33
U000033,C000128,2026-01-10,2.8,127,64
U000034,C000932,2025-11-16,3.92,3,25
U000035,C000723,2025-10-11,0.13,61,47
U000036,C000525,2026-01-05,0.59,87,57
U000037,C000191,2026-01-08,2.22,54,100
U000038,C000293,2025-12-13,1.76,166,79
U000039,C000127,2026-02-13,1.34,112,55
U000040,C000388,2026-04-11,3.64,61,51
U000041,C000127,2026-02-17,4.03,227,83
U000042,C000927,2026-05-08,3.34,179,83
U000043,C000383,2026-05-03,2.45,100,69
U000044,C000692,2025-10-23,4.55,85,18
U000045,C000810,2026-02-09,1.37,51,62
U000046,C000476,2026-09-08,1.61,131,27
U000047,C000765,2026-07-20,3.74,263,19
U000048,C000387,2026-03-18,3.75,154,7
U000049,C000719,2026-02-01,2.78,250,86
U000050,C000765,2026-01-31,2.59,121,75
U000051,C000828,2026-05-17,2.24,127,75
U000052,C000276,2026-04-04,1.59,70,44
U000053,C000127,2025-10-25,0.6,45,79
U000054,C000107,2025-10-25,0.56,36,30
U000055,C000553,2026-08-03,2.97,272,26
U000056,C000683,2025-10-16,2.0,242,39
U000057,C000532,2026-02-20,0.96,144,2
U000058,C000575,2026-04-02,1.0,267,94
U000059,C000394,2025-11-01,3.93,184,57
U000060,C000066,2025-11-18,1.23,80,45
U000061,C000156,2026-05-25,4.6,272,50
U000062,C000073,2025-10-03,1.64,138,37
U000063,C000885,2026-05-19,0.78,251,40
U000064,C000942,2026-07-24,0.89,13,76
U000065,C000478,2026-02-15,2.54,297,32
U000066,C000277,2026-04-22,3.79,165,39
U000067,C000654,2026-04-07,1.9,277,34
U000068,C000457,2026-09-21,0.5,228,44
U000069,C000917,2025-11-11,3.17,161,22
U000070,C000989,2026-07-04,2.42,237,67
U000071,C000235,2026-05-06,1.09,282,1
U000072,C000709,2026-01-04,0.62,30,60
U000073,C000706,2025-12-03,4.65,175,45
U000074,C000368,2026-06-21,4.68,109,94
U000075,C000220,2026-03-18,2.62,83,65
U000076,C000559,2026-01-15,1.57,183,51
U000077,C000875,2026-07-12,2.28,254,61
U000078,C000880,2026-02-13,2.91,85,90
U000079,C000229,2025-11-05,0.86,45,67
U000080,C000819,2026-04-07,4.65,5,95
U000081,C000335,2025-11-21,0.71,132,66
U000082,C000063,2026-08-09,0.79,62,65
U000083,C000152,2026-03-12,2.08,216,6
U000084,C000772,2026-06-09,1.61,284,17
U000085,C000083,2026-08-31,0.36,120,9
U000086,C000398,2026-08-28,0.28,246,96
U000087,C000831,2026-05-25,3.03,146,49
U000088,C000746,2026-01-10,4.69,198,75
U000089,C000669,2026-08-09,4.37,117,3
U000090,C000583,2026-01-11,1.67,40,78
U000091,C000731,2026-08-06,0.36,270,53
U000092,C000394,2026-01-14,3.51,278,0
U000093,C000912,2026-04-17,4.06,57,66
U000094,C000549,2026-03-22,2.44,261,68
U000095,C000034,2026-04-29,3.05,131,86
U000096,C000707,2026-07-15,1.27,68,51
U000097,C000586,2026-09-06,4.57,216,36
U000098,C000710,2026-08-06,2.67,3,62
U000099,C000998,2026-07-28,4.12,45,44
U000100,C000009,2026-07-22,4.88,222,40
U000101,C000119,2026-09-17,0.94,116,89
U000102,C000093,2026-08-25,0.17,136,54
U000103,C000859,2025-12-11,4.56,121,2
U000104,C000235,2026-06-27,3.06,15,34
U000105,C000769,2026-01-09,1.09,166,69
U000106,C000958,2026-08-27,2.85,190,18
U000107,C000018,2025-11-03,1.0,84,71
U000108,C000636,2026-06-16,0.75,255,70
U000109,C000086,2026-03-10,1.2,202,90
U000110,C000740,2025-09-28,1.53,237,87
U000111,C000260,2025-12-10,4.0,36,42
U000112,C000617,2026-01-10,3.96,130,50
U000113,C000095,2025-12-04,3.29,38,21
U000114,C000867,2026-02-06,2.6,31,55
U000115,C000778,2026-03-03,3.17,293,82
U000116,C000046,2026-08-26,4.45,13,55
U000117,C000994,2025-10-31,3.22,139,35
U000118,C000867,2025-11-21,3.41,163,55
U000119,C000834,2026-08-09,0.5,194,92
U000120,C000492,2026-05-25,3.86,296,84
U000121,C000753,2025-11-25,4.58,176,63
U000122,C000679,2026-07-12,4.74,105,56
U000123,C000884,2026-04-21,3.64,22,66
U000124,C000457,2025-12-14,2.39,256,11
U000125,C000387,2025-10-24,1.49,120,62
U000126,C000760,2026-02-19,3.21,86,100
U000127,C000936,2025-12-23,4.21,14,71
U000128,C000307,2026-05-09,0.99,234,88
U000129,C000088,2026-08-17,2.16,276,92
U000130,C000086,2026-03-15,0.84,2,26
U000131,C000059,2026-04-24,2.71,57,52
U000132,C000423,2026-02-26,4.1,41,59
U000133,C000649,2025-10-14,4.55,69,7
U000134,C000487,2026-04-09,2.04,20,76
U000135,C000578,2026-01-28,2.94,170,93
U000136,C000383,2026-01-31,0.18,230,43
U000137,C000305,2026-05-18,1.96,93,72
U000138,C000005,2025-10-13,4.5,48,40
U000139,C000159,2025-11-10,2.28,100,0
U000140,C000012,2026-04-25,2.14,26,22
U000141,C000202,2026-01-21,2.38,267,98
U000142,C000160,2025-11-25,3.02,142,20
U000143,C000476,2025-11-22,2.02,214,96
U000144,C000664,2026-03-07,1.45,52,16
U000145,C000582,2026-09-22,1.47,34,94
U000146,C000707,2026-08-05,4.03,163,13
U000147,C000391,2026-06-30,4.98,222,87
U000148,C000823,2026-08-17,3.21,280,88
U000149,C000484,2026-07-14,4.77,23,44
U000150,C000965,2025-10-05,3.24,70,58
U000151,C000522,2025-11-13,3.12,288,1
U000152,C000821,2026-06-15,3.36,231,78
U000153,C000554,2026-03-10,4.18,254,67
U000154,C000578,2026-03-22,1.96,246,43
U000155,C000947,2026-05-08,0.18,87,90
U000156,C000696,2026-02-13,2.52,66,0
U000157,C000369,2026-06-22,2.2,218,82
U000158,C000706,2026-01-24,1.6,284,66
U000159,C000543,2026-05-06,4.68,64,98
U000160,C000953,2026-09-16,3.77,149,20
U000161,C000142,2026-05-07,0.29,88,65
U000162,C000553,2025-09-27,1.64,237,70
U000163,C000877,2026-03-14,2.14,32,12
U000164,C000345,2026-07-04,0.49,259,14
U000165,C000482,2026-09-14,4.46,92,20
U000166,C000389,2025-11-11,4.05,151,95
U000167,C000692,2025-09-30,4.36,178,91
U000168,C000197,2026-07-27,3.95,232,20
U000169,C000061,2025-12-07,1.34,235,77
U000170,C000264,2026-06-15,3.0,122,81
U000171,C000547,2026-09-13,1.7,117,68
U000172,C000242,2026-02-11,0.25,152,72
U000173,C000393,2026-09-12,4.31,38,79
U000174,C000272,2025-10-12,4.57,266,41
U000175,C000127,2026-08-05,0.41,8,64
U000176,C000298,2026-09-08,1.74,251,70
U000177,C000303,2026-04-06,1.97,0,44
U000178,C000636,2026-02-11,4.02,155,80
U000179,C000168,2026-08-30,4.32,250,40
U000180,C000180,2026-07-31,1.17,228,97
U000181,C000273,2025-10-18,3.5,41,93
U000182,C000607,2026-07-14,2.94,23,90
U000183,C000779,2026-07-05,0.81,198,88
U000184,C000080,2026-08-25,2.45,287,15
U000185,C000899,2026-07-22,0.84,232,4
U000186,C000861,2026-07-28,0.73,161,53
U000187,C000187,2026-08-10,1.13,201,42
U000188,C000982,2025-10-28,1.94,114,32
U000189,C000413,2025-12-22,3.14,13,11
U000190,C000181,2026-03-26,1.21,161,33
U000191,C000347,2025-12-22,4.25,218,13
U000192,C000002,2026-09-09,3.49,293,25
U000193,C000249,2026-07-22,4.71,144,64
U000194,C000540,2026-01-21,3.77,116,39
U000195,C000740,2026-01-09,2.95,37,46
U000196,C000023,2025-11-29,2.91,31,66
U000197,C000495,2025-11-14,3.13,161,99
U000198,C000561,2026-06-19,1.02,156,9
U000199,C000141,2026-07-19,3.54,101,22
U000200,C000870,2026-06-12,4.25,16,84
U000201,C000136,2026-08-21,2.28,214,91
U000202,C000417,2026-08-22,0.77,13,53
U000203,C000123,2025-09-29,4.47,85,93
U000204,C000087,2025-12-01,1.9,189,69
U000205,C000685,2026-04-28,0.8,295,48
U000206,C000560,2026-05-05,2.07,228,50
U000207,C000604,2026-01-27,1.72,126,8
U000208,C000738,2025-10-05,3.4,233,76
U000209,C000909,2026-08-25,2.23,292,20
U000210,C000076,2025-10-13,1.38,281,51
U000211,C000890,2026-04-15,1.44,22,27
U000212,C000628,2026-08-03,2.29,82,15
U000213,C000043,2025-10-03,4.93,123,48
U000214,C000115,2025-10-14,3.24,12,4
U000215,C000727,2025-10-09,3.54,100,33
U000216,C000502,2026-07-25,2.04,72,99
U000217,C000091,2026-02-26,4.73,18,43
U000218,C000211,2026-09-05,4.35,203,2
U000219,C000124,2026-07-27,3.15,251,33
U000220,C000364,2025-10-22,2.47,294,91
U000221,C000490,2025-11-22,1.15,4,91
U000222,C000500,2026-02-05,3.64,246,5
U000223,C000177,2026-01-14,0.75,250,26
U000224,C000965,2026-07-17,4.24,42,22
U000225,C000521,2025-11-29,3.97,209,65
U000226,C000831,2025-11-15,4.07,197,47
U000227,C000455,2026-06-18,0.15,42,54
U000228,C000380,2026-06-27,1.71,115,91
U000229,C000333,2026-06-01,2.86,282,74
U000230,C000436,2025-12-30,2.44,14,28
U000231,C000250,2026-08-10,2.0,183,3
U000232,C000431,2025-10-05,4.17,70,10
U000233,C000944,2026-02-26,0.12,62,4
U000234,C000119,2026-05-16,0.49,199,91
U000235,C000677,2026-08-28,3.53,205,65
U000236,C000862,2025-11-09,4.07,166,13
U000237,C000558,2025-10-27,2.19,91,17
U000238,C000015,2026-02-23,1.61,195,13
U000239,C000835,2025-12-10,3.29,258,79
U000240,C000283,2026-07-12,1.07,176,29
U000241,C000411,2026-01-21,4.97,4,50
U000242,C000678,2026-04-20,2.83,298,53
U000243,C000628,2025-12-22,1.3,131,9
U000244,C000236,2025-10-31,0.37,150,75
U000245,C000328,2026-04-07,1.12,93,93
U000246,C000892,2026-07-01,1.04,9,58
U000247,C000151,2026-04-22,0.76,71,74
U000248,C000994,2026-07-20,2.43,134,17
U000249,C000735,2026-07-08,1.35,276,10
U000250,C000156,2026-01-25,3.26,251,30
U000251,C000481,2025-11-02,2.33,162,41
U000252,C000742,2026-05-24,1.66,218,56
U000253,C000295,2026-09-14,1.12,0,3
U000254,C000777,2026-05-16,2.02,141,67
U000255,C000482,2026-03-15,2.33,222,54
U000256,C000204,2025-10-01,3.11,73,68
U000257,C000621,2026-04-14,0.55,259,84
U000258,C000694,2026-07-27,1.08,258,90
U000259,C000670,2025-11-12,2.23,293,72
U000260,C000130,2025-10-20,4.34,262,86
U000261,C000296,2026-03-20,0.21,196,19
U000262,C000526,2026-04-06,4.23,253,73
U000263,C000955,2026-06-06,2.42,235,17
U000264,C000432,2026-06-27,4.79,137,85
U000265,C000508,2026-03-26,0.82,13,80
U000266,C000156,2026-03-11,2.25,20,72
U000267,C000843,2026-02-01,1.61,261,29
U000268,C000061,2026-06-25,2.64,286,63
U000269,C000851,2025-12-14,2.33,125,65
U000270,C000839,2025-10-30,4.05,12,76
U000271,C000939,2026-09-16,3.32,222,59
U000272,C000080,2025-10-17,1.05,131,45
U000273,C000278,2026-04-24,0.69,108,64
U000274,C000414,2025-09-26,4.51,24,27
U000275,C000415,2026-08-26,4.83,233,4
U000276,C000872,2026-04-21,2.64,155,2
U000277,C000050,2026-07-27,4.33,187,4
U000278,C000235,2026-03-08,3.91,260,40
U000279,C000639,2025-12-24,3.47,15,59
U000280,C000662,2026-03-04,1.08,36,76
U000281,C000496,2026-03-14,1.66,7,68
U000282,C000007,2026-05-08,2.38,113,98
U000283,C000655,2025-12-06,2.7,272,7
U000284,C000855,2026-06-02,4.3,121,48
U000285,C000918,2026-04-18,0.79,49,63
U000286,C000617,2025-10-10,3.14,190,95
U000287,C000186,2026-05-24,0.4,89,36
U000288,C000231,2025-10-16,4.38,216,9
U000289,C000100,2026-04-11,4.99,86,51
U000290,C000718,2026-01-20,2.5,230,7
U000291,C000344,2026-03-31,1.4,31,30
U000292,C000950,2026-05-12,0.41,297,54
U000293,C000115,2026-02-12,0.72,58,13
U000294,C000694,2026-06-05,2.28,144,38
U000295,C000996,2026-01-10,2.36,149,51
U000296,C000649,2026-04-16,0.1,0,66
U000297,C000865,2026-02-06,2.28,292,85
U000298,C000075,2026-06-22,0.4,263,72
U000299,C000538,2026-07-17,0.19,163,46
U000300,C000157,2026-09-22,0.88,26,48
U000301,C000213,2025-11-03,3.54,172,76
U000302,C000142,2026-05-18,1.56,39,19
U000303,C000350,2026-03-27,4.4,201,83
U000304,C000615,2026-08-10,1.37,180,72
U000305,C000309,2026-02-23,4.9,38,80
U000306,C000426,2026-04-10,3.63,191,9
U000307,C000369,2026-01-28,1.97,85,80
U000308,C000235,2025-10-20,4.77,127,53
U000309,C000857,2026-07-17,0.15,158,23
U000310,C000867,2026-03-17,2.36,110,45
U000311,C000566,2026-06-13,4.55,167,53
U000312,C000216,2026-06-21,2.68,268,92
U000313,C000938,2026-08-01,2.17,30,90
U000314,C000245,2025-11-29,4.58,221,51
U000315,C000708,2026-05-29,0.74,227,64
U000316,C000217,2025-11-12,2.33,167,71
U000317,C000193,2025-12-27,1.86,78,94
U000318,C000105,2026-07-30,2.15,188,58
U000319,C000471,2026-04-29,1.62,63,80
U000320,C000509,2026-01-22,0.75,181,9
U000321,C000523,2026-01-09,1.17,217,53
U000322,C000236,2026-05-09,0.61,231,42
U000323,C000963,2025-12-20,1.9,39,80
U000324,C000244,2026-01-19,3.08,163,60
U000325,C000742,2026-06-19,0.42,153,94
U000326,C000915,2025-10-01,3.96,2,31
U000327,C000407,2025-11-17,1.16,38,43
U000328,C000471,2026-04-05,3.06,118,83
U000329,C000956,2026-05-22,3.37,289,91
U000330,C000024,2026-05-04,3.27,197,90
U000331,C000662,2026-03-08,3.23,224,13
U000332,C000820,2026-08-22,4.96,134,51
U000333,C000622,2026-09-21,2.57,255,35
U000334,C000125,2026-07-10,0.59,227,34
U000335,C000489,2025-10-30,3.68,105,94
U000336,C000206,2025-10-17,3.52,199,100
U000337,C000798,2026-01-26,2.9,17,21
U000338,C000209,2026-03-28,1.57,249,41
U000339,C000604,2026-08-28,1.01,173,59
U000340,C000084,2025-12-10,1.27,193,99
U000341,C000037,2026-09-04,4.31,101,92
U000342,C000709,2026-08-21,0.98,159,76
U000343,C000044,2026-06-11,0.35,253,95
U000344,C000405,2026-01-29,3.44,224,92
U000345,C000220,2026-06-07,1.23,195,69
U000346,C000424,2026-02-01,3.94,114,16
U000347,C000412,2026-07-10,0.83,233,97
U000348,C000445,2026-07-15,3.27,93,87
U000349,C000420,2025-11-01,2.67,110,57
U000350,C000633,2026-07-02,0.29,81,17
U000351,C000327,2026-02-24,0.95,179,54
U000352,C000323,2026-08-19,3.31,297,92
U000353,C000003,2025-10-14,4.72,135,86
U000354,C000298,2026-01-01,0.67,141,30
U000355,C000166,2026-09-08,0.7,46,80
U000356,C000185,2026-05-16,1.99,256,20
U000357,C000624,2026-04-01,4.91,238,60
U000358,C000092,2026-08-20,2.14,219,34
U000359,C000673,2026-06-15,3.6,176,28
U000360,C000845,2026-01-22,4.23,162,6
U000361,C000596,2026-03-30,0.99,148,16
U000362,C000838,2026-06-21,0.48,51,51
U000363,C000701,2026-03-02,4.73,258,66
U000364,C000816,2026-02-03,4.26,258,76
U000365,C000864,2026-08-19,2.9,94,12
U000366,C000941,2026-08-12,3.75,34,24
U000367,C000970,2026-08-07,2.38,118,75
U000368,C000176,2026-06-30,4.9,7,39
U000369,C000644,2026-06-29,0.26,153,39
U000370,C000624,2026-08-18,1.09,236,44
U000371,C000650,2026-03-22,4.8,91,77
U000372,C000645,2025-11-21,0.71,135,32
U000373,C000046,2026-09-06,4.78,288,22
U000374,C000892,2026-07-31,3.42,262,81
U000375,C000862,2026-01-21,4.31,262,1
U000376,C000732,2026-02-11,4.21,73,33
U000377,C000164,2025-10-01,2.07,83,60
U000378,C000747,2026-09-18,0.7,69,58
U000379,C000185,2026-01-03,3.4,165,44
U000380,C000479,2025-11-22,1.84,152,34
U000381,C000264,2026-01-14,0.69,275,8
U000382,C000791,2026-04-19,4.97,191,14
U000383,C000838,2026-01-17,4.29,298,99
U000384,C000999,2026-01-09,0.52,72,30
U000385,C000981,2026-06-02,2.2,219,21
U000386,C000990,2026-03-12,3.73,243,64
U000387,C000054,2026-01-13,0.12,142,75
U000388,C000697,2026-07-18,0.56,191,32
U000389,C000752,2025-12-11,3.91,48,81
U000390,C000491,2026-05-29,4.41,104,82
U000391,C000616,2026-03-02,3.79,26,37
U000392,C000427,2026-09-03,1.54,40,36
U000393,C000060,2026-02-18,4.31,174,58
U000394,C000627,2026-04-10,4.96,126,76
U000395,C000560,2026-07-29,1.34,60,57
U000396,C000874,2025-12-02,4.09,8,49
U000397,C000867,2026-02-16,1.45,213,100
U000398,C000090,2026-03-04,0.38,32,51
U000399,C000576,2026-08-16,1.29,118,2
U000400,C000473,2025-09-30,1.76,39,95
U000401,C000071,2026-09-07,2.99,203,61
U000402,C000389,2025-11-21,1.81,167,50
U000403,C000128,2025-11-28,1.62,95,66
U000404,C000725,2025-10-16,4.03,113,86
U000405,C000345,2026-01-30,3.08,265,63
U000406,C000636,2026-08-21,2.0,59,39
U000407,C000088,2026-08-27,1.82,278,79
U000408,C000008,2026-07-18,2.0,26,33
U000409,C000073,2025-10-04,1.68,120,67
U000410,C000492,2026-07-07,0.22,166,21
U000411,C000216,2026-03-28,4.71,102,16
U000412,C000153,2026-01-27,0.87,35,27
U000413,C000915,2026-07-12,0.98,135,61
U000414,C000565,2026-03-15,1.74,267,77
U000415,C000836,2025-10-11,2.95,240,84
U000416,C000285,2026-02-10,1.8,146,73
U000417,C000278,2025-12-08,1.11,240,48
U000418,C000926,2026-08-06,3.95,153,52
U000419,C000401,2026-08-10,2.18,44,36
U000420,C000597,2026-03-03,3.21,251,31
U000421,C000130,2025-12-24,4.58,77,44
U000422,C000058,2026-01-28,0.96,56,33
U000423,C000303,2025-11-03,3.76,178,6
U000424,C000113,2025-09-30,3.39,233,94
U000425,C000703,2026-05-27,2.38,232,61
U000426,C000731,2026-02-24,2.88,8,57
U000427,C000970,2026-03-13,0.92,62,70
U000428,C000030,2026-02-25,3.57,44,6
U000429,C000587,2026-05-12,2.52,152,46
U000430,C000925,2025-10-26,2.16,61,73
U000431,C000275,2026-09-06,2.2,260,99
U000432,C000167,2026-05-08,1.28,112,12
U000433,C000475,2025-11-29,0.74,245,35
U000434,C000944,2026-09-14,3.71,3,35
U000435,C000389,2025-11-07,3.64,86,79
U000436,C000658,2026-07-03,3.63,23,2
U000437,C000410,2026-01-25,4.89,79,64
U000438,C000381,2025-12-26,0.32,11,23
U000439,C000914,2026-09-09,2.1,111,43
U000440,C000934,2026-03-21,1.88,149,90
U000441,C000153,2025-11-06,3.7,269,57
U000442,C000986,2026-09-13,1.14,110,15
U000443,C000948,2026-01-11,2.9,11,18
U000444,C000683,2025-09-30,0.63,120,91
U000445,C000004,2026-07-21,1.06,138,18
U000446,C000559,2026-09-17,2.12,16,29
U000447,C000267,2026-07-06,0.95,142,4
U000448,C000216,2025-11-28,4.79,277,99
U000449,C000015,2026-05-13,0.77,71,94
U000450,C000290,2026-04-17,1.14,93,11
U000451,C000019,2026-07-23,4.46,232,37
U000452,C000156,2025-11-27,1.83,26,52
U000453,C000847,2026-04-24,4.23,132,97
U000454,C000755,2026-07-30,2.45,252,63
U000455,C000105,2026-09-02,0.28,47,47
U000456,C000027,2026-09-05,2.68,133,44
U000457,C000714,2026-09-13,2.25,218,75
U000458,C000126,2025-12-02,3.68,248,35
U000459,C000321,2025-10-19,4.18,100,37
U000460,C000819,2026-01-19,0.52,155,11
U000461,C000509,2026-05-23,3.8,154,33
U000462,C000193,2025-12-04,4.33,202,58
U000463,C000219,2026-02-18,2.92,226,73
U000464,C000472,2026-03-02,3.74,214,50
U000465,C000358,2025-10-16,1.51,185,3
U000466,C000373,2025-12-24,2.49,270,1
U000467,C000450,2026-01-07,4.98,207,77
U000468,C000225,2026-06-06,0.21,2,96
U000469,C000734,2026-08-17,2.0,193,63
U000470,C000007,2026-08-22,0.18,137,36
U000471,C000376,2026-05-03,2.6,275,63
U000472,C000405,2026-08-31,0.83,77,89
U000473,C000893,2026-09-09,4.66,277,38
U000474,C000149,2025-12-04,3.53,162,90
U000475,C000992,2025-11-03,1.62,264,82
U000476,C000432,2026-08-24,3.97,10,97
U000477,C000482,2026-08-04,2.42,22,35
U000478,C000106,2026-05-08,0.14,27,75
U000479,C000765,2026-06-27,4.36,290,99
U000480,C000991,2026-05-13,2.02,213,82
U000481,C000476,2025-12-02,3.3,288,31
U000482,C000353,2026-08-04,2.22,28,39
U000483,C000703,2026-04-11,3.52,138,100
U000484,C000303,2026-07-25,1.72,188,14
U000485,C000813,2025-10-06,1.29,214,77
U000486,C000857,2025-11-08,4.78,191,36
U000487,C000303,2026-09-06,1.79,288,20
U000488,C000313,2026-02-06,3.64,215,16
U000489,C000401,2025-12-26,2.25,294,29
U000490,C000350,2026-01-19,3.82,40,56
U000491,C000316,2025-10-26,4.99,152,92
U000492,C000842,2026-09-02,1.21,269,57
U000493,C000765,2026-04-01,2.85,9,28
U000494,C000890,2025-10-23,1.75,259,45
U000495,C000785,2026-09-05,3.1,201,57
U000496,C000004,2026-03-08,1.14,296,58
U000497,C000058,2026-05-07,0.44,133,84
U000498,C000397,2026-01-09,0.99,145,84
U000499,C000760,2025-11-19,1.57,66,61
U000500,C000243,2026-08-24,1.37,271,42
U000501,C000189,2025-11-18,2.33,130,1
U000502,C000882,2026-09-16,1.58,141,38
U000503,C000563,2025-12-08,1.22,123,51
U000504,C000272,2026-09-12,0.53,28,39
U000505,C000201,2026-07-19,0.93,266,53
U000506,C000699,2025-09-30,3.68,287,3
U000507,C000010,2026-03-02,2.33,227,42
U000508,C000865,2025-10-20,0.25,226,71
U000509,C000877,2025-10-26,4.94,97,46
U000510,C000674,2026-04-13,0.21,299,9
U000511,C000646,2025-12-02,1.17,238,84
U000512,C000804,2025-11-25,3.35,101,53
U000513,C000008,2026-02-09,1.97,84,76
U000514,C000598,2025-12-10,0.22,156,19
U000515,C000789,2025-09-27,0.25,218,24
U000516,C000176,2026-04-24,0.84,16,28
U000517,C000125,2026-09-14,1.33,96,1
U000518,C000349,2025-11-19,4.57,197,73
U000519,C000631,2026-05-21,1.07,205,76
U000520,C000865,2026-01-01,0.67,299,83
U000521,C000221,2026-06-19,3.38,52,23
U000522,C000939,2025-10-12,1.67,249,60
U000523,C000491,2025-12-14,2.18,120,71
U000524,C000920,2026-09-18,4.67,108,85
U000525,C000805,2026-03-14,0.24,14,62
U000526,C000089,2025-12-25,2.9,185,33
U000527,C000361,2025-10-31,2.36,6,58
U000528,C000848,2026-01-01,1.4,148,82
U000529,C000037,2025-12-03,3.63,210,58
U000530,C000183,2026-03-04,3.57,115,23
U000531,C000013,2026-06-20,2.27,225,37
U000532,C000806,2026-09-06,4.64,289,11
U000533,C000777,2026-05-30,2.04,33,97
U000534,C000845,2025-11-19,3.72,40,9
U000535,C000106,2026-01-20,2.83,26,65
U000536,C000465,2025-11-15,3.66,186,80
U000537,C000633,2026-04-12,3.93,125,45
U000538,C000695,2025-10-21,1.68,267,44
U000539,C000994,2026-06-10,4.74,96,23
U000540,C000004,2025-11-10,3.76,109,24
U000541,C000757,2026-02-03,4.7,226,83
U000542,C000598,2026-03-17,0.36,242,1
U000543,C000639,2026-04-06,0.29,206,19
U000544,C000696,2026-07-13,0.11,224,84
U000545,C000684,2026-09-11,3.89,112,96
U000546,C000353,2026-05-20,4.87,2,93
U000547,C000267,2026-03-03,2.9,255,74
U000548,C000382,2026-03-10,3.1,251,19
U000549,C000609,2026-07-03,3.29,23,79
U000550,C000407,2026-09-07,2.52,205,89
U000551,C000624,2025-09-25,0.66,299,10
U000552,C000360,2026-07-08,3.45,155,52
U000553,C000495,2025-11-12,2.38,93,62
U000554,C000416,2026-04-02,0.82,253,25
U000555,C000415,2026-02-12,3.72,196,95
U000556,C000073,2025-11-30,4.12,193,85
U000557,C000944,2026-02-02,0.32,73,63
U000558,C000215,2025-11-26,4.61,43,92
U000559,C000630,2026-03-03,0.4,284,33
U000560,C000047,2025-10-10,2.11,219,70
U000561,C000268,2025-09-24,2.76,278,5
U000562,C000511,2026-03-24,0.55,209,97
U000563,C000669,2026-03-27,1.86,133,66
U000564,C000197,2026-09-11,3.89,222,18
U000565,C000117,2026-03-30,4.74,155,73
U000566,C000299,2026-07-15,2.86,36,51
U000567,C000552,2026-03-20,1.3,73,61
U000568,C000862,2026-02-04,3.18,200,89
U000569,C000864,2026-04-19,0.88,9,98
U000570,C000055,2026-08-22,4.01,248,45
U000571,C000785,2026-06-15,0.14,29,7
U000572,C000490,2026-09-02,1.06,144,2
U000573,C000425,2026-02-15,2.13,144,16
U000574,C000045,2026-05-21,4.31,239,28
U000575,C000357,2026-02-06,2.8,259,37
U000576,C000453,2026-09-22,1.23,77,88
U000577,C000208,2025-10-10,3.82,75,41
U000578,C000547,2026-04-15,4.15,236,3
U000579,C000890,2026-08-25,0.85,194,91
U000580,C000672,2026-01-15,4.03,298,88
U000581,C000678,2026-01-07,4.79,260,33
U000582,C000007,2025-10-23,4.8,284,73
U000583,C000088,2026-09-09,0.56,215,46
U000584,C000944,2026-03-29,0.4,0,27
U000585,C000383,2025-10-19,3.65,106,54
U000586,C000269,2026-02-21,0.61,169,86
U000587,C000970,2026-08-06,1.78,22,20
U000588,C000538,2026-04-04,1.89,29,1
U000589,C000856,2025-09-26,4.35,232,87
U000590,C000555,2025-10-18,3.8,209,26
U000591,C000869,2026-06-10,0.42,166,11
U000592,C000051,2026-08-29,4.74,244,57
U000593,C000506,2026-03-25,4.84,55,66
U000594,C000019,2025-11-20,4.94,274,28
U000595,C000726,2026-05-23,0.65,273,58
U000596,C000293,2026-07-01,4.49,274,29
U000597,C000719,2025-09-26,0.67,142,88
U000598,C000039,2025-12-15,1.11,118,28
U000599,C000249,2026-08-19,1.3,171,43
U000600,C000179,2025-12-24,3.37,28,98
U000601,C000158,2026-07-19,3.94,125,12
U000602,C000367,2025-12-17,4.63,203,32
U000603,C000665,2025-11-01,3.76,153,6
U000604,C000594,2026-04-03,2.42,72,5
U000605,C000845,2025-12-18,4.01,159,49
U000606,C000846,2026-08-30,1.53,194,62
U000607,C000619,2026-08-31,0.2,4,49
U000608,C000920,2026-08-28,4.99,165,51
U000609,C000774,2026-09-10,3.91,206,18
U000610,C000490,2026-01-23,0.14,237,74
U000611,C000838,2026-02-10,1.84,164,30
U000612,C000219,2025-12-18,1.25,253,54
U000613,C000148,2026-07-31,3.96,176,12
U000614,C000754,2026-06-23,3.33,235,16
U000615,C000669,2026-07-24,4.01,178,94
U000616,C000027,2025-10-14,3.13,56,92
U000617,C000537,2026-01-29,3.93,177,72
U000618,C000031,2026-06-06,3.54,252,66
U000619,C000872,2026-02-17,4.05,23,12
U000620,C000602,2026-01-30,2.06,273,28
U000621,C000705,2025-10-11,1.31,145,70
U000622,C000983,2026-09-09,4.81,208,90
U000623,C000229,2026-01-01,0.78,138,68
U000624,C000530,2026-01-21,0.12,45,67
U000625,C000131,2026-04-18,1.21,129,56
U000626,C000833,2026-01-30,0.82,276,74
U000627,C000213,2026-01-04,2.73,202,91
U000628,C000214,2026-03-08,3.93,201,35
U000629,C000741,2026-02-15,1.83,81,37
U000630,C000836,2025-11-07,4.03,194,3
U000631,C000208,2025-11-24,2.87,169,59
U000632,C000768,2026-05-27,1.86,60,62
U000633,C000664,2026-02-26,3.99,197,89
U000634,C000332,2026-05-01,3.38,20,0
U000635,C000463,2026-06-26,3.94,198,51
U000636,C000908,2025-12-11,1.1,168,77
U000637,C000868,2025-11-04,4.28,117,35
U000638,C000801,2026-07-12,4.53,164,78
U000639,C000720,2025-10-10,3.89,114,3
U000640,C000493,2026-05-23,3.76,180,56
U000641,C000195,2025-10-21,3.79,119,55
U000642,C000536,2026-06-28,3.47,3,100
U000643,C000699,2026-02-24,4.15,91,72
U000644,C000657,2026-09-11,1.23,233,33
U000645,C000199,2026-06-25,1.68,219,46
U000646,C000694,2026-01-08,4.84,89,30
U000647,C000568,2026-03-28,0.7,94,74
U000648,C000310,2026-01-02,3.19,172,85
U000649,C000576,2026-04-07,3.14,3,5
U000650,C000995,2025-09-29,3.4,275,9
U000651,C000484,2025-12-25,3.95,129,79
U000652,C000990,2026-06-14,2.04,124,37
U000653,C000329,2025-12-06,1.83,263,98
U000654,C000857,2026-05-06,0.74,80,62
U000655,C000413,2026-01-31,0.42,237,41
U000656,C000350,2025-12-30,4.66,136,89
U000657,C000600,2026-02-19,2.27,12,59
U000658,C000299,2026-01-26,3.78,153,6
U000659,C000827,2026-08-22,3.63,67,41
U000660,C000506,2026-07-05,2.31,107,2
U000661,C000070,2025-10-23,4.38,86,75
U000662,C000995,2025-10-30,1.27,276,85
U000663,C000126,2026-05-08,0.51,241,79
U000664,C000740,2026-01-09,3.82,206,47
U000665,C000460,2025-12-27,1.82,138,42
U000666,C000686,2025-12-29,4.32,177,5
U000667,C000109,2026-01-16,1.33,82,38
U000668,C000027,2026-07-11,4.37,248,17
U000669,C000732,2026-04-05,1.11,99,37
U000670,C000990,2026-06-18,1.51,170,19
U000671,C000461,2026-05-26,4.1,44,74
U000672,C000723,2026-08-20,0.39,52,66
U000673,C000585,2026-03-26,1.96,266,49
U000674,C000677,2026-03-17,3.1,24,90
U000675,C000979,2025-12-25,1.07,175,16
U000676,C000011,2026-07-16,1.01,195,20
U000677,C000802,2026-08-01,1.49,169,75
U000678,C000822,2025-12-04,2.31,69,57
U000679,C000493,2026-08-24,0.83,6,66
U000680,C000186,2026-09-17,2.78,154,38
U000681,C000270,2026-03-08,1.04,283,43
U000682,C000746,2025-10-11,0.29,59,89
U000683,C000622,2026-06-30,0.92,156,58
U000684,C000062,2026-07-25,1.28,246,74
U000685,C000573,2025-10-27,4.47,62,50
U000686,C000386,2026-06-10,3.42,191,33
U000687,C000911,2026-07-15,0.76,141,88
U000688,C000401,2026-04-07,0.74,185,25
U000689,C000103,2025-12-08,2.98,93,23
U000690,C000085,2026-02-22,1.38,191,60
U000691,C000082,2025-11-29,1.56,30,70
U000692,C000557,2025-12-13,0.78,141,31
U000693,C000076,2026-07-27,2.87,238,82
U000694,C000213,2025-11-28,2.27,283,29
U000695,C000907,2025-11-24,4.53,169,54
U000696,C000646,2025-12-08,4.28,162,19
U000697,C000714,2026-02-26,4.71,300,55
U000698,C000351,2025-09-29,4.67,203,64
U000699,C000034,2026-06-08,4.9,114,97
U000700,C000082,2026-05-13,3.43,214,81
U000701,C000262,2026-03-21,3.92,67,24
U000702,C000125,2026-05-16,4.96,99,74
U000703,C000061,2026-04-17,3.33,231,96
U000704,C000166,2025-11-09,4.7,284,62
U000705,C000241,2026-04-08,1.25,27,73
U000706,C000375,2026-01-29,0.23,94,63
U000707,C000965,2026-06-16,0.47,288,89
U000708,C000164,2026-04-21,1.7,85,4
U000709,C000019,2026-03-04,0.6,254,81
U000710,C000364,2026-09-21,3.57,17,13
U000711,C000400,2025-10-24,3.49,86,21
U000712,C000647,2026-07-14,4.49,137,4
U000713,C000949,2026-07-20,2.17,77,37
U000714,C000596,2026-07-25,3.18,105,59
U000715,C000717,2025-10-20,3.19,275,98
U000716,C000373,2026-01-10,0.83,265,35
U000717,C000190,2025-10-11,0.11,292,93
U000718,C000611,2026-06-03,1.26,171,63
U000719,C000958,2026-08-22,0.75,211,88
U000720,C000174,2026-06-26,3.27,258,8
U000721,C000884,2026-06-19,2.05,292,6
U000722,C000173,2025-12-18,3.71,130,43
U000723,C000834,2025-10-22,1.3,241,56
U000724,C000886,2025-09-24,3.91,61,15
U000725,C000776,2026-01-07,4.37,150,88
U000726,C000343,2025-12-18,0.32,274,73
U000727,C000813,2025-12-09,2.56,5,60
U000728,C000071,2025-12-28,3.6,88,71
U000729,C000958,2025-12-23,2.67,148,97
U000730,C000826,2026-01-27,3.01,149,24
U000731,C000328,2026-02-21,2.02,157,28
U000732,C000611,2026-03-17,1.82,237,81
U000733,C000707,2025-11-10,3.07,229,21
U000734,C000315,2025-11-07,2.48,27,36
U000735,C000791,2026-06-24,3.13,231,92
U000736,C000073,2026-04-01,2.48,177,20
U000737,C000467,2026-04-03,4.02,250,12
U000738,C000606,2026-09-11,0.2,178,33
U000739,C000850,2026-04-16,4.03,4,20
U000740,C000718,2026-07-10,4.8,297,92
U000741,C000922,2025-11-22,1.65,116,46
U000742,C000317,2026-07-10,2.44,9,89
U000743,C000007,2026-02-05,3.96,158,35
U000744,C000943,2026-08-13,3.42,68,55
U000745,C000172,2025-10-29,2.3,219,74
U000746,C000945,2026-04-16,2.91,105,11
U000747,C000011,2026-01-05,1.79,128,14
U000748,C000731,2026-07-01,0.44,182,63
U000749,C000845,2026-07-22,3.37,256,64
U000750,C000290,2026-01-24,0.74,106,82
U000751,C000258,2026-05-14,0.14,215,42
U000752,C000381,2025-11-18,4.62,245,0
U000753,C000317,2026-06-04,4.14,233,73
U000754,C000416,2026-08-10,3.11,160,92
U000755,C000402,2026-05-22,1.18,71,92
U000756,C000217,2026-04-28,1.4,152,63
U000757,C000157,2025-11-30,0.98,71,88
U000758,C000601,2026-03-03,4.71,4,41
U000759,C000410,2025-09-30,2.53,88,41
U000760,C000594,2026-07-20,3.69,214,24
U000761,C000975,2026-07-13,0.51,269,27
U000762,C000398,2025-10-24,0.67,279,59
U000763,C000507,2025-12-26,3.38,56,52
U000764,C000178,2025-12-29,1.57,237,91
U000765,C000868,2026-07-12,0.56,222,40
U000766,C000237,2025-12-31,0.14,6,78
U000767,C000257,2026-06-30,2.86,84,78
U000768,C000021,2026-07-28,1.53,225,90
U000769,C000101,2025-09-28,4.23,92,47
U000770,C000572,2026-03-17,2.49,49,39
U000771,C000356,2025-12-31,0.27,218,67
U000772,C000439,2026-05-11,0.7,49,60
U000773,C000047,2026-04-01,1.66,212,7
U000774,C000885,2026-02-21,4.3,50,54
U000775,C000204,2026-04-26,1.4,129,63
U000776,C000670,2026-04-19,0.99,107,45
U000777,C000658,2026-02-27,4.31,162,19
U000778,C000241,2026-04-25,3.85,48,34
U000779,C000884,2026-03-24,4.73,52,95
U000780,C000834,2026-02-12,1.12,101,30
U000781,C000432,2025-10-14,2.68,172,16
U000782,C000196,2026-01-13,0.5,274,20
U000783,C000224,2025-12-18,3.12,223,63
U000784,C000394,2026-04-29,4.98,156,17
U000785,C000564,2026-06-10,1.9,212,94
U000786,C000848,2026-09-11,3.3,169,66
U000787,C000997,2025-10-06,1.92,127,60
U000788,C000837,2026-06-24,1.53,106,3
U000789,C000744,2026-08-02,2.43,3,47
U000790,C000714,2026-04-05,3.55,27,59
U000791,C000716,2026-05-05,4.73,243,4
U000792,C000898,2026-06-23,4.52,128,27
U000793,C000751,2026-04-16,3.27,285,69
U000794,C000779,2026-05-06,0.73,46,10
U000795,C000638,2026-09-18,4.04,106,38
U000796,C000104,2026-03-23,2.45,259,17
U000797,C000228,2026-03-04,3.9,186,87
U000798,C000708,2026-01-12,1.65,279,32
U000799,C000341,2026-08-13,1.41,190,38
U000800,C000552,2026-05-08,1.36,132,4
U000801,C000840,2026-06-15,1.6,241,13
U000802,C000697,2026-07-14,0.73,247,62
U000803,C000181,2026-09-12,1.62,180,41
U000804,C000425,2026-06-27,3.57,180,63
U000805,C000295,2026-06-16,0.8,161,59
U000806,C000912,2026-07-22,0.45,57,70
U000807,C000598,2026-05-01,1.01,185,33
U000808,C000754,2026-03-12,0.47,7,72
U000809,C000504,2025-10-16,4.02,44,16
U000810,C000331,2026-07-17,4.44,65,22
U000811,C000923,2026-08-18,4.13,165,89
U000812,C000752,2025-12-19,1.15,112,47
U000813,C000445,2026-06-01,0.24,205,57
U000814,C000663,2026-04-15,0.24,206,44
U000815,C000974,2026-03-06,0.97,187,96
U000816,C000063,2026-06-14,2.63,96,12
U000817,C000910,2025-11-17,4.85,59,8
U000818,C000366,2026-09-11,1.87,89,91
U000819,C000101,2026-06-30,4.93,216,37
U000820,C000953,2025-10-20,4.27,100,24
U000821,C000286,2026-03-05,4.89,177,46
U000822,C000017,2026-06-26,1.28,28,23
U000823,C000086,2026-04-13,1.74,283,46
U000824,C000765,2026-03-05,1.73,193,86
U000825,C000448,2026-03-23,2.65,42,91
U000826,C000289,2026-06-17,1.41,71,50
U000827,C000161,2026-02-13,3.99,296,34
U000828,C000865,2026-04-01,3.75,252,80
U000829,C000794,2026-02-20,2.77,156,55
U000830,C000197,2026-01-11,4.42,251,13
U000831,C000282,2025-10-18,0.11,193,13
U000832,C000895,2026-01-29,1.64,163,47
U000833,C000593,2026-03-08,4.74,98,75
U000834,C000354,2026-06-22,0.64,8,64
U000835,C000552,2026-01-14,1.59,68,4
U000836,C000545,2026-02-15,1.69,30,44
U000837,C000155,2026-02-22,1.09,185,61
U000838,C000458,2026-08-29,0.33,189,56
U000839,C000589,2025-09-25,4.33,295,46
U000840,C000995,2026-05-27,4.74,141,34
U000841,C000925,2026-07-29,1.78,151,69
U000842,C000407,2025-10-14,4.78,186,82
U000843,C000986,2025-11-01,1.66,28,89
U000844,C000675,2026-05-13,2.83,267,57
U000845,C000951,2026-06-19,4.16,189,29
U000846,C000431,2026-01-07,4.34,190,45
U000847,C000488,2026-06-19,0.35,173,14
U000848,C000353,2026-08-11,3.47,205,38
U000849,C000564,2026-06-08,4.57,138,90
U000850,C000367,2026-09-06,1.2,196,65
U000851,C000622,2026-07-14,2.23,263,69
U000852,C000132,2026-01-19,2.33,147,48
U000853,C000832,2026-08-24,2.02,81,56
U000854,C000525,2026-07-20,0.5,22,70
U000855,C000562,2026-03-19,4.94,50,81
U000856,C000446,2026-06-11,3.37,224,55
U000857,C000083,2026-01-21,0.18,164,1
U000858,C000989,2025-12-26,3.54,193,98
U000859,C000529,2026-09-17,1.32,80,27
U000860,C000817,2025-12-30,4.93,149,70
U000861,C000618,2026-04-27,2.07,39,28
U000862,C000446,2026-08-30,1.63,155,67
U000863,C000122,2026-03-06,1.37,255,0
U000864,C000857,2025-12-29,0.53,131,86
U000865,C000495,2026-07-18,4.46,195,41
U000866,C000921,2026-03-04,2.44,43,81
U000867,C000063,2026-06-26,1.34,272,10
U000868,C000477,2026-09-11,1.47,89,75
U000869,C000993,2025-10-24,1.98,29,56
U000870,C000971,2026-05-05,2.92,286,13
U000871,C000216,2026-03-10,1.93,234,19
U000872,C000911,2026-07-23,4.84,131,25
U000873,C000363,2026-05-12,4.75,52,16
U000874,C000570,2026-05-16,1.37,204,77
U000875,C000706,2026-09-09,4.47,117,95
U000876,C000373,2026-07-14,0.25,22,31
U000877,C000614,2025-09-24,2.8,277,17
U000878,C000101,2025-11-12,2.59,69,30
U000879,C000937,2026-05-08,4.94,230,64
U000880,C000551,2026-06-24,3.34,17,47
U000881,C000919,2025-11-21,4.82,290,65
U000882,C000972,2026-05-24,0.89,105,1
U000883,C000950,2025-11-07,4.23,170,21
U000884,C000422,2026-01-10,1.54,171,13
U000885,C000088,2025-10-07,3.48,111,24
U000886,C000917,2026-03-01,1.24,9,77
U000887,C000871,2026-09-11,4.85,163,23
U000888,C000198,2026-04-04,2.59,165,26
U000889,C000156,2025-10-17,4.67,270,12
U000890,C000996,2026-06-24,0.39,141,100
U000891,C000797,2026-06-08,4.12,51,51
U000892,C000358,2026-02-02,2.45,223,68
U000893,C000156,2026-01-13,4.2,41,97
U000894,C000246,2025-12-01,4.63,194,74
U000895,C000730,2026-03-18,3.12,188,40
U000896,C000636,2026-01-22,1.92,18,59
U000897,C000420,2026-04-04,3.98,266,30
U000898,C000329,2025-12-14,1.45,246,7
U000899,C000125,2025-11-20,3.9,48,45
U000900,C000458,2025-09-29,1.12,262,64
U000901,C000168,2025-12-03,4.89,15,92
U000902,C000179,2026-04-19,3.74,102,79
U000903,C000853,2026-07-08,4.09,142,92
U000904,C000667,2026-08-31,1.44,115,67
U000905,C000563,2026-04-29,0.82,151,60
U000906,C000936,2026-07-20,3.41,120,26
U000907,C000976,2025-12-15,1.52,146,0
U000908,C000781,2026-05-07,1.91,80,95
U000909,C000057,2025-11-11,3.39,270,52
U000910,C000739,2026-08-21,2.31,68,47
U000911,C000756,2026-03-16,2.06,170,52
U000912,C000623,2025-09-26,3.75,220,12
U000913,C000818,2026-02-01,2.24,244,25
U000914,C000792,2026-04-17,3.23,89,87
U000915,C000481,2026-08-16,3.12,161,89
U000916,C000632,2025-11-15,4.37,260,79
U000917,C000686,2026-06-16,2.45,59,13
U000918,C000674,2026-09-06,3.31,141,41
U000919,C000969,2026-07-10,0.69,111,89
U000920,C000730,2026-03-06,1.52,4,55
U000921,C000611,2025-11-16,1.06,182,32
U000922,C000068,2026-06-15,0.16,271,86
U000923,C000776,2026-06-13,3.07,99,78
U000924,C000293,2026-01-21,3.95,26,21
U000925,C000501,2026-06-02,2.26,177,52
U000926,C000951,2026-06-15,4.07,279,14
U000927,C000448,2026-06-27,4.38,215,62
U000928,C000642,2026-02-28,1.46,248,27
U000929,C000726,2026-07-05,0.52,156,12
U000930,C000672,2026-09-16,0.94,85,96
U000931,C000977,2025-10-15,4.13,38,11
U000932,C000596,2026-02-17,1.08,104,93
U000933,C000478,2026-05-09,0.11,2,21
U000934,C000885,2026-02-18,0.77,56,7
U000935,C000935,2025-12-08,0.95,21,60
U000936,C000396,2026-01-25,2.67,293,9
U000937,C000301,2025-12-26,4.35,162,8
U000938,C000453,2026-06-24,0.51,276,18
U000939,C000589,2026-01-14,1.35,3,52
U000940,C000791,2025-10-20,4.76,241,81
U000941,C000288,2026-01-06,1.46,130,43
U000942,C000161,2026-05-13,2.72,32,99
U000943,C000026,2026-09-12,1.4,247,41
U000944,C000332,2026-06-26,1.51,168,15
U000945,C000232,2025-11-30,3.21,262,79
U000946,C000714,2026-07-22,0.41,101,62
U000947,C000906,2025-10-31,3.48,246,85
U000948,C000057,2026-01-09,4.41,249,64
U000949,C000221,2025-12-04,2.61,186,67
U000950,C000449,2026-09-16,2.25,185,40
U000951,C000818,2025-11-15,1.33,122,23
U000952,C000176,2025-11-23,3.85,62,63
U000953,C000154,2026-01-25,2.15,131,99
U000954,C000426,2025-12-30,0.13,207,93
U000955,C000949,2026-03-13,3.37,57,64
U000956,C000911,2026-06-24,4.55,29,58
U000957,C000748,2025-12-17,4.46,49,23
U000958,C000601,2025-11-23,2.02,85,70
U000959,C000295,2026-02-05,4.54,262,81
U000960,C000965,2026-02-02,4.54,82,13
U000961,C000515,2026-05-22,0.63,9,13
U000962,C000624,2025-10-01,4.28,88,7
U000963,C000075,2025-10-27,2.88,99,74
U000964,C000440,2025-11-14,3.42,30,69
U000965,C000609,2026-04-26,3.52,41,76
U000966,C000551,2026-01-14,1.0,213,88
U000967,C000953,2025-12-18,2.69,224,35
U000968,C000004,2025-11-15,1.32,192,41
U000969,C000142,2026-08-01,0.43,273,37
U000970,C000345,2026-07-02,3.6,264,85
U000971,C000454,2026-03-30,1.16,245,65
U000972,C000533,2026-05-08,4.39,180,37
U000973,C000650,2026-06-24,4.48,56,52
U000974,C000382,2026-04-24,3.87,261,36
U000975,C000939,2026-03-09,2.5,283,61
U000976,C000730,2026-08-20,4.24,186,86
U000977,C000944,2026-04-07,1.62,104,36
U000978,C000417,2026-08-02,2.34,289,35
U000979,C000999,2026-08-25,2.71,263,40
U000980,C000447,2026-06-03,4.01,103,59
U000981,C000620,2026-03-30,4.48,193,4
U000982,C000105,2026-05-04,0.93,281,72
U000983,C000070,2025-11-24,1.71,256,37
U000984,C000252,2026-09-18,3.84,238,48
U000985,C000422,2025-10-25,4.75,114,18
U000986,C000005,2026-06-04,4.59,267,21
U000987,C000569,2026-07-17,2.94,85,96
U000988,C000058,2026-07-23,2.36,64,66
U000989,C000942,2026-02-01,2.53,77,8
U000990,C000952,2026-01-10,1.1,183,33
U000991,C000316,2025-12-11,3.29,40,20
U000992,C000536,2026-09-01,4.85,113,20
U000993,C000523,2026-04-07,3.44,32,72
U000994,C000214,2026-02-17,4.52,209,16
U000995,C000642,2026-05-07,0.81,149,68
U000996,C000738,2026-06-24,1.88,255,74
U000997,C000732,2026-07-06,1.2,37,90
U000998,C000009,2026-05-09,1.74,193,74
U000999,C000897,2026-01-03,3.19,241,62
U001000,C000861,2026-05-17,1.15,159,67
U001001,C000834,2026-02-09,1.91,73,65
U001002,C000115,2026-04-09,1.48,119,36
U001003,C000131,2026-06-28,1.69,222,19
U001004,C000439,2026-09-21,1.6,28,86
U001005,C000829,2026-05-14,2.92,56,74
U001006,C000080,2025-12-17,1.94,73,69
U001007,C000488,2025-12-25,1.37,125,16
U001008,C000991,2026-02-19,0.21,156,19
U001009,C000575,2026-03-30,1.79,96,56
U001010,C000331,2026-02-19,2.85,268,1
U001011,C000925,2025-11-16,4.89,38,62
U001012,C000352,2025-10-25,1.0,61,64
U001013,C000069,2026-03-12,0.84,86,84
U001014,C000989,2025-10-25,2.53,266,1
U001015,C000377,2026-07-01,3.82,217,100
U001016,C000587,2026-08-27,1.26,288,87
U001017,C000089,2026-07-01,3.5,265,23
U001018,C000846,2026-07-03,0.27,137,52
U001019,C000276,2025-12-06,1.53,188,7
U001020,C000652,2026-04-29,3.08,291,63
U001021,C000916,2026-03-04,3.73,50,4
U001022,C000652,2026-03-14,1.78,60,61
U001023,C000026,2026-03-01,4.53,228,36
U001024,C000912,2026-08-26,3.72,64,60
U001025,C000142,2026-01-22,0.7,48,67
U001026,C000088,2026-07-27,3.88,25,25
U001027,C000654,2026-05-23,0.7,274,43
U001028,C000781,2026-07-14,2.47,3,92
U001029,C000911,2025-10-28,3.45,126,33
U001030,C000417,2026-05-07,1.74,211,58
U001031,C000507,2026-04-24,4.92,251,63
U001032,C000350,2026-04-05,3.29,298,28
U001033,C000033,2026-05-04,2.8,196,21
U001034,C000437,2026-07-04,0.65,265,69
U001035,C000856,2026-03-09,4.33,229,57
U001036,C000604,2026-03-27,1.73,91,13
U001037,C000478,2026-01-30,4.6,19,91
U001038,C000891,2026-06-05,0.18,39,66
U001039,C000987,2025-11-22,4.91,96,20
U001040,C000305,2025-11-10,4.56,71,19
U001041,C000115,2025-11-04,0.93,259,63
U001042,C000418,2026-09-02,0.26,61,41
U001043,C000681,2026-03-27,2.1,64,66
U001044,C000243,2026-06-02,0.26,129,97
U001045,C000784,2026-09-17,4.17,136,52
U001046,C000428,2026-01-21,0.61,210,36
U001047,C000024,2026-02-13,3.87,123,39
U001048,C000932,2026-09-03,1.76,181,83
U001049,C000349,2025-12-02,1.99,26,54
U001050,C000542,2026-08-25,4.41,261,56
U001051,C000633,2025-10-03,0.9,57,47
U001052,C000968,2026-08-13,3.16,270,82
U001053,C000212,2025-10-19,2.86,82,7
U001054,C000066,2026-08-02,2.25,101,3
U001055,C000579,2026-02-24,4.7,44,33
U001056,C000056,2026-05-24,3.84,17,43
U001057,C000006,2026-07-23,4.36,35,72
U001058,C000560,2026-07-24,4.57,91,38
U001059,C000219,2026-06-15,1.26,52,46
U001060,C000822,2026-08-02,0.92,252,70
U001061,C000861,2025-12-29,2.22,81,22
U001062,C000933,2025-10-14,0.25,275,95
U001063,C000475,2025-11-16,2.36,250,22
U001064,C000537,2026-04-23,3.07,109,95
U001065,C000508,2026-01-16,4.84,244,90
U001066,C000439,2025-12-21,4.31,115,66
U001067,C000673,2026-04-14,2.67,190,18
U001068,C000423,2026-03-04,3.83,164,59
U001069,C000720,2026-09-09,0.3,132,19
U001070,C000124,2025-11-10,4.68,33,75
U001071,C000805,2026-03-31,1.0,145,27
U001072,C000711,2026-07-30,4.37,105,58
U001073,C000860,2026-01-20,4.8,270,31
U001074,C000021,2026-08-10,0.18,96,47
U001075,C000274,2026-05-26,2.67,289,94
U001076,C000181,2026-01-27,3.0,82,2
U001077,C000309,2025-12-15,4.44,145,11
U001078,C000256,2026-02-03,0.39,141,76
U001079,C000305,2026-06-21,2.01,159,46
U001080,C000549,2026-05-21,0.77,5,15
U001081,C000899,2025-12-04,1.72,265,53
U001082,C000853,2025-09-24,0.55,143,76
U001083,C000738,2026-08-24,3.22,155,53
U001084,C000798,2026-03-15,0.18,187,56
U001085,C000376,2026-03-10,1.36,159,6
U001086,C000018,2026-03-15,1.29,283,51
U001087,C000941,2026-04-03,1.87,63,86
U001088,C000984,2026-06-10,2.68,212,72
U001089,C000442,2026-08-19,0.66,127,34
U001090,C000435,2026-03-20,2.48,242,8
U001091,C000522,2025-12-10,4.94,169,74
U001092,C000464,2025-10-15,1.93,23,32
U001093,C000539,2026-02-07,3.89,234,84
U001094,C000210,2026-01-11,3.11,158,62
U001095,C000100,2025-12-26,2.26,67,15
U001096,C000472,2026-01-03,4.08,36,86
U001097,C000313,2025-10-02,4.42,1,51
U001098,C000525,2025-12-20,3.56,287,91
U001099,C000889,2026-02-18,3.72,240,22
U001100,C000364,2025-10-20,4.36,23,86
U001101,C000078,2026-04-15,3.02,29,75
U001102,C000456,2026-02-23,0.64,218,23
U001103,C000795,2025-10-01,4.84,207,63
U001104,C000808,2026-06-07,1.04,99,56
U001105,C000543,2026-08-07,4.98,174,4
U001106,C000480,2025-12-04,4.37,82,37
U001107,C000214,2026-07-10,0.7,8,94
U001108,C000458,2026-08-26,1.12,165,19
U001109,C000443,2026-01-03,4.85,109,71
U001110,C000338,2026-05-04,3.51,113,96
U001111,C000294,2026-05-26,0.16,171,65
U001112,C000332,2025-11-28,3.3,283,0
U001113,C000901,2026-01-17,4.32,216,70
U001114,C000524,2026-06-04,4.14,70,41
U001115,C000304,2026-06-22,0.92,40,93
U001116,C000780,2026-09-03,1.2,176,81
U001117,C000627,2026-08-14,4.64,129,91
U001118,C000138,2026-02-09,4.72,126,95
U001119,C000244,2026-09-22,0.61,284,33
U001120,C000996,2026-05-03,1.81,115,89
U001121,C000699,2026-04-25,3.75,251,75
U001122,C000124,2025-10-26,2.37,238,1
U001123,C000613,2026-04-20,1.7,77,26
U001124,C000702,2026-01-09,2.22,203,31
U001125,C000248,2026-08-16,4.67,272,39
U001126,C000648,2026-05-29,1.37,132,51
U001127,C000933,2026-09-18,0.2,276,49
U001128,C000191,2026-05-12,3.26,124,82
U001129,C000150,2025-10-19,1.44,51,61
U001130,C000869,2026-03-29,2.17,179,55
U001131,C000970,2025-09-25,2.65,294,25
U001132,C000244,2025-12-07,0.16,264,81
U001133,C000126,2026-07-10,1.75,23,51
U001134,C000303,2026-09-20,1.73,205,9
U001135,C000005,2026-06-20,0.66,45,31
U001136,C000422,2025-11-04,3.0,221,21
U001137,C000942,2026-09-17,4.21,292,29
U001138,C000696,2026-04-02,0.12,188,80
U001139,C000089,2026-04-15,3.5,58,5
U001140,C000566,2026-07-18,1.5,31,27
U001141,C000196,2025-10-11,4.41,139,95
U001142,C000558,2026-08-13,1.66,263,22
U001143,C000660,2026-02-04,0.15,199,11
U001144,C000372,2025-10-29,4.35,150,4
U001145,C000042,2025-10-06,1.41,229,26
U001146,C000271,2026-03-29,4.93,31,81
U001147,C000268,2026-03-17,2.89,228,33
U001148,C000362,2025-11-07,3.94,179,83
U001149,C000644,2026-04-10,3.55,137,70
U001150,C000767,2025-10-10,0.11,2,34
U001151,C000457,2026-01-14,1.3,288,7
U001152,C000404,2026-07-14,4.53,201,53
U001153,C000907,2025-11-14,2.5,181,34
U001154,C000849,2026-04-16,0.49,225,98
U001155,C000075,2026-01-06,4.39,254,44
U001156,C000616,2025-10-17,0.38,290,33
U001157,C000728,2026-07-18,4.99,10,28
U001158,C000681,2025-10-21,2.84,2,50
U001159,C000633,2025-10-31,4.45,243,59
U001160,C000846,2025-10-11,2.16,57,17
U001161,C000873,2026-07-23,4.24,148,69
U001162,C000516,2025-11-23,1.37,107,77
U001163,C000519,2025-10-12,3.75,199,18
U001164,C000035,2025-10-10,1.02,51,89
U001165,C000407,2026-04-05,3.79,48,5
U001166,C000680,2025-12-23,1.9,83,71
U001167,C000517,2026-04-30,0.37,48,72
U001168,C000814,2026-07-16,2.42,63,93
U001169,C000767,2025-12-12,1.75,55,60
U001170,C000728,2025-12-09,0.93,253,33
U001171,C000597,2026-05-01,3.87,216,43
U001172,C000743,2026-03-25,3.32,233,39
U001173,C000297,2026-08-14,3.67,143,37
U001174,C000364,2026-03-20,0.3,224,3
U001175,C000085,2026-07-01,1.69,224,17
U001176,C000489,2026-07-07,1.63,266,32
U001177,C000876,2026-02-21,1.49,275,46
U001178,C000309,2026-08-06,0.61,225,0
U001179,C000227,2026-04-22,1.27,5,98
U001180,C000357,2025-11-03,0.69,292,84
U001181,C000464,2025-10-09,1.52,123,58
U001182,C000258,2026-04-26,0.4,66,2
U001183,C000822,2026-02-18,0.82,206,93
U001184,C000504,2026-07-02,2.2,293,18
U001185,C000748,2026-01-18,4.79,167,19
U001186,C000478,2026-08-20,2.47,89,40
U001187,C000302,2026-01-11,3.39,18,17
U001188,C000274,2025-10-27,3.41,15,99
U001189,C000192,2026-02-22,3.73,284,77
U001190,C000758,2026-09-02,3.33,112,76
U001191,C000571,2026-08-20,1.03,267,47
U001192,C000611,2025-12-20,1.95,215,16
U001193,C000269,2026-05-02,3.49,2,2
U001194,C000272,2026-01-03,1.67,18,27
U001195,C000475,2026-09-09,4.19,114,18
U001196,C000964,2025-12-24,0.48,177,88
U001197,C000891,2025-10-15,1.38,25,49
U001198,C000592,2026-07-09,4.29,155,30
U001199,C000805,2026-05-12,0.93,44,7
U001200,C000422,2025-12-18,2.24,173,100
U001201,C000757,2026-02-06,3.61,39,24
U001202,C000997,2025-11-02,0.38,286,61
U001203,C000420,2026-05-10,0.94,192,97
U001204,C000951,2026-09-01,3.67,118,60
U001205,C000132,2026-06-28,2.55,162,8
U001206,C000225,2026-05-28,3.25,165,83
U001207,C000083,2026-01-16,0.99,131,45
U001208,C000466,2026-03-06,1.27,208,44
U001209,C000845,2026-06-12,1.78,260,83
U001210,C000716,2026-08-09,2.47,225,59
U001211,C000819,2026-04-09,4.31,172,12
U001212,C000076,2025-12-30,3.66,289,98
U001213,C000436,2026-09-01,0.36,197,6
U001214,C000921,2026-01-04,2.58,263,52
U001215,C000466,2026-06-25,0.61,253,98
U001216,C000697,2026-05-01,2.53,288,86
U001217,C000234,2026-03-07,2.88,74,93
U001218,C000940,2026-08-08,0.12,17,34
U001219,C000165,2026-05-27,1.09,72,55
U001220,C000534,2025-12-14,0.65,257,27
U001221,C000083,2025-12-15,1.28,196,32
U001222,C000038,2026-02-21,2.38,63,4
U001223,C000389,2026-08-04,3.33,152,31
U001224,C000033,2025-12-22,2.92,136,26
U001225,C000573,2025-10-08,4.33,249,86
U001226,C000763,2026-05-16,2.22,271,86
U001227,C000067,2025-11-06,2.35,97,74
U001228,C000210,2026-07-18,3.53,19,35
U001229,C000058,2026-02-15,4.74,18,2
U001230,C000372,2026-05-23,0.11,128,98
U001231,C000701,2026-01-25,4.52,162,47
U001232,C000030,2026-06-15,2.8,38,5
U001233,C000153,2026-07-16,1.12,267,58
U001234,C000925,2026-07-24,0.1,264,43
U001235,C000642,2026-09-12,4.16,144,37
U001236,C000565,2026-07-05,1.67,174,2
U001237,C000014,2026-04-16,0.49,259,6
U001238,C000928,2026-03-12,4.98,221,3
U001239,C000588,2026-06-28,4.92,297,55
U001240,C000855,2025-11-03,0.77,160,56
U001241,C000876,2026-09-14,1.01,45,97
U001242,C000738,2026-05-06,0.16,275,11
U001243,C000603,2026-08-31,4.95,253,98
U001244,C000642,2026-02-01,4.65,60,88
U001245,C000040,2025-11-05,0.66,214,95
U001246,C000580,2025-11-11,2.82,92,90
U001247,C000741,2026-02-17,4.12,73,54
U001248,C000712,2026-06-20,4.05,26,60
U001249,C000760,2026-01-14,0.65,54,64
U001250,C000278,2026-07-07,2.07,277,36
U001251,C000833,2025-10-12,3.01,10,82
U001252,C000919,2025-11-03,3.69,122,41
U001253,C000685,2025-10-02,4.23,52,96
U001254,C000342,2025-10-03,2.37,108,76
U001255,C000276,2025-12-03,3.96,179,65
U001256,C000097,2026-06-09,3.63,48,64
U001257,C000100,2026-08-31,3.35,245,99
U001258,C000985,2026-06-23,2.85,255,74
U001259,C000023,2026-05-18,0.62,117,4
U001260,C000144,2025-11-17,0.83,223,24
U001261,C000663,2026-07-20,0.37,107,1
U001262,C000919,2026-04-05,1.96,7,69
U001263,C000772,2026-06-22,1.03,154,9
U001264,C000864,2026-03-06,0.41,80,89
U001265,C000173,2026-02-11,0.95,195,35
U001266,C000952,2026-01-04,0.55,143,80
U001267,C000528,2025-12-18,1.35,70,62
U001268,C000384,2025-11-19,1.12,73,25
U001269,C000169,2026-09-01,3.31,79,33
U001270,C000766,2026-08-01,1.81,183,53
U001271,C000211,2026-07-30,2.42,106,63
U001272,C000750,2026-01-03,2.28,207,17
U001273,C000123,2026-04-03,3.6,200,42
U001274,C000014,2026-01-19,2.95,40,28
U001275,C000006,2026-06-26,4.84,294,53
U001276,C000704,2026-09-04,2.4,100,25
U001277,C000466,2026-04-24,1.27,172,30
U001278,C000390,2026-03-01,1.36,257,30
U001279,C000744,2026-03-02,1.66,1,54
U001280,C000957,2026-04-14,2.43,271,99
U001281,C000039,2026-09-18,0.51,202,78
U001282,C000530,2025-12-27,3.11,143,58
U001283,C000736,2026-04-24,0.19,262,38
U001284,C000699,2025-11-21,0.57,43,60
U001285,C000320,2025-11-08,3.46,47,16
U001286,C000041,2026-06-15,0.54,243,65
U001287,C000291,2026-07-29,0.65,60,47
U001288,C000756,2026-06-23,3.62,47,10
U001289,C000341,2025-12-29,3.92,9,100
U001290,C000747,2025-10-09,1.08,34,49
U001291,C000992,2026-01-24,1.38,29,17
U001292,C000200,2026-01-10,3.65,197,63
U001293,C000128,2025-12-29,0.37,180,93
U001294,C000744,2026-01-07,0.24,122,2
U001295,C000428,2026-01-17,4.81,289,58
U001296,C000706,2026-08-02,1.46,265,86
U001297,C000920,2026-06-29,4.41,214,73
U001298,C000748,2026-05-03,0.53,268,92
U001299,C000106,2026-06-27,3.04,194,70
U001300,C000554,2026-03-09,2.29,104,30
U001301,C000835,2026-01-08,1.14,181,55
U001302,C000266,2026-03-28,2.32,8,25
U001303,C000459,2025-10-14,0.66,38,76
U001304,C000492,2025-12-16,3.85,36,77
U001305,C000836,2026-03-02,2.5,40,69
U001306,C000296,2026-06-03,2.83,48,0
U001307,C000040,2025-12-17,0.67,268,81
U001308,C000817,2026-07-28,1.66,163,100
U001309,C000730,2026-08-26,2.86,37,35
U001310,C000360,2025-11-12,1.66,61,29
U001311,C000559,2025-11-03,3.17,63,8
U001312,C000117,2025-11-08,2.16,86,69
U001313,C000807,2026-02-13,3.53,70,27
U001314,C000878,2026-06-24,1.31,285,69
U001315,C000648,2026-09-21,1.55,4,45
U001316,C000457,2026-07-28,3.44,234,96
U001317,C000719,2026-04-19,2.13,113,15
U001318,C000210,2025-11-05,1.39,4,27
U001319,C000527,2025-12-11,3.6,29,3
U001320,C000467,2025-11-11,3.66,106,71
U001321,C000946,2026-09-06,3.12,132,60
U001322,C000395,2026-03-01,3.11,199,79
U001323,C000322,2025-10-11,0.16,173,56
U001324,C000342,2025-12-21,4.4,33,20
U001325,C000413,2026-08-06,2.62,209,18
U001326,C000674,2026-07-03,2.37,195,73
U001327,C000046,2026-02-11,3.96,25,36
U001328,C000789,2026-04-15,0.92,25,14
U001329,C000838,2026-05-03,4.07,174,83
U001330,C000762,2026-07-15,2.95,198,33
U001331,C000703,2026-09-04,0.56,45,81
U001332,C000257,2026-05-26,4.9,291,90
U001333,C000758,2026-06-28,2.68,183,83
U001334,C000159,2026-03-17,1.43,269,33
U001335,C000133,2026-05-23,4.67,163,89
U001336,C000525,2025-10-21,1.36,82,47
U001337,C000503,2026-09-13,1.48,142,11
U001338,C000122,2026-03-12,3.49,87,3
U001339,C000406,2025-10-20,3.68,145,4
U001340,C000842,2025-12-07,2.98,210,69
U001341,C000457,2026-06-07,3.12,251,65
U001342,C000362,2026-06-01,0.25,261,61
U001343,C000071,2026-05-02,4.28,241,61
U001344,C000260,2026-07-01,2.15,167,51
U001345,C000185,2026-06-05,0.78,300,83
U001346,C000640,2026-08-26,3.19,40,97
U001347,C000419,2026-05-29,0.67,40,12
U001348,C000098,2026-04-22,3.74,70,1
U001349,C000706,2026-06-07,4.04,206,58
U001350,C000553,2026-02-02,4.41,116,32
U001351,C000598,2025-09-29,1.54,242,10
U001352,C000638,2026-08-06,1.03,144,38
U001353,C000325,2026-04-09,1.5,174,25
U001354,C000527,2026-04-17,4.11,37,45
U001355,C000986,2026-07-18,3.41,59,59
U001356,C000690,2026-02-05,1.2,103,84
U001357,C000058,2026-05-27,2.0,100,50
U001358,C000631,2026-07-31,4.34,222,29
U001359,C000163,2026-06-19,2.13,44,87
U001360,C000086,2025-09-30,1.21,266,59
U001361,C000034,2025-12-17,3.17,232,91
U001362,C000728,2026-06-02,3.97,147,91
U001363,C000051,2026-03-17,3.16,16,54
U001364,C000866,2025-11-20,0.84,166,88
U001365,C000092,2026-08-14,1.69,168,83
U001366,C000333,2025-11-23,0.34,149,71
U001367,C000868,2026-03-01,1.04,276,73
U001368,C000525,2026-05-17,0.31,102,43
U001369,C000064,2026-03-18,3.56,172,3
U001370,C000841,2025-11-22,2.2,125,83
U001371,C000491,2026-02-17,0.75,15,34
U001372,C000669,2026-05-08,3.68,209,6
U001373,C000342,2026-01-08,1.32,60,98
U001374,C000966,2026-03-28,3.06,229,29
U001375,C000896,2026-05-03,4.87,221,63
U001376,C000635,2026-09-13,4.45,240,3
U001377,C000514,2026-08-09,3.53,83,19
U001378,C000964,2026-03-25,0.76,228,92
U001379,C000888,2026-08-15,0.1,40,99
U001380,C000242,2025-10-29,0.62,192,90
U001381,C000168,2026-08-07,1.48,163,62
U001382,C000411,2026-07-11,0.32,150,47
U001383,C000544,2026-07-04,1.98,268,14
U001384,C000485,2026-08-11,3.87,248,42
U001385,C000056,2026-04-11,4.39,251,77
U001386,C000230,2026-09-07,3.52,183,59
U001387,C000283,2025-11-26,2.89,7,15
U001388,C000274,2026-04-03,0.17,199,51
U001389,C000882,2026-04-21,0.52,102,59
U001390,C000620,2025-10-27,4.65,10,47
U001391,C000588,2025-09-30,1.0,206,23
U001392,C000604,2026-06-23,2.39,155,88
U001393,C000259,2026-09-17,2.84,265,98
U001394,C000623,2026-04-21,1.76,31,17
U001395,C000718,2025-12-18,1.57,283,33
U001396,C000851,2025-11-26,0.67,83,16
U001397,C000699,2025-09-27,0.78,215,41
U001398,C000635,2026-08-05,1.45,229,19
U001399,C000462,2025-10-17,1.25,131,97
U001400,C000384,2026-04-27,0.12,108,47
U001401,C000852,2026-07-18,4.34,94,64
U001402,C000825,2025-11-26,2.17,222,44
U001403,C000296,2026-04-29,0.31,165,1
U001404,C000318,2025-12-13,3.96,148,76
U001405,C000519,2026-07-23,1.44,181,1
U001406,C000385,2026-06-05,1.11,30,64
U001407,C000105,2026-07-15,2.69,238,7
U001408,C000591,2026-06-19,4.21,262,13
U001409,C000658,2025-12-26,2.91,220,60
U001410,C000369,2026-06-21,1.74,210,95
U001411,C000363,2026-05-19,3.27,44,46
U001412,C000050,2026-04-12,0.11,167,74
U001413,C000761,2026-05-19,3.46,95,1
U001414,C000717,2026-04-24,4.71,24,9
U001415,C000841,2026-07-07,2.89,260,51
U001416,C000748,2026-02-10,0.87,177,37
U001417,C000384,2026-03-11,2.47,251,100
U001418,C000108,2026-07-07,2.27,75,56
U001419,C000659,2025-10-11,2.01,33,74
U001420,C000953,2026-07-14,4.07,202,19
U001421,C000154,2026-09-20,2.38,177,47
U001422,C000031,2025-11-17,0.19,261,17
U001423,C000432,2026-06-17,0.39,280,16
U001424,C000753,2026-01-08,4.37,190,81
U001425,C000962,2026-05-07,1.5,206,77
U001426,C000361,2026-05-25,4.53,247,15
U001427,C000019,2026-07-18,2.03,30,53
U001428,C000432,2026-08-08,2.75,256,4
U001429,C000539,2026-07-06,4.5,165,28
U001430,C000847,2025-12-11,4.39,92,30
U001431,C000281,2026-04-13,2.2,182,77
U001432,C000015,2026-02-26,0.75,128,100
U001433,C000732,2026-03-18,2.59,183,74
U001434,C000462,2026-02-15,1.67,134,75
U001435,C000943,2026-08-04,0.71,228,36
U001436,C000557,2026-07-11,1.15,152,72
U001437,C000855,2026-09-01,2.37,178,16
U001438,C000181,2026-01-30,0.64,226,66
U001439,C000780,2026-04-04,4.08,131,61
U001440,C000955,2026-09-04,2.75,252,54
U001441,C000194,2026-06-06,3.38,80,33
U001442,C000178,2025-10-05,3.68,181,71
U001443,C000364,2025-11-03,2.7,90,44
U001444,C000933,2026-01-20,2.08,38,24
U001445,C000626,2025-12-04,4.25,166,91
U001446,C000735,2025-09-28,3.25,283,88
U001447,C000776,2026-07-27,4.25,43,62
U001448,C000936,2025-12-02,3.89,118,57
U001449,C000885,2026-09-12,2.19,287,51
U001450,C000050,2025-11-12,2.49,206,94
U001451,C000567,2025-12-08,3.88,157,29
U001452,C000852,2025-10-16,0.26,130,94
U001453,C000820,2025-11-17,3.02,84,2
U001454,C000331,2026-04-14,2.89,56,12
U001455,C000522,2026-01-15,2.97,49,82
U001456,C000596,2026-02-17,0.19,266,31
U001457,C000932,2026-08-29,0.63,90,29
U001458,C000005,2025-10-23,3.03,160,90
U001459,C000160,2026-08-14,2.43,53,51
U001460,C000760,2025-11-05,1.4,110,86
U001461,C000480,2026-02-23,3.68,109,63
U001462,C000257,2026-09-01,3.54,175,3
U001463,C000908,2025-12-12,1.85,194,79
U001464,C000145,2026-07-18,3.39,14,75
U001465,C000639,2026-06-08,4.29,272,29
U001466,C000821,2026-08-14,1.86,103,5
U001467,C000895,2026-04-22,2.81,178,23
U001468,C000204,2026-07-10,2.92,116,8
U001469,C000469,2025-10-09,1.98,168,84
U001470,C000988,2026-02-24,1.12,149,90
U001471,C000557,2026-07-06,3.6,8,0
U001472,C000034,2025-12-31,3.06,256,5
U001473,C000777,2026-01-25,1.8,44,7
U001474,C000332,2026-03-11,3.83,105,85
U001475,C000999,2025-10-31,3.11,65,10
U001476,C000810,2026-04-19,3.97,189,92
U001477,C000228,2026-08-25,3.0,205,82
U001478,C000959,2025-12-07,4.75,156,67
U001479,C000854,2026-01-26,4.68,107,85
U001480,C000810,2026-07-07,3.77,140,24
U001481,C000517,2026-02-23,0.69,104,63
U001482,C000997,2026-08-27,2.4,255,72
U001483,C000955,2026-05-25,1.31,51,23
U001484,C000752,2026-08-24,3.45,248,43
U001485,C000376,2026-06-20,3.9,99,21
U001486,C000673,2026-04-22,3.62,156,80
U001487,C000976,2026-01-24,3.29,256,64
U001488,C000016,2026-03-22,3.75,168,24
U001489,C000215,2026-08-21,1.8,38,75
U001490,C000064,2026-02-02,2.83,191,2
U001491,C000478,2026-06-28,2.7,115,15
U001492,C000353,2026-05-15,4.31,72,90
U001493,C000646,2026-02-02,2.14,262,7
U001494,C000405,2026-06-25,3.05,54,71
U001495,C000183,2025-10-01,0.34,189,19
U001496,C000181,2026-07-20,1.49,224,48
U001497,C000818,2026-04-01,0.25,50,10
U001498,C000124,2026-04-18,0.48,31,62
U001499,C000576,2026-02-16,4.88,75,91
U001500,C000762,2025-10-02,2.74,26,59
U001501,C000338,2026-07-14,0.33,14,85
U001502,C000154,2026-04-22,3.09,128,86
U001503,C000804,2025-12-19,1.95,127,23
U001504,C000350,2026-06-29,3.86,24,78
U001505,C000012,2026-06-27,4.49,251,32
U001506,C000305,2026-07-07,0.47,275,85
U001507,C000662,2026-02-07,2.68,198,85
U001508,C000164,2025-10-18,4.95,202,62
U001509,C000861,2026-09-22,1.59,208,85
U001510,C000916,2026-05-13,1.54,208,4
U001511,C000095,2026-08-19,2.02,84,47
U001512,C000402,2026-02-10,0.9,103,17
U001513,C000986,2026-07-04,2.0,43,8
U001514,C000853,2025-11-08,1.38,62,25
U001515,C000694,2026-02-23,4.61,161,71
U001516,C000357,2026-09-19,3.24,204,58
U001517,C000952,2026-05-08,2.04,126,29
U001518,C000910,2026-03-11,1.77,23,32
U001519,C000247,2026-04-14,2.4,8,99
U001520,C000384,2026-04-20,1.62,176,22
U001521,C000539,2026-07-01,2.31,186,37
U001522,C000194,2026-07-14,1.37,189,100
U001523,C000302,2025-11-11,1.58,47,83
U001524,C000017,2026-03-02,2.86,299,48
U001525,C000335,2026-01-24,0.84,102,25
U001526,C000395,2026-01-01,4.98,31,27
U001527,C000838,2026-09-14,2.63,19,75
U001528,C000966,2025-11-14,1.1,186,91
U001529,C000283,2026-06-19,0.43,31,11
U001530,C000428,2026-07-15,3.68,245,19
U001531,C000655,2026-06-25,3.46,39,83
U001532,C000991,2026-06-23,1.72,183,95
U001533,C000907,2026-02-08,3.35,293,14
U001534,C000107,2025-11-08,2.97,103,42
U001535,C000012,2026-04-13,0.19,44,75
U001536,C000346,2025-11-24,1.53,141,68
U001537,C000838,2026-01-18,0.88,44,83
U001538,C000622,2025-12-25,4.0,0,90
U001539,C000698,2026-02-28,4.79,281,36
U001540,C000852,2026-04-12,3.91,193,25
U001541,C000561,2026-05-25,1.87,270,68
U001542,C000232,2026-09-19,3.07,46,0
U001543,C000586,2025-11-06,1.44,30,78
U001544,C000704,2026-07-01,3.57,21,95
U001545,C000020,2026-03-27,1.48,190,82
U001546,C000834,2025-09-25,3.99,300,1
U001547,C000627,2026-01-17,2.74,162,46
U001548,C000578,2026-08-16,3.62,273,56
U001549,C000300,2026-08-29,1.65,221,57
U001550,C000436,2026-04-01,4.77,98,40
U001551,C000036,2026-01-28,0.21,33,88
U001552,C000901,2026-06-05,2.77,136,21
U001553,C000185,2026-03-09,0.49,109,86
U001554,C000725,2026-02-11,0.35,212,60
U001555,C000785,2026-01-11,4.84,257,86
U001556,C000463,2026-06-30,0.63,204,7
U001557,C000182,2026-07-29,2.96,263,32
U001558,C000502,2026-05-09,3.12,42,7
U001559,C000355,2026-08-29,3.75,155,89
U001560,C000035,2025-12-03,4.13,216,12
U001561,C000435,2025-10-07,3.37,170,98
U001562,C000259,2026-05-13,3.0,15,36
U001563,C000532,2026-05-07,4.99,46,25
U001564,C000275,2026-03-04,0.53,230,34
U001565,C000931,2025-10-08,2.31,21,23
U001566,C000986,2026-01-15,3.74,43,28
U001567,C000015,2025-11-08,1.71,208,20
U001568,C000412,2026-05-17,3.23,111,96
U001569,C000702,2025-10-21,4.3,247,28
U001570,C000233,2026-03-28,4.38,202,91
U001571,C000932,2026-03-28,0.61,78,58
U001572,C000788,2026-03-16,0.32,165,30
U001573,C000073,2026-03-12,1.33,242,2
U001574,C000077,2025-11-14,2.8,252,24
U001575,C000463,2026-01-16,3.72,168,73
U001576,C000632,2026-06-26,3.48,249,43
U001577,C000730,2026-06-24,1.72,257,93
U001578,C000412,2026-09-07,3.54,50,30
U001579,C000702,2026-05-09,4.5,210,99
U001580,C000445,2025-09-24,0.42,159,6
U001581,C000091,2026-01-14,4.16,176,11
U001582,C000291,2026-03-10,0.69,82,84
U001583,C000733,2026-07-30,3.65,2,12
U001584,C000234,2026-03-19,4.54,8,51
U001585,C000460,2025-12-29,3.14,241,59
U001586,C000146,2026-09-21,1.12,112,55
U001587,C000671,2026-02-17,4.44,84,46
U001588,C000476,2025-12-18,2.2,264,71
U001589,C000061,2025-10-16,4.5,65,76
U001590,C000108,2026-09-03,0.43,68,34
U001591,C000708,2026-07-13,3.12,207,59
U001592,C000742,2026-08-14,3.9,52,42
U001593,C000669,2026-01-28,1.82,175,100
U001594,C000553,2025-12-26,1.81,214,49
U001595,C000012,2026-06-19,3.75,226,8
U001596,C000413,2026-08-06,4.46,154,88
U001597,C000087,2026-09-16,1.06,80,39
U001598,C000842,2026-02-07,2.29,188,2
U001599,C000647,2026-04-18,1.39,52,93
U001600,C000047,2026-01-07,2.93,261,62
U001601,C000619,2026-02-06,3.17,88,40
U001602,C000312,2026-05-05,2.33,122,93
U001603,C000985,2026-04-25,0.43,251,35
U001604,C000656,2025-09-24,2.25,188,76
U001605,C000025,2026-07-26,4.02,300,10
U001606,C000231,2026-08-07,1.26,123,20
U001607,C000348,2025-12-27,2.71,51,17
U001608,C000413,2026-04-21,4.28,192,62
U001609,C000096,2026-08-18,0.69,169,5
U001610,C000464,2026-05-12,1.19,300,48
U001611,C000989,2026-08-29,1.95,22,86
U001612,C000180,2025-11-19,0.44,119,78
U001613,C000827,2026-03-02,4.57,171,63
U001614,C000378,2026-07-04,0.88,202,61
U001615,C000503,2026-02-19,2.77,131,30
U001616,C000975,2026-03-22,2.91,263,22
U001617,C000046,2025-10-20,2.27,102,2
U001618,C000531,2025-11-21,3.04,100,75
U001619,C000100,2026-08-31,2.3,252,31
U001620,C000582,2025-10-12,1.48,220,87
U001621,C000166,2026-04-03,4.33,96,68
U001622,C000002,2026-02-16,4.74,298,31
U001623,C000506,2026-08-19,2.82,158,9
U001624,C000062,2025-11-11,1.26,108,100
U001625,C000131,2026-04-20,1.58,103,96
U001626,C000949,2026-04-22,2.54,142,92
U001627,C000898,2026-03-12,2.57,59,67
U001628,C000601,2026-06-09,3.43,283,7
U001629,C000867,2026-06-28,4.53,190,69
U001630,C000254,2026-08-27,3.1,273,88
U001631,C000351,2026-02-12,3.33,277,14
U001632,C000075,2025-11-02,1.2,292,56
U001633,C000752,2026-03-22,2.8,195,14
U001634,C000794,2025-12-04,1.19,161,63
U001635,C000430,2026-02-25,1.38,28,44
U001636,C000279,2025-12-12,1.16,265,26
U001637,C000826,2025-12-31,1.83,73,94
U001638,C000437,2025-12-13,4.81,222,100
U001639,C000410,2026-07-11,4.66,154,64
U001640,C000920,2026-05-01,3.78,198,90
U001641,C000448,2025-10-11,2.87,203,38
U001642,C000639,2026-02-11,3.88,288,62
U001643,C000367,2025-12-30,3.03,61,11
U001644,C000036,2026-04-06,4.61,104,48
U001645,C000348,2026-03-26,3.19,177,60
U001646,C000576,2026-05-09,3.03,99,92
U001647,C000962,2026-02-08,3.9,300,20
U001648,C000607,2026-03-13,2.7,77,17
U001649,C000298,2026-02-19,0.57,146,67
U001650,C000542,2025-11-15,0.53,179,41
U001651,C000412,2026-06-30,2.9,224,72
U001652,C000749,2025-10-03,2.79,255,3
U001653,C000084,2025-10-05,0.82,170,74
U001654,C000035,2026-04-06,1.82,300,74
U001655,C000391,2026-07-20,4.0,150,6
U001656,C000134,2026-06-07,3.1,142,24
U001657,C000642,2025-11-05,4.77,55,13
U001658,C000213,2026-04-03,4.64,124,96
U001659,C000535,2026-05-01,3.54,50,35
U001660,C000088,2026-05-04,2.7,234,4
U001661,C000178,2026-04-28,3.48,193,58
U001662,C000378,2026-04-02,4.38,208,88
U001663,C000687,2025-10-14,4.32,151,97
U001664,C000132,2026-07-15,3.99,211,90
U001665,C000570,2026-03-22,4.33,81,22
U001666,C000172,2026-03-04,4.76,127,72
U001667,C000520,2026-03-14,0.8,114,71
U001668,C000311,2026-08-27,0.73,9,61
U001669,C000952,2026-03-21,2.34,222,83
U001670,C000284,2025-10-16,4.66,150,43
U001671,C000276,2026-06-17,4.61,37,1
U001672,C000748,2026-01-20,1.82,93,12
U001673,C000219,2025-12-03,1.58,284,25
U001674,C000699,2026-01-17,4.23,26,33
U001675,C000601,2025-10-30,0.52,189,56
U001676,C000305,2025-11-22,4.83,75,72
U001677,C000208,2025-10-20,3.63,246,87
U001678,C000406,2025-12-01,0.4,267,37
U001679,C000076,2025-11-20,0.62,227,50
U001680,C000372,2026-04-11,0.89,278,92
U001681,C000848,2026-07-17,3.15,243,65
U001682,C000828,2025-10-05,2.23,182,60
U001683,C000183,2025-11-11,3.49,198,54
U001684,C000512,2026-09-22,2.06,253,45
U001685,C000114,2026-01-26,4.53,181,61
U001686,C000931,2026-01-27,4.53,204,62
U001687,C000389,2026-02-08,3.61,176,21
U001688,C000496,2025-11-23,3.08,177,5
U001689,C000519,2025-12-11,2.87,138,66
U001690,C000715,2026-02-25,0.27,139,10
U001691,C000426,2026-02-17,1.24,17,6
U001692,C000136,2026-04-09,3.2,57,4
U001693,C000433,2026-06-20,2.07,8,90
U001694,C000702,2026-04-18,2.38,185,26
U001695,C000945,2026-03-18,1.71,164,3
U001696,C000909,2026-05-06,3.5,274,43
U001697,C000190,2025-11-01,2.86,119,36
U001698,C000787,2025-12-11,3.65,46,12
U001699,C000167,2026-06-09,4.23,222,39
U001700,C000838,2026-04-10,3.92,289,97
U001701,C000678,2025-10-05,2.25,255,67
U001702,C000497,2026-03-23,0.14,297,75
U001703,C000379,2025-11-13,2.07,222,63
U001704,C000963,2026-06-30,1.84,60,49
U001705,C000537,2026-02-23,1.79,9,78
U001706,C000413,2026-01-28,0.36,11,86
U001707,C000988,2026-02-04,1.19,74,31
U001708,C000060,2025-11-05,3.19,233,76
U001709,C000202,2025-10-10,2.24,7,86
U001710,C000022,2026-08-07,2.04,135,84
U001711,C000496,2026-01-07,2.19,124,45
U001712,C000395,2026-06-11,1.26,131,75
U001713,C000968,2025-12-01,2.31,137,30
U001714,C000091,2026-01-30,4.33,290,46
U001715,C000845,2026-07-10,2.04,74,93
U001716,C000103,2026-03-04,1.7,161,29
U001717,C000590,2026-06-09,2.13,273,16
U001718,C000004,2026-07-16,3.53,213,77
U001719,C000182,2025-11-13,4.78,38,3
U001720,C000558,2025-11-09,1.81,63,75
U001721,C000064,2026-03-12,0.31,179,28
U001722,C000528,2025-10-12,4.74,137,8
U001723,C000451,2026-07-13,1.18,268,21
U001724,C000321,2026-01-22,2.49,190,8
U001725,C000457,2026-09-15,3.46,208,21
U001726,C000735,2026-03-28,2.33,188,99
U001727,C000969,2025-10-17,0.97,10,10
U001728,C000688,2025-11-17,2.75,78,1
U001729,C000861,2025-12-22,0.3,218,90
U001730,C000020,2026-04-27,3.67,33,30
U001731,C000028,2026-05-06,3.2,131,5
U001732,C000066,2026-07-18,4.71,26,100
U001733,C000932,2026-06-06,4.53,0,51
U001734,C000589,2025-12-16,0.23,52,65
U001735,C000452,2026-04-06,3.9,29,61
U001736,C000982,2025-10-06,4.9,93,23
U001737,C000989,2026-09-19,3.87,103,96
U001738,C000757,2026-09-05,3.63,139,17
U001739,C000291,2025-12-03,3.68,75,46
U001740,C000688,2026-05-30,2.64,154,91
U001741,C000926,2026-01-23,1.28,249,70
U001742,C000362,2026-09-11,4.81,45,0
U001743,C000766,2025-12-16,0.58,203,81
U001744,C000538,2026-05-21,0.59,189,91
U001745,C000980,2026-05-27,4.28,4,36
U001746,C000567,2025-10-22,4.22,70,80
U001747,C000577,2025-10-26,0.41,212,36
U001748,C000361,2026-01-12,2.88,213,100
U001749,C000083,2026-05-12,0.24,182,84
U001750,C000156,2026-08-17,3.98,107,35
U001751,C000709,2026-09-07,0.37,230,36
U001752,C000758,2026-05-18,4.66,197,26
U001753,C000385,2026-08-24,1.91,201,79
U001754,C000389,2025-11-05,1.03,162,48
U001755,C000879,2025-12-07,4.15,116,53
U001756,C000020,2025-12-23,1.92,90,10
U001757,C000024,2025-12-17,2.14,62,52
U001758,C000672,2025-10-25,0.36,184,71
U001759,C000933,2026-04-29,1.29,96,43
U001760,C000955,2025-10-19,4.5,39,17
U001761,C000188,2026-03-02,3.35,18,60
U001762,C000405,2026-08-10,2.5,68,67
U001763,C000782,2025-11-26,4.14,11,74
U001764,C000236,2026-07-14,4.49,66,4
U001765,C000698,2026-04-23,2.27,165,79
U001766,C000829,2025-09-26,2.2,137,55
U001767,C000315,2026-01-26,2.95,126,26
U001768,C000726,2025-10-05,3.75,205,50
U001769,C000436,2026-04-25,2.75,187,69
U001770,C000427,2026-09-12,3.15,58,36
U001771,C000218,2026-08-04,0.45,21,20
U001772,C000187,2025-09-28,2.41,98,20
U001773,C000165,2026-08-27,1.0,26,45
U001774,C000973,2026-05-18,4.99,58,78
U001775,C000043,2025-10-22,0.74,86,44
U001776,C000596,2026-04-28,2.53,294,83
U001777,C000121,2026-09-18,0.33,250,100
U001778,C000630,2026-07-12,3.81,170,21
U001779,C000175,2026-03-14,4.75,142,31
U001780,C000365,2026-03-18,1.89,128,56
U001781,C000169,2026-01-31,1.21,114,63
U001782,C000055,2026-06-06,1.34,89,64
U001783,C000019,2026-02-03,1.46,296,89
U001784,C000326,2026-03-21,3.5,35,35
U001785,C000529,2026-03-17,4.68,253,96
U001786,C000584,2026-05-03,0.83,16,58
U001787,C000904,2026-03-05,3.77,76,25
U001788,C000589,2026-02-06,0.56,32,91
U001789,C000587,2025-11-15,0.34,221,6
U001790,C000856,2026-03-25,2.09,117,10
U001791,C000067,2026-05-09,3.69,204,91
U001792,C000205,2026-02-20,4.09,79,94
U001793,C000572,2025-10-16,3.1,65,34
U001794,C000181,2025-12-06,4.69,144,72
U001795,C000956,2026-07-03,3.04,120,92
U001796,C000185,2026-03-19,4.33,204,81
U001797,C000584,2026-03-10,3.22,4,63
U001798,C000981,2026-05-02,4.51,87,16
U001799,C000708,2026-07-14,1.08,187,27
U001800,C000770,2026-02-16,2.41,274,85
U001801,C000253,2026-06-21,4.1,69,86
U001802,C000767,2025-12-10,1.56,113,27
U001803,C000074,2026-06-14,3.37,288,65
U001804,C000422,2026-07-31,0.14,165,3
U001805,C000915,2025-10-05,4.81,119,32
U001806,C000400,2026-04-08,4.06,59,74
U001807,C000591,2026-06-25,2.0,297,72
U001808,C000590,2026-09-19,3.64,271,94
U001809,C000436,2026-03-21,3.62,94,1
U001810,C000458,2025-12-12,2.05,46,1
U001811,C000947,2026-03-17,1.31,100,17
U001812,C000899,2026-01-25,2.59,69,5
U001813,C000836,2026-04-21,2.5,73,15
U001814,C000402,2026-01-21,0.84,75,79
U001815,C000053,2025-11-18,0.59,283,97
U001816,C000303,2026-06-18,2.7,168,65
U001817,C000245,2025-12-30,4.39,223,14
U001818,C000316,2025-11-27,4.96,293,46
U001819,C000356,2026-04-10,0.11,163,32
U001820,C000789,2026-06-19,0.98,69,97
U001821,C000485,2026-08-14,2.96,42,90
U001822,C000623,2026-05-05,0.8,219,10
U001823,C000923,2025-11-02,1.45,221,67
U001824,C000531,2026-06-20,4.1,27,24
U001825,C000451,2026-06-03,1.41,162,56
U001826,C000503,2026-03-19,1.35,133,70
U001827,C000996,2025-11-30,4.06,254,14
U001828,C000442,2025-10-06,3.62,140,93
U001829,C000317,2026-07-16,1.06,190,83
U001830,C000236,2026-07-07,3.88,275,15
U001831,C000986,2026-01-24,2.95,136,24
U001832,C000286,2025-12-01,2.71,84,65
U001833,C000656,2025-11-08,4.68,118,14
U001834,C000393,2026-04-25,4.63,127,24
U001835,C000216,2026-06-05,3.62,268,100
U001836,C000041,2026-06-23,4.13,3,20
U001837,C000890,2026-08-06,3.77,234,73
U001838,C000217,2026-05-20,0.97,82,52
U001839,C000461,2026-03-17,0.79,168,41
U001840,C000583,2026-01-22,2.78,82,1
U001841,C000920,2026-04-15,2.06,131,2
U001842,C000171,2026-06-11,2.93,22,27
U001843,C000511,2026-08-03,3.27,251,59
U001844,C000714,2025-12-28,3.18,99,49
U001845,C000019,2025-11-22,2.65,32,44
U001846,C000709,2025-10-13,4.48,19,99
U001847,C000386,2025-10-25,4.79,266,78
U001848,C000844,2025-10-27,2.59,200,89
U001849,C000740,2026-06-24,1.9,42,26
U001850,C000920,2026-01-02,1.41,8,64
U001851,C000011,2026-02-18,4.9,44,67
U001852,C000605,2026-02-21,3.63,200,7
U001853,C000007,2025-11-26,2.92,251,49
U001854,C000781,2026-01-10,1.04,7,80
U001855,C000283,2026-04-14,2.22,73,94
U001856,C000098,2026-06-18,1.93,64,91
U001857,C000525,2026-05-30,2.61,65,94
U001858,C000585,2025-12-24,0.34,204,87
U001859,C000084,2026-03-13,1.75,67,91
U001860,C000374,2026-08-20,0.89,278,69
U001861,C000387,2026-02-11,0.59,50,85
U001862,C000523,2026-05-17,2.0,233,81
U001863,C000337,2026-03-03,2.27,162,43
U001864,C000877,2026-07-20,3.73,33,7
U001865,C000968,2025-10-30,4.88,39,42
U001866,C000050,2025-12-13,2.16,29,18
U001867,C000096,2026-03-08,3.59,57,90
U001868,C000217,2026-05-31,0.92,18,27
U001869,C000763,2026-04-23,3.07,84,2
U001870,C000766,2026-06-09,1.48,18,74
U001871,C000475,2026-04-15,3.55,6,71
U001872,C000914,2026-08-22,3.72,14,79
U001873,C000758,2025-11-13,0.76,218,78
U001874,C000480,2026-02-16,3.92,51,41
U001875,C000735,2026-08-09,2.5,186,19
U001876,C000540,2026-04-04,3.39,186,4
U001877,C000250,2026-08-22,4.18,84,19
U001878,C000270,2026-07-30,1.04,29,22
U001879,C000552,2026-09-19,2.81,195,2
U001880,C000004,2026-01-15,3.76,48,58
U001881,C000260,2025-12-16,4.76,221,20
U001882,C000230,2025-12-17,1.7,76,75
U001883,C000197,2026-03-11,2.67,215,93
U001884,C000187,2025-09-26,4.07,248,32
U001885,C000521,2025-12-22,0.55,114,14
U001886,C000384,2026-04-18,4.98,121,24
U001887,C000083,2025-10-26,2.91,248,88
U001888,C000952,2025-11-24,2.67,16,54
U001889,C000686,2025-09-26,4.73,50,61
U001890,C000028,2025-10-11,0.6,255,98
U001891,C000798,2026-05-28,4.5,57,1
U001892,C000200,2026-03-29,1.21,228,13
U001893,C000090,2026-02-12,4.06,200,49
U001894,C000144,2026-06-20,4.57,0,65
U001895,C000900,2026-09-17,1.11,92,5
U001896,C000276,2025-10-24,4.2,271,78
U001897,C000630,2025-10-23,0.99,199,22
U001898,C000309,2026-06-06,3.18,172,99
U001899,C000870,2026-07-08,2.85,184,48
U001900,C000532,2026-04-21,4.12,278,10
U001901,C000432,2025-12-22,4.99,191,79
U001902,C000669,2026-06-08,1.28,163,43
U001903,C000130,2025-12-30,3.56,235,9
U001904,C000603,2025-12-26,4.6,45,30
U001905,C000279,2026-01-21,4.12,21,4
U001906,C000214,2026-08-31,3.73,202,75
U001907,C000675,2025-09-24,4.53,27,47
U001908,C000234,2026-08-01,1.28,169,49
U001909,C000458,2026-07-09,3.29,14,79
U001910,C000526,2025-12-13,2.56,243,73
U001911,C000516,2026-07-31,3.45,273,4
U001912,C000920,2026-09-10,4.13,172,38
U001913,C000326,2026-08-28,0.81,19,56
U001914,C000576,2026-09-07,1.18,203,55
U001915,C000937,2026-04-27,1.88,55,9
U001916,C000841,2026-06-29,3.45,128,88
U001917,C000930,2026-04-02,2.86,123,31
U001918,C000563,2026-03-03,3.78,171,69
U001919,C000463,2026-07-14,1.37,131,72
U001920,C000985,2025-12-22,0.53,193,29
U001921,C000274,2026-09-16,4.34,143,35
U001922,C000154,2026-05-28,2.77,6,96
U001923,C000659,2025-10-20,3.71,1,3
U001924,C000299,2025-10-10,0.15,222,82
U001925,C000652,2025-11-14,3.89,272,5
U001926,C000487,2026-09-04,0.37,49,39
U001927,C000555,2025-10-31,4.07,254,84
U001928,C000223,2026-03-09,4.12,26,56
U001929,C000805,2026-01-20,4.96,43,90
U001930,C000269,2026-07-02,3.9,185,67
U001931,C000601,2026-02-24,0.37,222,18
U001932,C000524,2026-08-09,2.62,24,19
U001933,C000386,2026-07-16,0.69,68,19
U001934,C000532,2026-06-20,0.64,26,41
U001935,C000795,2025-12-17,2.75,205,34
U001936,C000898,2025-11-27,1.67,216,42
U001937,C000394,2026-07-15,4.61,10,10
U001938,C000658,2026-02-05,2.15,36,8
U001939,C000730,2026-07-09,2.11,143,100
U001940,C000256,2026-02-09,2.08,94,58
U001941,C000352,2026-08-12,2.02,38,88
U001942,C000200,2026-09-06,0.52,177,51
U001943,C000566,2025-12-13,4.5,6,98
U001944,C000220,2025-09-24,0.89,73,74
U001945,C000066,2025-11-17,1.2,193,41
U001946,C000249,2026-01-07,4.81,235,35
U001947,C000319,2026-02-01,1.48,226,41
U001948,C000513,2026-03-06,1.79,273,93
U001949,C000191,2026-08-03,2.15,178,96
U001950,C000714,2026-09-15,3.68,80,27
U001951,C000296,2025-12-13,3.34,64,32
U001952,C000500,2025-11-16,1.61,147,53
U001953,C000080,2025-10-24,0.73,42,54
U001954,C000846,2026-06-13,0.7,290,91
U001955,C000618,2026-08-16,0.49,200,88
U001956,C000172,2026-04-11,2.88,168,19
U001957,C000351,2026-09-16,4.42,9,85
U001958,C000863,2026-08-12,2.93,187,78
U001959,C000069,2026-06-30,1.64,276,64
U001960,C000074,2026-02-07,3.28,28,43
U001961,C000300,2025-12-24,1.3,293,17
U001962,C000828,2025-11-16,4.77,203,55
U001963,C000338,2026-04-27,4.44,259,15
U001964,C000971,2026-06-29,0.38,286,61
U001965,C000613,2025-12-29,1.07,133,36
U001966,C000749,2026-01-13,2.32,88,6
U001967,C000507,2025-10-21,0.89,220,19
U001968,C000341,2026-01-11,1.41,182,42
U001969,C000960,2026-03-02,1.03,148,99
U001970,C000591,2026-05-31,2.26,129,27
U001971,C000503,2025-12-10,4.87,98,19
U001972,C000886,2026-08-22,1.37,85,93
U001973,C000262,2025-11-11,2.48,197,0
U001974,C000814,2026-04-19,1.37,7,57
U001975,C000036,2026-04-02,0.14,21,68
U001976,C000220,2026-07-01,1.81,204,57
U001977,C000228,2026-01-29,3.4,163,66
U001978,C000762,2026-08-29,4.74,22,75
U001979,C000107,2026-02-26,2.3,88,1
U001980,C000231,2026-06-23,0.46,175,87
U001981,C000842,2026-01-25,2.58,212,63
U001982,C000982,2026-01-08,2.17,41,37
U001983,C000120,2026-08-30,3.76,177,56
U001984,C000026,2025-12-02,2.07,42,27
U001985,C000894,2026-01-22,2.48,55,13
U001986,C000390,2026-09-12,2.29,19,70
U001987,C000840,2025-11-28,4.19,81,44
U001988,C000508,2025-11-28,0.35,175,6
U001989,C000489,2026-04-16,3.68,46,50
U001990,C000088,2026-01-18,2.48,292,77
U001991,C000203,2026-06-12,1.07,238,39
U001992,C000626,2026-04-17,3.43,79,81
U001993,C000199,2026-07-26,4.86,100,56
U001994,C000638,2026-08-08,0.68,203,85
U001995,C000796,2026-02-20,3.39,170,40
U001996,C000443,2026-01-07,2.9,87,99
U001997,C000624,2025-11-15,1.74,71,37
U001998,C000614,2026-05-17,1.02,63,62
U001999,C000201,2026-03-21,1.85,156,67
U002000,C000556,2025-12-31,4.93,277,41
U002001,C000097,2026-09-10,1.39,234,84
U002002,C000377,2026-01-07,3.46,95,23
U002003,C000238,2026-02-17,0.68,202,62
U002004,C000892,2026-07-19,0.24,149,90
U002005,C000649,2025-09-23,2.34,215,26
U002006,C000244,2025-09-26,2.78,205,35
U002007,C000229,2026-02-04,4.29,205,16
U002008,C000163,2026-01-24,4.57,22,10
U002009,C000608,2026-02-23,0.62,60,12
U002010,C000684,2025-12-14,3.94,43,34
U002011,C000599,2026-06-10,4.84,276,9
U002012,C000888,2025-10-23,3.32,172,87
U002013,C000885,2026-03-08,3.25,136,75
U002014,C000320,2026-04-06,1.92,15,36
U002015,C000869,2026-07-06,0.73,24,21
U002016,C000964,2026-09-15,4.95,147,42
U002017,C000286,2026-02-07,0.74,217,46
U002018,C000221,2026-07-02,2.52,19,25
U002019,C000918,2026-04-09,0.38,30,11
U002020,C000525,2026-01-04,2.81,261,37
U002021,C000752,2026-09-20,0.81,191,64
U002022,C000693,2026-06-26,4.71,245,91
U002023,C000891,2026-04-03,1.46,189,84
U002024,C000251,2026-01-26,2.81,88,80
U002025,C000339,2025-11-18,2.97,213,99
U002026,C000142,2025-11-10,0.47,150,78
U002027,C000025,2025-09-26,3.35,297,76
U002028,C000301,2025-11-15,3.29,148,79
U002029,C000126,2025-11-24,3.18,281,86
U002030,C000184,2025-10-22,4.18,39,63
U002031,C000981,2026-04-08,3.91,111,68
U002032,C000925,2026-06-10,4.11,268,35
U002033,C000670,2026-04-17,4.02,132,69
U002034,C000813,2025-10-15,2.77,13,24
U002035,C000132,2025-09-30,3.36,37,85
U002036,C000582,2025-10-15,4.63,190,39
U002037,C000329,2026-07-14,2.81,104,60
U002038,C000443,2026-07-05,2.68,287,76
U002039,C000899,2026-03-17,2.62,161,67
U002040,C000324,2026-09-19,4.86,42,77
U002041,C000980,2026-07-18,1.58,47,17
U002042,C000754,2026-01-31,2.22,248,73
U002043,C000594,2026-08-02,1.0,206,64
U002044,C000652,2026-05-04,2.87,168,41
U002045,C000509,2026-04-11,0.87,295,20
U002046,C000444,2026-06-07,3.23,296,46
U002047,C000889,2026-08-27,1.47,289,10
U002048,C000937,2025-11-12,4.76,268,48
U002049,C000875,2026-07-10,3.73,271,17
U002050,C000031,2026-04-05,2.22,34,26
U002051,C000009,2026-05-25,3.86,193,64
U002052,C000475,2025-10-31,0.24,135,49
U002053,C000910,2026-05-28,3.68,184,28
U002054,C000334,2026-05-11,4.04,247,46
U002055,C000710,2025-11-12,3.21,184,7
U002056,C000575,2026-08-08,3.71,197,61
U002057,C000484,2026-03-08,3.35,126,87
U002058,C000180,2025-12-05,0.33,9,40
U002059,C000176,2026-03-09,2.8,244,49
U002060,C000830,2026-06-09,0.69,275,54
U002061,C000025,2026-08-19,0.43,197,31
U002062,C000908,2026-01-21,2.47,74,13
U002063,C000284,2025-11-04,2.6,122,64
U002064,C000558,2026-07-17,0.48,50,2
U002065,C000041,2026-02-14,2.5,36,72
U002066,C000167,2026-08-09,0.75,8,97
U002067,C000096,2026-05-28,3.77,88,29
U002068,C000670,2026-06-11,2.39,143,12
U002069,C000545,2026-03-21,2.14,102,87
U002070,C000197,2026-08-24,2.94,102,92
U002071,C000397,2025-09-30,4.03,260,32
U002072,C000836,2026-01-19,2.8,14,1
U002073,C000233,2025-12-19,2.17,113,47
U002074,C000900,2025-10-23,0.19,175,14
U002075,C000646,2025-10-27,2.08,22,55
U002076,C000800,2025-10-10,1.84,30,22
U002077,C000288,2025-11-19,3.71,191,90
U002078,C000343,2025-10-27,2.59,132,100
U002079,C000082,2025-12-19,0.23,65,44
U002080,C000968,2026-04-10,4.6,109,13
U002081,C000921,2026-07-14,0.46,69,80
U002082,C000291,2026-03-17,0.54,178,40
U002083,C000570,2026-02-17,3.05,187,65
U002084,C000026,2026-07-06,0.68,167,45
U002085,C000145,2026-06-18,3.04,215,66
U002086,C000994,2026-09-22,3.38,277,75
U002087,C000197,2026-06-12,3.32,293,99
U002088,C000712,2025-10-29,2.98,245,13
U002089,C000084,2026-09-12,3.29,31,14
U002090,C000464,2026-02-02,4.23,28,27
U002091,C000020,2026-07-04,4.63,62,61
U002092,C000695,2026-07-16,4.35,232,67
U002093,C000600,2026-07-03,2.58,101,42
U002094,C000027,2026-05-14,4.39,90,3
U002095,C000559,2026-07-12,0.9,241,80
U002096,C000730,2025-10-28,0.88,23,21
U002097,C000377,2026-06-29,3.49,30,42
U002098,C000259,2026-01-18,3.05,247,19
U002099,C000956,2026-07-29,3.17,282,90
U002100,C000453,2025-11-09,1.19,54,99
U002101,C000596,2026-05-05,4.4,31,37
U002102,C000809,2026-09-06,1.46,177,45
U002103,C000982,2025-12-13,0.46,191,8
U002104,C000280,2025-10-16,1.18,262,24
U002105,C000598,2026-08-04,3.71,134,61
U002106,C000145,2025-11-22,3.61,94,83
U002107,C000485,2025-11-13,3.58,206,20
U002108,C000779,2026-05-30,0.93,239,91
U002109,C000347,2025-10-11,4.87,97,43
U002110,C000720,2026-04-18,0.23,238,2
U002111,C000706,2025-12-10,3.36,17,3
U002112,C000940,2026-06-17,2.29,281,15
U002113,C000070,2025-11-21,3.99,86,9
U002114,C000485,2026-01-26,2.72,185,23
U002115,C000728,2025-12-27,1.63,221,0
U002116,C000882,2026-04-23,4.15,69,78
U002117,C000330,2025-12-19,2.51,180,22
U002118,C000694,2026-03-15,4.82,269,82
U002119,C000604,2026-01-18,2.81,180,62
U002120,C000219,2026-04-18,0.87,235,39
U002121,C000489,2026-03-21,1.03,70,44
U002122,C000305,2026-05-05,2.42,87,73
U002123,C000508,2026-01-07,3.11,15,72
U002124,C000762,2025-11-27,3.2,135,68
U002125,C000158,2025-09-29,0.79,127,50
U002126,C000011,2026-01-15,2.28,122,38
U002127,C000658,2025-12-06,0.5,122,34
U002128,C000531,2026-05-11,1.89,127,83
U002129,C000082,2025-12-07,3.38,296,49
U002130,C000614,2026-01-27,2.84,280,52
U002131,C000655,2025-09-23,3.88,119,71
U002132,C000973,2026-06-30,1.93,240,37
U002133,C000787,2026-05-09,4.63,211,35
U002134,C000555,2026-09-04,2.19,1,12
U002135,C000623,2025-12-25,1.66,9,78
U002136,C000808,2025-12-08,1.33,117,91
U002137,C000239,2026-01-10,1.86,30,74
U002138,C000482,2026-02-18,0.9,271,72
U002139,C000677,2025-10-25,1.82,103,41
U002140,C000337,2026-06-29,1.63,90,89
U002141,C000382,2025-12-08,3.39,43,75
U002142,C000952,2026-08-26,0.62,172,79
U002143,C000994,2026-07-29,0.91,244,54
U002144,C000906,2026-08-22,1.03,199,9
U002145,C000136,2025-11-08,2.73,52,92
U002146,C000070,2026-01-17,2.14,160,69
U002147,C000708,2026-03-30,2.59,282,48
U002148,C000996,2026-07-30,0.33,180,89
U002149,C000751,2025-11-25,3.61,31,48
U002150,C000511,2025-10-24,1.84,143,40
U002151,C000871,2026-04-12,4.08,278,42
U002152,C000764,2025-11-04,2.83,243,46
U002153,C000987,2026-02-05,3.92,263,26
U002154,C000617,2026-07-26,3.42,4,70
U002155,C000819,2025-11-10,0.65,252,97
U002156,C000252,2026-04-12,4.48,205,57
U002157,C000917,2026-03-12,4.4,204,70
U002158,C000166,2025-11-27,2.42,81,70
U002159,C000475,2025-12-21,3.98,230,90
U002160,C000774,2026-05-03,0.4,222,11
U002161,C000361,2025-12-26,2.01,297,26
U002162,C000180,2026-05-22,3.65,56,10
U002163,C000451,2026-08-14,2.53,244,83
U002164,C000397,2026-09-13,3.58,195,19
U002165,C000658,2026-08-07,3.48,160,42
U002166,C000387,2025-09-29,4.48,269,92
U002167,C000500,2025-11-16,1.96,238,48
U002168,C000893,2026-02-05,2.69,221,27
U002169,C000430,2026-07-10,1.0,201,56
U002170,C000149,2025-11-06,2.32,43,32
U002171,C000458,2025-10-20,3.02,300,15
U002172,C000813,2026-09-10,3.41,130,23
U002173,C000509,2026-05-26,4.45,79,53
U002174,C000844,2026-04-23,4.73,215,7
U002175,C000438,2026-09-04,0.3,98,29
U002176,C000373,2026-09-08,0.16,84,50
U002177,C000439,2026-05-29,1.21,6,50
U002178,C000890,2025-11-19,2.1,191,25
U002179,C000706,2025-11-23,1.07,271,12
U002180,C000266,2026-06-27,3.04,2,93
U002181,C000531,2026-03-08,1.68,158,59
U002182,C000771,2026-08-21,0.87,234,8
U002183,C000742,2025-10-23,3.45,24,36
U002184,C000261,2026-07-15,4.31,216,89
U002185,C000870,2026-03-06,4.68,198,53
U002186,C000771,2025-10-26,3.31,202,34
U002187,C000194,2026-06-19,4.51,232,82
U002188,C000947,2026-04-08,2.55,10,78
U002189,C000154,2026-01-08,4.74,190,7
U002190,C000296,2026-01-12,2.83,171,97
U002191,C000225,2026-04-09,0.78,114,80
U002192,C000147,2026-01-03,2.16,84,92
U002193,C000486,2026-03-15,4.87,188,28
U002194,C000628,2026-08-08,3.69,292,58
U002195,C000277,2025-10-18,3.39,178,74
U002196,C000305,2026-09-10,0.79,150,49
U002197,C000944,2026-08-07,4.26,43,31
U002198,C000464,2026-08-16,3.54,52,12
U002199,C000581,2025-12-28,4.34,138,84
U002200,C000183,2025-12-14,1.04,14,7
U002201,C000194,2025-09-30,1.0,131,85
U002202,C000305,2025-11-26,3.59,220,48
U002203,C000680,2025-12-20,3.12,141,18
U002204,C000571,2026-07-09,0.89,234,49
U002205,C000103,2025-10-27,2.51,231,7
U002206,C000493,2026-05-20,1.27,272,75
U002207,C000567,2026-06-21,0.97,68,0
U002208,C000108,2026-04-20,3.24,213,50
U002209,C000032,2026-04-01,3.2,83,32
U002210,C000580,2026-08-22,0.65,15,70
U002211,C000835,2026-07-14,3.17,225,7
U002212,C000658,2026-09-18,0.53,131,52
U002213,C000626,2026-08-03,2.87,34,85
U002214,C000770,2026-03-13,1.39,165,68
U002215,C000397,2026-06-12,1.22,278,31
U002216,C000943,2026-08-29,1.23,123,89
U002217,C000048,2025-09-29,1.84,80,77
U002218,C000362,2026-09-09,0.45,278,28
U002219,C000919,2026-03-10,0.96,216,43
U002220,C000340,2026-03-02,4.95,199,14
U002221,C000388,2026-09-14,1.13,177,84
U002222,C000632,2026-01-16,4.76,284,4
U002223,C000357,2026-05-13,3.9,249,7
U002224,C000966,2026-05-07,0.25,287,37
U002225,C000221,2026-05-24,1.1,280,13
U002226,C000636,2026-06-12,1.41,176,57
U002227,C000386,2026-01-06,3.45,74,28
U002228,C000661,2026-05-03,1.26,284,24
U002229,C000617,2026-06-13,2.43,184,0
U002230,C000043,2025-12-21,3.62,44,91
U002231,C000955,2026-04-05,2.94,258,48
U002232,C000315,2026-04-05,2.12,16,78
U002233,C000037,2026-07-17,0.18,4,3
U002234,C000634,2026-05-27,1.68,143,57
U002235,C000416,2026-05-21,4.97,168,41
U002236,C000582,2026-09-16,2.25,232,100
U002237,C000092,2026-07-09,1.66,46,41
U002238,C000322,2026-01-20,0.72,77,35
U002239,C000071,2026-03-03,4.51,180,85
U002240,C000365,2026-09-07,2.23,299,7
U002241,C000519,2026-01-01,1.17,129,92
U002242,C000112,2026-03-23,2.22,238,72
U002243,C000763,2026-04-25,2.66,84,19
U002244,C000371,2026-06-07,1.48,150,9
U002245,C000920,2026-08-07,1.41,156,54
U002246,C000762,2026-07-08,3.12,249,71
U002247,C000739,2026-05-17,2.92,250,64
U002248,C000756,2026-07-27,1.63,238,50
U002249,C000568,2026-03-31,4.51,193,36
U002250,C000736,2026-06-18,4.82,144,36
U002251,C000862,2026-05-26,2.87,7,64
U002252,C000735,2026-08-19,2.13,194,35
U002253,C000828,2025-12-04,3.61,48,7
U002254,C000317,2025-11-05,1.08,94,38
U002255,C000916,2026-09-06,3.39,228,97
U002256,C000742,2025-11-21,2.81,183,37
U002257,C000690,2026-09-15,4.74,123,23
U002258,C000440,2026-05-28,1.16,99,83
U002259,C000606,2026-02-27,1.87,112,17
U002260,C000697,2026-08-04,0.68,211,52
U002261,C000011,2026-02-07,0.27,272,4
U002262,C000409,2025-12-16,3.32,178,27
U002263,C000041,2026-01-14,4.84,226,50
U002264,C000859,2026-04-13,4.15,70,7
U002265,C000931,2026-04-04,0.35,67,65
U002266,C000028,2025-12-20,0.6,132,72
U002267,C000775,2026-02-10,1.27,204,19
U002268,C000415,2026-04-18,4.23,151,77
U002269,C000439,2026-01-27,2.51,296,25
U002270,C000575,2026-02-02,4.58,6,76
U002271,C000012,2026-01-14,0.23,93,8
U002272,C000363,2026-02-14,0.45,95,45
U002273,C000218,2026-02-25,2.12,299,11
U002274,C000525,2026-07-14,1.82,257,33
U002275,C000662,2026-03-21,4.29,98,38
U002276,C000420,2026-01-28,0.75,73,69
U002277,C000158,2025-09-30,1.46,60,80
U002278,C000079,2025-10-05,0.1,132,88
U002279,C000205,2026-04-16,4.29,27,60
U002280,C000051,2026-02-24,4.13,291,28
U002281,C000913,2026-02-25,4.13,287,35
U002282,C000435,2026-05-23,4.79,191,71
U002283,C000675,2026-02-03,2.06,52,67
U002284,C000565,2026-03-25,0.4,54,93
U002285,C000414,2025-09-26,2.31,97,34
U002286,C000569,2026-05-17,4.19,283,9
U002287,C000500,2026-01-18,0.95,215,1
U002288,C000181,2026-08-11,1.82,152,33
U002289,C000450,2026-03-05,1.05,269,23
U002290,C000761,2026-05-14,3.67,74,62
U002291,C000407,2025-12-02,4.8,135,77
U002292,C000523,2026-07-09,0.98,237,74
U002293,C000683,2025-10-28,1.05,292,90
U002294,C000881,2026-08-24,0.81,113,65
U002295,C000230,2026-05-13,2.57,212,17
U002296,C000788,2026-01-28,3.81,277,76
U002297,C000605,2026-03-26,2.49,33,33
U002298,C000106,2025-10-08,4.46,124,54
U002299,C000989,2025-12-10,3.46,227,90
U002300,C000138,2026-09-09,1.23,117,28
U002301,C000479,2025-11-14,1.64,26,42
U002302,C000929,2025-10-03,4.9,9,59
U002303,C000975,2026-08-22,0.29,4,64
U002304,C000931,2025-12-11,3.64,26,30
U002305,C000376,2026-03-21,2.48,42,31
U002306,C000102,2025-09-29,3.93,10,89
U002307,C000487,2026-01-30,3.61,59,60
U002308,C000193,2026-05-19,3.75,125,4
U002309,C000154,2026-07-13,2.55,263,42
U002310,C000942,2026-03-18,2.69,250,18
U002311,C000877,2025-09-29,2.91,109,75
U002312,C000212,2026-02-02,3.11,43,47
U002313,C000831,2026-07-15,3.35,84,52
U002314,C000690,2026-07-24,3.53,299,91
U002315,C000090,2026-08-11,1.87,288,76
U002316,C000483,2026-08-26,3.96,118,40
U002317,C000965,2025-09-23,2.64,52,77
U002318,C000020,2026-06-19,2.07,241,11
U002319,C000610,2026-03-09,4.43,19,93
U002320,C000708,2026-09-21,4.53,228,73
U002321,C000423,2026-07-04,2.42,231,73
U002322,C000010,2025-11-14,1.05,53,18
U002323,C000305,2026-02-18,3.4,240,17
U002324,C000638,2025-10-27,2.53,29,57
U002325,C000269,2025-11-19,0.44,139,55
U002326,C000670,2026-05-01,1.94,74,51
U002327,C000361,2026-02-16,3.59,43,87
U002328,C000242,2026-05-19,0.93,20,50
U002329,C000933,2026-08-29,0.22,19,64
U002330,C000463,2025-11-19,0.56,72,35
U002331,C000256,2026-04-17,3.69,188,0
U002332,C000315,2026-03-30,1.22,105,40
U002333,C000474,2026-02-27,4.35,16,60
U002334,C000834,2026-05-20,1.47,230,100
U002335,C000584,2026-09-07,1.13,130,39
U002336,C000809,2026-02-20,0.87,29,36
U002337,C000150,2026-03-28,0.44,147,4
U002338,C000442,2026-01-19,3.59,184,7
U002339,C000303,2026-07-19,3.21,238,96
U002340,C000671,2026-05-24,4.12,11,16
U002341,C000338,2026-04-26,0.19,228,56
U002342,C000639,2026-08-17,4.13,240,80
U002343,C000819,2026-08-30,4.37,11,20
U002344,C000464,2026-05-13,4.68,287,8
U002345,C000607,2026-03-19,3.55,163,35
U002346,C000200,2026-03-14,2.11,0,37
U002347,C000584,2025-11-18,2.07,47,63
U002348,C000211,2026-04-08,0.72,46,40
U002349,C000180,2025-11-09,2.36,134,29
U002350,C000776,2026-01-16,0.5,220,35
U002351,C000369,2026-05-27,0.33,89,11
U002352,C000208,2025-11-23,1.4,237,23
U002353,C000221,2026-08-16,0.66,38,67
U002354,C000154,2026-02-08,1.11,123,59
U002355,C000877,2026-06-15,4.85,263,17
U002356,C000164,2026-03-05,4.76,165,62
U002357,C000781,2026-01-26,4.63,26,67
U002358,C000738,2026-04-12,2.47,295,93
U002359,C000105,2025-09-30,2.29,230,73
U002360,C000474,2025-12-17,1.25,111,84
U002361,C000222,2026-06-26,3.87,59,45
U002362,C000747,2025-11-10,3.64,248,62
U002363,C000593,2025-11-01,2.12,260,98
U002364,C000290,2026-02-20,1.96,18,13
U002365,C000983,2025-11-25,3.06,228,30
U002366,C000461,2025-12-16,4.88,39,41
U002367,C000482,2026-03-09,4.02,128,8
U002368,C000007,2026-09-17,1.99,22,94
U002369,C000983,2025-11-25,3.74,113,45
U002370,C000875,2026-07-16,1.95,164,24
U002371,C000622,2025-11-24,0.42,148,74
U002372,C000792,2026-09-12,0.25,133,38
U002373,C000348,2026-07-02,2.02,284,10
U002374,C000091,2026-09-06,0.75,270,31
U002375,C000393,2026-04-08,2.63,64,29
U002376,C000325,2026-03-06,3.01,45,63
U002377,C000281,2026-03-25,1.15,160,85
U002378,C000316,2026-04-12,3.55,29,15
U002379,C000383,2026-08-16,3.37,215,91
U002380,C000613,2026-06-28,3.92,0,77
U002381,C000794,2026-03-03,2.3,128,88
U002382,C000506,2026-09-15,4.7,156,47
U002383,C000938,2025-11-28,4.22,297,49
U002384,C000110,2026-09-21,1.48,157,64
U002385,C000106,2026-05-15,0.1,92,3
U002386,C000019,2026-07-15,4.86,223,64
U002387,C000347,2026-06-26,2.11,60,19
U002388,C000249,2026-06-07,0.22,212,96
U002389,C000450,2025-10-25,0.89,282,85
U002390,C000452,2025-11-06,0.98,94,47
U002391,C000297,2026-07-27,3.84,281,78
U002392,C000215,2026-02-12,3.87,292,60
U002393,C000961,2025-10-25,0.34,187,78
U002394,C000723,2025-11-17,3.26,19,49
U002395,C000230,2026-03-26,0.71,2,57
U002396,C000696,2026-06-03,1.94,78,44
U002397,C000396,2026-01-27,0.18,15,32
U002398,C000678,2025-12-14,3.44,226,5
U002399,C000956,2025-10-13,0.71,166,44
U002400,C000354,2026-08-25,2.86,94,39
U002401,C000014,2026-07-20,1.33,251,55
U002402,C000780,2026-05-01,1.28,32,26
U002403,C000947,2025-10-01,3.04,223,21
U002404,C000511,2025-11-28,2.61,106,37
U002405,C000905,2026-05-16,3.89,235,25
U002406,C000523,2025-10-31,3.42,143,36
U002407,C000730,2026-02-10,1.48,292,47
U002408,C000546,2026-02-01,3.89,291,0
U002409,C000038,2025-12-27,3.87,167,52
U002410,C000806,2025-12-31,2.41,31,68
U002411,C000945,2026-04-18,4.36,266,52
U002412,C000647,2026-01-14,0.33,223,32
U002413,C000205,2026-06-06,0.63,260,36
U002414,C000794,2026-08-30,3.94,34,39
U002415,C000776,2025-10-03,4.04,265,95
U002416,C000270,2026-07-30,2.08,165,73
U002417,C000712,2025-10-07,3.72,141,84
U002418,C000042,2025-12-19,2.26,87,50
U002419,C000009,2025-12-28,2.48,269,46
U002420,C000101,2026-06-30,0.87,126,66
U002421,C000197,2026-07-24,2.98,259,21
U002422,C000427,2026-03-28,1.19,91,19
U002423,C000164,2026-08-23,0.18,185,36
U002424,C000071,2025-12-17,1.69,246,36
U002425,C000119,2026-03-05,0.6,241,77
U002426,C000705,2025-10-12,4.45,95,13
U002427,C000936,2026-02-19,3.43,15,53
U002428,C000081,2026-07-26,4.14,160,38
U002429,C000941,2025-11-09,2.78,83,96
U002430,C000905,2026-04-04,0.2,195,21
U002431,C000229,2026-05-20,2.3,121,7
U002432,C000345,2026-09-02,2.73,22,43
U002433,C000468,2026-04-14,1.55,20,72
U002434,C000609,2026-04-17,3.56,211,55
U002435,C000060,2026-08-08,0.31,298,25
U002436,C000689,2026-05-23,0.59,187,95
U002437,C000078,2026-08-08,0.44,115,44
U002438,C000745,2026-07-04,3.56,104,83
U002439,C000547,2025-11-17,4.94,115,47
U002440,C000057,2025-12-09,1.28,104,7
U002441,C000401,2026-04-19,1.95,137,100
U002442,C000735,2025-12-01,2.8,18,42
U002443,C000875,2026-01-03,4.84,138,97
U002444,C000463,2026-06-30,2.36,291,4
U002445,C000532,2025-11-04,4.34,140,70
U002446,C000909,2025-12-22,2.69,77,64
U002447,C000951,2026-07-08,0.37,244,41
U002448,C000983,2026-04-21,1.35,149,64
U002449,C000138,2026-07-11,4.19,298,10
U002450,C000775,2025-10-25,3.06,94,98
U002451,C000799,2026-07-10,2.1,141,65
U002452,C000436,2026-07-03,1.5,245,74
U002453,C000457,2025-11-07,4.94,93,38
U002454,C000787,2026-01-03,1.37,52,9
U002455,C000133,2026-06-17,1.01,50,3
U002456,C000042,2025-10-16,2.23,299,100
U002457,C000792,2026-07-21,4.77,145,69
U002458,C000201,2026-03-16,1.45,296,50
U002459,C000455,2026-08-05,2.62,161,42
U002460,C000066,2026-06-25,1.35,172,8
U002461,C000982,2026-04-12,0.16,128,48
U002462,C000445,2025-12-09,4.58,220,67
U002463,C000957,2026-02-17,2.09,153,50
U002464,C000393,2026-01-26,2.83,240,69
U002465,C000135,2025-10-13,4.92,26,88
U002466,C000515,2026-03-30,1.26,136,97
U002467,C000755,2026-01-09,4.94,40,43
U002468,C000511,2026-01-29,2.57,213,3
U002469,C000123,2026-07-19,2.24,287,75
U002470,C000163,2025-11-12,4.87,233,30
U002471,C000087,2026-08-08,0.77,297,6
U002472,C000436,2026-07-29,3.03,71,56
U002473,C000064,2025-11-29,0.16,43,77
U002474,C000304,2026-03-21,0.3,179,67
U002475,C000818,2026-01-14,4.31,154,28
U002476,C000085,2026-03-01,3.77,227,18
U002477,C000068,2025-12-14,4.88,140,19
U002478,C000064,2026-07-10,4.41,144,56
U002479,C000149,2026-07-10,1.2,19,2
U002480,C000428,2026-06-22,2.13,21,63
U002481,C000609,2025-12-24,4.24,110,32
U002482,C000985,2026-09-18,2.55,151,69
U002483,C000724,2026-07-22,3.77,109,14
U002484,C000287,2026-03-12,2.82,115,50
U002485,C000414,2026-04-13,1.94,234,30
U002486,C000097,2026-01-16,1.49,269,62
U002487,C000232,2026-09-09,4.86,112,19
U002488,C000609,2025-12-27,2.66,118,32
U002489,C000382,2025-09-27,2.23,262,12
U002490,C000393,2026-01-11,2.28,177,26
U002491,C000079,2026-02-16,1.16,32,89
U002492,C000535,2026-04-19,3.99,33,13
U002493,C000779,2026-07-05,4.67,120,85
U002494,C000501,2026-01-21,4.48,206,33
U002495,C000465,2026-04-04,2.84,30,31
U002496,C000534,2026-03-11,4.13,124,59
U002497,C000656,2026-05-20,2.89,1,100
U002498,C000683,2026-08-19,2.02,251,14
U002499,C000508,2026-08-14,0.29,97,61
U002500,C000363,2026-02-07,4.49,54,58
U002501,C000842,2025-12-13,2.67,130,4
U002502,C000920,2025-10-14,1.24,197,47
U002503,C000737,2025-11-01,2.87,59,85
U002504,C000947,2026-05-31,4.93,114,92
U002505,C000297,2026-06-12,4.42,270,95
U002506,C000773,2026-05-22,1.41,236,3
U002507,C000986,2026-07-26,0.96,94,51
U002508,C000730,2025-12-19,3.04,179,5
U002509,C000979,2026-05-31,0.38,165,1
U002510,C000680,2025-11-23,4.21,143,23
U002511,C000039,2026-01-19,3.66,186,11
U002512,C000374,2025-12-02,2.6,72,76
U002513,C000476,2026-07-25,0.5,186,71
U002514,C000356,2025-10-22,3.93,270,42
U002515,C000354,2026-07-20,4.91,80,28
U002516,C000660,2026-07-24,1.07,156,51
U002517,C000889,2026-08-23,2.42,86,87
U002518,C000089,2025-10-24,4.1,0,99
U002519,C000132,2026-02-23,3.21,267,5
U002520,C000684,2025-10-14,0.19,190,64
U002521,C000775,2025-12-11,1.56,185,25
U002522,C000980,2026-05-06,1.81,236,14
U002523,C000527,2026-08-27,0.88,299,79
U002524,C000139,2025-10-24,0.71,260,56
U002525,C000669,2026-08-08,2.48,124,84
U002526,C000971,2026-03-27,4.15,11,30
U002527,C000847,2026-05-19,1.09,276,55
U002528,C000180,2025-10-14,0.52,6,8
U002529,C000216,2026-02-18,0.76,133,32
U002530,C000946,2026-01-21,3.26,134,67
U002531,C000741,2026-05-15,0.52,209,53
U002532,C000661,2025-10-18,1.21,174,99
U002533,C000167,2026-01-09,4.53,109,99
U002534,C000673,2026-05-18,3.69,232,25
U002535,C000132,2026-04-26,4.91,8,24
U002536,C000703,2026-02-18,2.75,172,20
U002537,C000908,2025-11-20,3.14,228,38
U002538,C000730,2026-04-07,4.02,84,59
U002539,C000517,2026-04-15,2.4,245,62
U002540,C000997,2026-04-19,4.99,256,24
U002541,C000605,2026-02-23,2.21,160,37
U002542,C000095,2026-07-02,2.36,220,18
U002543,C000704,2026-03-13,2.83,138,63
U002544,C000302,2026-08-19,2.09,234,42
U002545,C000290,2026-08-25,2.79,119,94
U002546,C000811,2026-07-27,4.54,102,13
U002547,C000429,2026-01-02,1.28,106,94
U002548,C000257,2026-06-30,1.92,221,52
U002549,C000715,2026-03-17,4.57,99,97
U002550,C000299,2026-06-22,3.36,73,70
U002551,C000835,2026-01-12,1.34,271,3
U002552,C000605,2026-08-16,4.99,125,66
U002553,C000935,2026-05-19,4.74,76,13
U002554,C000393,2026-05-16,4.85,237,84
U002555,C000002,2026-05-10,2.09,223,48
U002556,C000832,2026-05-14,3.62,255,34
U002557,C000857,2026-03-09,0.11,34,83
U002558,C000669,2025-09-25,1.09,0,18
U002559,C000317,2025-10-10,3.39,143,18
U002560,C000101,2026-01-23,3.45,192,16
U002561,C000534,2025-10-12,3.98,164,80
U002562,C000160,2026-04-23,4.46,0,61
U002563,C000322,2025-10-24,3.25,269,11
U002564,C000919,2026-01-20,3.86,61,29
U002565,C000681,2026-01-01,1.81,187,95
U002566,C000866,2026-04-23,1.82,36,23
U002567,C000366,2026-02-08,4.36,21,34
U002568,C000507,2026-02-06,1.93,146,30
U002569,C000699,2026-03-27,0.42,125,47
U002570,C000124,2026-06-20,2.19,200,94
U002571,C000670,2026-02-27,3.78,255,95
U002572,C000757,2026-01-18,0.93,108,37
U002573,C000992,2026-08-01,3.08,77,34
U002574,C000872,2026-09-19,0.29,243,15
U002575,C000288,2026-02-18,2.72,48,49
U002576,C000962,2026-05-14,3.66,149,54
U002577,C000442,2025-11-10,4.13,279,15
U002578,C000548,2026-07-16,4.64,253,24
U002579,C000601,2026-04-12,3.89,167,53
U002580,C000308,2026-03-21,3.3,77,86
U002581,C000987,2025-10-21,3.02,29,79
U002582,C000297,2026-02-15,4.08,299,37
U002583,C000518,2025-12-25,2.89,247,85
U002584,C000833,2025-11-20,1.9,76,41
U002585,C000739,2026-07-21,3.92,117,68
U002586,C000763,2026-06-28,1.01,289,51
U002587,C000112,2025-12-23,4.11,100,3
U002588,C000731,2026-02-07,4.42,231,97
U002589,C000296,2026-05-10,4.09,165,76
U002590,C000853,2026-04-09,3.54,229,2
U002591,C000078,2025-11-22,4.09,73,29
U002592,C000993,2026-08-09,3.8,170,95
U002593,C000102,2026-03-31,4.73,104,68
U002594,C000388,2025-11-01,1.14,81,89
U002595,C000077,2025-11-16,3.53,90,52
U002596,C000512,2025-10-08,0.45,108,70
U002597,C000429,2026-08-11,1.51,125,84
U002598,C000850,2026-08-05,4.47,189,52
U002599,C000896,2026-08-24,5.0,169,65
U002600,C000294,2026-09-08,4.85,206,91
U002601,C000443,2026-05-03,0.61,32,41
U002602,C000016,2026-08-12,4.8,236,30
U002603,C000160,2026-07-24,4.84,195,49
U002604,C000230,2026-09-07,2.46,54,78
U002605,C000654,2026-04-27,2.46,252,35
U002606,C000345,2025-11-20,4.4,167,86
U002607,C000800,2026-04-13,2.85,203,66
U002608,C000314,2026-06-11,2.81,115,74
U002609,C000420,2026-04-09,1.55,206,86
U002610,C000382,2026-06-23,0.12,220,0
U002611,C000650,2026-05-19,2.38,137,50
U002612,C000875,2026-06-29,2.66,108,17
U002613,C000533,2026-08-27,3.98,66,17
U002614,C000654,2025-12-20,4.59,21,51
U002615,C000671,2026-05-09,2.46,72,58
U002616,C000009,2026-06-12,4.24,54,88
U002617,C000807,2026-03-07,1.65,59,46
U002618,C000303,2026-06-20,4.77,288,30
U002619,C000961,2026-05-15,3.49,278,3
U002620,C000574,2026-05-30,4.41,25,3
U002621,C000938,2026-02-15,3.12,68,77
U002622,C000790,2025-11-21,3.9,93,52
U002623,C000181,2026-02-06,2.92,141,30
U002624,C000897,2026-04-09,0.68,232,86
U002625,C000555,2026-03-21,4.72,255,27
U002626,C000242,2026-04-29,0.44,88,73
U002627,C000304,2026-08-07,4.26,31,64
U002628,C000750,2026-04-01,0.13,12,9
U002629,C000590,2026-06-19,1.46,175,73
U002630,C000532,2025-12-04,4.14,32,63
U002631,C000542,2026-04-10,0.91,222,70
U002632,C000161,2026-01-25,1.84,297,29
U002633,C000774,2026-04-19,4.54,61,94
U002634,C000425,2025-10-25,4.61,11,48
U002635,C000543,2026-01-02,3.06,256,87
U002636,C000492,2026-07-28,3.69,215,53
U002637,C000300,2026-07-30,2.29,112,82
U002638,C000495,2026-06-17,2.7,125,31
U002639,C000821,2025-10-29,4.17,119,13
U002640,C000041,2026-08-01,3.19,33,11
U002641,C000663,2026-06-11,2.4,226,54
U002642,C000911,2026-08-12,2.39,209,49
U002643,C000981,2025-12-13,2.27,27,96
U002644,C000916,2026-05-04,4.62,83,51
U002645,C000322,2026-02-10,0.94,130,44
U002646,C000934,2025-09-26,1.22,280,76
U002647,C000639,2026-04-09,4.11,82,85
U002648,C000667,2026-02-09,1.67,251,70
U002649,C000519,2026-09-20,1.91,30,57
U002650,C000999,2026-01-23,1.6,138,25
U002651,C000489,2026-02-28,3.55,23,5
U002652,C000584,2026-07-21,4.96,52,91
U002653,C000250,2026-08-12,0.13,169,50
U002654,C000712,2026-02-25,2.5,293,59
U002655,C000372,2025-11-03,3.19,205,53
U002656,C000060,2025-10-22,4.65,143,33
U002657,C000286,2026-03-29,3.44,282,59
U002658,C000868,2026-08-26,1.44,238,73
U002659,C000456,2025-12-09,0.4,280,44
U002660,C000467,2026-09-15,3.35,274,46
U002661,C000545,2026-05-02,2.08,153,47
U002662,C000715,2025-12-15,4.36,106,95
U002663,C000672,2025-10-07,2.45,98,27
U002664,C000278,2025-12-03,3.17,78,41
U002665,C000050,2026-03-21,2.21,70,71
U002666,C000284,2026-01-01,2.62,45,39
U002667,C000575,2025-11-22,1.23,224,80
U002668,C000479,2026-03-14,2.73,44,45
U002669,C000467,2026-04-17,0.81,245,93
U002670,C000140,2026-07-20,2.81,293,55
U002671,C000655,2026-08-26,2.67,21,60
U002672,C000655,2025-10-21,3.84,294,28
U002673,C000760,2026-08-30,3.84,215,61
U002674,C000087,2026-08-09,0.2,114,42
U002675,C000991,2025-10-09,3.99,184,35
U002676,C000103,2026-04-12,3.05,293,52
U002677,C000588,2026-05-18,2.0,139,85
U002678,C000157,2025-12-17,4.74,192,43
U002679,C000949,2025-10-17,0.78,13,49
U002680,C000623,2026-08-07,2.63,119,24
U002681,C000200,2026-06-12,4.89,46,63
U002682,C000636,2026-06-15,3.35,177,88
U002683,C000511,2026-01-15,4.83,133,58
U002684,C000645,2026-05-13,1.06,192,50
U002685,C000662,2026-06-10,1.83,281,2
U002686,C000165,2026-08-04,4.78,276,6
U002687,C000910,2025-11-20,0.42,273,55
U002688,C000543,2025-12-06,1.94,201,7
U002689,C000270,2026-06-14,3.19,232,45
U002690,C000130,2025-12-18,4.86,48,93
U002691,C000591,2026-04-17,0.18,280,66
U002692,C000488,2026-09-01,3.77,161,95
U002693,C000988,2026-09-19,3.22,237,14
U002694,C000058,2026-09-08,2.71,133,67
U002695,C000932,2025-11-17,0.6,165,18
U002696,C000748,2026-09-10,2.33,162,23
U002697,C000448,2025-12-30,1.03,110,32
U002698,C000177,2025-09-23,3.59,275,96
U002699,C000720,2026-05-22,1.95,292,91
U002700,C000950,2026-03-05,0.81,32,94
U002701,C000120,2025-11-27,2.5,121,96
U002702,C000339,2025-10-20,0.31,36,5
U002703,C000201,2026-08-03,3.11,16,0
U002704,C000337,2026-07-23,1.24,222,26
U002705,C000123,2026-06-12,3.32,41,27
U002706,C000073,2026-06-03,4.41,162,79
U002707,C000078,2026-03-10,0.39,33,16
U002708,C000423,2026-01-21,3.6,87,91
U002709,C000449,2026-01-29,3.62,34,68
U002710,C000664,2026-01-18,0.73,298,0
U002711,C000866,2025-12-14,4.34,62,38
U002712,C000322,2026-04-14,2.68,243,96
U002713,C000408,2026-08-29,3.53,67,68
U002714,C000724,2026-05-20,2.62,224,7
U002715,C000129,2026-05-22,0.72,233,100
U002716,C000443,2026-04-27,0.81,228,52
U002717,C000459,2026-01-23,0.37,40,16
U002718,C000541,2026-02-10,3.0,150,20
U002719,C000350,2026-01-06,4.64,152,37
U002720,C000838,2026-01-22,2.6,252,67
U002721,C000045,2026-03-16,4.9,271,20
U002722,C000458,2025-11-19,3.09,247,10
U002723,C000484,2026-01-20,2.71,36,87
U002724,C000009,2025-10-10,0.71,281,15
U002725,C000139,2026-09-20,0.72,101,100
U002726,C000503,2026-01-26,1.76,83,94
U002727,C000449,2026-08-12,4.27,59,73
U002728,C000634,2025-09-27,0.16,58,93
U002729,C000456,2026-03-15,3.85,6,85
U002730,C000480,2026-04-04,0.48,179,16
U002731,C000013,2025-12-25,1.5,13,4
U002732,C000762,2026-04-11,4.99,254,17
U002733,C000202,2026-07-27,1.01,285,65
U002734,C000386,2026-08-13,0.72,270,30
U002735,C000144,2025-10-08,2.51,185,40
U002736,C000554,2026-03-31,1.32,180,18
U002737,C000266,2025-12-14,0.68,80,40
U002738,C000663,2025-10-11,1.9,72,37
U002739,C000567,2026-07-11,1.13,150,16
U002740,C000598,2026-06-16,1.72,29,20
U002741,C000028,2025-11-09,4.7,181,68
U002742,C000299,2026-08-03,4.97,287,96
U002743,C000338,2026-02-05,0.61,282,42
U002744,C000704,2026-05-08,0.51,13,42
U002745,C000190,2025-12-18,2.5,259,0
U002746,C000459,2026-06-05,3.45,293,67
U002747,C000928,2026-06-29,2.62,94,33
U002748,C000692,2025-12-31,3.11,191,1
U002749,C000329,2025-09-30,1.2,25,0
U002750,C000894,2025-12-02,1.31,172,86
U002751,C000733,2026-08-29,3.48,26,85
U002752,C000967,2026-06-01,4.27,299,86
U002753,C000349,2026-09-16,0.36,120,19
U002754,C000957,2025-10-20,2.38,173,92
U002755,C000151,2025-10-08,3.4,196,83
U002756,C000596,2026-09-10,1.42,257,77
U002757,C000158,2025-10-21,0.35,241,97
U002758,C000511,2025-11-09,0.5,229,93
U002759,C000750,2025-09-29,0.1,67,19
U002760,C000055,2026-05-03,3.85,50,23
U002761,C000214,2026-01-09,1.44,116,46
U002762,C000631,2026-05-29,0.63,188,92
U002763,C000124,2026-02-10,3.38,166,94
U002764,C000765,2026-03-24,0.17,176,65
U002765,C000602,2026-03-06,1.13,233,5
U002766,C000464,2026-08-26,4.74,162,76
U002767,C000401,2026-05-09,0.78,21,50
U002768,C000182,2026-08-20,2.64,69,7
U002769,C000306,2026-04-23,0.81,164,38
U002770,C000112,2026-06-21,0.43,298,58
U002771,C000497,2026-08-20,4.72,12,54
U002772,C000539,2026-03-04,3.64,230,79
U002773,C000909,2026-06-30,1.64,268,0
U002774,C000562,2025-12-09,2.78,297,64
U002775,C000618,2026-03-15,1.0,216,20
U002776,C000364,2026-03-17,3.53,84,31
U002777,C000499,2025-11-07,1.41,148,98
U002778,C000021,2026-02-09,0.19,61,85
U002779,C000046,2026-07-04,2.23,241,29
U002780,C000199,2026-09-20,3.71,249,0
U002781,C000606,2026-01-29,2.4,118,41
U002782,C000983,2026-08-27,1.96,147,7
U002783,C000907,2026-02-06,4.15,52,54
U002784,C000048,2026-05-26,3.21,163,96
U002785,C000064,2025-12-23,0.71,37,82
U002786,C000497,2026-05-22,1.03,14,86
U002787,C000313,2025-10-13,1.17,111,46
U002788,C000814,2026-07-06,0.74,134,56
U002789,C000201,2026-07-30,1.52,30,78
U002790,C000575,2025-12-31,4.63,153,66
U002791,C000671,2025-10-01,4.77,216,73
U002792,C000896,2026-03-07,4.31,31,92
U002793,C000291,2026-03-23,3.35,26,89
U002794,C000886,2026-05-03,3.77,277,41
U002795,C000811,2025-10-09,0.33,163,95
U002796,C000509,2025-12-14,1.24,73,17
U002797,C000757,2026-09-11,1.63,108,52
U002798,C000899,2026-05-12,3.17,173,40
U002799,C000343,2025-10-12,2.8,131,18
U002800,C000157,2025-10-03,2.08,263,31
U002801,C000062,2025-11-04,0.81,221,49
U002802,C000184,2026-05-01,3.61,216,90
U002803,C000927,2026-08-16,1.92,164,89
U002804,C000960,2026-04-04,2.35,253,3
U002805,C000232,2026-07-13,1.2,1,39
U002806,C000439,2026-05-27,2.01,23,55
U002807,C000752,2026-05-11,2.79,58,49
U002808,C000791,2026-09-14,3.94,128,59
U002809,C000701,2026-08-07,2.76,99,97
U002810,C000410,2026-01-18,4.6,228,42
U002811,C000317,2025-11-11,1.79,97,45
U002812,C000488,2025-10-11,3.7,165,58
U002813,C000726,2025-09-28,2.46,270,7
U002814,C000431,2026-08-09,4.11,236,86
U002815,C000801,2026-08-09,0.75,204,82
U002816,C000730,2025-12-28,1.92,159,60
U002817,C000137,2025-11-01,1.89,99,95
U002818,C000474,2025-11-09,3.06,93,5
U002819,C000130,2026-06-25,1.18,71,17
U002820,C000325,2026-08-03,0.54,248,81
U002821,C000085,2026-08-11,0.55,27,92
U002822,C000006,2026-07-15,0.59,247,73
U002823,C000089,2026-02-23,2.03,94,7
U002824,C000346,2026-09-05,3.98,9,44
U002825,C000760,2026-07-05,3.21,217,96
U002826,C000382,2026-07-23,1.18,32,64
U002827,C000219,2026-05-10,2.59,199,49
U002828,C000510,2026-06-10,2.99,66,6
U002829,C000109,2026-02-25,1.22,270,53
U002830,C000955,2025-12-30,0.55,174,89
U002831,C000430,2026-04-21,2.63,226,61
U002832,C000539,2025-11-10,3.52,139,52
U002833,C000641,2026-09-06,3.35,3,87
U002834,C000832,2026-07-05,3.49,67,87
U002835,C000384,2025-10-29,1.82,263,9
U002836,C000846,2026-03-11,4.28,109,83
U002837,C000181,2026-02-14,0.93,249,24
U002838,C000795,2026-03-23,3.43,115,41
U002839,C000541,2026-09-07,3.89,151,83
U002840,C000776,2026-07-19,1.61,249,47
U002841,C000073,2026-03-14,1.02,174,78
U002842,C000020,2026-08-23,1.58,172,7
U002843,C000828,2026-06-02,3.5,46,52
U002844,C000457,2025-11-03,3.91,140,77
U002845,C000806,2026-01-26,4.14,154,31
U002846,C000442,2026-03-14,3.87,133,66
U002847,C000943,2026-06-15,1.81,21,89
U002848,C000048,2026-03-16,1.1,295,1
U002849,C000966,2026-02-04,1.96,14,75
U002850,C000662,2025-12-15,1.05,246,16
U002851,C000540,2025-11-21,4.24,21,78
U002852,C000401,2026-08-31,1.08,31,95
U002853,C000246,2026-01-08,1.19,211,30
U002854,C000814,2026-02-18,1.0,47,16
U002855,C000647,2026-04-11,0.94,196,98
U002856,C000740,2026-03-05,0.58,280,51
U002857,C000810,2026-05-23,2.32,238,32
U002858,C000980,2026-09-11,0.82,227,66
U002859,C000524,2026-01-09,0.48,138,11
U002860,C000533,2026-04-13,4.07,239,52
U002861,C000148,2026-02-15,0.23,241,16
U002862,C000588,2026-03-24,4.59,99,49
U002863,C000100,2025-10-16,0.27,224,81
U002864,C000930,2026-03-07,2.95,10,37
U002865,C000181,2026-01-09,3.74,186,100
U002866,C000373,2026-09-21,4.41,268,81
U002867,C000365,2025-12-30,2.93,132,71
U002868,C000947,2025-12-15,3.63,186,93
U002869,C000696,2026-07-21,3.32,193,37
U002870,C000668,2026-02-09,0.45,12,26
U002871,C000478,2026-08-02,3.15,142,70
U002872,C000708,2025-11-25,5.0,76,93
U002873,C000786,2026-08-20,4.23,210,53
U002874,C000495,2026-09-05,3.9,77,42
U002875,C000064,2025-11-19,2.45,196,41
U002876,C000222,2026-02-15,0.74,64,84
U002877,C000317,2026-08-28,4.11,289,19
U002878,C000817,2026-02-04,0.41,112,92
U002879,C000599,2025-10-03,4.5,247,95
U002880,C000591,2026-08-03,2.07,209,60
U002881,C000460,2026-09-04,0.64,122,59
U002882,C000998,2026-02-23,0.84,27,35
U002883,C000925,2025-12-16,3.36,201,68
U002884,C000429,2025-11-09,1.04,69,32
U002885,C000613,2026-05-21,1.03,156,89
U002886,C000986,2026-05-12,3.98,153,53
U002887,C000373,2026-04-28,4.74,50,26
U002888,C000766,2026-07-12,0.65,44,3
U002889,C000457,2026-07-06,1.77,36,52
U002890,C000495,2026-09-03,1.92,234,2
U002891,C000502,2026-04-03,4.82,237,1
U002892,C000555,2026-05-04,4.43,250,85
U002893,C000882,2026-06-04,2.59,239,55
U002894,C000610,2025-11-12,3.36,202,59
U002895,C000335,2026-09-05,3.25,23,25
U002896,C000569,2026-03-08,3.01,119,28
U002897,C000676,2026-07-13,0.76,59,15
U002898,C000500,2026-02-03,1.52,116,19
U002899,C000356,2026-09-09,3.4,87,37
U002900,C000995,2026-06-01,3.31,105,34
U002901,C000391,2026-02-17,2.35,291,17
U002902,C000151,2026-08-23,3.94,148,43
U002903,C000290,2026-08-21,0.28,153,15
U002904,C000088,2026-05-08,1.36,188,8
U002905,C000996,2026-06-05,4.39,225,89
U002906,C000181,2026-02-23,4.59,230,87
U002907,C000054,2025-12-12,3.39,42,5
U002908,C000323,2025-12-22,3.72,33,64
U002909,C000221,2025-10-19,3.41,214,87
U002910,C000424,2026-07-10,2.1,61,42
U002911,C000689,2026-07-10,4.85,38,95
U002912,C000679,2026-04-08,2.48,18,80
U002913,C000021,2026-02-09,2.59,219,52
U002914,C000702,2026-04-11,3.34,84,35
U002915,C000884,2026-07-15,2.01,296,93
U002916,C000100,2026-05-01,0.65,211,32
U002917,C000346,2025-10-17,3.9,103,1
U002918,C000331,2025-10-25,0.58,248,30
U002919,C000106,2025-11-26,4.03,93,9
U002920,C000832,2025-12-27,4.73,25,3
U002921,C000933,2026-06-11,2.1,90,93
U002922,C000008,2026-06-23,4.13,172,26
U002923,C000071,2026-02-20,1.7,268,80
U002924,C000236,2026-05-27,3.77,84,47
U002925,C000307,2026-07-06,4.15,222,82
U002926,C000138,2026-08-03,0.69,41,69
U002927,C000722,2026-01-08,2.99,293,94
U002928,C000858,2025-12-04,2.16,20,93
U002929,C000569,2026-03-20,4.31,79,21
U002930,C000269,2026-04-09,2.95,273,81
U002931,C000850,2026-03-15,0.87,299,16
U002932,C000701,2026-02-27,2.21,142,7
U002933,C000917,2026-08-22,4.86,200,56
U002934,C000846,2025-12-18,2.63,200,84
U002935,C000194,2026-04-16,0.56,140,20
U002936,C000145,2026-04-11,0.73,267,81
U002937,C000349,2025-10-14,0.31,284,6
U002938,C000061,2026-05-11,2.0,71,48
U002939,C000944,2026-01-30,1.59,91,1
U002940,C000745,2025-11-08,4.94,170,33
U002941,C000352,2026-04-14,1.91,139,9
U002942,C000116,2026-01-29,4.71,297,31
U002943,C000598,2025-10-20,2.57,290,63
U002944,C000272,2026-07-20,0.43,201,78
U002945,C000804,2026-04-25,1.72,183,24
U002946,C000677,2026-09-22,4.11,110,71
U002947,C000881,2026-03-18,4.99,68,15
U002948,C000940,2026-08-15,1.14,112,0
U002949,C000159,2026-07-18,0.37,133,70
U002950,C000802,2026-04-20,4.29,150,94
U002951,C000255,2026-08-24,0.97,133,52
U002952,C000268,2026-01-06,1.35,287,42
U002953,C000903,2026-05-18,4.12,132,0
U002954,C000712,2026-03-24,0.73,219,38
U002955,C000663,2025-11-27,3.88,283,69
U002956,C000243,2026-09-19,0.64,129,53
U002957,C000396,2026-05-28,2.52,4,88
U002958,C000630,2026-01-06,0.91,35,71
U002959,C000839,2026-07-03,0.29,1,89
U002960,C000499,2026-09-01,4.65,152,19
U002961,C000655,2025-10-02,3.12,187,98
U002962,C000482,2026-08-02,3.15,27,4
U002963,C000607,2026-06-15,0.34,93,91
U002964,C000989,2025-11-07,3.65,192,70
U002965,C000680,2026-03-08,1.55,61,100
U002966,C000151,2026-01-23,3.43,19,31
U002967,C000930,2025-11-24,0.42,231,39
U002968,C000324,2026-02-20,3.88,129,88
U002969,C000073,2026-09-01,1.91,13,16
U002970,C000802,2026-08-19,2.77,10,82
U002971,C000575,2026-08-21,4.76,14,44
U002972,C000968,2026-03-12,0.84,189,16
U002973,C000385,2025-10-15,4.2,83,46
U002974,C000418,2026-05-17,3.04,27,59
U002975,C000768,2025-09-25,3.97,228,57
U002976,C000225,2026-09-10,0.44,257,76
U002977,C000723,2026-07-20,1.36,128,66
U002978,C000781,2026-05-01,0.2,108,48
U002979,C000495,2025-10-15,1.09,275,76
U002980,C000284,2026-04-03,2.61,241,38
U002981,C000486,2026-03-21,2.81,98,46
U002982,C000132,2026-01-01,2.88,46,44
U002983,C000352,2026-08-03,3.26,289,25
U002984,C000628,2026-01-05,1.93,16,87
U002985,C000489,2026-03-10,4.18,252,67
U002986,C000440,2026-09-21,2.07,60,30
U002987,C000812,2026-01-07,1.74,251,48
U002988,C000312,2026-08-02,4.82,192,80
U002989,C000833,2026-09-01,3.2,36,23
U002990,C000718,2026-01-10,4.89,188,21
U002991,C000514,2026-06-14,4.91,170,66
U002992,C000699,2026-03-21,3.23,95,91
U002993,C000455,2026-09-09,0.13,13,46
U002994,C000130,2026-01-14,1.81,243,36
U002995,C000498,2026-01-13,3.24,197,100
U002996,C000959,2026-02-21,3.15,8,98
U002997,C000155,2026-03-23,3.3,119,1
U002998,C000243,2026-07-28,3.43,57,22
U002999,C000637,2025-11-30,3.29,8,70
U003000,C000458,2025-12-26,3.35,77,50
U003001,C000186,2026-03-12,2.13,65,84
U003002,C000915,2025-10-27,4.45,19,74
U003003,C000781,2026-07-17,1.68,251,43
U003004,C000608,2025-10-07,4.2,152,37
U003005,C000893,2026-01-29,3.44,218,70
U003006,C000862,2026-04-22,4.51,160,63
U003007,C000248,2026-08-02,1.39,178,55
U003008,C000542,2026-07-24,1.03,26,86
U003009,C000705,2026-03-28,4.36,203,97
U003010,C000989,2026-03-10,0.97,262,55
U003011,C000753,2026-07-14,1.16,157,79
U003012,C000166,2025-10-31,4.57,62,28
U003013,C000041,2026-01-26,4.14,230,50
U003014,C000451,2026-09-15,4.3,24,55
U003015,C000238,2026-02-03,3.07,77,66
U003016,C000851,2026-02-22,1.5,104,74
U003017,C000583,2026-01-23,2.7,211,39
U003018,C000845,2025-10-11,2.23,204,26
U003019,C000109,2025-11-28,2.23,158,89
U003020,C000969,2025-12-04,1.24,51,76
U003021,C000779,2025-12-10,3.93,266,50
U003022,C000992,2026-05-20,4.18,215,96
U003023,C000556,2026-06-09,3.33,146,64
U003024,C000513,2025-12-10,4.81,180,19
U003025,C000265,2026-02-04,2.54,221,10
U003026,C000184,2026-08-28,4.6,74,12
U003027,C000274,2026-05-14,1.82,125,97
U003028,C000881,2026-07-19,0.11,84,74
U003029,C000772,2026-03-29,0.56,72,50
U003030,C000594,2026-05-05,4.08,218,81
U003031,C000928,2025-10-06,2.99,228,75
U003032,C000237,2026-04-06,3.42,15,33
U003033,C000756,2025-12-29,3.78,98,72
U003034,C000032,2025-10-19,2.0,282,69
U003035,C000978,2026-07-15,0.15,273,44
U003036,C000785,2026-03-25,4.4,17,85
U003037,C000299,2026-09-20,1.85,286,34
U003038,C000817,2026-09-05,1.43,8,47
U003039,C000973,2026-02-03,1.81,197,12
U003040,C000760,2026-09-04,0.27,8,93
U003041,C000282,2025-11-06,3.32,16,7
U003042,C000587,2025-12-02,0.82,13,57
U003043,C000903,2026-03-21,3.66,191,43
U003044,C000404,2026-02-17,2.07,119,12
U003045,C000984,2026-06-15,2.05,38,100
U003046,C000072,2026-01-27,3.71,60,19
U003047,C000310,2025-10-31,0.24,235,47
U003048,C000542,2026-07-21,4.8,297,9
U003049,C000681,2025-11-21,2.9,127,0
U003050,C000345,2025-10-07,2.29,12,37
U003051,C000224,2026-04-10,0.17,214,28
U003052,C000863,2026-07-03,1.32,241,23
U003053,C000499,2025-10-23,1.91,218,84
U003054,C000649,2026-08-13,2.78,273,81
U003055,C000725,2026-05-08,3.67,121,63
U003056,C000490,2026-09-20,1.08,258,44
U003057,C000177,2026-07-25,2.1,28,16
U003058,C000570,2026-03-29,0.68,178,97
U003059,C000635,2026-05-19,1.38,234,66
U003060,C000786,2026-06-23,4.23,41,78
U003061,C000041,2026-05-29,4.93,9,72
U003062,C000487,2026-09-18,2.09,123,43
U003063,C000203,2026-02-06,2.95,197,4
U003064,C000155,2026-07-19,3.64,217,50
U003065,C000604,2026-04-21,1.39,294,62
U003066,C000649,2025-12-17,3.61,207,22
U003067,C000867,2026-05-04,2.26,100,33
U003068,C000856,2026-06-12,0.17,266,82
U003069,C000287,2026-01-09,3.84,174,69
U003070,C000505,2025-12-11,3.14,225,27
U003071,C000770,2026-04-29,4.44,100,58
U003072,C000110,2026-03-23,1.23,219,15
U003073,C000526,2025-12-27,0.41,218,74
U003074,C000425,2026-09-11,1.27,108,79
U003075,C000412,2026-09-12,4.25,264,44
U003076,C000281,2026-02-03,4.82,93,65
U003077,C000695,2025-10-20,0.49,115,28
U003078,C000894,2026-05-13,2.04,96,30
U003079,C000362,2025-10-15,4.19,106,70
U003080,C000570,2026-06-04,1.46,129,95
U003081,C000427,2025-12-28,4.04,163,67
U003082,C000066,2026-04-21,1.08,79,79
U003083,C000892,2026-09-16,1.06,200,80
U003084,C000395,2026-03-12,0.62,81,63
U003085,C000642,2025-09-26,4.67,19,2
U003086,C000711,2026-01-15,3.85,53,68
U003087,C000422,2026-09-14,0.33,123,89
U003088,C000015,2026-08-30,1.82,92,0
U003089,C000831,2026-07-17,4.64,243,45
U003090,C000112,2026-07-21,1.29,282,54
U003091,C000303,2025-09-27,2.68,288,93
U003092,C000893,2026-03-08,4.78,294,54
U003093,C000336,2026-04-23,1.42,206,19
U003094,C000783,2026-03-24,3.85,137,27
U003095,C000034,2026-06-24,1.54,154,21
U003096,C000520,2026-06-18,1.37,17,89
U003097,C000665,2026-04-09,1.18,202,86
U003098,C000848,2026-05-13,3.8,165,52
U003099,C000934,2025-10-21,4.78,44,67
U003100,C000246,2026-08-11,1.37,220,79
U003101,C000725,2026-01-05,3.09,114,79
U003102,C000419,2026-08-30,0.76,205,3
U003103,C000154,2025-11-06,3.76,182,23
U003104,C000099,2025-10-21,0.4,147,42
U003105,C000447,2025-10-01,1.36,64,70
U003106,C000567,2026-09-15,3.84,270,53
U003107,C000602,2026-04-29,4.67,25,56
U003108,C000793,2026-01-30,4.86,73,3
U003109,C000825,2026-01-16,4.09,281,37
U003110,C000894,2026-06-07,1.23,153,26
U003111,C000311,2025-12-15,1.05,91,27
U003112,C000218,2026-01-22,2.07,157,12
U003113,C000336,2026-09-11,0.92,21,85
U003114,C000359,2025-11-14,0.15,61,90
U003115,C000505,2026-05-24,3.57,181,16
U003116,C000330,2026-06-04,4.7,51,84
U003117,C000300,2026-01-19,2.63,197,23
U003118,C000024,2026-04-25,0.47,9,90
U003119,C000418,2026-06-11,3.89,267,13
U003120,C000186,2025-11-07,4.82,222,88
U003121,C000613,2026-08-10,4.33,195,83
U003122,C000056,2026-05-09,2.43,260,29
U003123,C000706,2026-09-03,1.9,262,62
U003124,C000096,2026-04-24,0.4,133,52
U003125,C000050,2026-01-11,1.32,104,46
U003126,C000037,2026-02-20,4.88,108,7
U003127,C000017,2025-10-26,3.63,198,97
U003128,C000966,2026-08-15,0.68,227,83
U003129,C000347,2026-03-06,4.74,27,89
U003130,C000767,2026-06-01,1.79,300,27
U003131,C000602,2026-07-07,2.12,180,19
U003132,C000807,2026-05-27,0.62,193,82
U003133,C000252,2026-08-16,1.9,300,46
U003134,C000401,2025-11-26,2.83,12,57
U003135,C000604,2025-10-24,1.16,286,6
U003136,C000215,2026-05-11,0.78,299,11
U003137,C000134,2025-12-29,2.5,295,36
U003138,C000565,2025-10-02,0.91,108,90
U003139,C000039,2025-12-21,4.41,175,21
U003140,C000860,2026-04-10,0.17,176,24
U003141,C000261,2026-07-03,1.08,82,30
U003142,C000464,2025-11-14,2.77,208,34
U003143,C000262,2026-06-30,4.01,215,42
U003144,C000537,2026-05-17,2.91,58,62
U003145,C000436,2026-03-20,4.23,80,6
U003146,C000577,2025-10-29,3.01,268,16
U003147,C000682,2026-06-02,1.8,295,15
U003148,C000581,2026-03-11,4.13,242,49
U003149,C000366,2025-11-04,3.96,113,15
U003150,C000807,2026-06-17,2.22,207,21
U003151,C000351,2025-12-30,3.42,282,69
U003152,C000753,2026-05-31,3.26,111,66
U003153,C000229,2025-09-30,3.25,171,26
U003154,C000796,2026-02-26,0.16,234,84
U003155,C000200,2026-05-26,4.4,72,33
U003156,C000011,2026-01-31,1.79,213,25
U003157,C000022,2026-02-11,1.6,246,85
U003158,C000933,2026-05-13,3.19,215,55
U003159,C000009,2026-01-14,4.97,192,48
U003160,C000507,2026-03-22,0.7,250,86
U003161,C000213,2025-09-30,3.73,59,14
U003162,C000773,2025-11-11,1.45,138,77
U003163,C000792,2026-03-22,1.71,127,0
U003164,C000306,2026-01-10,0.95,9,55
U003165,C000595,2025-10-29,4.26,78,46
U003166,C000697,2026-06-14,4.57,97,84
U003167,C000023,2025-09-30,3.76,285,66
U003168,C000089,2025-12-31,2.36,159,48
U003169,C000158,2026-06-19,0.46,217,54
U003170,C000437,2026-08-11,1.14,41,33
U003171,C000716,2026-08-24,0.6,201,77
U003172,C000636,2026-07-11,4.92,292,42
U003173,C000020,2026-02-01,3.46,183,37
U003174,C000981,2025-12-14,3.14,277,7
U003175,C000951,2026-08-07,3.57,225,43
U003176,C000416,2026-07-21,3.7,43,96
U003177,C000927,2025-11-16,2.85,244,8
U003178,C000594,2026-04-07,2.55,281,15
U003179,C000308,2026-06-26,2.79,6,41
U003180,C000250,2025-09-23,1.07,175,69
U003181,C000675,2026-06-30,3.69,226,17
U003182,C000743,2025-10-21,4.52,146,59
U003183,C000741,2026-01-05,2.45,266,84
U003184,C000829,2026-08-31,1.09,97,15
U003185,C000726,2026-06-30,2.72,273,65
U003186,C000238,2026-03-24,3.75,120,25
U003187,C000462,2026-03-26,0.63,210,79
U003188,C000770,2025-11-24,1.88,13,14
U003189,C000826,2026-04-14,2.22,107,56
U003190,C000426,2025-10-31,1.58,57,55
U003191,C000446,2026-03-09,3.89,26,67
U003192,C000005,2026-01-12,4.96,76,20
U003193,C000539,2026-02-12,2.95,242,41
U003194,C000891,2026-07-18,0.64,2,69
U003195,C000707,2026-07-20,4.92,243,38
U003196,C000285,2026-07-31,0.57,231,20
U003197,C000006,2026-07-04,1.54,172,74
U003198,C000729,2026-01-12,1.19,20,89
U003199,C000547,2026-03-06,3.57,266,22
U003200,C000961,2026-05-09,3.03,172,28
U003201,C000393,2026-06-22,2.03,175,94
U003202,C000556,2025-10-04,2.23,284,53
U003203,C000860,2026-02-07,4.72,72,6
U003204,C000894,2026-03-04,4.98,230,25
U003205,C000986,2026-01-18,1.22,192,17
U003206,C000232,2026-05-29,3.54,117,74
U003207,C000959,2025-10-02,1.4,49,5
U003208,C000763,2025-10-26,0.26,262,60
U003209,C000346,2026-02-17,4.8,25,12
U003210,C000939,2026-05-14,1.13,183,16
U003211,C000121,2026-02-08,1.91,123,67
U003212,C000294,2026-08-07,3.16,275,85
U003213,C000193,2026-04-13,0.85,210,62
U003214,C000132,2025-10-18,2.22,224,81
U003215,C000665,2025-10-25,2.38,108,42
U003216,C000593,2025-09-26,3.67,196,32
U003217,C000180,2026-03-17,4.82,104,67
U003218,C000457,2026-08-19,4.23,188,91
U003219,C000732,2025-11-01,4.29,124,82
U003220,C000873,2026-06-07,0.82,298,28
U003221,C000364,2025-10-31,2.0,87,92
U003222,C000072,2026-05-16,3.44,277,60
U003223,C000114,2026-01-04,1.16,111,63
U003224,C000649,2026-05-12,3.55,211,57
U003225,C000273,2026-08-29,0.85,209,93
U003226,C000190,2026-06-03,0.93,79,41
U003227,C000072,2026-09-22,3.15,295,22
U003228,C000854,2026-09-20,2.61,14,32
U003229,C000203,2026-01-11,0.64,216,65
U003230,C000230,2026-07-17,3.42,269,0
U003231,C000761,2026-01-22,3.66,203,26
U003232,C000771,2026-06-23,3.23,130,64
U003233,C000395,2026-08-21,3.17,64,72
U003234,C000143,2025-12-16,4.05,146,29
U003235,C000363,2026-05-05,0.55,216,60
U003236,C000223,2026-06-17,3.22,282,84
U003237,C000073,2026-06-27,4.5,139,47
U003238,C000553,2026-01-10,4.87,46,7
U003239,C000070,2026-07-15,2.46,38,98
U003240,C000155,2026-08-08,4.08,147,93
U003241,C000351,2026-08-17,0.33,129,24
U003242,C000364,2025-09-25,1.3,103,17
U003243,C000585,2026-09-13,2.0,144,23
U003244,C000443,2026-06-16,1.6,291,91
U003245,C000330,2025-10-05,4.79,298,73
U003246,C000418,2026-08-20,1.46,175,50
U003247,C000085,2026-05-06,4.22,44,2
U003248,C000612,2025-12-31,4.27,72,55
U003249,C000760,2026-07-10,0.46,17,44
U003250,C000419,2025-10-06,0.98,267,51
U003251,C000510,2025-11-11,0.26,72,22
U003252,C000859,2026-08-19,4.52,72,89
U003253,C000190,2025-10-18,4.92,83,97
U003254,C000563,2026-06-06,0.67,283,28
U003255,C000549,2026-06-16,2.67,99,7
U003256,C000537,2025-10-30,1.67,118,60
U003257,C000172,2026-01-11,3.65,278,27
U003258,C000603,2025-10-31,1.23,202,94
U003259,C000886,2026-07-22,3.0,38,90
U003260,C000290,2026-09-13,2.68,13,15
U003261,C000002,2026-01-31,2.39,208,1
U003262,C000120,2026-02-04,3.43,226,14
U003263,C000388,2026-06-14,0.21,166,48
U003264,C000629,2026-05-06,3.36,120,13
U003265,C000440,2026-05-08,4.47,283,76
U003266,C000110,2026-03-16,1.22,295,67
U003267,C000315,2026-08-01,2.92,162,15
U003268,C000277,2026-09-09,3.64,0,97
U003269,C000478,2026-06-21,2.09,68,6
U003270,C000610,2025-11-27,3.93,131,91
U003271,C000644,2026-02-15,3.63,240,97
U003272,C000458,2025-09-23,2.32,277,73
U003273,C000025,2026-08-26,1.63,35,49
U003274,C000501,2025-10-17,4.71,10,8
U003275,C000431,2026-07-27,1.41,169,9
U003276,C000747,2025-10-10,4.93,60,94
U003277,C000916,2026-08-23,0.26,250,17
U003278,C000710,2026-02-06,1.03,188,36
U003279,C000846,2026-06-12,2.17,82,96
U003280,C000116,2025-11-23,3.43,64,24
U003281,C000037,2026-02-01,3.95,210,96
U003282,C000328,2026-06-09,4.7,0,84
U003283,C000550,2025-12-22,3.3,268,22
U003284,C000681,2026-01-07,3.36,260,68
U003285,C000130,2026-01-29,1.34,286,14
U003286,C000118,2026-06-06,4.8,223,38
U003287,C000283,2026-05-19,3.6,207,91
U003288,C000118,2026-02-23,4.66,151,7
U003289,C000405,2026-07-22,1.83,158,48
U003290,C000911,2026-09-04,2.37,30,79
U003291,C000564,2025-11-02,0.73,18,44
U003292,C000188,2026-07-10,1.97,146,62
U003293,C000479,2026-05-02,3.95,164,36
U003294,C000139,2026-09-06,1.87,167,88
U003295,C000181,2026-09-11,1.82,262,21
U003296,C000579,2026-04-10,4.98,258,20
U003297,C000872,2025-10-20,0.98,9,8
U003298,C000673,2025-12-20,4.35,55,81
U003299,C000923,2026-02-04,4.39,4,15
U003300,C000280,2025-11-05,3.4,201,38
U003301,C000620,2026-01-13,3.82,279,56
U003302,C000648,2026-06-25,1.93,234,70
U003303,C000200,2026-08-22,3.8,76,26
U003304,C000770,2026-08-29,2.68,156,74
U003305,C000560,2025-11-24,4.1,161,71
U003306,C000452,2025-11-22,4.46,177,37
U003307,C000092,2025-11-29,3.63,62,68
U003308,C000681,2026-09-03,2.84,153,97
U003309,C000996,2026-08-07,0.8,103,46
U003310,C000629,2026-09-10,0.61,226,70
U003311,C000553,2026-08-22,0.71,256,21
U003312,C000172,2026-05-25,0.98,39,31
U003313,C000641,2026-06-30,4.81,161,12
U003314,C000775,2026-02-01,4.17,117,29
U003315,C000952,2026-01-18,3.97,203,9
U003316,C000171,2026-08-17,0.67,225,17
U003317,C000760,2026-07-17,1.08,79,73
U003318,C000753,2026-07-26,2.45,39,5
U003319,C000596,2025-10-28,4.57,205,6
U003320,C000316,2026-09-12,3.48,165,84
U003321,C000575,2026-06-19,4.93,57,20
U003322,C000894,2026-03-27,1.94,138,92
U003323,C000746,2025-12-06,4.16,95,13
U003324,C000789,2026-03-24,1.36,252,55
U003325,C000245,2025-10-28,1.95,122,31
U003326,C000852,2026-08-11,3.26,131,37
U003327,C000376,2026-05-22,4.34,54,31
U003328,C000012,2026-08-18,4.22,267,55
U003329,C000237,2026-09-18,1.65,210,32
U003330,C000559,2026-02-26,3.91,174,47
U003331,C000200,2026-07-08,2.14,185,98
U003332,C000831,2026-08-25,4.39,275,65
U003333,C000812,2026-07-28,3.61,292,47
U003334,C000658,2026-08-17,3.2,230,21
U003335,C000273,2025-12-31,0.86,40,44
U003336,C000839,2026-08-10,4.16,172,98
U003337,C000554,2026-07-29,1.28,217,76
U003338,C000799,2026-02-08,0.42,97,51
U003339,C000461,2025-10-14,1.59,190,1
U003340,C000436,2026-08-17,1.69,223,77
U003341,C000559,2026-03-31,4.76,52,22
U003342,C000294,2026-04-17,1.76,15,95
U003343,C000727,2026-01-24,0.75,240,64
U003344,C000202,2026-08-24,2.61,216,30
U003345,C000904,2026-03-13,3.39,52,36
U003346,C000996,2026-01-02,3.13,88,47
U003347,C000875,2026-03-11,2.59,258,9
U003348,C000451,2025-10-31,2.77,299,35
U003349,C000659,2026-03-02,1.98,225,63
U003350,C000705,2025-10-18,2.38,220,16
U003351,C000777,2026-08-31,1.68,40,49
U003352,C000489,2025-12-21,1.46,13,16
U003353,C000157,2026-07-01,4.9,251,43
U003354,C000869,2026-03-29,2.78,210,14
U003355,C000796,2026-02-04,0.84,137,35
U003356,C000716,2026-05-31,2.86,118,80
U003357,C000457,2026-09-07,2.24,159,74
U003358,C000620,2026-05-24,4.68,139,71
U003359,C000916,2026-07-02,3.99,137,72
U003360,C000001,2026-08-06,4.99,251,36
U003361,C000277,2025-12-24,4.26,30,73
U003362,C000636,2026-02-08,4.57,4,82
U003363,C000658,2026-06-18,4.61,31,82
U003364,C000905,2026-06-18,0.56,293,54
U003365,C000151,2026-06-21,2.73,92,78
U003366,C000295,2026-01-03,2.05,118,10
U003367,C000992,2026-06-06,0.41,120,12
U003368,C000296,2026-08-21,0.89,231,66
U003369,C000491,2026-06-26,1.71,104,96
U003370,C000023,2026-04-13,3.24,216,86
U003371,C000571,2026-02-07,2.16,275,75
U003372,C000574,2025-11-14,0.92,11,57
U003373,C000875,2026-01-24,3.05,201,91
U003374,C000215,2026-05-28,3.36,280,70
U003375,C000066,2026-04-30,3.63,49,54
U003376,C000514,2026-01-10,4.63,206,97
U003377,C000596,2026-02-21,1.1,119,59
U003378,C000363,2025-12-13,2.3,58,0
U003379,C000784,2026-03-27,2.93,234,29
U003380,C000010,2025-11-17,0.7,16,69
U003381,C000301,2026-05-27,0.3,69,52
U003382,C000665,2026-07-07,4.14,263,80
U003383,C000459,2025-10-22,0.67,123,60
U003384,C000598,2026-01-05,3.1,151,67
U003385,C000221,2026-08-21,2.61,287,22
U003386,C000206,2026-06-05,4.65,293,44
U003387,C000324,2026-03-26,4.98,247,39
U003388,C000995,2026-06-19,4.86,182,26
U003389,C000601,2026-05-13,3.01,222,40
U003390,C000620,2025-12-14,3.93,230,78
U003391,C000639,2026-04-24,3.18,295,20
U003392,C000560,2026-03-07,2.52,26,49
U003393,C000646,2026-09-12,2.2,100,22
U003394,C000911,2026-06-06,3.19,53,99
U003395,C000656,2026-09-18,4.52,119,18
U003396,C000142,2026-07-20,3.69,63,23
U003397,C000194,2026-04-25,2.93,252,67
U003398,C000421,2025-11-29,3.37,150,33
U003399,C000503,2026-06-16,2.34,269,88
U003400,C000517,2026-08-03,0.97,22,30
U003401,C000874,2025-10-14,4.64,106,89
U003402,C000243,2025-10-25,4.76,265,91
U003403,C000113,2026-06-17,3.17,294,91
U003404,C000223,2025-09-26,1.53,150,94
U003405,C000294,2026-09-16,3.98,14,70
U003406,C000929,2025-11-17,1.22,250,37
U003407,C000334,2026-07-07,0.58,196,72
U003408,C000766,2026-03-17,4.13,87,67
U003409,C000397,2026-01-10,4.7,62,65
U003410,C000035,2026-04-05,3.9,186,66
U003411,C000881,2025-12-13,3.88,62,8
U003412,C000759,2026-01-08,3.76,165,68
U003413,C000159,2026-09-01,4.75,287,15
U003414,C000527,2026-01-01,4.13,267,35
U003415,C000948,2026-09-03,0.74,218,41
U003416,C000404,2026-01-27,1.41,200,35
U003417,C000337,2025-12-28,0.57,123,9
U003418,C000539,2026-09-02,1.14,289,19
U003419,C000318,2025-11-04,3.28,299,53
U003420,C000808,2026-09-18,0.5,296,40
U003421,C000419,2026-02-03,1.26,33,32
U003422,C000034,2026-07-30,0.97,208,80
U003423,C000685,2026-09-10,0.85,10,64
U003424,C000118,2026-08-04,0.53,5,87
U003425,C000489,2026-01-18,3.82,57,46
U003426,C000840,2026-06-02,2.74,102,36
U003427,C000099,2026-09-12,0.14,27,95
U003428,C000335,2026-05-06,4.08,91,41
U003429,C000727,2026-07-21,3.44,255,10
U003430,C000452,2025-11-17,2.2,296,19
U003431,C000767,2026-03-18,1.98,84,72
U003432,C000186,2026-01-21,4.49,27,20
U003433,C000368,2025-10-28,1.68,34,0
U003434,C000277,2025-10-06,3.16,157,100
U003435,C000951,2025-10-18,4.06,230,49
U003436,C000704,2026-02-16,1.9,94,53
U003437,C000608,2026-05-11,2.15,135,20
U003438,C000129,2026-08-06,0.7,52,31
U003439,C000848,2026-08-11,1.46,10,90
U003440,C000580,2025-11-10,2.35,135,29
U003441,C000292,2026-06-12,1.33,182,5
U003442,C000132,2025-10-04,2.04,66,29
U003443,C000827,2026-06-22,3.46,170,74
U003444,C000883,2026-04-01,4.3,134,27
U003445,C000335,2026-08-06,4.17,253,99
U003446,C000414,2026-05-28,3.5,228,87
U003447,C000537,2025-10-14,1.99,131,11
U003448,C000319,2026-09-19,3.61,128,64
U003449,C000452,2026-03-27,3.25,117,88
U003450,C000747,2026-08-01,2.75,218,31
U003451,C000447,2026-08-23,2.09,176,32
U003452,C000383,2026-03-05,3.41,264,39
U003453,C000028,2026-02-22,1.77,37,68
U003454,C000227,2025-10-19,2.16,204,62
U003455,C000169,2026-07-26,2.16,208,64
U003456,C000810,2026-06-12,3.53,114,24
U003457,C000250,2026-05-18,4.37,250,96
U003458,C000298,2025-12-05,4.62,205,28
U003459,C000424,2026-01-17,3.19,63,97
U003460,C000598,2026-02-26,1.79,93,87
U003461,C000258,2026-09-21,4.91,18,48
U003462,C000593,2026-02-22,4.2,49,73
U003463,C000999,2026-06-22,4.11,224,71
U003464,C000851,2026-09-02,4.58,283,18
U003465,C000348,2025-09-29,3.87,11,97
U003466,C000493,2026-05-04,2.81,228,66
U003467,C000432,2026-07-07,1.69,38,15
U003468,C000153,2026-07-28,3.47,173,88
U003469,C000814,2026-02-14,2.81,194,85
U003470,C000565,2026-01-31,1.75,231,14
U003471,C000256,2026-03-31,1.43,281,58
U003472,C000242,2026-09-09,0.32,6,23
U003473,C000329,2025-12-18,3.8,222,28
U003474,C000954,2026-03-13,1.16,182,39
U003475,C000697,2025-11-28,4.13,266,97
U003476,C000977,2026-03-15,0.16,106,64
U003477,C000086,2026-08-26,0.41,90,60
U003478,C000691,2026-04-10,1.69,116,73
U003479,C000366,2026-05-21,0.52,263,41
U003480,C000429,2026-08-10,2.29,108,75
U003481,C000158,2026-03-29,3.27,72,46
U003482,C000269,2026-05-23,4.79,11,14
U003483,C000118,2026-01-25,1.29,273,21
U003484,C000917,2026-04-07,3.84,18,47
U003485,C000207,2026-04-10,1.8,200,98
U003486,C000573,2025-11-20,1.09,17,50
U003487,C000443,2026-06-10,1.98,203,77
U003488,C000568,2026-08-01,4.99,291,44
U003489,C000623,2026-08-03,0.45,177,98
U003490,C000237,2026-05-23,4.91,225,51
U003491,C000972,2026-06-30,1.81,256,44
U003492,C000985,2025-11-05,0.64,265,71
U003493,C000850,2026-08-27,2.43,51,30
U003494,C000179,2026-05-08,4.26,296,1
U003495,C000589,2026-03-05,3.82,68,31
U003496,C000683,2025-12-13,2.83,235,48
U003497,C000105,2026-04-18,4.52,14,57
U003498,C000282,2026-05-22,0.67,110,100
U003499,C000805,2026-02-17,1.05,220,37
U003500,C000921,2026-05-21,4.21,24,77
U003501,C000949,2026-07-19,2.72,48,96
U003502,C000809,2025-12-22,2.42,43,43
U003503,C000964,2025-10-24,2.86,110,32
U003504,C000093,2026-07-30,0.8,114,0
U003505,C000801,2026-04-19,0.48,112,46
U003506,C000308,2025-12-11,1.81,193,11
U003507,C000085,2026-04-13,2.77,292,54
U003508,C000661,2025-12-25,4.1,197,84
U003509,C000121,2026-03-19,1.94,249,62
U003510,C000553,2026-07-08,0.12,1,22
U003511,C000538,2026-03-26,4.94,164,22
U003512,C000622,2026-05-12,0.99,189,30
U003513,C000355,2026-03-10,0.68,236,37
U003514,C000221,2025-12-08,1.81,71,33
U003515,C000545,2025-11-14,2.37,77,33
U003516,C000931,2026-02-07,1.28,200,93
U003517,C000687,2025-10-09,4.88,191,63
U003518,C000193,2025-12-16,3.1,105,63
U003519,C000553,2026-03-09,0.75,268,85
U003520,C000740,2025-09-30,4.76,230,8
U003521,C000751,2025-10-01,2.92,50,43
U003522,C000298,2025-10-05,0.37,146,87
U003523,C000411,2026-08-17,1.1,109,95
U003524,C000290,2026-08-01,4.24,12,9
U003525,C000882,2026-03-29,4.08,159,26
U003526,C000207,2025-12-22,3.33,48,99
U003527,C000601,2026-03-07,1.82,50,55
U003528,C000455,2026-08-30,4.9,55,20
U003529,C000619,2026-02-15,3.46,130,5
U003530,C000853,2026-04-14,2.96,33,17
U003531,C000491,2026-02-27,0.35,189,64
U003532,C000296,2026-02-03,1.09,90,66
U003533,C000590,2025-12-09,1.42,285,99
U003534,C000946,2026-08-30,3.06,218,53
U003535,C000415,2026-05-17,4.89,198,71
U003536,C000277,2026-09-08,1.14,299,95
U003537,C000080,2026-09-21,2.86,259,67
U003538,C000397,2026-06-12,1.88,121,70
U003539,C000443,2025-10-14,2.81,170,26
U003540,C000661,2025-11-16,2.45,243,34
U003541,C000958,2026-08-27,0.16,119,94
U003542,C000273,2026-03-30,0.49,108,65
U003543,C000916,2026-06-21,3.46,283,58
U003544,C000728,2026-04-08,4.75,278,99
U003545,C000370,2026-05-03,1.4,292,2
U003546,C000829,2026-08-19,3.33,93,32
U003547,C000118,2026-07-07,4.51,131,67
U003548,C000356,2025-11-14,3.96,107,90
U003549,C000932,2026-09-13,0.53,50,32
U003550,C000699,2026-04-01,4.72,175,22
U003551,C000009,2025-12-17,3.36,61,56
U003552,C000939,2025-10-19,0.74,193,18
U003553,C000348,2026-07-11,3.54,225,86
U003554,C000954,2025-10-22,0.32,179,42
U003555,C000033,2026-03-15,1.93,0,30
U003556,C000933,2025-09-26,0.78,2,91
U003557,C000111,2025-09-24,4.03,100,72
U003558,C000122,2025-11-28,3.24,173,41
U003559,C000878,2025-11-10,1.95,5,48
U003560,C000996,2025-12-07,3.26,72,27
U003561,C000040,2026-04-27,2.21,191,28
U003562,C000149,2026-07-22,4.36,287,70
U003563,C000193,2026-09-02,1.46,99,66
U003564,C000682,2025-10-17,3.95,69,17
U003565,C000547,2025-10-30,3.76,74,80
U003566,C000613,2026-09-12,4.52,12,91
U003567,C000129,2026-04-06,2.53,183,13
U003568,C000991,2026-07-09,1.14,87,23
U003569,C000178,2026-03-16,2.72,204,54
U003570,C000519,2026-06-12,1.05,65,98
U003571,C000044,2026-01-21,3.62,263,57
U003572,C000343,2026-05-11,1.71,231,29
U003573,C000145,2025-10-04,2.48,201,98
U003574,C000976,2026-07-20,4.29,62,27
U003575,C000288,2026-04-03,1.76,230,52
U003576,C000349,2026-03-15,1.69,130,81
U003577,C000951,2026-07-02,1.64,280,28
U003578,C000953,2026-09-21,3.94,186,13
U003579,C000787,2025-10-30,4.78,266,90
U003580,C000378,2026-01-30,2.03,201,75
U003581,C000798,2025-12-15,1.24,63,90
U003582,C000075,2026-05-17,3.93,25,22
U003583,C000338,2026-04-18,2.95,256,67
U003584,C000316,2026-03-16,4.06,299,12
U003585,C000598,2026-01-15,1.14,40,16
U003586,C000135,2025-09-23,2.96,248,60
U003587,C000222,2026-01-30,4.49,38,86
U003588,C000942,2025-11-29,2.82,93,69
U003589,C000203,2026-05-19,4.75,284,96
U003590,C000438,2026-06-09,4.42,199,30
U003591,C000656,2026-04-28,2.6,195,43
U003592,C000564,2026-03-07,2.8,227,67
U003593,C000281,2025-12-19,3.55,261,82
U003594,C000568,2025-10-20,2.9,197,80
U003595,C000922,2025-10-15,0.23,198,49
U003596,C000927,2026-03-29,2.62,146,14
U003597,C000887,2025-10-01,0.98,185,96
U003598,C000603,2026-03-26,2.95,201,72
U003599,C000114,2025-10-23,4.9,190,95
U003600,C000712,2026-06-29,0.5,294,21
U003601,C000553,2026-05-01,4.11,17,45
U003602,C000593,2026-02-28,2.96,255,92
U003603,C000375,2026-02-25,3.26,217,8
U003604,C000582,2026-05-14,4.5,183,43
U003605,C000050,2026-06-25,4.17,163,46
U003606,C000684,2025-10-04,1.85,226,66
U003607,C000409,2026-04-07,1.85,183,89
U003608,C000741,2026-02-13,2.7,153,58
U003609,C000762,2025-11-20,1.84,132,60
U003610,C000636,2026-09-18,3.92,133,93
U003611,C000364,2025-10-17,3.67,168,91
U003612,C000366,2026-08-05,3.54,139,49
U003613,C000224,2026-07-13,1.77,162,76
U003614,C000464,2025-12-19,3.7,88,87
U003615,C000512,2025-11-01,3.1,80,20
U003616,C000369,2026-06-14,1.48,212,71
U003617,C000984,2025-10-03,4.16,166,88
U003618,C000323,2026-06-10,0.24,53,46
U003619,C000554,2025-10-26,2.43,287,18
U003620,C000729,2026-07-10,3.0,177,71
U003621,C000311,2026-09-09,4.46,166,75
U003622,C000069,2026-07-30,0.34,218,9
U003623,C000406,2025-10-01,2.35,297,49
U003624,C000375,2025-11-15,1.63,66,79
U003625,C000213,2025-10-26,0.56,290,12
U003626,C000638,2025-10-03,3.21,42,2
U003627,C000585,2026-03-27,0.49,44,99
U003628,C000911,2026-03-24,3.23,296,46
U003629,C000570,2026-02-10,1.06,62,23
U003630,C000486,2026-01-29,2.95,10,49
U003631,C000092,2026-03-12,2.9,122,82
U003632,C000952,2025-12-19,2.9,46,82
U003633,C000793,2026-01-24,0.89,220,42
U003634,C000356,2026-01-17,1.27,100,61
U003635,C000620,2025-10-17,3.51,139,63
U003636,C000428,2026-03-05,1.14,75,6
U003637,C000295,2026-08-11,0.27,149,53
U003638,C000289,2026-01-21,2.74,16,44
U003639,C000890,2026-03-17,0.17,194,80
U003640,C000423,2025-10-22,3.54,219,60
U003641,C000802,2025-11-29,3.28,190,55
U003642,C000544,2026-07-05,4.25,5,41
U003643,C000351,2026-09-10,1.77,263,58
U003644,C000563,2026-05-24,1.41,279,99
U003645,C000733,2026-07-08,1.43,0,51
U003646,C000255,2026-08-09,4.41,292,24
U003647,C000007,2026-02-22,1.94,65,60
U003648,C000268,2026-02-05,1.75,57,57
U003649,C000289,2026-09-01,0.66,257,54
U003650,C000295,2026-03-02,1.89,89,20
U003651,C000479,2025-11-05,4.66,60,24
U003652,C000905,2026-04-03,2.7,11,12
U003653,C000618,2025-10-29,1.05,78,76
U003654,C000349,2025-10-06,1.45,112,3
U003655,C000247,2026-03-08,4.73,261,57
U003656,C000527,2025-10-30,1.86,78,52
U003657,C000497,2026-01-31,2.46,199,88
U003658,C000421,2026-01-16,4.26,289,38
U003659,C000921,2026-06-02,3.66,52,48
U003660,C000651,2025-09-28,1.79,237,70
U003661,C000915,2025-10-24,2.04,179,61
U003662,C000379,2026-04-28,2.5,49,41
U003663,C000493,2025-10-23,4.51,27,62
U003664,C000965,2026-07-04,1.46,297,4
U003665,C000126,2026-09-12,1.73,78,33
U003666,C000373,2026-06-26,1.55,160,49
U003667,C000122,2025-12-24,2.86,140,64
U003668,C000899,2025-11-06,3.11,200,53
U003669,C000082,2025-12-26,2.48,139,26
U003670,C000610,2026-09-12,2.91,220,10
U003671,C000839,2026-08-19,4.16,211,50
U003672,C000637,2026-02-01,3.75,205,29
U003673,C000840,2025-09-24,2.79,160,58
U003674,C000706,2026-05-09,2.27,120,81
U003675,C000923,2026-07-15,0.71,193,72
U003676,C000900,2026-08-25,3.18,185,10
U003677,C000047,2026-02-06,4.61,150,95
U003678,C000962,2026-01-05,4.84,54,34
U003679,C000084,2026-06-12,1.06,147,26
U003680,C000992,2026-02-20,0.91,136,8
U003681,C000799,2026-02-24,4.12,86,76
U003682,C000434,2026-04-18,1.77,213,29
U003683,C000588,2025-11-16,4.26,299,79
U003684,C000858,2026-05-12,2.91,80,94
U003685,C000772,2025-09-26,0.53,275,33
U003686,C000007,2026-09-03,4.56,148,7
U003687,C000251,2026-05-02,1.34,278,29
U003688,C000767,2025-10-02,2.38,189,50
U003689,C000412,2026-09-03,3.9,168,30
U003690,C000959,2026-03-27,0.85,95,81
U003691,C000526,2026-01-08,1.31,99,3
U003692,C000435,2026-01-06,1.08,276,48
U003693,C000707,2026-06-23,3.37,142,57
U003694,C000934,2026-02-25,2.12,70,4
U003695,C000205,2026-04-04,4.19,202,48
U003696,C000069,2026-03-30,1.23,131,9
U003697,C000769,2026-08-05,1.08,174,17
U003698,C000508,2025-11-09,4.88,57,43
U003699,C000022,2026-08-02,1.59,55,94
U003700,C000381,2026-09-01,2.51,36,11
U003701,C000594,2026-05-21,3.78,87,57
U003702,C000381,2026-01-20,0.93,271,2
U003703,C000442,2026-02-11,3.81,199,12
U003704,C000496,2026-05-05,4.24,142,44
U003705,C000992,2025-12-29,3.72,252,31
U003706,C000490,2026-03-16,0.73,64,82
U003707,C000999,2026-09-21,3.83,75,63
U003708,C000891,2026-08-01,2.5,286,56
U003709,C000088,2025-10-22,0.51,31,11
U003710,C000971,2026-08-21,3.54,52,87
U003711,C000032,2026-08-26,3.07,87,3
U003712,C000315,2025-11-16,0.83,24,85
U003713,C000476,2026-08-25,3.08,269,78
U003714,C000203,2025-11-22,1.93,247,60
U003715,C000252,2026-07-18,1.23,168,59
U003716,C000182,2025-12-29,2.74,181,65
U003717,C000533,2026-02-28,0.26,158,70
U003718,C000085,2026-08-25,3.51,188,35
U003719,C000575,2026-08-10,0.33,210,47
U003720,C000004,2025-12-05,4.34,94,81
U003721,C000190,2026-03-28,0.16,242,46
U003722,C000296,2026-07-03,0.16,239,22
U003723,C000916,2026-06-07,2.04,82,38
U003724,C000256,2026-09-20,2.31,265,32
U003725,C000894,2025-10-20,1.4,188,3
U003726,C000885,2026-05-01,2.73,144,37
U003727,C001000,2026-09-01,0.9,72,87
U003728,C000549,2026-03-14,2.46,97,15
U003729,C000682,2026-02-01,1.65,282,28
U003730,C000806,2025-10-19,1.26,270,72
U003731,C000637,2026-05-31,3.54,5,79
U003732,C000600,2026-08-30,3.14,288,16
U003733,C000893,2026-07-13,0.46,297,92
U003734,C000743,2026-04-04,4.51,166,56
U003735,C000634,2026-05-02,0.23,106,14
U003736,C000581,2025-12-19,1.29,40,62
U003737,C000133,2026-08-23,0.31,203,66
U003738,C000718,2026-06-13,0.37,3,99
U003739,C000622,2026-03-27,0.72,275,66
U003740,C000532,2026-07-04,0.92,120,52
U003741,C000381,2025-11-03,1.49,296,43
U003742,C000743,2026-05-16,4.7,185,1
U003743,C000562,2026-04-11,4.32,294,86
U003744,C000902,2025-12-29,0.57,132,19
U003745,C000094,2025-11-01,1.26,132,28
U003746,C000312,2026-07-07,4.47,107,44
U003747,C000129,2025-10-20,2.49,153,86
U003748,C000835,2026-06-10,2.92,163,5
U003749,C000819,2026-02-13,0.47,257,66
U003750,C000440,2026-03-22,1.71,99,98
U003751,C000485,2026-02-15,3.68,60,39
U003752,C000257,2026-04-16,1.57,82,19
U003753,C000786,2025-12-16,3.54,134,24
U003754,C000435,2025-10-25,0.35,281,78
U003755,C000791,2026-07-31,2.07,103,70
U003756,C000589,2025-09-30,0.49,190,65
U003757,C000962,2026-04-11,3.25,68,19
U003758,C000143,2026-05-31,0.77,0,64
U003759,C000280,2026-03-07,2.28,105,94
U003760,C000978,2026-03-26,0.85,229,80
U003761,C000463,2026-05-04,2.57,286,56
U003762,C000142,2025-11-13,3.47,17,63
U003763,C000215,2026-07-21,4.11,101,46
U003764,C000337,2026-02-06,2.83,287,59
U003765,C000591,2025-12-13,3.86,40,2
U003766,C000990,2026-01-11,3.76,105,71
U003767,C000453,2025-12-07,1.17,290,40
U003768,C000274,2025-10-10,3.45,281,73
U003769,C000104,2026-06-13,4.03,228,69
U003770,C000233,2026-08-05,0.18,247,46
U003771,C000756,2026-06-22,4.46,289,35
U003772,C000160,2026-04-25,4.76,99,93
U003773,C000645,2025-10-23,3.29,67,10
U003774,C000704,2025-11-16,3.54,297,40
U003775,C000460,2026-08-08,0.62,163,52
U003776,C000036,2025-09-28,3.9,144,43
U003777,C000155,2025-12-13,0.16,86,94
U003778,C000078,2025-11-23,2.57,268,30
U003779,C000832,2026-05-12,4.98,55,5
U003780,C000552,2026-05-05,1.31,142,54
U003781,C000447,2026-09-04,4.45,90,15
U003782,C000487,2026-01-19,0.72,225,27
U003783,C000804,2026-02-04,4.5,213,35
U003784,C000364,2026-02-07,2.99,179,40
U003785,C000594,2026-02-05,2.71,282,18
U003786,C000867,2026-07-26,2.26,24,80
U003787,C000109,2026-09-06,0.48,82,19
U003788,C000894,2026-05-25,4.01,66,94
U003789,C000498,2025-10-30,1.17,73,41
U003790,C000829,2026-06-05,4.66,284,21
U003791,C000760,2026-02-21,4.24,222,13
U003792,C000482,2026-05-28,4.82,11,79
U003793,C000944,2026-05-15,4.29,99,100
U003794,C000950,2026-04-28,1.68,214,5
U003795,C000207,2026-09-20,4.14,59,90
U003796,C000343,2025-11-05,4.94,270,94
U003797,C000934,2026-09-13,3.61,273,49
U003798,C000820,2026-07-24,3.71,31,48
U003799,C000095,2026-05-28,1.28,129,13
U003800,C000077,2025-11-04,2.32,25,56
U003801,C000154,2026-09-11,0.51,46,72
U003802,C000907,2026-07-23,3.91,80,87
U003803,C000326,2026-05-29,3.77,79,72
U003804,C000065,2026-02-22,1.9,215,69
U003805,C000720,2026-07-30,2.32,160,22
U003806,C000177,2026-08-23,2.4,124,68
U003807,C000866,2025-10-14,0.69,261,32
U003808,C000335,2025-11-09,2.51,154,55
U003809,C000685,2026-05-26,0.73,25,61
U003810,C000734,2026-09-07,0.26,241,8
U003811,C000756,2025-12-22,1.58,251,2
U003812,C000099,2026-08-25,2.06,292,44
U003813,C000504,2026-07-14,2.32,4,32
U003814,C000637,2026-07-13,3.57,177,13
U003815,C000424,2025-10-16,3.02,118,18
U003816,C000726,2026-06-09,4.5,110,15
U003817,C000882,2026-02-17,3.87,118,76
U003818,C000214,2026-08-13,0.48,246,49
U003819,C000373,2026-05-11,4.46,134,49
U003820,C000245,2026-09-16,3.06,139,54
U003821,C000740,2025-11-25,0.52,77,72
U003822,C000914,2025-11-07,1.99,22,48
U003823,C000379,2025-10-22,3.89,222,69
U003824,C000278,2025-12-07,1.22,145,14
U003825,C000469,2026-03-10,3.96,131,64
U003826,C000445,2026-05-10,3.01,208,18
U003827,C000716,2026-02-09,2.43,62,87
U003828,C000128,2026-03-05,0.14,226,41
U003829,C000183,2026-01-04,2.35,122,62
U003830,C000179,2026-04-16,2.9,221,48
U003831,C000506,2026-06-04,4.19,119,94
U003832,C000015,2026-07-04,4.57,30,42
U003833,C000783,2026-01-27,4.37,126,79
U003834,C000290,2025-11-18,0.24,9,2
U003835,C000732,2025-12-07,0.48,69,88
U003836,C000289,2026-07-07,4.95,96,10
U003837,C000909,2026-08-08,3.87,40,64
U003838,C000232,2026-08-12,1.8,10,59
U003839,C000469,2026-01-08,1.97,78,6
U003840,C000422,2026-01-07,2.48,145,66
U003841,C000579,2026-05-17,0.15,256,99
U003842,C000831,2025-10-20,0.74,141,62
U003843,C000943,2025-11-18,3.33,162,78
U003844,C000371,2025-12-01,3.6,117,4
U003845,C000627,2025-10-05,2.02,222,64
U003846,C000103,2025-11-29,4.54,126,34
U003847,C000723,2026-06-27,3.29,239,23
U003848,C000220,2025-10-13,3.42,58,39
U003849,C000654,2025-12-09,0.72,121,72
U003850,C000533,2026-07-06,4.45,129,92
U003851,C000199,2026-01-14,0.83,216,89
U003852,C000709,2026-07-01,3.86,244,65
U003853,C000654,2026-06-05,4.09,108,26
U003854,C000823,2025-11-20,4.37,287,73
U003855,C000115,2026-07-12,2.12,46,43
U003856,C000537,2026-04-04,2.63,155,31
U003857,C000112,2026-04-04,3.78,139,19
U003858,C000748,2026-07-08,1.48,32,81
U003859,C000010,2026-04-17,1.99,79,65
U003860,C000070,2026-09-09,3.88,65,60
U003861,C000535,2026-08-23,3.57,256,59
U003862,C000204,2026-08-18,1.97,82,49
U003863,C000355,2026-05-09,4.28,288,18
U003864,C000955,2026-05-12,2.29,67,64
U003865,C000004,2026-06-21,3.56,213,31
U003866,C000622,2026-09-08,4.57,196,99
U003867,C000438,2025-12-20,4.88,245,2
U003868,C000594,2026-08-19,3.73,58,67
U003869,C000827,2025-10-08,1.96,82,78
U003870,C000561,2026-04-16,0.78,108,97
U003871,C000379,2025-11-30,0.66,154,30
U003872,C000299,2025-09-27,0.69,207,82
U003873,C000769,2026-02-18,3.65,283,44
U003874,C000357,2026-01-16,1.61,33,2
U003875,C000492,2025-09-25,4.42,238,100
U003876,C000247,2025-12-18,4.58,166,76
U003877,C000855,2025-10-27,4.29,89,80
U003878,C000973,2026-02-02,2.8,105,54
U003879,C000176,2026-02-14,2.54,300,73
U003880,C000960,2026-06-05,4.55,166,92
U003881,C000168,2026-09-03,4.38,194,70
U003882,C000235,2026-06-12,0.38,121,66
U003883,C000208,2025-11-09,2.97,266,77
U003884,C000730,2026-08-08,0.65,186,82
U003885,C000412,2026-06-19,3.03,259,24
U003886,C000519,2026-01-03,4.68,135,47
U003887,C000317,2026-03-13,2.49,258,68
U003888,C000588,2026-01-02,2.08,25,36
U003889,C000382,2026-03-16,3.88,299,13
U003890,C000862,2026-06-27,4.93,105,95
U003891,C000619,2026-01-22,0.93,85,83
U003892,C000578,2026-03-23,1.93,94,95
U003893,C000849,2026-01-29,3.37,227,30
U003894,C000026,2025-12-30,2.05,148,51
U003895,C000021,2026-09-09,3.29,235,6
U003896,C000464,2026-03-20,4.74,139,95
U003897,C000871,2026-01-02,3.59,3,6
U003898,C000550,2026-03-31,0.89,29,40
U003899,C000739,2025-11-22,4.84,94,71
U003900,C000042,2026-01-19,3.08,121,3
U003901,C000985,2026-07-22,0.45,144,46
U003902,C000476,2026-01-10,2.53,187,59
U003903,C000032,2026-05-20,0.41,149,7
U003904,C000504,2026-04-15,2.89,43,94
U003905,C000492,2025-12-10,2.66,160,72
U003906,C000006,2026-03-10,2.51,117,9
U003907,C000274,2025-12-25,3.23,81,54
U003908,C000224,2026-07-19,2.49,168,3
U003909,C000334,2026-09-02,1.36,284,27
U003910,C000715,2026-01-30,3.43,77,73
U003911,C000082,2026-08-27,3.64,6,42
U003912,C000135,2026-01-07,2.43,225,72
U003913,C000565,2025-12-16,0.16,44,33
U003914,C000158,2026-05-03,2.57,199,50
U003915,C000690,2025-10-30,2.67,183,3
U003916,C000485,2025-12-13,3.98,166,43
U003917,C000147,2026-07-08,3.42,38,62
U003918,C000467,2026-07-06,1.86,143,22
U003919,C000656,2025-09-27,1.62,271,43
U003920,C000975,2025-11-25,1.2,135,79
U003921,C000799,2026-09-22,4.14,275,7
U003922,C000856,2026-06-30,2.13,51,16
U003923,C000549,2026-06-02,2.05,129,21
U003924,C000623,2026-03-13,3.54,32,47
U003925,C000332,2026-09-15,3.18,136,60
U003926,C000541,2025-12-26,4.18,141,74
U003927,C000750,2026-08-25,1.72,66,6
U003928,C000992,2025-11-17,2.47,274,13
U003929,C000083,2026-03-30,0.5,241,67
U003930,C000856,2025-10-02,2.14,184,87
U003931,C000809,2026-07-17,4.4,158,60
U003932,C000886,2026-01-17,1.4,145,4
U003933,C000560,2026-08-17,1.48,216,1
U003934,C000899,2026-06-22,1.29,78,58
U003935,C000726,2025-10-24,3.12,32,50
U003936,C000382,2026-07-09,2.46,271,70
U003937,C000703,2025-12-15,4.9,205,70
U003938,C000529,2026-02-13,0.92,286,78
U003939,C000606,2026-09-19,3.64,72,66
U003940,C000297,2025-11-03,0.15,59,2
U003941,C000385,2026-01-29,3.41,145,13
U003942,C000001,2026-06-23,0.5,74,71
U003943,C000597,2026-01-22,3.99,177,35
U003944,C000052,2025-12-21,2.18,76,64
U003945,C000261,2025-12-16,0.49,203,57
U003946,C000005,2025-11-23,0.28,142,97
U003947,C000191,2026-03-02,2.15,146,99
U003948,C000145,2025-12-13,1.69,122,43
U003949,C000835,2026-08-16,1.55,109,63
U003950,C000858,2025-10-01,0.7,21,29
U003951,C000265,2025-10-22,3.23,242,38
U003952,C000459,2025-11-23,3.22,118,95
U003953,C000951,2026-05-23,0.92,222,33
U003954,C000117,2025-12-31,3.93,296,51
U003955,C000682,2026-01-05,1.41,69,0
U003956,C000603,2026-08-26,1.14,195,7
U003957,C000268,2026-01-21,0.47,292,91
U003958,C000800,2026-07-25,1.14,75,51
U003959,C000276,2025-10-26,1.75,91,64
U003960,C000258,2026-02-23,4.62,65,39
U003961,C000369,2026-06-12,4.46,298,77
U003962,C000401,2025-10-03,1.1,140,76
U003963,C000105,2026-04-11,0.67,224,89
U003964,C000542,2026-09-19,4.26,170,63
U003965,C000364,2026-03-21,2.87,274,1
U003966,C000882,2025-12-14,4.59,12,24
U003967,C000073,2026-04-23,1.92,99,60
U003968,C000818,2026-05-27,0.77,285,4
U003969,C000169,2025-10-25,1.68,163,28
U003970,C000618,2025-11-04,0.86,179,88
U003971,C000046,2026-08-28,2.5,241,21
U003972,C000833,2025-10-22,4.21,286,73
U003973,C000847,2025-12-11,0.27,298,97
U003974,C000555,2026-06-28,1.46,300,23
U003975,C000490,2026-01-09,3.78,192,47
U003976,C000954,2026-03-20,2.0,51,15
U003977,C000129,2026-01-03,4.78,80,99
U003978,C000501,2026-07-18,4.58,205,29
U003979,C000436,2026-08-14,3.09,118,15
U003980,C000448,2025-12-02,0.76,274,44
U003981,C000375,2026-09-05,3.5,63,35
U003982,C000978,2026-09-07,1.48,135,62
U003983,C000953,2026-01-08,3.56,281,53
U003984,C000048,2026-04-25,2.1,157,52
U003985,C000343,2026-06-24,3.68,232,50
U003986,C000471,2025-10-23,2.79,160,93
U003987,C000933,2026-07-14,4.39,121,69
U003988,C000296,2026-04-09,4.14,253,96
U003989,C000037,2026-08-30,1.4,202,87
U003990,C000423,2026-01-17,3.2,179,9
U003991,C000615,2025-11-22,4.36,84,87
U003992,C000361,2026-02-05,2.27,216,39
U003993,C000131,2026-02-10,2.13,177,54
U003994,C000823,2025-10-22,1.31,175,51
U003995,C000601,2026-08-16,3.34,19,70
U003996,C000917,2026-06-29,1.06,85,16
U003997,C000352,2026-02-25,4.13,141,72
U003998,C000504,2025-11-06,1.81,260,70
U003999,C000453,2026-03-17,1.19,251,81
U004000,C000090,2026-01-10,1.96,83,83
U004001,C000132,2026-03-26,3.49,219,97
U004002,C000093,2026-01-18,3.54,113,93
U004003,C000565,2025-12-26,4.18,213,51
U004004,C000548,2026-03-09,1.33,214,54
U004005,C000008,2025-11-15,0.21,224,66
U004006,C000387,2026-09-18,4.14,173,67
U004007,C000162,2026-03-24,1.1,47,34
U004008,C000371,2026-09-12,2.4,203,70
U004009,C000091,2026-04-12,2.26,50,74
U004010,C000018,2026-07-31,1.23,186,63
U004011,C000334,2026-01-29,0.65,218,89
U004012,C000256,2026-03-13,0.14,257,98
U004013,C000215,2026-08-29,3.12,82,18
U004014,C000578,2026-01-23,4.92,185,86
U004015,C000822,2026-02-01,1.11,8,80
U004016,C000459,2025-09-30,0.97,51,30
U004017,C000513,2026-07-24,3.16,46,71
U004018,C000661,2026-02-28,2.88,40,57
U004019,C000491,2026-08-16,1.39,37,68
U004020,C000116,2025-11-03,2.12,175,96
U004021,C000911,2026-09-11,2.87,279,0
U004022,C000656,2025-11-13,4.42,43,86
U004023,C000280,2026-05-20,1.84,10,99
U004024,C000354,2025-10-31,1.73,52,26
U004025,C000018,2026-05-09,3.14,224,36
U004026,C000876,2026-08-24,0.58,108,69
U004027,C000616,2025-10-08,0.77,172,92
U004028,C000678,2026-01-19,0.67,135,83
U004029,C000683,2026-05-15,4.52,21,72
U004030,C000302,2026-06-07,3.66,42,83
U004031,C000882,2025-09-29,1.04,257,72
U004032,C000595,2026-01-31,2.94,63,48
U004033,C000772,2026-08-13,2.78,79,67
U004034,C000372,2026-03-02,1.03,148,71
U004035,C000984,2026-04-24,0.63,154,55
U004036,C000491,2026-04-10,2.41,289,40
U004037,C000750,2025-11-24,3.68,120,62
U004038,C000475,2026-07-21,4.73,138,19
U004039,C000186,2026-09-16,3.93,124,45
U004040,C000871,2026-09-08,2.95,10,1
U004041,C000665,2026-02-23,3.2,116,49
U004042,C000709,2025-09-27,3.98,108,60
U004043,C000876,2026-02-01,3.83,5,27
U004044,C000414,2025-11-30,2.41,215,83
U004045,C000720,2025-12-10,1.03,76,82
U004046,C000708,2026-03-03,1.75,151,92
U004047,C000452,2026-08-09,2.58,100,41
U004048,C000312,2026-01-20,1.12,271,73
U004049,C000136,2025-12-20,1.25,254,75
U004050,C000237,2026-09-03,4.89,102,55
U004051,C000878,2026-05-28,1.51,204,44
U004052,C000959,2026-05-24,1.9,23,93
U004053,C000128,2025-10-03,2.61,110,100
U004054,C000240,2026-04-29,2.14,116,96
U004055,C000340,2026-05-09,3.22,154,8
U004056,C000692,2026-01-16,2.82,144,33
U004057,C000539,2026-05-19,2.82,24,33
U004058,C001000,2026-02-13,2.03,55,51
U004059,C000549,2026-01-30,3.42,241,74
U004060,C000485,2026-04-21,1.34,153,38
U004061,C000735,2026-06-30,3.23,74,54
U004062,C000529,2026-01-24,0.29,260,18
U004063,C000868,2025-12-16,4.6,51,42
U004064,C000122,2025-12-18,0.17,119,35
U004065,C000222,2025-09-27,0.92,228,39
U004066,C000709,2026-03-26,1.0,140,90
U004067,C000074,2026-05-11,3.78,18,4
U004068,C000477,2026-04-08,0.72,108,76
U004069,C000150,2026-03-25,3.13,45,38
U004070,C000314,2026-01-23,4.61,191,79
U004071,C000022,2026-02-01,1.01,36,42
U004072,C000858,2026-08-14,1.46,190,22
U004073,C000218,2026-04-27,0.63,120,60
U004074,C000147,2026-05-19,4.61,171,87
U004075,C000204,2026-02-17,1.34,177,26
U004076,C000263,2025-12-18,1.28,24,84
U004077,C000786,2026-07-08,3.36,239,58
U004078,C000264,2026-03-08,2.43,221,56
U004079,C000184,2026-05-05,4.51,15,63
U004080,C000373,2026-08-17,1.12,208,54
U004081,C000067,2026-06-09,4.0,181,32
U004082,C000271,2026-08-08,4.38,249,49
U004083,C000189,2026-08-01,0.52,165,80
U004084,C000258,2026-02-21,2.01,16,39
U004085,C000845,2026-01-14,1.57,100,37
U004086,C000892,2026-05-10,1.46,168,88
U004087,C000719,2026-09-06,3.51,48,30
U004088,C000353,2025-12-01,0.28,267,6
U004089,C000222,2025-10-23,1.15,289,67
U004090,C000725,2026-07-29,4.88,153,86
U004091,C000175,2026-01-01,0.44,188,38
U004092,C000390,2026-06-03,3.6,34,59
U004093,C000270,2026-07-17,0.58,151,24
U004094,C000430,2026-07-01,1.34,232,99
U004095,C000901,2026-04-29,4.0,168,12
U004096,C000561,2026-05-15,2.05,189,94
U004097,C000203,2026-09-20,2.42,293,28
U004098,C000454,2026-01-03,2.1,126,89
U004099,C000926,2026-08-23,1.5,249,84
U004100,C000868,2026-07-20,2.99,265,68
U004101,C000968,2026-06-09,1.5,24,46
U004102,C000821,2026-04-13,2.9,112,40
U004103,C000599,2026-07-03,4.98,59,1
U004104,C000105,2025-10-09,3.86,236,73
U004105,C000143,2025-12-13,0.33,249,64
U004106,C000255,2026-01-04,0.17,278,28
U004107,C000817,2025-11-09,2.87,244,59
U004108,C000534,2026-04-03,1.48,232,79
U004109,C000596,2026-04-15,0.46,83,11
U004110,C000770,2026-03-08,4.36,48,77
U004111,C000076,2026-03-20,2.31,259,91
U004112,C000689,2026-09-14,2.6,195,27
U004113,C000444,2026-08-22,2.96,30,62
U004114,C000940,2026-08-30,3.32,200,66
U004115,C000950,2026-07-27,0.69,177,97
U004116,C000700,2026-06-27,4.07,269,71
U004117,C000171,2026-05-30,1.56,129,99
U004118,C000673,2025-09-26,3.39,98,30
U004119,C000692,2026-01-23,3.19,63,92
U004120,C000238,2026-09-09,4.8,159,43
U004121,C000123,2026-01-19,4.8,86,42
U004122,C000757,2025-12-03,1.36,237,47
U004123,C000576,2026-09-13,3.93,59,95
U004124,C000145,2026-04-04,3.65,235,35
U004125,C000250,2026-01-18,3.96,37,79
U004126,C000441,2026-01-25,0.51,107,64
U004127,C000504,2026-03-26,4.59,61,94
U004128,C000089,2026-05-24,2.27,76,41
U004129,C000294,2026-08-17,1.13,108,75
U004130,C000763,2025-10-01,0.58,102,64
U004131,C000126,2026-08-09,2.59,209,44
U004132,C000822,2026-03-27,2.12,241,70
U004133,C000440,2026-08-03,2.44,255,49
U004134,C000163,2026-03-15,1.48,33,52
U004135,C000423,2026-07-15,0.81,142,59
U004136,C000790,2025-12-31,2.17,94,8
U004137,C000146,2025-10-03,4.61,296,79
U004138,C000763,2026-05-07,3.57,18,62
U004139,C000301,2025-10-15,4.09,265,16
U004140,C000700,2026-09-02,3.79,147,64
U004141,C000275,2026-01-10,0.13,71,35
U004142,C000515,2025-11-21,2.72,22,31
U004143,C000334,2026-02-28,1.59,177,48
U004144,C000689,2026-01-18,4.59,200,68
U004145,C000820,2025-12-20,2.58,63,76
U004146,C000570,2026-07-14,1.25,64,8
U004147,C000167,2026-01-30,1.42,23,97
U004148,C000512,2025-10-23,4.92,95,55
U004149,C000022,2026-01-25,3.41,274,81
U004150,C000227,2026-07-26,1.55,71,72
U004151,C000278,2025-10-30,2.26,81,10
U004152,C000456,2025-10-24,3.98,68,45
U004153,C000799,2026-08-08,1.23,295,55
U004154,C000853,2026-08-15,0.68,47,16
U004155,C000653,2026-01-10,1.87,121,61
U004156,C000355,2026-07-23,4.44,276,7
U004157,C000933,2026-02-22,1.95,77,49
U004158,C000802,2026-07-29,2.87,23,26
U004159,C000245,2025-09-26,0.42,66,32
U004160,C000573,2025-10-09,3.31,216,11
U004161,C000244,2025-12-21,4.43,98,10
U004162,C000009,2026-05-02,4.03,8,22
U004163,C000233,2025-10-29,3.01,12,84
U004164,C000650,2025-12-29,2.26,236,2
U004165,C000808,2026-01-29,4.3,229,57
U004166,C000718,2025-10-25,0.26,271,33
U004167,C000641,2026-09-02,3.21,251,22
U004168,C000319,2025-11-10,1.83,51,30
U004169,C000621,2026-08-26,2.34,72,19
U004170,C000477,2026-05-09,2.13,77,48
U004171,C000038,2025-09-30,1.14,262,89
U004172,C000576,2026-02-16,2.81,153,64
U004173,C000934,2026-04-26,2.22,263,38
U004174,C000285,2026-01-18,3.06,33,23
U004175,C000776,2026-03-11,1.16,174,89
U004176,C000085,2026-02-22,1.88,223,92
U004177,C000460,2026-09-18,3.48,126,48
U004178,C000795,2026-04-29,3.71,177,47
U004179,C000640,2026-02-28,4.66,77,47
U004180,C000780,2025-10-19,2.04,168,39
U004181,C000091,2026-06-28,4.59,148,14
U004182,C000092,2026-05-29,2.87,286,61
U004183,C000371,2025-10-27,2.26,232,74
U004184,C000062,2026-08-28,2.84,194,35
U004185,C000794,2026-05-23,0.17,272,52
U004186,C000413,2026-07-06,1.94,87,8
U004187,C000298,2025-12-25,2.62,123,4
U004188,C000770,2026-05-14,4.83,159,5
U004189,C000750,2026-08-27,4.92,90,9
U004190,C000832,2026-07-19,1.81,202,39
U004191,C000114,2025-10-08,0.55,65,10
U004192,C000935,2026-02-07,4.73,213,94
U004193,C000368,2026-07-23,3.67,68,10
U004194,C000411,2026-05-09,2.39,68,87
U004195,C000573,2025-12-02,2.32,227,9
U004196,C000324,2026-08-15,3.11,83,64
U004197,C000533,2025-12-26,3.8,234,100
U004198,C000098,2025-10-01,2.76,23,58
U004199,C000718,2026-05-23,4.16,98,48
U004200,C000287,2026-04-04,3.12,88,25
U004201,C000238,2025-12-05,0.6,194,56
U004202,C000638,2026-06-01,3.8,1,43
U004203,C000811,2025-12-14,0.54,213,84
U004204,C000205,2025-12-23,1.36,128,1
U004205,C000023,2026-07-29,2.86,123,2
U004206,C000975,2026-05-09,4.47,134,81
U004207,C000986,2026-01-15,0.68,100,66
U004208,C000730,2026-06-07,0.28,41,19
U004209,C000587,2026-08-10,4.78,41,69
U004210,C000011,2026-08-04,0.58,258,43
U004211,C000877,2026-06-28,2.92,107,54
U004212,C000841,2026-02-01,3.5,58,8
U004213,C000087,2026-04-05,0.23,237,13
U004214,C000703,2026-06-10,1.58,281,69
U004215,C000902,2026-02-26,2.83,291,95
U004216,C000658,2025-12-26,1.38,270,3
U004217,C000687,2025-11-11,0.83,275,40
U004218,C000686,2026-08-04,3.55,76,18
U004219,C000826,2026-08-06,4.03,268,69
U004220,C000447,2026-07-05,4.31,85,59
U004221,C000714,2026-02-17,0.75,29,42
U004222,C000001,2026-03-29,3.53,267,46
U004223,C000829,2025-09-23,4.64,128,26
U004224,C000792,2026-09-01,1.12,286,32
U004225,C000050,2026-05-06,3.72,199,93
U004226,C000866,2025-12-30,3.73,13,65
U004227,C000828,2026-03-31,0.76,53,70
U004228,C000658,2026-03-27,3.02,273,69
U004229,C000705,2026-02-03,4.9,256,36
U004230,C000332,2026-02-23,3.88,110,70
U004231,C000472,2026-08-25,2.6,203,6
U004232,C000785,2026-03-09,0.21,106,94
U004233,C000601,2026-09-08,4.37,250,88
U004234,C000489,2025-12-04,2.04,260,97
U004235,C000409,2026-03-28,3.93,262,73
U004236,C000748,2026-03-08,3.69,225,18
U004237,C000160,2026-08-18,1.01,0,13
U004238,C000302,2026-07-02,2.78,252,75
U004239,C000335,2025-12-27,0.61,152,27
U004240,C000717,2025-12-03,3.58,216,20
U004241,C000491,2026-05-08,0.36,216,8
U004242,C000845,2026-02-13,1.51,213,33
U004243,C000559,2025-11-14,0.52,56,60
U004244,C000755,2026-07-10,3.53,199,0
U004245,C000439,2026-08-27,1.4,146,36
U004246,C000472,2026-02-26,1.15,67,100
U004247,C000413,2026-01-19,4.04,99,34
U004248,C000326,2026-09-02,2.26,175,12
U004249,C000319,2026-06-02,1.31,229,38
U004250,C000512,2025-10-15,1.48,34,98
U004251,C000692,2025-11-01,4.31,264,18
U004252,C000748,2026-03-03,1.9,209,0
U004253,C000961,2026-03-19,1.21,176,83
U004254,C000098,2025-09-25,0.58,85,58
U004255,C000879,2026-03-29,0.92,280,64
U004256,C000447,2025-12-15,0.18,131,23
U004257,C000782,2026-09-17,4.38,19,41
U004258,C000541,2026-02-19,4.45,167,97
U004259,C000995,2026-08-31,4.55,168,49
U004260,C000597,2026-02-11,0.61,200,8
U004261,C000294,2025-12-13,0.41,157,4
U004262,C000590,2026-01-28,2.45,201,74
U004263,C000076,2025-10-25,2.73,70,7
U004264,C000345,2026-04-29,4.21,185,20
U004265,C000373,2025-10-03,1.74,95,48
U004266,C000241,2026-01-22,2.47,60,0
U004267,C000309,2026-05-29,4.36,278,18
U004268,C000778,2026-01-28,1.97,210,40
U004269,C000373,2025-11-15,1.14,212,75
U004270,C000005,2025-09-28,2.16,205,42
U004271,C000500,2026-08-21,0.3,184,34
U004272,C000520,2026-06-04,4.24,87,84
U004273,C000648,2025-12-04,1.27,242,39
U004274,C000506,2026-07-20,1.1,153,88
U004275,C000871,2025-10-21,3.83,201,80
U004276,C000935,2026-04-09,2.94,124,43
U004277,C000539,2025-11-17,2.52,112,52
U004278,C000049,2026-08-05,3.95,259,88
U004279,C000618,2026-02-28,0.31,196,58
U004280,C000491,2026-06-10,2.54,35,45
U004281,C000977,2026-08-29,3.61,253,100
U004282,C000575,2026-01-29,3.05,138,77
U004283,C000347,2025-12-30,4.84,65,3
U004284,C000666,2026-02-28,2.66,87,27
U004285,C000839,2026-07-18,0.89,247,58
U004286,C000028,2026-08-27,1.77,83,89
U004287,C000354,2025-12-28,0.67,159,61
U004288,C000157,2025-11-24,1.0,47,98
U004289,C000976,2026-05-31,4.52,112,87
U004290,C000592,2026-03-08,3.83,182,91
U004291,C000043,2026-05-17,2.35,158,19
U004292,C000766,2026-05-29,2.01,266,37
U004293,C000345,2026-07-27,1.93,27,3
U004294,C000212,2026-05-19,3.67,34,76
U004295,C000863,2026-05-19,0.52,245,26
U004296,C000918,2025-11-15,1.41,97,5
U004297,C000584,2026-02-04,3.61,199,87
U004298,C000329,2026-08-28,0.16,55,45
U004299,C000161,2025-11-17,1.58,64,66
U004300,C000729,2026-09-06,0.85,86,53
U004301,C000003,2026-03-19,3.79,197,59
U004302,C000306,2026-05-15,3.96,185,15
U004303,C000409,2026-08-22,2.83,286,12
U004304,C000371,2025-10-18,3.05,216,70
U004305,C000114,2026-08-03,3.24,173,9
U004306,C000305,2025-10-26,1.06,244,2
U004307,C000810,2025-11-18,1.74,170,30
U004308,C000838,2026-07-25,0.43,124,23
U004309,C000285,2025-12-02,4.4,253,23
U004310,C000357,2025-12-05,1.98,192,65
U004311,C000816,2026-07-05,2.14,204,37
U004312,C000345,2025-11-06,0.21,58,69
U004313,C000847,2026-09-22,1.45,103,3
U004314,C000521,2026-07-08,3.1,108,7
U004315,C000572,2026-09-10,4.65,97,25
U004316,C000534,2026-06-03,2.38,206,30
U004317,C000306,2026-07-17,3.01,242,27
U004318,C000620,2026-07-07,3.49,175,48
U004319,C000277,2026-09-06,2.0,282,76
U004320,C000086,2026-06-21,0.59,287,30
U004321,C000431,2026-08-26,3.95,156,21
U004322,C000857,2026-03-10,1.84,61,85
U004323,C000382,2025-09-23,4.35,254,63
U004324,C000828,2025-11-08,1.14,35,16
U004325,C000174,2025-12-05,0.67,104,60
U004326,C000509,2026-08-14,0.86,104,31
U004327,C000351,2026-03-21,2.41,139,34
U004328,C000351,2026-08-02,3.21,227,62
U004329,C000620,2026-06-13,2.5,32,75
U004330,C000472,2026-07-19,4.49,102,30
U004331,C000740,2026-06-02,0.98,93,15
U004332,C000706,2026-07-01,1.2,240,35
U004333,C000622,2026-09-14,3.28,159,96
U004334,C000493,2026-02-14,0.44,12,100
U004335,C000793,2026-03-18,3.63,193,46
U004336,C000501,2026-07-02,2.97,58,61
U004337,C000358,2026-07-14,3.0,209,9
U004338,C000292,2026-05-02,4.46,14,68
U004339,C000440,2026-08-06,4.73,8,78
U004340,C000335,2025-11-05,2.61,127,68
U004341,C000360,2026-07-09,2.32,190,76
U004342,C000381,2025-10-15,2.8,4,91
U004343,C000769,2026-04-21,4.13,73,52
U004344,C000455,2026-07-22,4.4,151,70
U004345,C000206,2026-01-29,4.65,273,81
U004346,C000685,2026-02-03,3.16,108,84
U004347,C000719,2026-08-13,0.11,175,67
U004348,C000474,2025-12-24,0.31,1,62
U004349,C000145,2025-11-01,1.69,199,55
U004350,C000321,2026-02-25,3.47,50,91
U004351,C000069,2026-08-27,2.51,48,79
U004352,C000675,2026-09-16,3.98,283,73
U004353,C000855,2026-04-19,0.38,16,47
U004354,C000956,2026-05-09,4.18,46,47
U004355,C000889,2026-07-26,3.98,154,75
U004356,C000958,2026-05-26,2.81,88,64
U004357,C000622,2025-11-28,1.92,224,42
U004358,C000866,2026-07-20,2.53,153,13
U004359,C000668,2025-11-16,3.79,244,1
U004360,C000064,2026-09-06,4.86,64,89
U004361,C000981,2025-10-29,4.64,98,41
U004362,C000880,2026-09-16,4.52,108,32
U004363,C000938,2026-09-09,2.74,127,94
U004364,C000565,2026-07-06,1.82,56,97
U004365,C000325,2026-04-20,1.88,149,45
U004366,C000824,2026-02-28,1.65,208,78
U004367,C000503,2026-07-13,0.6,57,87
U004368,C000475,2025-10-19,2.28,94,84
U004369,C000086,2026-05-04,0.56,136,78
U004370,C000198,2026-03-06,1.18,288,13
U004371,C000466,2025-12-02,4.23,72,47
U004372,C000104,2026-08-22,3.12,101,7
U004373,C000141,2025-12-28,2.35,153,34
U004374,C000591,2026-05-29,1.33,10,71
U004375,C000449,2026-04-21,1.37,122,47
U004376,C000870,2026-01-05,0.24,175,20
U004377,C000331,2026-08-22,3.87,66,66
U004378,C000557,2026-03-25,1.05,15,17
U004379,C000029,2025-11-26,3.5,95,47
U004380,C000373,2026-06-23,4.12,253,38
U004381,C000122,2026-06-01,3.77,292,72
U004382,C000686,2025-11-15,2.51,41,67
U004383,C000083,2026-08-27,2.96,20,38
U004384,C000302,2026-05-18,2.28,202,46
U004385,C000746,2026-05-09,2.72,56,26
U004386,C000420,2026-07-11,4.8,220,22
U004387,C000430,2026-01-06,1.56,51,61
U004388,C000639,2026-09-15,2.83,170,52
U004389,C000081,2026-05-24,0.8,274,81
U004390,C000253,2026-02-21,1.12,289,12
U004391,C000783,2026-05-11,1.07,207,19
U004392,C000331,2025-09-24,4.13,158,44
U004393,C000480,2026-01-04,3.6,136,85
U004394,C000310,2026-04-13,0.84,127,26
U004395,C000410,2026-04-10,4.47,220,90
U004396,C000789,2026-08-29,0.83,194,37
U004397,C000366,2026-09-08,0.63,86,11
U004398,C000848,2026-01-24,4.62,227,70
U004399,C000720,2026-08-01,1.6,58,79
U004400,C000712,2025-11-19,4.68,71,24
U004401,C000146,2026-04-05,2.25,272,55
U004402,C000798,2025-12-31,2.52,287,1
U004403,C000539,2025-09-23,4.64,44,62
U004404,C000364,2025-11-21,2.27,265,66
U004405,C000836,2025-11-05,2.09,206,19
U004406,C000356,2026-07-04,2.42,73,95
U004407,C000111,2025-11-01,2.79,225,34
U004408,C000393,2026-07-17,3.73,228,62
U004409,C000529,2026-07-12,0.53,187,31
U004410,C000755,2026-02-26,1.0,27,91
U004411,C000453,2025-12-14,2.66,105,64
U004412,C000622,2025-11-01,3.41,44,78
U004413,C000290,2025-11-27,1.66,287,81
U004414,C000244,2025-11-27,1.33,168,57
U004415,C000306,2026-04-28,0.9,58,43
U004416,C000933,2026-08-11,3.92,140,53
U004417,C000723,2025-09-26,3.16,279,45
U004418,C000257,2026-06-26,1.34,181,92
U004419,C000062,2026-04-06,4.03,209,81
U004420,C000366,2026-04-10,0.77,215,3
U004421,C000685,2026-07-03,1.35,90,7
U004422,C000100,2026-08-02,0.6,25,20
U004423,C000400,2025-10-09,4.38,109,64
U004424,C000158,2026-09-08,0.63,290,76
U004425,C000153,2026-07-16,1.38,275,42
U004426,C000447,2026-06-30,4.53,123,97
U004427,C000200,2026-09-11,2.22,173,2
U004428,C000042,2026-02-17,2.49,287,75
U004429,C000873,2026-08-07,3.49,180,29
U004430,C000319,2026-08-03,0.88,273,3
U004431,C000320,2026-09-15,2.03,20,87
U004432,C000418,2026-08-02,4.45,267,64
U004433,C000741,2026-04-23,1.86,283,86
U004434,C000154,2025-09-26,2.57,223,4
U004435,C000375,2026-03-06,2.37,99,80
U004436,C000488,2025-10-29,4.57,98,70
U004437,C000069,2026-06-20,3.57,245,75
U004438,C000609,2025-12-02,4.53,273,40
U004439,C000875,2026-01-06,2.83,45,96
U004440,C000616,2025-10-09,4.39,219,76
U004441,C000697,2026-06-02,2.68,299,73
U004442,C000862,2026-03-22,4.71,103,54
U004443,C000885,2026-06-26,0.98,202,67
U004444,C000905,2025-12-13,3.05,110,59
U004445,C000837,2026-01-21,2.33,141,92
U004446,C000319,2026-04-23,1.42,49,40
U004447,C000213,2026-06-13,4.2,251,47
U004448,C000476,2025-12-05,4.06,143,44
U004449,C000803,2026-02-10,4.78,33,86
U004450,C000412,2025-10-16,0.98,41,96
U004451,C000773,2026-08-24,3.91,90,45
U004452,C000868,2025-12-27,0.92,56,55
U004453,C000476,2025-11-15,0.6,12,59
U004454,C000139,2026-05-13,3.91,217,15
U004455,C000059,2026-07-01,1.27,143,28
U004456,C000333,2026-03-22,4.91,141,67
U004457,C000162,2025-11-11,4.68,45,83
U004458,C000186,2026-02-27,1.4,123,92
U004459,C000520,2025-11-12,4.73,165,38
U004460,C000001,2026-06-14,1.34,11,63
U004461,C000300,2026-08-08,3.91,286,80
U004462,C000007,2026-07-21,4.38,47,52
U004463,C000281,2026-03-04,4.63,30,33
U004464,C000726,2026-04-20,0.16,122,29
U004465,C000255,2026-04-13,4.95,77,11
U004466,C000602,2026-04-13,0.72,38,54
U004467,C000218,2025-09-27,0.26,40,25
U004468,C000325,2026-01-29,4.22,278,65
U004469,C000033,2026-01-02,4.93,225,2
U004470,C000427,2026-09-19,3.13,278,75
U004471,C000318,2026-04-06,3.34,26,74
U004472,C000668,2025-09-26,0.38,22,0
U004473,C000503,2026-01-15,0.36,100,31
U004474,C000448,2026-05-13,2.85,5,64
U004475,C000966,2026-08-08,4.5,211,48
U004476,C000698,2025-11-14,1.74,229,13
U004477,C000486,2025-11-01,2.2,275,47
U004478,C000890,2026-01-27,1.56,219,82
U004479,C000838,2026-06-26,1.54,37,94
U004480,C000022,2026-08-31,1.35,75,31
U004481,C000005,2025-11-12,2.64,38,68
U004482,C000439,2026-05-16,4.36,118,11
U004483,C000138,2026-07-28,3.69,177,25
U004484,C000639,2026-06-07,0.34,75,32
U004485,C000713,2025-12-06,0.55,209,17
U004486,C000625,2025-10-08,3.84,63,47
U004487,C000905,2025-12-10,0.12,277,25
U004488,C000995,2026-05-11,1.88,181,43
U004489,C000025,2026-03-21,4.76,182,57
U004490,C000562,2026-08-16,1.66,143,30
U004491,C000741,2026-08-29,1.89,130,68
U004492,C000997,2026-07-14,2.7,164,53
U004493,C000475,2026-09-21,2.97,103,21
U004494,C000709,2025-10-28,4.69,261,60
U004495,C000816,2025-11-16,2.85,53,37
U004496,C000665,2025-09-28,0.11,96,53
U004497,C000198,2025-12-17,3.66,176,70
U004498,C000445,2026-02-10,0.32,5,93
U004499,C000216,2025-10-20,2.79,197,13
U004500,C000056,2025-11-30,2.66,99,24
U004501,C000716,2025-11-30,3.9,96,66
U004502,C000976,2026-04-21,3.52,168,87
U004503,C000461,2026-02-01,2.03,94,69
U004504,C000576,2026-09-20,1.74,300,98
U004505,C000349,2026-03-03,0.8,133,41
U004506,C000454,2026-05-13,1.07,169,0
U004507,C000675,2026-04-10,0.96,295,9
U004508,C000210,2026-05-08,0.23,86,94
U004509,C000471,2026-01-08,4.03,186,7
U004510,C000886,2026-04-16,2.72,135,25
U004511,C000552,2025-11-03,2.21,230,77
U004512,C000388,2026-08-07,1.07,31,28
U004513,C000367,2025-12-18,1.69,153,70
U004514,C000639,2026-07-26,4.68,267,26
U004515,C000820,2026-08-23,4.29,21,20
U004516,C000494,2026-08-06,4.9,87,55
U004517,C000897,2026-05-12,4.07,25,64
U004518,C000782,2025-09-24,4.2,18,92
U004519,C000837,2026-03-14,2.8,184,98
U004520,C000469,2026-07-14,2.13,244,45
U004521,C000501,2025-10-10,1.88,169,37
U004522,C000512,2025-12-21,4.5,111,16
U004523,C000539,2026-05-22,3.82,86,16
U004524,C000809,2026-01-25,3.68,228,3
U004525,C000187,2026-01-30,3.85,42,21
U004526,C000345,2026-04-14,3.08,164,29
U004527,C000445,2026-05-14,2.74,51,24
U004528,C000785,2026-03-11,1.57,47,35
U004529,C000425,2025-12-12,0.32,128,52
U004530,C000956,2026-08-10,3.42,117,63
U004531,C000405,2026-08-31,1.2,281,47
U004532,C000988,2026-04-25,0.4,271,65
U004533,C000621,2025-12-22,2.54,269,68
U004534,C000948,2026-05-31,4.96,72,49
U004535,C000568,2026-05-25,4.51,169,28
U004536,C000079,2026-02-28,1.81,58,91
U004537,C000405,2026-06-16,2.29,264,23
U004538,C000695,2026-03-02,4.42,197,3
U004539,C000233,2025-11-28,4.56,246,82
U004540,C000170,2025-10-16,2.23,299,23
U004541,C000786,2025-11-25,4.37,12,80
U004542,C000953,2025-09-28,2.84,116,77
U004543,C000701,2026-03-03,4.87,9,50
U004544,C000901,2025-12-31,1.86,247,8
U004545,C000722,2025-11-04,4.37,150,9
U004546,C000108,2025-10-25,2.65,55,27
U004547,C000707,2026-03-22,1.67,15,24
U004548,C000344,2026-04-27,0.55,2,69
U004549,C000544,2026-08-25,2.98,210,90
U004550,C000712,2026-09-04,4.07,263,64
U004551,C000025,2026-09-02,0.57,57,24
U004552,C000378,2026-01-26,4.08,51,62
U004553,C000762,2025-12-12,3.35,9,35
U004554,C000188,2025-11-29,0.83,119,9
U004555,C000240,2025-12-27,4.89,165,74
U004556,C000660,2026-07-16,2.49,58,78
U004557,C000462,2026-02-08,3.75,280,56
U004558,C000240,2026-07-12,4.81,128,13
U004559,C000496,2026-01-23,2.64,74,22
U004560,C000664,2026-09-03,3.47,64,16
U004561,C000600,2025-11-19,3.23,215,100
U004562,C000902,2025-12-27,4.87,4,77
U004563,C000874,2026-01-11,3.73,137,72
U004564,C000873,2026-04-18,2.27,300,40
U004565,C000360,2025-10-13,1.94,165,72
U004566,C000173,2026-06-14,3.91,245,36
U004567,C000965,2026-07-24,4.43,219,72
U004568,C000515,2026-03-06,4.32,287,63
U004569,C000280,2025-11-09,4.29,164,11
U004570,C000188,2025-11-05,4.78,120,95
U004571,C000625,2026-03-17,0.76,7,38
U004572,C000091,2026-08-20,4.63,226,41
U004573,C000363,2026-04-10,4.37,298,35
U004574,C000957,2026-02-14,1.42,165,28
U004575,C000627,2026-03-06,0.74,300,70
U004576,C000090,2026-01-03,2.47,214,37
U004577,C000244,2025-10-17,1.9,19,85
U004578,C000103,2026-08-25,2.26,37,63
U004579,C000599,2026-04-09,2.09,45,89
U004580,C000611,2026-04-28,1.09,112,5
U004581,C000329,2026-07-24,3.74,117,12
U004582,C000766,2026-06-15,4.46,80,40
U004583,C000593,2026-03-22,1.64,249,30
U004584,C000549,2025-11-20,4.59,53,9
U004585,C000248,2026-05-10,3.0,117,36
U004586,C000178,2026-07-30,2.92,23,63
U004587,C000216,2026-05-12,1.12,122,0
U004588,C000761,2025-10-12,1.68,118,16
U004589,C000240,2025-11-10,4.92,54,21
U004590,C000809,2026-03-16,1.54,248,0
U004591,C000578,2025-11-21,2.42,81,45
U004592,C000918,2025-09-23,1.31,242,77
U004593,C000839,2026-02-02,0.41,267,16
U004594,C000998,2026-07-27,0.49,159,6
U004595,C000095,2026-08-30,0.56,42,92
U004596,C000317,2025-12-20,2.46,211,97
U004597,C000520,2025-12-03,3.55,214,5
U004598,C000381,2026-05-12,2.45,116,55
U004599,C000287,2026-09-05,1.58,120,70
U004600,C000450,2026-02-28,2.5,19,48
U004601,C000310,2026-05-23,2.13,276,37
U004602,C000367,2026-07-13,3.14,168,6
U004603,C000305,2026-04-27,0.28,215,28
U004604,C000499,2025-10-16,0.63,207,81
U004605,C000645,2026-09-11,1.17,47,43
U004606,C000358,2026-06-11,2.23,84,89
U004607,C000439,2025-12-06,4.97,281,7
U004608,C000177,2026-08-15,1.04,9,23
U004609,C000714,2025-12-24,2.4,251,91
U004610,C000642,2026-05-16,0.3,179,98
U004611,C000848,2025-12-31,4.01,270,14
U004612,C000060,2026-04-29,1.75,59,41
U004613,C000759,2025-12-26,4.8,194,22
U004614,C000641,2026-06-25,4.64,104,47
U004615,C000199,2025-10-13,0.2,65,8
U004616,C000034,2026-07-31,3.3,168,4
U004617,C000626,2026-03-25,1.75,140,47
U004618,C000945,2025-11-16,2.3,188,53
U004619,C000405,2026-03-24,4.67,1,94
U004620,C000427,2026-07-19,1.35,213,21
U004621,C000647,2026-03-30,1.37,224,26
U004622,C000686,2026-09-14,3.86,30,4
U004623,C000451,2026-05-17,0.14,239,96
U004624,C000178,2026-03-28,0.39,199,7
U004625,C000750,2026-09-21,3.37,127,43
U004626,C000486,2026-04-20,3.65,168,57
U004627,C000742,2026-08-03,1.7,12,7
U004628,C000971,2026-04-04,1.7,179,84
U004629,C000934,2026-07-16,3.73,119,14
U004630,C000968,2026-04-29,1.41,252,13
U004631,C000226,2026-08-02,4.01,88,90
U004632,C000397,2026-09-15,4.47,261,74
U004633,C000129,2025-12-02,4.24,10,20
U004634,C000504,2026-01-30,1.89,272,28
U004635,C000680,2026-06-05,3.04,103,53
U004636,C000188,2026-09-20,3.37,174,83
U004637,C000037,2026-08-01,0.76,258,70
U004638,C000592,2026-02-26,1.2,245,41
U004639,C000045,2026-08-24,4.46,64,47
U004640,C000690,2025-10-02,2.65,18,87
U004641,C000686,2026-05-24,0.63,276,72
U004642,C000638,2025-11-11,3.59,141,71
U004643,C000485,2026-03-24,3.59,181,90
U004644,C000342,2025-10-03,3.1,152,97
U004645,C000111,2026-07-23,2.92,98,0
U004646,C000361,2026-09-21,4.83,97,38
U004647,C000414,2026-01-15,1.78,0,83
U004648,C000840,2026-07-24,4.9,177,62
U004649,C000354,2026-01-27,0.59,287,10
U004650,C000084,2026-04-12,0.82,58,40
U004651,C000596,2025-10-12,0.18,83,75
U004652,C000317,2026-06-04,2.39,74,60
U004653,C000609,2025-10-06,1.11,85,25
U004654,C000402,2026-06-13,3.23,35,34
U004655,C000491,2025-11-29,0.13,8,19
U004656,C000114,2026-01-14,4.88,141,22
U004657,C000430,2026-09-07,3.93,37,66
U004658,C000881,2025-10-12,3.31,215,36
U004659,C000002,2025-10-18,3.04,280,100
U004660,C000928,2025-11-15,0.93,195,15
U004661,C000205,2026-06-06,2.24,152,13
U004662,C000149,2026-07-18,2.9,63,61
U004663,C000924,2026-09-07,0.87,286,71
U004664,C000680,2026-02-04,4.65,51,84
U004665,C000270,2025-11-18,3.86,154,38
U004666,C000900,2026-04-15,1.83,160,93
U004667,C000721,2026-05-12,1.08,154,88
U004668,C000427,2026-05-03,0.79,233,88
U004669,C000066,2026-07-23,4.21,110,81
U004670,C000885,2026-02-26,2.29,183,47
U004671,C000064,2025-11-14,2.39,281,29
U004672,C000298,2026-05-12,0.14,231,80
U004673,C000796,2026-09-12,3.15,35,16
U004674,C000904,2026-06-05,1.89,90,58
U004675,C000417,2026-08-22,3.53,298,27
U004676,C000807,2026-04-20,4.86,252,36
U004677,C000152,2026-03-15,0.37,284,7
U004678,C000900,2026-07-29,2.48,269,99
U004679,C000373,2026-09-12,2.21,236,54
U004680,C000897,2026-01-24,0.5,188,91
U004681,C000628,2026-07-01,3.34,224,99
U004682,C000744,2025-11-25,1.03,160,58
U004683,C000057,2026-08-07,4.59,85,87
U004684,C000746,2026-06-01,3.95,175,27
U004685,C000331,2025-10-20,3.72,31,81
U004686,C000621,2026-07-07,0.64,108,12
U004687,C000433,2026-05-25,3.73,99,5
U004688,C000388,2026-01-13,2.63,89,85
U004689,C000890,2026-08-23,2.85,29,13
U004690,C000551,2026-05-01,3.84,105,14
U004691,C000963,2026-06-12,0.5,167,6
U004692,C000236,2025-10-23,3.02,197,95
U004693,C000553,2025-12-01,0.22,27,0
U004694,C000345,2026-04-01,4.82,96,8
U004695,C000716,2026-08-14,2.27,150,14
U004696,C000170,2026-07-21,0.53,113,28
U004697,C000938,2026-05-14,4.53,252,64
U004698,C000810,2026-03-22,3.07,244,81
U004699,C000598,2026-03-24,0.77,138,55
U004700,C000687,2026-05-22,2.98,186,48
U004701,C000169,2026-07-09,0.39,161,7
U004702,C000234,2026-08-17,0.53,237,35
U004703,C000176,2025-09-25,1.92,88,8
U004704,C000836,2026-01-01,2.32,54,89
U004705,C000242,2026-03-27,3.86,174,10
U004706,C000524,2026-07-20,4.77,98,89
U004707,C000095,2026-06-03,2.73,284,0
U004708,C000806,2026-03-19,1.74,20,33
U004709,C000611,2026-03-06,3.23,266,65
U004710,C000476,2026-07-15,1.15,142,67
U004711,C000669,2026-02-28,2.85,233,68
U004712,C000723,2026-09-12,4.53,126,43
U004713,C000522,2026-05-31,4.81,77,38
U004714,C000767,2026-04-21,4.66,214,15
U004715,C000208,2025-12-01,3.14,13,59
U004716,C000850,2026-08-20,3.77,48,44
U004717,C000177,2026-02-09,2.95,86,24
U004718,C000012,2026-06-12,4.68,102,79
U004719,C000764,2026-05-29,3.37,15,26
U004720,C000109,2025-11-15,4.69,108,88
U004721,C000451,2026-06-02,0.27,114,99
U004722,C000157,2026-06-27,2.61,236,52
U004723,C000466,2026-09-03,1.77,18,78
U004724,C000428,2026-04-06,0.97,267,86
U004725,C000140,2026-07-12,3.47,125,49
U004726,C000250,2025-10-05,2.17,160,6
U004727,C000838,2025-10-06,1.96,157,79
U004728,C000842,2026-07-13,2.55,125,9
U004729,C000144,2026-01-06,0.54,279,93
U004730,C000983,2026-05-13,1.22,197,67
U004731,C000636,2026-05-23,0.34,295,68
U004732,C000786,2025-12-27,2.42,112,78
U004733,C000117,2026-06-21,4.86,119,13
U004734,C000360,2026-05-06,3.55,45,27
U004735,C000968,2026-08-02,1.95,98,30
U004736,C000151,2026-02-13,0.36,242,61
U004737,C000528,2025-12-18,0.82,281,71
U004738,C000389,2026-05-08,0.69,59,59
U004739,C000676,2025-12-29,4.25,243,98
U004740,C000545,2026-01-29,2.39,288,80
U004741,C000939,2026-06-23,2.43,240,9
U004742,C000827,2026-08-24,3.21,168,82
U004743,C000516,2025-11-23,0.94,245,18
U004744,C000438,2026-05-07,3.27,146,30
U004745,C000054,2026-02-25,2.45,110,55
U004746,C000637,2026-05-27,2.03,52,80
U004747,C000823,2026-05-18,1.57,84,96
U004748,C000464,2026-04-30,1.28,248,33
U004749,C000117,2026-02-26,1.29,94,72
U004750,C000218,2025-12-18,2.06,17,55
U004751,C000310,2026-01-31,1.01,28,12
U004752,C000026,2025-12-05,2.57,287,94
U004753,C000182,2026-05-09,0.76,264,50
U004754,C000217,2025-11-15,2.72,170,66
U004755,C000754,2026-05-04,4.96,213,17
U004756,C000237,2026-03-13,1.74,44,50
U004757,C000255,2026-09-03,4.6,195,65
U004758,C000258,2026-07-27,1.11,29,69
U004759,C000256,2026-06-18,3.74,28,5
U004760,C000239,2025-11-21,4.03,75,90
U004761,C000393,2026-07-15,4.45,241,56
U004762,C000528,2026-06-19,1.85,239,100
U004763,C000448,2026-03-12,1.36,79,44
U004764,C000987,2025-10-05,2.47,212,43
U004765,C000286,2025-11-22,3.78,150,67
U004766,C000831,2025-10-27,2.53,172,23
U004767,C000504,2026-05-16,0.71,175,59
U004768,C000552,2026-04-13,4.95,185,95
U004769,C000644,2026-03-18,4.1,134,67
U004770,C000390,2026-02-15,1.83,228,97
U004771,C000441,2026-01-16,4.69,289,79
U004772,C000697,2026-02-05,3.41,272,27
U004773,C000987,2025-12-05,1.85,188,61
U004774,C000397,2025-09-23,4.33,265,77
U004775,C000604,2026-02-22,2.14,39,61
U004776,C000397,2025-11-28,3.97,24,80
U004777,C000180,2026-04-16,1.31,172,26
U004778,C000007,2025-09-29,3.17,95,96
U004779,C000111,2026-08-13,3.82,91,87
U004780,C000075,2026-06-27,1.3,119,26
U004781,C000806,2026-07-05,3.88,230,53
U004782,C000060,2026-02-10,3.37,246,8
U004783,C000073,2026-09-21,1.46,109,14
U004784,C000493,2026-06-05,1.0,174,81
U004785,C000125,2026-03-17,3.62,280,98
U004786,C000018,2026-07-10,0.87,200,81
U004787,C000027,2026-01-06,3.32,74,78
U004788,C000400,2026-04-08,2.06,71,45
U004789,C000228,2026-06-22,2.65,196,63
U004790,C000118,2026-07-15,1.06,3,9
U004791,C000347,2026-08-11,1.59,111,42
U004792,C000240,2026-06-01,1.57,25,10
U004793,C000645,2026-04-26,1.31,232,21
U004794,C000872,2026-07-10,2.08,144,32
U004795,C000019,2026-03-14,1.32,263,95
U004796,C000364,2026-09-05,3.02,59,27
U004797,C000756,2026-02-17,3.92,242,54
U004798,C000153,2025-09-24,4.78,196,7
U004799,C000689,2026-07-19,2.95,250,28
U004800,C000707,2025-12-31,0.26,129,91
U004801,C000606,2026-03-07,4.54,269,29
U004802,C000185,2026-04-06,1.08,81,35
U004803,C000450,2026-08-03,4.27,263,32
U004804,C000941,2026-08-02,1.16,269,42
U004805,C000563,2025-10-02,4.33,106,98
U004806,C000189,2026-09-05,4.1,187,50
U004807,C000555,2025-11-17,1.33,95,6
U004808,C000021,2026-04-28,0.95,59,78
U004809,C000091,2026-05-22,4.98,145,17
U004810,C000587,2026-05-01,0.2,252,84
U004811,C000078,2026-06-11,1.13,294,30
U004812,C000141,2026-03-08,3.72,108,50
U004813,C000263,2026-07-20,0.46,154,89
U004814,C000637,2026-08-16,2.06,44,4
U004815,C000701,2026-07-19,0.18,137,86
U004816,C000714,2026-09-09,2.6,76,61
U004817,C000372,2026-04-03,4.22,173,72
U004818,C000008,2025-10-21,3.37,16,85
U004819,C000334,2026-03-09,1.66,252,12
U004820,C000358,2026-07-02,3.93,212,29
U004821,C000538,2026-09-10,0.92,281,23
U004822,C000846,2025-12-14,3.12,36,39
U004823,C000356,2026-04-11,0.86,194,74
U004824,C000793,2026-05-13,3.47,145,57
U004825,C000021,2026-03-17,2.71,273,94
U004826,C000125,2026-08-20,4.73,250,15
U004827,C000587,2026-01-08,4.65,45,87
U004828,C000384,2026-08-10,4.85,207,15
U004829,C000373,2026-05-04,2.5,97,0
U004830,C000890,2025-11-16,1.89,235,74
U004831,C000789,2025-12-22,4.26,184,24
U004832,C000623,2025-09-30,4.61,187,87
U004833,C000962,2025-12-05,4.33,176,15
U004834,C000748,2026-05-18,1.29,82,99
U004835,C000158,2026-01-27,0.14,15,2
U004836,C000827,2025-11-11,2.99,29,0
U004837,C000338,2026-05-08,3.51,227,79
U004838,C000767,2026-08-31,0.8,199,26
U004839,C000518,2026-06-25,1.52,132,56
U004840,C000675,2025-10-11,1.99,52,51
U004841,C000302,2026-04-18,3.79,66,83
U004842,C000837,2026-06-14,1.93,299,4
U004843,C000571,2026-03-20,4.97,184,100
U004844,C000880,2026-08-30,1.01,218,33
U004845,C000016,2026-01-29,2.66,197,53
U004846,C000508,2026-09-10,4.36,121,41
U004847,C000045,2026-01-23,2.45,266,77
U004848,C000812,2026-04-18,4.51,74,22
U004849,C000674,2026-05-16,4.26,84,48
U004850,C000961,2026-02-15,4.55,271,13
U004851,C000106,2026-07-26,4.58,287,30
U004852,C000208,2026-09-15,4.1,273,1
U004853,C000787,2026-02-08,2.12,11,81
U004854,C000873,2026-04-04,0.46,190,28
U004855,C000539,2026-08-04,2.05,202,72
U004856,C000371,2026-06-14,1.92,144,8
U004857,C000957,2026-01-21,3.39,296,96
U004858,C000958,2025-12-19,3.14,90,2
U004859,C000037,2026-07-07,2.25,241,14
U004860,C000767,2026-07-12,3.43,32,34
U004861,C000590,2026-05-06,1.35,199,73
U004862,C000310,2026-09-06,1.24,119,45
U004863,C000900,2025-09-28,4.6,7,49
U004864,C000876,2026-04-16,1.66,170,97
U004865,C000569,2026-09-19,1.53,263,48
U004866,C000686,2026-09-04,1.14,49,75
U004867,C000329,2026-03-12,4.6,216,55
U004868,C000415,2025-09-30,2.88,116,43
U004869,C000455,2026-03-13,1.68,251,8
U004870,C000002,2026-08-17,4.3,78,48
U004871,C000991,2026-09-01,2.65,58,86
U004872,C000929,2026-03-29,0.17,243,71
U004873,C000263,2026-08-05,2.21,101,7
U004874,C000422,2026-06-01,1.59,207,27
U004875,C000818,2025-10-04,2.35,113,21
U004876,C000019,2026-08-14,1.21,218,94
U004877,C000048,2026-03-14,4.45,248,33
U004878,C000032,2026-03-24,3.63,35,70
U004879,C000515,2026-08-23,3.3,28,8
U004880,C000543,2026-02-24,0.7,59,36
U004881,C000089,2025-12-23,1.28,125,33
U004882,C000043,2025-11-14,3.95,221,50
U004883,C000854,2026-04-21,0.44,55,70
U004884,C000476,2026-06-02,0.97,103,12
U004885,C000251,2025-10-03,1.52,256,76
U004886,C000408,2026-04-22,4.08,277,96
U004887,C000645,2026-07-16,1.56,124,46
U004888,C000872,2025-11-19,2.24,75,25
U004889,C000232,2026-01-30,1.09,24,56
U004890,C000776,2026-08-26,0.89,105,53
U004891,C000083,2026-02-11,4.53,76,4
U004892,C000703,2026-01-30,1.29,203,20
U004893,C000188,2026-04-20,0.94,158,11
U004894,C000653,2026-08-23,0.86,236,94
U004895,C000091,2025-10-07,4.24,272,2
U004896,C000440,2026-02-12,2.81,137,82
U004897,C000254,2026-06-11,4.96,151,88
U004898,C000764,2026-05-09,4.26,300,100
U004899,C000077,2026-03-01,4.08,57,84
U004900,C000201,2026-04-29,4.28,112,49
U004901,C000686,2026-05-07,1.87,210,19
U004902,C000988,2026-05-30,0.64,244,74
U004903,C000988,2025-12-31,2.51,289,48
U004904,C000570,2026-05-22,1.43,246,71
U004905,C000940,2026-05-09,3.35,254,24
U004906,C000671,2026-03-13,4.72,189,54
U004907,C000293,2025-11-09,4.99,225,18
U004908,C000140,2026-08-30,4.39,225,68
U004909,C000329,2026-02-08,4.58,213,96
U004910,C000932,2026-09-10,3.97,136,19
U004911,C000841,2026-06-15,1.89,243,80
U004912,C000357,2026-02-04,2.5,239,65
U004913,C000683,2025-10-16,4.61,262,58
U004914,C000851,2026-06-19,1.49,259,82
U004915,C000486,2025-12-01,1.63,3,27
U004916,C000596,2025-11-13,0.71,267,26
U004917,C000642,2026-06-22,3.99,266,97
U004918,C000725,2026-09-04,1.87,92,66
U004919,C000905,2026-07-23,3.18,12,1
U004920,C000105,2026-02-26,1.05,98,34
U004921,C000960,2026-07-29,3.98,182,41
U004922,C000192,2026-02-06,0.67,246,17
U004923,C000987,2026-07-01,1.22,203,27
U004924,C000284,2026-07-19,4.09,37,98
U004925,C000703,2025-10-11,4.9,259,97
U004926,C000499,2026-07-16,4.39,293,27
U004927,C000773,2026-02-10,4.14,241,92
U004928,C000450,2026-02-09,3.61,24,69
U004929,C000076,2026-06-01,2.04,20,56
U004930,C000837,2026-03-25,2.22,300,82
U004931,C000501,2025-11-10,4.21,63,71
U004932,C000652,2026-01-19,3.82,226,80
U004933,C000522,2026-01-21,1.2,186,73
U004934,C000545,2026-06-01,3.71,65,45
U004935,C000671,2025-11-22,3.79,101,41
U004936,C000202,2025-09-28,2.64,76,21
U004937,C000220,2026-08-08,3.85,113,50
U004938,C000874,2026-08-21,4.9,131,87
U004939,C000648,2026-05-14,3.19,52,29
U004940,C000767,2026-06-15,3.0,154,72
U004941,C000041,2025-09-23,3.58,9,62
U004942,C000184,2025-10-11,1.07,83,18
U004943,C000329,2025-12-13,4.26,151,13
U004944,C000345,2026-02-17,1.33,41,33
U004945,C000722,2026-08-09,2.65,218,22
U004946,C000008,2026-06-28,1.36,115,15
U004947,C000795,2026-02-26,2.59,203,68
U004948,C000352,2026-01-22,2.61,231,62
U004949,C000161,2025-11-08,2.1,31,85
U004950,C000194,2025-12-11,1.69,193,22
U004951,C000010,2026-08-15,3.3,260,2
U004952,C000508,2026-05-09,4.9,149,40
U004953,C000384,2026-09-15,4.64,96,87
U004954,C000206,2026-06-08,1.05,264,9
U004955,C000480,2026-08-10,2.5,141,90
U004956,C000990,2026-01-19,1.58,246,3
U004957,C000726,2025-10-29,1.74,158,41
U004958,C000996,2026-01-17,4.32,59,18
U004959,C000059,2026-09-01,1.55,172,61
U004960,C000548,2026-01-04,1.67,183,85
U004961,C000070,2026-02-10,0.15,174,88
U004962,C000213,2026-08-24,1.39,23,43
U004963,C000264,2026-02-17,0.49,9,60
U004964,C000870,2026-01-19,4.2,286,83
U004965,C000628,2026-02-09,3.77,140,60
U004966,C000011,2026-09-21,1.03,135,22
U004967,C000003,2026-04-09,4.55,236,51
U004968,C000050,2026-06-30,3.07,75,97
U004969,C000542,2026-07-11,1.34,64,67
U004970,C000359,2026-01-05,3.8,210,94
U004971,C000097,2025-11-01,1.53,205,36
U004972,C000810,2026-08-17,2.43,253,60
U004973,C000450,2026-02-07,4.12,133,61
U004974,C000971,2026-03-26,2.38,116,77
U004975,C000453,2025-12-20,3.31,124,95
U004976,C000869,2026-05-22,3.5,102,78
U004977,C000577,2025-11-28,2.43,276,20
U004978,C000020,2026-07-07,2.46,114,22
U004979,C000758,2026-02-18,0.78,270,56
U004980,C000915,2025-10-21,2.99,10,19
U004981,C000179,2025-11-28,0.35,95,58
U004982,C000268,2026-06-23,3.93,150,53
U004983,C000453,2026-01-06,4.37,244,62
U004984,C000905,2026-03-30,4.61,273,55
U004985,C000848,2025-12-24,3.43,227,75
U004986,C000188,2025-12-20,3.14,185,67
U004987,C000287,2026-01-23,4.35,51,35
U004988,C000971,2026-06-22,3.29,76,67
U004989,C000626,2026-05-19,2.7,161,74
U004990,C000788,2026-07-08,0.32,275,24
U004991,C000073,2025-11-05,2.02,277,32
U004992,C000896,2025-11-23,1.57,214,69
U004993,C000890,2026-02-25,1.03,70,53
U004994,C000574,2025-11-02,2.98,97,100
U004995,C000839,2025-12-27,1.44,117,41
U004996,C000200,2026-06-10,2.87,186,100
U004997,C000571,2026-02-08,4.68,171,57
U004998,C000660,2026-04-29,4.91,220,16
U004999,C000230,2026-03-25,2.77,107,28
U005000,C000955,2026-07-22,3.77,275,52
U005001,C000983,2026-05-08,4.23,113,59
U005002,C000990,2026-09-03,3.94,121,67
U005003,C000363,2026-03-15,0.3,27,87
U005004,C000275,2026-07-30,3.62,188,18
U005005,C000323,2026-02-03,4.23,197,52
U005006,C000884,2026-07-31,3.03,140,17
U005007,C000638,2026-06-03,4.39,39,31
U005008,C000022,2026-01-27,0.66,113,100
U005009,C000180,2025-10-29,1.79,62,94
U005010,C000241,2026-01-07,4.04,48,65
U005011,C000716,2026-05-25,0.13,207,52
U005012,C000590,2025-11-17,2.61,85,67
U005013,C000588,2026-04-14,3.3,36,72
U005014,C000205,2025-12-25,2.07,115,47
U005015,C000874,2025-09-26,1.24,116,9
U005016,C000278,2026-09-19,0.34,51,0
U005017,C000140,2026-09-22,4.68,143,64
U005018,C000537,2026-09-11,1.48,238,68
U005019,C000588,2026-01-05,1.05,200,90
U005020,C000813,2025-11-30,0.83,84,25
U005021,C000299,2026-02-25,3.5,298,45
U005022,C000038,2026-07-17,0.4,115,21
U005023,C000140,2025-12-10,2.78,224,72
U005024,C000916,2026-09-17,1.64,18,54
U005025,C000308,2026-06-29,0.31,220,100
U005026,C000649,2026-05-14,1.31,7,46
U005027,C000724,2026-01-15,1.49,85,12
U005028,C000420,2026-06-02,3.26,242,24
U005029,C000120,2026-01-09,0.69,80,50
U005030,C000667,2026-07-29,1.82,29,36
U005031,C000354,2026-04-17,2.85,170,0
U005032,C000720,2025-09-25,2.15,38,61
U005033,C000385,2025-12-14,1.12,91,5
U005034,C000384,2026-04-28,2.32,207,7
U005035,C000615,2025-12-02,1.63,27,78
U005036,C000168,2026-03-28,2.04,73,13
U005037,C000449,2026-02-28,0.38,158,66
U005038,C000690,2026-07-11,1.7,176,72
U005039,C000434,2025-10-23,1.32,109,45
U005040,C000790,2025-12-30,1.58,6,15
U005041,C000543,2026-09-14,0.77,268,78
U005042,C000044,2026-06-15,4.39,201,91
U005043,C000408,2026-01-11,3.04,289,92
U005044,C000611,2026-03-11,1.34,37,96
U005045,C000830,2026-09-22,2.4,1,20
U005046,C000196,2026-08-08,0.73,216,79
U005047,C000592,2026-05-20,0.92,123,22
U005048,C000334,2026-06-03,1.7,72,27
U005049,C000803,2025-10-29,0.87,198,52
U005050,C000441,2026-07-09,4.88,89,99
U005051,C000985,2026-05-03,1.85,184,50
U005052,C000077,2026-04-19,4.21,73,7
U005053,C000728,2026-01-03,4.9,86,10
U005054,C000957,2026-05-15,3.39,144,83
U005055,C000165,2026-02-20,1.44,174,66
U005056,C000214,2026-01-03,3.29,139,25
U005057,C000109,2026-06-08,3.95,157,16
U005058,C000008,2025-11-15,3.62,292,25
U005059,C000245,2025-09-29,0.92,229,6
U005060,C000166,2026-05-22,4.82,200,60
U005061,C000699,2026-01-13,2.57,47,63
U005062,C000874,2026-05-24,2.83,182,55
U005063,C000293,2026-06-01,0.38,245,94
U005064,C000039,2026-04-15,4.48,211,7
U005065,C000360,2026-06-04,2.39,85,53
U005066,C000426,2026-03-30,4.32,29,33
U005067,C000334,2025-11-05,2.59,278,93
U005068,C000531,2026-03-25,3.54,159,74
U005069,C000640,2026-07-16,0.1,54,20
U005070,C000352,2026-05-02,0.8,142,83
U005071,C000884,2026-06-24,4.66,206,99
U005072,C000214,2026-02-07,3.33,20,74
U005073,C000376,2026-02-07,0.52,198,68
U005074,C000585,2026-03-20,2.54,251,5
U005075,C000583,2025-12-11,4.54,117,40
U005076,C000157,2025-10-23,4.41,69,79
U005077,C000914,2026-07-21,3.21,241,56
U005078,C000068,2025-10-21,2.04,228,97
U005079,C000837,2026-03-15,3.94,30,65
U005080,C000790,2026-05-06,3.35,293,63
U005081,C000073,2026-02-18,0.55,127,27
U005082,C000835,2025-12-10,3.41,136,93
U005083,C000007,2026-07-23,0.45,69,37
U005084,C000348,2026-03-30,0.2,272,12
U005085,C000683,2025-12-01,4.12,246,36
U005086,C000256,2026-06-24,0.28,12,8
U005087,C000089,2026-08-03,4.58,199,28
U005088,C000398,2026-08-28,0.9,246,43
U005089,C000219,2026-05-26,0.54,158,28
U005090,C000850,2026-08-26,0.73,208,18
U005091,C000715,2026-09-16,1.75,254,33
U005092,C000110,2025-12-04,4.08,206,61
U005093,C000931,2026-04-18,1.76,280,40
U005094,C000939,2026-05-04,4.08,95,94
U005095,C000152,2026-02-13,2.41,203,55
U005096,C000579,2026-01-29,1.77,290,21
U005097,C000018,2025-10-27,4.63,29,35
U005098,C000964,2026-01-10,0.68,224,82
U005099,C000211,2025-11-01,3.56,191,28
U005100,C000281,2026-05-03,1.51,269,57
U005101,C000564,2026-09-11,3.92,104,12
U005102,C000213,2026-03-17,1.26,129,16
U005103,C000952,2025-12-07,4.52,92,89
U005104,C000916,2026-02-13,0.99,115,99
U005105,C000602,2026-05-05,1.93,246,65
U005106,C000461,2025-12-13,3.37,40,41
U005107,C000116,2026-03-04,4.54,53,57
U005108,C000481,2026-02-12,0.94,200,34
U005109,C000861,2026-02-17,1.26,29,97
U005110,C000247,2026-04-17,0.6,34,80
U005111,C000678,2026-03-01,3.17,146,39
U005112,C000817,2026-05-28,1.57,38,65
U005113,C000093,2026-02-26,3.67,98,50
U005114,C000094,2025-10-29,0.72,109,72
U005115,C000407,2026-03-13,0.87,225,53
U005116,C000830,2026-07-05,1.25,194,12
U005117,C000293,2025-11-01,2.01,148,75
U005118,C000756,2025-11-09,4.52,246,31
U005119,C000764,2025-12-10,1.03,265,31
U005120,C000573,2025-12-21,2.01,182,90
U005121,C000080,2025-09-25,3.45,251,67
U005122,C000774,2025-11-01,3.04,239,0
U005123,C000975,2025-10-05,2.21,120,70
U005124,C000065,2025-12-16,0.67,26,70
U005125,C000113,2026-09-04,3.46,91,88
U005126,C000498,2025-10-14,3.5,141,81
U005127,C000745,2026-03-14,0.2,73,94
U005128,C000025,2026-07-07,0.55,216,29
U005129,C000425,2026-09-13,3.8,126,4
U005130,C000063,2025-12-17,0.63,201,76
U005131,C000343,2026-06-04,3.18,147,44
U005132,C000393,2025-12-03,3.09,259,99
U005133,C000239,2026-08-25,1.17,124,53
U005134,C000421,2026-08-26,2.61,176,100
U005135,C000412,2025-12-26,4.45,4,77
U005136,C000865,2026-08-22,0.78,273,23
U005137,C000339,2026-05-25,4.87,127,89
U005138,C000247,2026-06-01,1.04,137,85
U005139,C000679,2026-02-04,2.15,263,60
U005140,C000883,2026-09-14,1.73,278,41
U005141,C000725,2026-04-18,1.72,104,91
U005142,C000211,2026-03-30,2.26,122,79
U005143,C000431,2026-03-17,3.65,263,16
U005144,C000124,2025-12-07,4.05,4,75
U005145,C000252,2025-12-01,4.26,277,88
U005146,C000675,2025-12-25,0.32,234,72
U005147,C000251,2026-07-26,2.87,4,52
U005148,C000303,2026-03-12,4.33,224,57
U005149,C000929,2025-12-21,3.55,116,40
U005150,C000006,2025-11-04,3.67,90,11
U005151,C000821,2026-06-17,0.77,126,5
U005152,C000616,2026-03-09,1.81,123,3
U005153,C000920,2026-05-25,3.84,290,76
U005154,C000240,2026-02-10,4.52,164,54
U005155,C000846,2026-03-02,2.84,210,95
U005156,C000483,2026-03-18,1.05,147,35
U005157,C000160,2026-06-04,0.42,132,73
U005158,C000038,2026-07-14,1.54,273,68
U005159,C000082,2026-04-19,1.42,32,38
U005160,C000993,2026-01-01,4.71,269,49
U005161,C000818,2026-07-15,0.95,95,29
U005162,C000456,2026-02-27,4.52,75,39
U005163,C000460,2026-05-04,1.46,14,59
U005164,C000803,2026-04-17,3.79,96,4
U005165,C000187,2025-10-13,1.12,161,14
U005166,C000356,2025-11-13,0.2,279,70
U005167,C000205,2026-02-13,1.22,67,76
U005168,C000315,2026-01-31,4.39,25,66
U005169,C000363,2026-03-13,1.1,2,83
U005170,C000164,2025-10-12,1.9,156,25
U005171,C000910,2026-04-03,4.11,103,99
U005172,C000970,2026-03-17,1.64,229,19
U005173,C000869,2026-03-23,2.06,242,97
U005174,C000993,2025-11-03,4.93,98,72
U005175,C000177,2026-07-17,1.28,54,58
U005176,C000485,2026-09-03,1.72,72,79
U005177,C000386,2026-02-08,0.11,242,47
U005178,C000631,2025-12-30,4.56,93,58
U005179,C000830,2026-06-19,1.93,48,90
U005180,C000894,2026-09-16,2.47,299,64
U005181,C000362,2026-02-16,3.76,56,24
U005182,C000680,2026-01-16,0.49,245,45
U005183,C000207,2026-04-19,3.13,43,47
U005184,C000991,2026-02-09,1.74,48,44
U005185,C000622,2026-01-10,1.28,2,98
U005186,C000743,2026-03-28,4.23,84,2
U005187,C000729,2026-04-11,2.25,183,24
U005188,C000033,2026-01-25,2.71,0,21
U005189,C000866,2025-11-11,2.63,57,100
U005190,C000572,2026-08-18,3.47,67,48
U005191,C000008,2026-05-20,2.99,1,55
U005192,C000745,2026-03-15,2.84,295,68
U005193,C000115,2026-07-29,2.1,163,81
U005194,C000831,2025-12-19,0.45,68,6
U005195,C000982,2026-03-24,0.73,125,56
U005196,C000431,2026-08-25,4.03,168,90
U005197,C000430,2026-04-08,4.19,135,33
U005198,C000165,2025-11-15,1.62,221,60
U005199,C000614,2026-03-14,4.74,109,85
U005200,C000613,2026-03-07,0.17,210,95
U005201,C000711,2025-11-22,4.18,230,14
U005202,C000791,2026-01-23,3.47,9,54
U005203,C000819,2026-08-17,2.44,136,1
U005204,C000227,2026-05-01,0.12,273,91
U005205,C000450,2026-05-22,2.82,288,82
U005206,C000297,2025-10-01,4.96,31,51
U005207,C000123,2025-11-28,2.94,15,98
U005208,C000818,2026-06-30,1.41,48,4
U005209,C000848,2026-02-26,2.0,177,65
U005210,C000222,2025-10-06,0.9,101,30
U005211,C000021,2025-12-31,2.31,177,84
U005212,C000550,2026-01-07,2.59,86,62
U005213,C000435,2025-10-12,4.5,128,13
U005214,C000722,2026-03-08,4.28,94,43
U005215,C000055,2026-01-02,2.98,89,11
U005216,C000296,2026-03-06,3.12,7,16
U005217,C000816,2025-10-18,0.26,266,69
U005218,C000296,2026-04-23,3.09,262,68
U005219,C000939,2026-04-04,4.64,273,35
U005220,C000163,2026-03-04,4.88,89,79
U005221,C000468,2026-01-24,4.68,299,2
U005222,C000268,2026-02-09,3.2,64,91
U005223,C000283,2026-06-18,3.05,62,66
U005224,C000228,2026-08-10,2.52,46,57
U005225,C000236,2026-09-14,3.86,238,6
U005226,C000171,2025-09-26,0.46,161,7
U005227,C000533,2025-11-13,1.86,250,90
U005228,C000715,2025-10-08,1.12,45,67
U005229,C000793,2025-10-19,4.43,9,54
U005230,C000074,2025-12-11,3.4,42,68
U005231,C000369,2026-01-23,3.53,159,77
U005232,C000329,2026-02-27,1.54,80,89
U005233,C000111,2026-04-15,1.24,295,6
U005234,C000258,2026-02-03,3.11,41,19
U005235,C000881,2026-03-14,3.54,84,70
U005236,C000526,2026-03-05,1.63,21,62
U005237,C000302,2026-05-09,1.02,186,62
U005238,C000922,2025-12-01,1.21,80,81
U005239,C000321,2026-09-10,3.4,57,98
U005240,C000020,2026-06-01,3.0,284,62
U005241,C000483,2026-04-08,0.62,287,5
U005242,C000545,2025-11-11,3.5,60,51
U005243,C000362,2026-05-01,2.99,239,83
U005244,C000639,2026-03-15,2.27,179,38
U005245,C000739,2026-01-13,3.42,39,39
U005246,C000337,2026-07-24,2.99,63,71
U005247,C000108,2026-08-25,3.52,23,44
U005248,C000876,2026-04-05,4.67,228,28
U005249,C000848,2026-06-18,2.56,89,77
U005250,C000036,2026-05-02,0.3,285,27
U005251,C000247,2025-09-29,2.05,257,2
U005252,C000106,2025-12-28,4.13,160,15
U005253,C000612,2025-12-20,4.84,253,22
U005254,C000319,2026-08-16,0.35,277,50
U005255,C000613,2026-05-09,0.15,111,12
U005256,C000300,2026-08-27,0.8,112,18
U005257,C000802,2026-07-30,3.77,8,44
U005258,C000884,2025-10-21,2.64,267,21
U005259,C000248,2026-02-05,0.68,64,78
U005260,C000910,2025-10-29,4.93,78,100
U005261,C000435,2026-01-21,1.21,21,39
U005262,C000842,2026-02-19,2.4,51,69
U005263,C000782,2025-11-12,1.93,110,90
U005264,C000033,2026-01-20,0.2,216,35
U005265,C000919,2026-08-23,2.02,173,85
U005266,C000975,2025-12-31,4.9,246,92
U005267,C000352,2025-12-31,1.53,265,81
U005268,C000879,2026-08-16,1.59,217,96
U005269,C000229,2025-12-10,1.79,6,47
U005270,C000056,2026-01-22,3.4,179,10
U005271,C000138,2026-03-24,0.77,229,39
U005272,C000863,2026-01-19,3.48,286,52
U005273,C000686,2026-06-14,4.1,72,63
U005274,C000485,2026-02-20,1.84,159,40
U005275,C000381,2026-02-25,2.56,172,79
U005276,C000593,2025-09-28,0.78,261,1
U005277,C000959,2026-06-09,3.64,267,87
U005278,C000869,2026-09-17,3.34,207,67
U005279,C000268,2025-12-16,1.41,252,61
U005280,C000101,2026-01-02,2.66,118,64
U005281,C000255,2025-12-17,1.88,159,73
U005282,C000100,2026-03-30,1.07,51,100
U005283,C000630,2026-07-25,1.25,213,64
U005284,C000030,2025-12-08,4.79,19,9
U005285,C000119,2025-11-20,4.85,269,50
U005286,C000652,2026-04-22,0.53,97,88
U005287,C000850,2026-02-18,3.44,209,80
U005288,C000531,2026-09-05,4.27,119,12
U005289,C000392,2026-06-16,0.96,71,12
U005290,C000279,2026-08-16,4.29,264,88
U005291,C000156,2026-04-28,3.19,150,18
U005292,C000878,2026-04-05,4.71,232,78
U005293,C000093,2026-06-26,4.77,294,94
U005294,C000707,2026-07-07,3.7,21,24
U005295,C000618,2026-05-09,0.49,283,63
U005296,C000612,2026-01-26,3.67,132,89
U005297,C000469,2026-05-09,4.23,251,2
U005298,C000294,2025-10-06,4.7,172,25
U005299,C000540,2026-08-30,4.75,49,88
U005300,C000369,2026-02-28,0.98,297,83
U005301,C000534,2025-10-02,4.85,266,7
U005302,C000764,2025-09-25,3.67,276,90
U005303,C000473,2026-01-16,0.88,279,76
U005304,C000180,2026-09-19,1.91,188,91
U005305,C000676,2025-12-20,1.36,235,56
U005306,C000057,2026-03-17,2.5,214,13
U005307,C000355,2026-09-04,1.3,169,16
U005308,C000395,2026-07-24,2.63,181,42
U005309,C000956,2026-01-05,2.57,219,88
U005310,C000914,2026-05-20,3.15,89,90
U005311,C000681,2025-12-03,1.98,141,94
U005312,C000212,2026-09-22,0.36,99,38
U005313,C000644,2026-04-10,3.05,158,5
U005314,C000568,2026-01-31,1.37,232,68
U005315,C000635,2026-09-08,3.01,120,91
U005316,C000874,2025-10-21,0.11,271,89
U005317,C000795,2026-08-31,0.57,196,17
U005318,C000292,2025-12-19,0.99,45,55
U005319,C000246,2026-07-24,2.45,108,65
U005320,C000778,2026-04-26,0.63,125,34
U005321,C000258,2026-08-26,0.23,77,74
U005322,C000367,2026-06-10,1.61,228,15
U005323,C000734,2026-01-11,4.1,0,89
U005324,C000611,2026-03-05,0.16,287,39
U005325,C000822,2026-01-25,4.94,126,62
U005326,C000506,2026-04-06,4.68,298,39
U005327,C000462,2026-07-13,2.74,106,8
U005328,C000488,2025-11-11,1.49,190,27
U005329,C000792,2026-01-16,2.97,8,26
U005330,C000743,2026-08-27,0.94,50,5
U005331,C000144,2026-08-16,0.35,18,97
U005332,C000881,2026-04-08,4.72,290,54
U005333,C000608,2026-05-30,1.17,281,94
U005334,C000837,2025-10-04,1.68,127,5
U005335,C000406,2026-01-21,0.79,57,96
U005336,C000895,2026-06-11,1.93,154,25
U005337,C000647,2025-11-23,2.65,211,9
U005338,C000715,2026-02-07,3.87,285,30
U005339,C000525,2025-10-29,4.65,25,75
U005340,C000883,2025-12-24,2.09,1,41
U005341,C000332,2026-08-14,4.54,130,16
U005342,C000842,2026-06-25,0.68,158,39
U005343,C000931,2026-07-26,2.73,256,17
U005344,C000003,2026-05-09,1.3,264,24
U005345,C000316,2026-08-17,3.12,190,32
U005346,C000100,2026-03-17,4.33,278,33
U005347,C000233,2025-11-17,1.45,213,12
U005348,C000209,2026-06-15,3.86,59,22
U005349,C000458,2026-02-17,3.48,229,4
U005350,C000511,2026-09-22,4.56,141,87
U005351,C000120,2026-06-09,1.01,214,77
U005352,C000059,2026-06-07,1.39,44,57
U005353,C000469,2026-08-02,0.52,192,44
U005354,C000407,2026-03-08,4.98,166,43
U005355,C000702,2026-07-07,0.93,58,18
U005356,C000618,2026-06-17,2.4,37,86
U005357,C000703,2025-12-24,4.14,172,34
U005358,C000196,2026-08-14,0.61,87,76
U005359,C000964,2025-12-26,0.21,278,12
U005360,C000849,2026-01-30,3.26,155,12
U005361,C000450,2026-03-18,0.16,5,49
U005362,C000014,2026-05-27,1.97,69,78
U005363,C000363,2026-05-09,0.61,274,84
U005364,C000368,2025-12-16,3.66,166,90
U005365,C000392,2026-08-06,3.64,266,38
U005366,C000787,2026-03-05,1.2,257,60
U005367,C000354,2026-07-20,1.46,33,62
U005368,C000244,2026-08-03,3.61,285,88
U005369,C000525,2026-01-22,3.18,235,95
U005370,C000808,2026-06-06,4.71,1,32
U005371,C000562,2026-08-19,1.34,47,43
U005372,C000146,2026-06-17,0.12,96,21
U005373,C000201,2025-10-11,3.09,137,15
U005374,C000021,2026-01-18,0.33,193,50
U005375,C000617,2026-01-05,4.51,86,18
U005376,C000055,2025-10-06,2.49,156,8
U005377,C000866,2026-06-09,3.27,251,81
U005378,C000799,2026-06-26,2.85,188,26
U005379,C000103,2025-10-13,4.62,259,96
U005380,C000318,2025-12-15,0.1,226,34
U005381,C000422,2026-04-25,1.24,279,7
U005382,C000471,2026-05-25,0.31,173,4
U005383,C000656,2026-04-22,1.0,295,65
U005384,C000275,2026-04-29,0.4,222,51
U005385,C000527,2026-04-15,2.03,232,22
U005386,C000985,2026-07-12,4.42,135,43
U005387,C000463,2026-08-14,3.5,154,28
U005388,C000596,2026-07-05,0.64,191,32
U005389,C000118,2026-02-23,1.06,186,45
U005390,C000607,2026-04-21,4.96,18,80
U005391,C000796,2026-01-04,3.63,86,31
U005392,C000755,2026-01-14,2.43,86,84
U005393,C000899,2025-11-19,3.17,296,12
U005394,C000433,2025-10-04,4.13,219,90
U005395,C000495,2026-01-18,1.04,61,22
U005396,C000552,2025-09-30,4.2,218,44
U005397,C000929,2025-12-23,4.49,216,5
U005398,C000205,2026-04-16,4.61,208,17
U005399,C000303,2026-05-19,2.21,300,95
U005400,C000270,2026-07-09,1.93,172,53
U005401,C000142,2026-03-09,1.22,91,89
U005402,C000953,2026-01-03,2.78,259,85
U005403,C000417,2025-10-20,3.24,23,56
U005404,C000447,2026-05-15,0.85,77,99
U005405,C000337,2026-06-30,3.81,4,54
U005406,C000701,2025-10-10,3.5,120,38
U005407,C000195,2026-03-29,2.3,227,13
U005408,C000694,2026-07-28,3.51,243,63
U005409,C000677,2026-04-28,2.84,27,56
U005410,C000053,2026-05-11,0.59,86,70
U005411,C000763,2026-08-10,3.75,291,96
U005412,C000829,2026-02-13,4.19,155,68
U005413,C000409,2026-08-12,3.38,265,46
U005414,C000950,2026-01-26,3.08,25,7
U005415,C000207,2026-03-31,2.85,289,61
U005416,C000723,2026-03-22,2.21,201,20
U005417,C000630,2026-07-14,0.42,115,24
U005418,C000890,2026-06-10,2.6,21,99
U005419,C000663,2026-06-03,4.03,195,95
U005420,C000538,2025-10-13,2.15,134,20
U005421,C000271,2026-01-09,0.18,235,20
U005422,C000786,2026-07-24,1.08,114,26
U005423,C000338,2026-05-23,3.24,196,47
U005424,C000819,2026-01-30,2.34,199,98
U005425,C000904,2025-12-05,4.58,57,13
U005426,C000086,2026-03-11,4.41,46,92
U005427,C000135,2026-02-26,2.47,288,21
U005428,C000751,2026-09-17,4.67,178,37
U005429,C000375,2026-08-01,1.86,228,40
U005430,C000026,2026-06-21,2.44,29,21
U005431,C000759,2025-10-09,4.19,138,1
U005432,C000240,2026-06-07,2.54,178,70
U005433,C000403,2026-03-23,1.93,173,31
U005434,C000110,2026-05-10,1.15,12,14
U005435,C000170,2026-07-20,2.42,105,65
U005436,C000336,2026-04-18,2.0,217,38
U005437,C000468,2026-04-22,4.44,0,79
U005438,C000242,2026-05-17,0.67,73,70
U005439,C000239,2026-05-14,4.63,36,71
U005440,C000939,2026-03-29,0.51,193,9
U005441,C000747,2025-10-14,2.39,68,59
U005442,C000511,2026-02-12,2.84,253,40
U005443,C000635,2025-10-31,1.1,90,89
U005444,C000288,2026-07-21,1.16,224,27
U005445,C000664,2025-11-28,4.27,41,2
U005446,C000239,2026-07-02,0.74,198,15
U005447,C000594,2026-06-28,4.87,105,7
U005448,C000222,2026-04-05,3.03,71,24
U005449,C000152,2025-09-30,3.04,199,17
U005450,C000748,2026-03-31,3.55,86,98
U005451,C000327,2025-11-23,2.9,91,37
U005452,C000119,2025-09-29,0.58,10,54
U005453,C000145,2025-11-21,4.04,227,57
U005454,C000780,2026-06-21,1.56,205,16
U005455,C000507,2025-11-25,4.18,285,22
U005456,C000217,2026-05-29,2.4,264,37
U005457,C000187,2025-10-14,0.39,294,48
U005458,C000683,2026-02-01,0.62,275,71
U005459,C000134,2026-07-27,3.49,228,14
U005460,C000261,2026-04-13,3.44,125,24
U005461,C000516,2025-11-13,2.2,118,94
U005462,C000923,2026-05-03,0.43,271,17
U005463,C000214,2025-12-20,1.52,7,49
U005464,C000427,2026-03-05,2.28,141,53
U005465,C000566,2025-09-24,4.12,71,82
U005466,C000401,2026-04-08,2.93,191,71
U005467,C000367,2025-11-20,2.31,59,83
U005468,C000584,2026-02-03,1.56,194,54
U005469,C000900,2026-06-25,1.38,20,27
U005470,C000574,2026-03-24,4.55,138,47
U005471,C000442,2026-09-22,0.79,122,36
U005472,C000585,2026-04-03,3.97,277,5
U005473,C000328,2026-03-04,2.83,171,47
U005474,C000754,2026-02-11,1.17,115,1
U005475,C000767,2026-06-18,3.19,269,34
U005476,C000167,2025-10-01,4.58,118,68
U005477,C000063,2025-12-26,1.71,237,81
U005478,C000829,2026-01-06,2.43,202,39
U005479,C000030,2026-06-23,1.11,251,56
U005480,C000487,2026-08-06,3.65,156,58
U005481,C000287,2025-12-19,1.45,193,37
U005482,C000396,2026-04-24,1.31,91,58
U005483,C000914,2026-03-02,1.08,159,36
U005484,C000903,2026-04-18,4.83,117,13
U005485,C000143,2026-06-29,0.52,255,40
U005486,C000290,2026-02-03,1.36,283,27
U005487,C000394,2025-10-24,0.73,39,67
U005488,C000382,2026-08-10,0.62,278,23
U005489,C000576,2026-07-08,0.28,218,97
U005490,C000380,2026-09-05,2.1,159,82
U005491,C000786,2026-07-26,2.07,149,13
U005492,C000400,2026-08-20,4.86,82,94
U005493,C000601,2026-07-16,0.28,222,31
U005494,C000643,2026-06-09,2.23,217,24
U005495,C000681,2026-05-30,1.69,195,24
U005496,C000898,2025-11-25,0.49,37,9
U005497,C000540,2026-09-08,3.98,77,71
U005498,C000701,2025-10-30,4.34,155,51
U005499,C000735,2026-04-10,0.78,291,31
U005500,C000804,2026-06-10,3.73,127,52
U005501,C000894,2026-04-15,2.84,246,32
U005502,C000942,2026-08-23,1.18,159,48
U005503,C000042,2025-12-05,4.82,260,43
U005504,C000358,2026-09-03,3.96,66,100
U005505,C000362,2026-05-05,0.33,237,57
U005506,C000397,2026-04-18,0.87,161,93
U005507,C000142,2026-05-18,2.4,95,58
U005508,C000627,2025-10-29,1.15,22,56
U005509,C000496,2026-07-10,3.51,289,40
U005510,C000205,2026-01-22,2.35,71,58
U005511,C000550,2026-01-24,0.87,96,18
U005512,C000887,2026-03-05,0.39,46,56
U005513,C000419,2026-05-19,2.1,245,28
U005514,C000281,2025-10-22,3.36,290,59
U005515,C000226,2025-10-21,4.14,126,7
U005516,C000489,2026-04-22,3.03,280,5
U005517,C000215,2026-06-18,1.53,247,60
U005518,C000589,2026-05-13,3.31,68,7
U005519,C000860,2025-12-05,3.56,198,87
U005520,C000748,2026-07-06,3.4,275,51
U005521,C000062,2025-12-04,4.09,192,31
U005522,C000800,2026-01-09,2.37,282,3
U005523,C000643,2025-11-26,0.78,61,23
U005524,C000775,2026-01-17,1.04,290,19
U005525,C000683,2025-12-03,1.04,276,40
U005526,C000737,2025-09-30,4.75,150,42
U005527,C000308,2025-12-12,4.39,225,52
U005528,C000756,2026-06-29,1.16,216,66
U005529,C000563,2025-12-03,2.01,182,94
U005530,C000371,2025-12-13,2.8,163,66
U005531,C000346,2025-11-05,2.63,87,47
U005532,C000548,2025-10-05,0.62,229,42
U005533,C000403,2026-09-13,0.69,87,15
U005534,C000193,2025-10-01,4.57,115,10
U005535,C000251,2025-10-16,3.81,261,91
U005536,C000999,2026-08-28,3.37,66,36
U005537,C000985,2025-12-04,3.53,192,72
U005538,C000991,2026-05-29,3.95,35,4
U005539,C000795,2026-09-13,2.45,248,64
U005540,C000522,2025-11-29,0.45,13,99
U005541,C000657,2026-09-01,1.02,208,35
U005542,C000827,2026-09-05,2.75,83,21
U005543,C000902,2025-11-20,3.28,122,17
U005544,C000264,2026-05-10,0.43,289,38
U005545,C000323,2025-12-21,3.0,84,72
U005546,C000867,2026-03-12,0.68,204,28
U005547,C000113,2026-08-26,2.93,92,89
U005548,C000828,2026-08-15,1.55,222,10
U005549,C000142,2026-08-29,1.88,244,53
U005550,C000551,2026-09-04,0.39,201,8
U005551,C000955,2026-04-25,0.42,220,57
U005552,C000404,2025-12-22,1.28,261,69
U005553,C000178,2025-10-02,1.04,235,97
U005554,C000990,2026-09-01,4.69,40,25
U005555,C000916,2025-11-29,0.79,78,75
U005556,C000358,2026-03-17,0.9,141,22
U005557,C000307,2025-12-09,0.23,153,47
U005558,C000501,2026-05-25,2.92,222,100
U005559,C000537,2026-08-10,3.95,177,70
U005560,C000373,2026-05-16,3.38,293,71
U005561,C000146,2025-09-30,1.36,97,3
U005562,C000379,2025-10-04,4.31,147,79
U005563,C000081,2026-03-06,3.27,5,78
U005564,C000083,2025-11-03,2.28,136,56
U005565,C000539,2026-07-25,4.79,256,60
U005566,C000112,2026-05-12,2.93,34,94
U005567,C000209,2026-07-02,3.57,30,59
U005568,C000033,2026-04-07,1.21,58,4
U005569,C000546,2026-04-19,1.57,191,40
U005570,C000823,2026-04-16,2.02,184,72
U005571,C000920,2026-04-13,1.47,231,87
U005572,C000670,2025-11-28,1.71,201,18
U005573,C000639,2026-07-14,4.2,297,32
U005574,C000686,2026-03-07,0.93,239,39
U005575,C000613,2026-09-18,0.78,142,6
U005576,C000572,2026-05-16,0.66,276,77
U005577,C000414,2026-02-17,2.72,1,86
U005578,C000100,2025-11-23,3.9,19,24
U005579,C000607,2026-08-13,0.62,196,43
U005580,C000336,2025-10-23,1.87,179,85
U005581,C000252,2025-11-05,0.44,116,31
U005582,C000784,2026-06-06,4.57,260,51
U005583,C000171,2025-12-07,2.42,136,90
U005584,C000908,2026-03-25,0.15,208,96
U005585,C000162,2026-03-18,0.66,174,83
U005586,C000324,2026-01-01,2.87,213,2
U005587,C000605,2026-04-22,4.23,227,84
U005588,C000764,2026-03-07,4.51,229,67
U005589,C000826,2026-07-14,4.2,20,36
U005590,C000314,2025-10-27,4.23,174,81
U005591,C000670,2026-07-12,3.82,86,55
U005592,C000867,2026-08-28,0.72,162,28
U005593,C000538,2025-12-27,2.32,54,41
U005594,C000177,2026-03-08,3.36,61,0
U005595,C000066,2026-01-14,0.89,290,34
U005596,C000372,2026-02-24,3.63,102,46
U005597,C000317,2026-07-19,0.34,298,66
U005598,C000877,2026-04-22,1.33,79,16
U005599,C000938,2026-01-05,2.74,185,58
U005600,C000602,2026-03-26,4.0,227,58
U005601,C000152,2025-11-28,3.15,205,99
U005602,C000475,2025-12-31,1.51,291,88
U005603,C000740,2026-01-28,2.41,269,50
U005604,C000183,2026-03-31,0.5,247,91
U005605,C000371,2026-02-28,1.89,60,8
U005606,C000031,2026-05-29,2.56,219,80
U005607,C000061,2026-06-22,2.38,259,52
U005608,C000793,2026-04-16,2.88,166,85
U005609,C000776,2026-01-10,3.36,122,32
U005610,C000485,2026-05-03,2.37,7,21
U005611,C000196,2026-03-15,1.74,2,20
U005612,C000251,2025-12-06,0.34,229,54
U005613,C000056,2026-03-15,0.18,4,42
U005614,C000382,2025-11-01,3.16,10,33
U005615,C000198,2026-02-27,2.97,88,17
U005616,C000007,2025-12-16,0.19,166,10
U005617,C000248,2026-04-20,2.35,15,59
U005618,C000362,2026-02-27,3.1,279,37
U005619,C000246,2025-12-11,4.73,290,37
U005620,C000198,2026-06-18,2.46,128,0
U005621,C000962,2026-06-16,3.52,182,17
U005622,C000501,2026-05-21,4.88,190,85
U005623,C000697,2026-04-21,0.62,252,84
U005624,C000477,2026-09-14,0.77,42,3
U005625,C000519,2026-07-28,1.07,152,71
U005626,C000494,2025-11-17,2.0,121,13
U005627,C000037,2026-02-20,4.47,139,34
U005628,C000728,2026-04-15,4.08,152,39
U005629,C000605,2025-12-09,0.28,100,29
U005630,C000719,2026-03-28,3.05,22,66
U005631,C000876,2025-12-23,2.51,105,34
U005632,C000953,2026-08-27,4.88,21,43
U005633,C000347,2026-06-27,2.7,254,67
U005634,C000737,2026-02-06,3.57,272,98
U005635,C000586,2026-04-17,0.5,209,30
U005636,C000531,2025-10-18,4.11,68,98
U005637,C000374,2025-11-08,2.21,95,7
U005638,C000073,2026-03-03,3.79,132,92
U005639,C000059,2026-05-24,1.55,125,89
U005640,C000440,2026-06-19,4.51,249,10
U005641,C000506,2026-06-26,3.9,190,30
U005642,C000905,2025-11-17,0.28,65,11
U005643,C000746,2026-02-17,2.35,125,43
U005644,C000663,2025-12-27,3.9,205,54
U005645,C000721,2025-12-30,2.46,107,83
U005646,C000080,2025-10-02,3.38,177,15
U005647,C000805,2026-02-13,0.57,178,30
U005648,C000456,2025-12-01,3.47,94,24
U005649,C000681,2025-11-12,0.93,268,85
U005650,C000020,2026-07-05,3.51,283,7
U005651,C000046,2026-04-12,3.84,282,99
U005652,C000970,2026-08-16,4.45,111,99
U005653,C000536,2025-12-04,1.45,163,74
U005654,C000278,2025-10-08,4.14,163,40
U005655,C000240,2025-12-13,1.78,228,31
U005656,C000260,2026-05-21,2.65,58,88
U005657,C000184,2025-11-24,2.22,237,64
U005658,C000073,2025-10-29,3.07,83,13
U005659,C000720,2025-10-30,2.35,100,85
U005660,C000496,2026-05-16,4.01,291,68
U005661,C000267,2026-01-15,3.85,199,64
U005662,C000779,2026-03-27,2.94,300,65
U005663,C000163,2026-02-16,0.86,122,51
U005664,C000973,2025-12-19,4.67,136,62
U005665,C000894,2025-12-29,3.29,222,93
U005666,C000530,2025-12-02,3.38,18,84
U005667,C000289,2026-03-11,3.35,227,61
U005668,C000583,2025-09-30,1.01,249,56
U005669,C000187,2026-04-19,0.46,155,87
U005670,C000667,2026-07-19,4.26,275,6
U005671,C000455,2026-04-12,2.83,140,3
U005672,C000805,2026-06-27,4.38,108,91
U005673,C000844,2026-04-17,3.53,69,43
U005674,C000459,2026-02-09,2.97,173,9
U005675,C000265,2025-09-27,4.38,33,54
U005676,C000293,2026-06-25,1.41,136,76
U005677,C000576,2025-10-31,1.67,132,3
U005678,C000686,2026-09-06,4.34,286,72
U005679,C000671,2026-04-09,1.58,138,43
U005680,C000091,2026-08-14,3.43,106,45
U005681,C000723,2026-03-29,0.65,195,43
U005682,C000119,2025-10-09,3.82,37,14
U005683,C000185,2026-05-23,1.21,210,81
U005684,C000939,2025-10-11,4.27,242,33
U005685,C000723,2026-01-03,2.13,68,54
U005686,C000587,2025-11-24,2.69,291,0
U005687,C000504,2026-04-27,0.7,97,10
U005688,C000718,2026-04-08,1.84,192,37
U005689,C000913,2025-09-25,3.94,186,47
U005690,C000927,2026-08-18,3.69,16,69
U005691,C000642,2026-05-22,0.8,73,19
U005692,C000153,2026-05-24,0.54,33,59
U005693,C000896,2026-01-16,4.72,183,23
U005694,C000788,2026-03-13,3.57,189,48
U005695,C000180,2026-03-16,1.96,99,72
U005696,C000759,2025-10-07,1.76,101,96
U005697,C000541,2026-05-28,2.87,107,70
U005698,C000895,2026-08-16,4.28,35,44
U005699,C000898,2026-07-06,0.72,254,50
U005700,C000528,2026-03-11,1.25,205,52
U005701,C000365,2026-01-18,2.47,219,47
U005702,C000576,2026-05-01,4.02,271,82
U005703,C000501,2026-07-26,2.11,90,2
U005704,C000643,2026-04-28,2.23,175,58
U005705,C000807,2026-06-14,4.8,119,40
U005706,C000855,2026-03-06,2.88,190,17
U005707,C000492,2025-12-20,4.61,265,10
U005708,C000063,2026-07-19,3.97,28,46
U005709,C000712,2026-05-02,4.99,205,38
U005710,C000959,2026-02-26,2.42,174,1
U005711,C000087,2026-04-30,0.93,98,78
U005712,C000239,2025-10-16,0.31,164,84
U005713,C000620,2025-10-06,0.54,194,93
U005714,C000522,2026-08-15,3.78,110,50
U005715,C000889,2025-12-26,1.44,18,50
U005716,C000912,2026-02-04,2.73,52,15
U005717,C000106,2026-06-30,0.91,253,6
U005718,C000090,2026-03-08,3.46,181,54
U005719,C000992,2026-04-15,3.89,92,28
U005720,C000578,2025-12-06,2.39,53,39
U005721,C000566,2026-08-28,3.8,106,37
U005722,C000631,2026-03-27,2.27,78,7
U005723,C000245,2026-07-23,1.9,93,22
U005724,C000882,2026-03-02,2.03,199,77
U005725,C000709,2026-08-31,0.3,30,15
U005726,C000998,2026-07-08,2.95,140,67
U005727,C000618,2026-01-06,2.9,10,65
U005728,C000377,2026-09-20,4.74,73,40
U005729,C000215,2026-06-11,4.92,292,24
U005730,C000510,2025-11-02,1.51,2,2
U005731,C000122,2026-02-23,1.73,289,24
U005732,C000345,2026-03-24,2.05,294,51
U005733,C000895,2025-11-02,4.23,184,28
U005734,C000673,2025-12-15,1.23,35,63
U005735,C000671,2026-06-04,1.63,205,55
U005736,C000035,2026-01-21,2.96,271,88
U005737,C000268,2026-06-20,0.18,93,41
U005738,C000887,2026-06-28,4.01,17,17
U005739,C000918,2026-04-26,3.46,100,96
U005740,C000012,2026-01-28,0.92,150,62
U005741,C000541,2026-07-30,0.54,277,53
U005742,C000228,2026-02-20,3.96,193,91
U005743,C000249,2026-02-21,2.37,221,83
U005744,C000538,2026-08-31,0.94,40,100
U005745,C000584,2026-04-28,1.06,76,15
U005746,C000091,2026-04-03,4.22,76,12
U005747,C000721,2026-01-24,4.05,270,95
U005748,C000426,2026-03-02,5.0,266,40
U005749,C000568,2025-10-21,0.89,137,39
U005750,C000441,2026-05-21,3.55,165,81
U005751,C000537,2026-06-30,1.18,150,25
U005752,C000418,2026-05-01,1.53,284,48
U005753,C000309,2025-12-23,2.98,196,55
U005754,C000803,2026-08-22,2.79,160,98
U005755,C000970,2025-12-14,3.99,224,7
U005756,C000122,2026-05-02,2.43,104,96
U005757,C000753,2025-12-21,4.62,207,55
U005758,C000028,2026-03-30,4.03,300,40
U005759,C000583,2026-08-23,2.32,257,77
U005760,C000861,2026-04-21,2.75,115,18
U005761,C000533,2026-09-08,1.88,215,41
U005762,C000506,2026-03-07,4.44,225,91
U005763,C000026,2026-09-07,0.5,28,33
U005764,C000030,2026-07-28,4.74,144,95
U005765,C000274,2026-06-02,2.97,244,15
U005766,C000805,2025-10-11,1.25,120,72
U005767,C000266,2025-12-04,4.4,263,44
U005768,C000926,2025-12-18,4.36,287,57
U005769,C000317,2025-11-13,4.71,120,47
U005770,C000327,2026-05-30,3.76,207,51
U005771,C000880,2026-02-23,2.09,141,84
U005772,C000521,2026-08-27,4.52,224,32
U005773,C000019,2026-04-07,4.24,257,53
U005774,C000819,2026-05-06,3.83,293,51
U005775,C000362,2026-07-15,0.25,63,80
U005776,C000350,2025-10-24,3.13,253,70
U005777,C000741,2026-08-24,2.18,124,18
U005778,C000841,2026-04-03,4.58,122,6
U005779,C000158,2026-08-03,2.19,188,5
U005780,C000819,2026-08-20,1.91,249,14
U005781,C000699,2026-08-22,1.27,213,68
U005782,C000726,2025-10-02,0.82,207,93
U005783,C000770,2026-01-04,2.51,10,41
U005784,C000223,2026-02-18,3.73,212,61
U005785,C000084,2026-03-12,0.89,278,44
U005786,C000661,2026-04-21,4.86,77,46
U005787,C000615,2026-07-08,4.39,278,44
U005788,C000218,2026-08-19,4.48,190,81
U005789,C000948,2026-03-26,0.38,212,34
U005790,C000935,2026-02-20,0.29,261,75
U005791,C000377,2026-07-12,4.16,109,19
U005792,C000358,2026-04-21,1.24,56,24
U005793,C000411,2026-05-23,1.21,230,14
U005794,C000266,2026-01-23,4.26,79,52
U005795,C000042,2026-01-19,0.72,298,47
U005796,C000342,2025-12-06,3.49,8,100
U005797,C000243,2026-02-14,1.74,72,65
U005798,C000450,2026-03-14,2.08,32,79
U005799,C000866,2025-10-01,2.96,140,70
U005800,C000175,2026-03-05,3.97,64,21
U005801,C000656,2025-09-25,4.37,251,70
U005802,C000362,2026-05-02,2.59,199,10
U005803,C000541,2025-12-30,2.66,127,23
U005804,C000535,2026-04-22,4.85,238,18
U005805,C000255,2026-01-20,3.69,197,2
U005806,C000735,2025-12-13,1.7,204,6
U005807,C000734,2026-03-31,4.91,30,38
U005808,C000488,2026-08-18,2.68,133,51
U005809,C000032,2026-09-10,3.8,204,81
U005810,C000015,2026-09-21,0.62,46,71
U005811,C000013,2026-02-26,2.87,27,13
U005812,C000297,2026-09-16,3.25,135,99
U005813,C000074,2025-11-01,0.18,248,8
U005814,C000933,2025-10-05,1.01,254,40
U005815,C000177,2026-01-26,3.8,293,79
U005816,C000085,2026-01-05,2.29,55,57
U005817,C000488,2025-10-28,3.85,39,39
U005818,C000219,2026-05-02,2.62,288,56
U005819,C000934,2026-08-06,2.52,67,44
U005820,C000426,2025-11-22,4.88,277,24
U005821,C000453,2026-08-27,0.93,78,33
U005822,C000750,2026-09-10,4.49,172,89
U005823,C000728,2026-08-05,2.75,116,73
U005824,C000730,2026-04-11,1.81,151,87
U005825,C000031,2026-07-03,4.57,200,8
U005826,C000595,2026-07-10,4.73,41,63
U005827,C000611,2026-04-07,2.43,250,90
U005828,C000729,2026-01-07,0.38,290,57
U005829,C000250,2026-03-18,1.4,11,12
U005830,C000238,2026-08-08,0.58,59,18
U005831,C000671,2026-06-14,1.22,135,66
U005832,C000548,2026-01-30,3.78,243,89
U005833,C000790,2026-06-09,0.3,83,35
U005834,C000181,2025-12-01,1.72,14,77
U005835,C000754,2026-06-26,4.95,245,29
U005836,C000914,2025-11-02,2.2,16,31
U005837,C000147,2026-01-06,4.13,113,87
U005838,C000227,2026-03-16,2.44,235,72
U005839,C000599,2025-12-11,1.41,68,100
U005840,C000593,2026-08-17,0.28,164,37
U005841,C000159,2026-04-30,4.38,148,38
U005842,C000365,2025-10-26,2.42,167,87
U005843,C000228,2026-07-06,4.8,51,54
U005844,C000971,2026-09-21,2.11,174,40
U005845,C000424,2025-11-21,4.42,231,71
U005846,C000323,2026-08-30,4.56,201,57
U005847,C000646,2026-02-13,4.28,233,25
U005848,C000796,2026-03-27,0.33,186,12
U005849,C000349,2026-01-18,3.53,243,24
U005850,C000854,2025-11-12,0.13,85,39
U005851,C000393,2026-08-14,4.68,7,99
U005852,C000218,2025-11-28,1.38,129,17
U005853,C000161,2025-11-06,2.67,235,80
U005854,C000718,2026-08-28,3.07,237,48
U005855,C000744,2026-05-07,2.43,216,25
U005856,C000451,2026-04-05,4.06,181,66
U005857,C000562,2026-05-19,1.36,126,13
U005858,C000412,2026-01-14,0.28,43,57
U005859,C000737,2026-01-02,3.48,176,51
U005860,C000362,2026-06-05,4.92,220,54
U005861,C000802,2025-11-24,0.71,66,49
U005862,C000359,2026-03-12,4.16,132,68
U005863,C000992,2025-11-20,4.76,297,91
U005864,C000346,2026-02-03,1.91,299,31
U005865,C000448,2026-08-10,1.83,114,61
U005866,C000577,2026-09-01,1.58,188,96
U005867,C000001,2025-10-22,1.66,269,83
U005868,C000471,2025-09-25,1.59,66,48
U005869,C000987,2026-09-09,2.44,207,24
U005870,C000025,2026-05-07,0.34,21,16
U005871,C000773,2025-09-23,3.21,110,44
U005872,C000806,2026-03-28,4.1,0,43
U005873,C000975,2026-08-21,1.32,139,56
U005874,C000620,2026-04-29,0.7,88,54
U005875,C000237,2026-02-18,1.4,291,11
U005876,C000627,2025-11-25,0.42,176,7
U005877,C000929,2026-04-23,2.3,297,91
U005878,C000439,2026-05-15,3.06,171,61
U005879,C000754,2026-01-04,1.71,7,47
U005880,C000911,2026-06-11,0.54,204,100
U005881,C000547,2026-02-11,2.76,6,68
U005882,C000281,2026-08-08,0.24,70,11
U005883,C000296,2026-04-30,4.4,0,76
U005884,C000814,2026-07-18,3.84,150,68
U005885,C000764,2026-01-08,0.86,17,26
U005886,C000732,2026-05-17,2.84,212,59
U005887,C000153,2026-03-25,2.84,20,59
U005888,C000147,2026-04-27,2.85,296,62
U005889,C000201,2025-11-01,3.22,76,93
U005890,C000016,2026-04-16,2.92,137,68
U005891,C000768,2026-06-11,1.5,177,34
U005892,C000273,2026-06-18,4.35,25,76
U005893,C000573,2026-02-16,3.47,229,90
U005894,C000370,2026-02-22,0.42,232,10
U005895,C000702,2026-04-04,0.27,137,53
U005896,C000210,2026-06-14,1.93,162,16
U005897,C000651,2026-08-28,3.81,22,87
U005898,C000016,2026-04-15,4.69,3,24
U005899,C000612,2026-01-22,2.16,5,49
U005900,C000681,2026-05-03,0.97,125,46
U005901,C000499,2026-02-28,1.54,258,4
U005902,C000141,2026-06-02,2.31,240,69
U005903,C000857,2026-03-15,4.45,129,10
U005904,C000513,2026-07-21,1.3,24,56
U005905,C000310,2026-05-03,4.68,154,82
U005906,C000914,2025-12-20,4.7,28,74
U005907,C000545,2025-11-17,3.8,44,85
U005908,C000093,2026-08-20,3.62,157,78
U005909,C000263,2026-06-30,1.94,61,18
U005910,C000822,2025-09-30,4.1,50,5
U005911,C000558,2026-09-02,1.06,13,90
U005912,C000324,2026-04-17,2.79,142,64
U005913,C000384,2026-07-09,4.99,161,38
U005914,C000697,2026-09-04,1.53,227,49
U005915,C000621,2025-12-19,1.84,181,64
U005916,C000592,2026-01-07,2.34,109,36
U005917,C000731,2026-09-02,2.63,137,41
U005918,C000913,2026-02-27,0.37,87,15
U005919,C000988,2026-07-20,3.78,58,4
U005920,C000899,2026-04-15,1.8,288,59
U005921,C000081,2025-10-28,0.69,87,57
U005922,C000569,2025-11-30,3.36,206,38
U005923,C000389,2026-01-11,2.74,143,61
U005924,C000090,2025-12-24,4.08,299,49
U005925,C000554,2025-11-19,0.44,80,3
U005926,C000311,2026-09-07,2.18,213,41
U005927,C000349,2025-12-10,4.69,37,7
U005928,C000725,2026-08-04,1.76,229,64
U005929,C000581,2025-11-12,3.68,203,36
U005930,C000136,2026-03-11,0.99,59,22
U005931,C000140,2026-04-21,0.59,228,31
U005932,C000761,2026-04-11,2.5,149,5
U005933,C000282,2025-12-08,0.83,121,37
U005934,C000911,2025-11-11,4.96,197,74
U005935,C000810,2026-08-21,4.23,231,50
U005936,C000343,2025-12-10,3.05,285,94
U005937,C000242,2025-12-17,2.03,105,76
U005938,C000621,2026-06-13,3.6,21,80
U005939,C000648,2026-03-03,0.88,265,65
U005940,C000163,2026-06-23,3.21,154,53
U005941,C000752,2026-05-26,0.99,164,46
U005942,C000930,2026-01-15,0.49,98,68
U005943,C000366,2025-12-31,3.27,117,65
U005944,C000102,2026-08-09,1.42,144,9
U005945,C000506,2026-05-14,3.01,0,61
U005946,C000728,2025-11-22,0.5,123,9
U005947,C000084,2026-04-23,0.13,174,84
U005948,C000755,2026-03-31,2.39,239,73
U005949,C000117,2026-02-18,0.27,130,2
U005950,C000145,2026-02-05,2.0,31,52
U005951,C000762,2026-07-30,3.79,280,26
U005952,C000521,2026-07-02,4.34,231,16
U005953,C000217,2026-04-08,4.39,104,74
U005954,C000324,2025-10-23,2.75,248,27
U005955,C000644,2025-10-14,4.76,170,23
U005956,C000590,2026-09-03,0.9,122,95
U005957,C000389,2025-11-17,0.85,253,48
U005958,C000876,2026-09-15,2.39,130,46
U005959,C000807,2026-05-15,1.72,189,13
U005960,C000375,2025-11-06,2.0,182,29
U005961,C000074,2025-10-24,3.82,158,14
U005962,C000519,2026-03-22,1.17,38,56
U005963,C000680,2026-04-25,3.24,283,86
U005964,C000973,2026-09-01,1.05,75,48
U005965,C000759,2026-01-23,2.46,211,64
U005966,C000812,2025-12-24,3.49,1,15
U005967,C000398,2026-01-10,2.2,144,78
U005968,C000261,2026-09-07,3.62,269,97
U005969,C000080,2026-06-01,1.57,121,83
U005970,C000832,2026-01-11,1.45,286,40
U005971,C000240,2025-11-24,3.3,127,61
U005972,C000676,2025-10-05,1.09,82,64
U005973,C000153,2025-11-24,1.11,118,85
U005974,C000934,2026-05-24,4.74,98,31
U005975,C000279,2026-07-18,2.87,125,1
U005976,C000315,2025-11-19,1.05,104,49
U005977,C000291,2026-04-13,2.53,103,2
U005978,C000638,2025-11-23,0.75,93,50
U005979,C000714,2026-08-09,1.71,62,53
U005980,C000758,2026-09-17,3.56,243,18
U005981,C000579,2026-05-19,1.4,262,61
U005982,C000252,2026-04-10,0.19,9,19
U005983,C000093,2026-03-09,3.49,52,94
U005984,C000413,2026-05-07,2.0,80,43
U005985,C000226,2026-04-18,0.37,112,70
U005986,C000111,2026-03-13,1.45,115,11
U005987,C000926,2026-09-15,3.22,92,83
U005988,C000137,2026-01-06,4.11,187,17
U005989,C000609,2026-05-25,0.16,253,94
U005990,C000254,2026-01-31,2.33,291,75
U005991,C000209,2026-07-12,3.16,40,34
U005992,C000256,2025-10-05,3.01,126,37
U005993,C000364,2026-03-04,2.03,222,27
U005994,C000574,2026-07-09,3.35,266,9
U005995,C000075,2026-02-08,2.74,136,50
U005996,C000030,2026-03-15,4.42,74,54
U005997,C000022,2026-05-08,1.8,143,90
U005998,C000643,2026-01-29,0.43,6,4
U005999,C000798,2026-09-06,0.87,250,67
U006000,C000620,2026-02-21,3.35,138,38
U006001,C000651,2025-10-18,4.64,288,43
U006002,C000759,2026-02-23,3.67,215,39
U006003,C000837,2026-06-19,3.26,259,46
U006004,C000094,2026-02-25,3.3,217,5
U006005,C000006,2026-04-18,2.8,135,71
U006006,C000302,2025-11-05,3.62,246,59
U006007,C000788,2026-08-22,0.79,27,63
U006008,C000980,2026-06-09,0.17,20,6
U006009,C000707,2026-06-14,3.55,69,99
U006010,C000955,2025-11-20,4.74,249,50
U006011,C000555,2025-12-09,1.88,53,1
U006012,C000814,2026-08-22,2.09,200,42
U006013,C000805,2026-03-24,3.52,41,4
U006014,C000292,2026-05-31,2.25,286,74
U006015,C000839,2026-06-02,2.64,262,62
U006016,C000208,2026-08-30,4.26,78,61
U006017,C000687,2026-01-05,2.33,31,40
U006018,C000620,2025-10-19,0.59,133,85
U006019,C000198,2026-09-02,4.33,296,22
U006020,C000685,2026-08-31,2.11,85,50
U006021,C000130,2026-01-26,2.13,165,5
U006022,C000638,2026-05-30,2.76,248,53
U006023,C000699,2026-02-26,0.28,81,69
U006024,C000847,2026-02-11,4.85,64,16
U006025,C000520,2026-06-19,2.6,279,53
U006026,C000861,2026-09-22,3.58,164,36
U006027,C000064,2025-12-03,0.99,77,90
U006028,C000387,2026-04-17,1.63,54,80
U006029,C000862,2026-09-08,2.89,246,72
U006030,C000703,2026-02-21,1.8,223,20
U006031,C000701,2026-04-29,1.27,279,28
U006032,C000282,2026-08-23,3.98,156,61
U006033,C000582,2025-11-07,0.14,83,96
U006034,C000654,2026-01-24,3.87,211,51
U006035,C000617,2025-12-09,2.1,292,75
U006036,C000587,2025-11-24,1.61,145,36
U006037,C000719,2025-09-28,1.07,116,61
U006038,C000084,2026-07-27,1.07,164,80
U006039,C000828,2025-09-29,1.0,60,91
U006040,C000926,2026-05-07,1.92,275,55
U006041,C000751,2026-07-09,0.97,246,21
U006042,C000270,2025-09-23,2.56,209,28
U006043,C000322,2026-03-23,3.87,213,72
U006044,C000007,2026-03-20,4.23,59,77
U006045,C000112,2025-12-29,1.13,156,36
U006046,C000078,2026-07-22,3.13,2,49
U006047,C000606,2026-08-06,2.79,13,73
U006048,C000739,2026-07-31,1.16,220,5
U006049,C000149,2025-12-28,1.75,178,34
U006050,C000376,2026-07-30,2.77,282,65
U006051,C000006,2026-09-16,1.25,240,3
U006052,C000476,2025-10-20,4.84,243,33
U006053,C000107,2025-11-09,0.54,261,81
U006054,C000432,2025-11-08,2.01,298,92
U006055,C000781,2025-11-05,0.75,123,4
U006056,C000067,2026-06-23,4.88,70,13
U006057,C000920,2026-02-04,1.57,88,97
U006058,C000359,2026-08-07,3.91,206,13
U006059,C000413,2026-07-07,1.0,45,92
U006060,C000620,2025-12-07,0.69,296,47
U006061,C000947,2026-05-13,1.31,16,26
U006062,C000341,2026-05-12,2.57,278,85
U006063,C000858,2026-08-27,2.2,250,98
U006064,C000135,2025-11-03,2.05,134,87
U006065,C000911,2026-01-04,2.14,210,98
U006066,C000863,2026-02-14,1.35,56,100
U006067,C000963,2026-09-20,0.28,34,88
U006068,C000790,2026-09-11,1.43,72,73
U006069,C000491,2026-04-17,1.64,70,61
U006070,C000309,2025-11-14,4.81,9,7
U006071,C000862,2026-08-28,1.22,123,5
U006072,C000765,2025-12-25,2.5,82,1
U006073,C000241,2026-06-12,1.39,54,38
U006074,C000298,2026-04-02,0.99,107,3
U006075,C000072,2026-04-17,3.91,86,16
U006076,C000442,2026-01-05,4.59,166,40
U006077,C000277,2026-02-13,3.43,70,18
U006078,C000188,2026-05-03,4.38,58,80
U006079,C000558,2025-11-13,2.27,222,66
U006080,C000898,2026-03-22,3.88,131,0
U006081,C000034,2026-02-24,0.8,168,27
U006082,C000679,2026-04-07,2.2,43,3
U006083,C000433,2025-11-03,1.91,175,55
U006084,C000973,2026-07-10,3.31,22,87
U006085,C000274,2026-06-18,0.31,269,77
U006086,C000531,2025-12-24,3.5,300,94
U006087,C000077,2025-09-28,4.93,263,46
U006088,C000546,2026-05-09,4.83,177,24
U006089,C000712,2026-09-04,4.71,83,91
U006090,C000719,2025-12-03,1.97,113,88
U006091,C000029,2026-07-24,1.49,92,69
U006092,C000494,2025-09-23,4.93,295,53
U006093,C000546,2025-10-03,3.25,282,50
U006094,C000143,2026-07-21,2.87,132,10
U006095,C000795,2026-06-28,2.89,139,5
U006096,C000994,2026-04-14,4.08,202,87
U006097,C000060,2026-04-07,0.8,222,83
U006098,C000041,2026-04-08,3.78,198,13
U006099,C000296,2026-07-03,4.91,214,14
U006100,C000063,2026-08-23,4.66,2,100
U006101,C000836,2026-04-20,3.14,217,26
U006102,C000309,2026-09-15,2.22,223,92
U006103,C000128,2026-02-20,1.56,231,42
U006104,C000172,2025-11-12,0.31,172,37
U006105,C000225,2026-01-11,2.66,55,99
U006106,C000121,2026-03-20,4.79,217,86
U006107,C000204,2026-06-01,0.54,247,86
U006108,C000899,2026-07-26,0.95,22,97
U006109,C000038,2026-04-04,4.85,279,84
U006110,C000796,2026-05-31,4.03,125,9
U006111,C000532,2026-01-03,2.56,46,37
U006112,C000490,2026-06-09,3.1,76,74
U006113,C000264,2025-11-27,2.79,147,31
U006114,C000942,2026-02-24,1.0,231,2
U006115,C000766,2026-02-13,1.56,170,85
U006116,C000620,2026-04-01,1.23,218,33
U006117,C000383,2026-09-17,0.24,202,63
U006118,C000922,2026-07-29,3.36,287,95
U006119,C000624,2026-05-24,4.5,191,50
U006120,C000204,2026-08-30,3.52,54,77
U006121,C000246,2026-06-30,2.33,235,64
U006122,C000143,2026-05-20,0.63,89,9
U006123,C000779,2026-08-09,4.43,236,81
U006124,C000807,2026-05-05,1.88,240,97
U006125,C000338,2026-03-20,0.84,282,89
U006126,C000938,2026-08-16,1.91,197,17
U006127,C000976,2026-09-04,3.48,35,18
U006128,C000327,2025-10-31,1.52,51,20
U006129,C000496,2025-12-28,0.65,173,3
U006130,C000359,2026-07-03,3.87,161,66
U006131,C000565,2026-08-06,2.64,44,8
U006132,C000219,2025-10-01,3.53,124,17
U006133,C000376,2026-08-26,4.53,155,62
U006134,C000033,2025-12-23,2.13,250,49
U006135,C000375,2026-07-25,4.66,198,61
U006136,C000924,2026-02-24,4.94,131,64
U006137,C000909,2026-01-12,2.55,63,4
U006138,C000067,2026-09-08,3.0,124,94
U006139,C000088,2026-01-26,2.44,3,47
U006140,C000487,2026-09-03,2.45,67,52
U006141,C000267,2026-07-31,0.51,118,82
U006142,C000261,2025-11-28,3.6,58,60
U006143,C000250,2026-05-12,0.28,259,7
U006144,C000032,2026-05-03,4.51,77,53
U006145,C000695,2026-04-18,2.76,252,8
U006146,C000649,2026-05-19,4.35,170,37
U006147,C000196,2026-05-20,3.58,84,81
U006148,C000384,2026-01-06,4.37,63,62
U006149,C000497,2026-07-21,1.48,80,26
U006150,C000399,2026-08-08,0.48,223,61
U006151,C000641,2026-01-05,3.22,295,1
U006152,C000227,2025-10-24,1.67,181,52
U006153,C000249,2026-08-24,2.87,76,27
U006154,C000325,2026-08-18,0.99,122,14
U006155,C000046,2025-12-19,2.41,271,22
U006156,C000446,2026-04-14,3.02,220,85
U006157,C000621,2026-08-24,2.04,67,20
U006158,C000577,2026-02-27,4.42,115,95
U006159,C000254,2026-06-03,2.46,36,83
U006160,C000919,2026-02-07,3.44,187,58
U006161,C000480,2026-02-28,4.14,123,55
U006162,C000768,2026-03-01,3.64,186,39
U006163,C000908,2025-12-27,4.62,289,89
U006164,C000665,2026-04-08,4.46,132,54
U006165,C000394,2025-11-25,3.63,259,33
U006166,C000567,2026-05-30,0.71,170,32
U006167,C000174,2026-09-21,1.61,254,55
U006168,C000617,2025-10-21,4.39,273,58
U006169,C000674,2026-03-13,0.18,126,2
U006170,C000509,2026-04-28,3.95,124,2
U006171,C000779,2026-03-13,4.82,225,42
U006172,C000605,2026-07-18,1.39,286,24
U006173,C000950,2026-01-10,2.75,55,66
U006174,C000391,2026-02-01,1.64,66,79
U006175,C000207,2026-03-25,2.01,44,61
U006176,C000199,2025-12-10,4.75,24,53
U006177,C000198,2025-11-20,3.94,69,48
U006178,C000236,2026-01-31,4.27,274,16
U006179,C000194,2026-09-07,4.57,39,46
U006180,C000154,2026-02-14,2.35,232,67
U006181,C000368,2026-06-12,0.21,243,52
U006182,C000287,2025-09-28,3.07,84,61
U006183,C000063,2026-08-11,1.37,230,73
U006184,C000125,2026-03-03,4.68,271,12
U006185,C000952,2026-01-29,4.63,300,86
U006186,C000031,2026-06-10,0.99,58,95
U006187,C000633,2025-11-21,3.83,142,76
U006188,C000887,2025-11-09,3.44,50,87
U006189,C001000,2026-08-29,2.35,100,3
U006190,C000906,2026-01-09,0.38,246,56
U006191,C000270,2026-05-01,2.87,250,81
U006192,C000306,2025-12-03,0.87,10,73
U006193,C000491,2026-03-07,1.32,48,90
U006194,C000569,2026-06-22,0.1,87,7
U006195,C000832,2026-08-03,4.34,281,17
U006196,C000900,2026-08-24,3.98,163,36
U006197,C000546,2025-12-20,0.21,28,56
U006198,C000434,2025-10-13,4.45,161,28
U006199,C000864,2026-08-29,4.43,139,86
U006200,C000213,2026-01-04,1.95,70,91
U006201,C000237,2026-08-09,0.89,101,59
U006202,C000314,2026-07-07,1.96,166,27
U006203,C000411,2025-12-06,0.99,161,30
U006204,C000828,2025-10-26,2.78,219,76
U006205,C000226,2026-05-27,4.88,277,78
U006206,C000308,2025-10-21,3.6,258,78
U006207,C000813,2026-06-23,0.15,221,34
U006208,C000194,2026-01-19,0.77,214,11
U006209,C000756,2026-08-09,2.42,282,98
U006210,C000045,2026-08-14,1.7,156,31
U006211,C000971,2026-01-26,2.17,275,33
U006212,C000200,2025-10-18,0.2,2,36
U006213,C000751,2026-04-15,4.92,189,84
U006214,C000110,2026-05-07,4.69,78,94
U006215,C000786,2026-07-31,3.67,155,71
U006216,C000701,2026-06-07,2.39,290,70
U006217,C000305,2025-11-21,2.2,105,98
U006218,C000057,2026-04-22,2.67,56,62
U006219,C000090,2026-02-12,1.28,134,20
U006220,C000821,2026-06-26,2.15,23,1
U006221,C000948,2026-06-15,2.59,57,32
U006222,C000056,2025-11-15,2.49,287,43
U006223,C000023,2025-11-27,1.15,19,94
U006224,C000158,2025-09-25,4.74,236,7
U006225,C000874,2026-08-22,1.64,158,76
U006226,C000566,2026-08-10,0.95,225,12
U006227,C000879,2025-09-26,3.09,249,86
U006228,C000057,2026-01-06,0.75,89,77
U006229,C000258,2026-01-19,0.77,150,18
U006230,C000867,2026-02-15,4.71,102,38
U006231,C000059,2026-05-03,3.27,228,55
U006232,C000169,2026-09-18,2.0,257,60
U006233,C000511,2026-02-27,1.38,276,4
U006234,C000013,2025-10-14,3.11,110,52
U006235,C000156,2025-11-02,3.95,45,6
U006236,C000165,2026-02-12,2.1,81,18
U006237,C000151,2026-04-02,2.51,260,43
U006238,C000078,2025-12-25,4.17,180,33
U006239,C000726,2026-02-10,0.16,272,27
U006240,C000221,2026-02-10,3.7,67,15
U006241,C000479,2026-05-27,4.87,175,93
U006242,C000641,2026-06-30,3.49,78,91
U006243,C000485,2026-05-17,0.58,283,0
U006244,C000580,2026-04-26,3.35,136,74
U006245,C000900,2026-08-21,3.17,46,82
U006246,C000009,2026-07-20,1.34,69,56
U006247,C000590,2026-06-14,0.17,123,97
U006248,C000616,2026-07-07,1.41,296,90
U006249,C000988,2025-10-07,0.12,205,35
U006250,C000154,2026-06-12,3.98,281,78
U006251,C000289,2025-10-19,4.97,167,19
U006252,C000297,2026-07-04,3.03,293,52
U006253,C000829,2025-10-04,1.15,84,69
U006254,C000530,2025-12-02,2.93,147,12
U006255,C000375,2026-02-06,2.83,204,98
U006256,C000428,2026-06-13,5.0,118,99
U006257,C000834,2026-08-27,0.69,96,65
U006258,C000149,2026-05-05,2.38,69,43
U006259,C000632,2026-06-19,4.67,247,91
U006260,C000372,2026-05-01,3.1,118,89
U006261,C000536,2026-03-14,2.1,104,62
U006262,C000284,2026-09-09,1.7,2,64
U006263,C000389,2026-01-15,3.16,231,34
U006264,C000325,2025-12-26,1.78,264,19
U006265,C000508,2026-02-14,3.34,282,90
U006266,C000585,2025-12-06,0.19,4,0
U006267,C000241,2026-01-29,2.07,285,17
U006268,C000174,2026-05-09,0.97,259,80
U006269,C000009,2026-04-24,0.41,48,36
U006270,C000484,2026-02-21,0.99,111,74
U006271,C000540,2026-01-28,3.57,194,56
U006272,C000742,2026-07-28,3.9,286,2
U006273,C000220,2026-05-25,2.7,156,34
U006274,C000615,2026-05-01,3.42,213,92
U006275,C000628,2025-10-26,2.97,104,7
U006276,C000522,2026-03-03,0.85,193,90
U006277,C000251,2026-03-06,2.56,272,2
U006278,C000604,2026-08-03,4.6,247,13
U006279,C000671,2026-06-29,3.91,173,93
U006280,C000083,2026-07-27,2.93,174,99
U006281,C000017,2025-10-06,3.19,98,24
U006282,C000499,2026-07-19,2.43,238,74
U006283,C000586,2026-01-04,3.55,49,33
U006284,C000508,2026-07-04,0.8,182,87
U006285,C000596,2026-03-05,3.9,31,89
U006286,C000226,2025-11-11,2.78,294,40
U006287,C000694,2026-01-31,2.06,19,37
U006288,C000959,2025-12-12,2.99,100,37
U006289,C000424,2026-06-18,2.51,63,34
U006290,C000701,2025-10-24,4.44,208,5
U006291,C000860,2026-02-11,1.37,46,4
U006292,C000218,2026-02-05,4.73,100,98
U006293,C000554,2025-12-27,3.94,82,16
U006294,C000460,2026-03-16,0.18,290,56
U006295,C000184,2026-06-15,1.53,285,28
U006296,C000530,2026-01-15,3.39,199,72
U006297,C000641,2026-04-19,4.29,214,60
U006298,C000933,2026-01-25,2.87,76,72
U006299,C000885,2026-04-05,3.57,68,27
U006300,C000308,2026-08-18,4.66,284,86
U006301,C000439,2025-10-04,4.45,147,73
U006302,C000922,2026-04-23,2.89,166,66
U006303,C000224,2026-05-28,3.13,243,2
U006304,C000714,2026-01-28,0.32,225,75
U006305,C000073,2025-11-15,3.47,95,28
U006306,C000073,2026-06-07,1.58,51,26
U006307,C000563,2026-05-07,0.62,282,32
U006308,C000383,2025-11-15,2.97,294,67
U006309,C000258,2025-12-24,0.67,157,62
U006310,C000848,2025-12-04,1.22,75,69
U006311,C000970,2026-09-19,1.02,208,20
U006312,C000989,2025-11-10,1.19,293,14
U006313,C000758,2026-02-19,0.51,34,64
U006314,C000180,2025-10-19,1.68,161,37
U006315,C000938,2026-08-23,0.13,187,66
U006316,C000057,2026-02-19,4.38,262,45
U006317,C000036,2025-10-19,0.92,160,45
U006318,C000096,2026-08-12,1.17,107,14
U006319,C000745,2026-03-05,2.25,39,69
U006320,C000485,2026-01-24,3.69,257,75
U006321,C000853,2025-10-21,0.61,101,39
U006322,C000984,2025-12-01,3.81,186,92
U006323,C000088,2026-04-25,2.85,67,67
U006324,C000514,2025-09-26,1.81,225,47
U006325,C000559,2026-05-23,2.73,177,22
U006326,C000142,2026-09-04,1.58,190,15
U006327,C000562,2025-12-16,0.73,151,25
U006328,C000233,2026-05-13,1.84,201,99
U006329,C000528,2025-10-12,0.49,126,5
U006330,C000770,2026-05-19,2.04,72,63
U006331,C000905,2026-06-18,3.56,264,49
U006332,C000439,2026-03-20,1.14,16,15
U006333,C000005,2025-11-25,2.79,102,67
U006334,C000438,2026-06-29,1.6,154,73
U006335,C000436,2026-08-08,1.31,88,64
U006336,C000917,2026-09-11,3.77,165,71
U006337,C000838,2026-02-03,3.03,164,1
U006338,C000471,2026-08-25,3.72,191,46
U006339,C000785,2026-08-19,2.58,142,83
U006340,C000383,2026-02-10,2.59,0,28
U006341,C000706,2026-06-01,1.52,181,45
U006342,C000609,2026-09-08,1.3,17,5
U006343,C000751,2025-10-14,2.32,241,28
U006344,C000584,2026-06-07,3.05,288,8
U006345,C000534,2026-01-17,0.67,172,76
U006346,C000309,2025-12-25,3.59,216,82
U006347,C000538,2025-11-27,1.09,85,88
U006348,C000540,2026-03-06,2.37,270,98
U006349,C000158,2026-05-23,0.76,19,73
U006350,C000945,2025-10-22,0.57,82,51
U006351,C000948,2026-08-13,4.73,293,85
U006352,C000720,2026-03-29,4.1,65,98
U006353,C000542,2025-11-25,3.8,79,81
U006354,C000077,2026-04-10,3.7,63,87
U006355,C000072,2025-12-24,2.39,166,72
U006356,C000033,2025-09-27,4.35,93,84
U006357,C000755,2026-05-04,0.61,54,94
U006358,C000092,2025-11-21,2.04,209,97
U006359,C000416,2026-06-25,0.71,238,26
U006360,C000870,2025-12-02,3.77,208,89
U006361,C000868,2026-07-09,3.87,264,96
U006362,C000962,2025-10-03,4.0,183,7
U006363,C000859,2026-06-02,4.86,289,55
U006364,C000262,2026-05-15,0.35,32,62
U006365,C000597,2026-08-25,3.57,31,66
U006366,C000884,2026-01-13,0.13,78,17
U006367,C000389,2026-08-06,1.95,126,6
U006368,C000338,2026-02-11,2.71,115,78
U006369,C000905,2025-09-30,3.22,6,21
U006370,C000316,2026-04-20,0.32,192,20
U006371,C000980,2026-09-03,3.3,5,8
U006372,C000813,2025-09-26,2.7,140,36
U006373,C000715,2026-01-08,3.0,146,76
U006374,C000789,2026-07-02,1.47,268,57
U006375,C000318,2026-07-15,0.83,35,30
U006376,C000835,2026-02-14,2.51,142,18
U006377,C000233,2026-07-21,0.25,127,26
U006378,C000732,2026-09-12,4.3,275,24
U006379,C000808,2026-07-08,2.98,202,47
U006380,C000857,2026-06-20,3.52,106,91
U006381,C000479,2026-05-23,0.97,246,7
U006382,C000791,2026-01-05,2.31,285,49
U006383,C000065,2026-03-12,4.47,88,66
U006384,C000710,2025-10-24,0.3,295,34
U006385,C000180,2026-02-28,2.36,47,53
U006386,C000753,2026-08-19,0.34,100,91
U006387,C000366,2026-06-18,1.21,79,89
U006388,C000884,2025-12-29,2.26,245,31
U006389,C000492,2026-08-12,0.39,118,33
U006390,C000556,2026-04-03,4.09,83,82
U006391,C000696,2026-03-25,0.51,28,97
U006392,C000608,2026-04-03,3.62,62,21
U006393,C000385,2026-09-04,4.26,265,21
U006394,C000765,2026-08-09,1.73,120,87
U006395,C000611,2026-09-13,4.65,108,0
U006396,C000291,2025-11-06,4.49,285,30
U006397,C000508,2025-11-22,1.32,243,88
U006398,C000771,2026-04-07,3.83,195,47
U006399,C000856,2026-03-17,2.43,147,67
U006400,C000071,2026-04-18,2.63,182,95
U006401,C000002,2026-07-20,1.2,290,1
U006402,C000631,2025-10-06,3.39,72,95
U006403,C000104,2026-03-28,1.66,62,97
U006404,C000928,2026-08-25,4.67,179,55
U006405,C000936,2025-11-13,3.77,5,46
U006406,C000533,2026-02-15,2.86,79,83
U006407,C000818,2026-07-23,2.1,219,30
U006408,C000301,2026-08-04,2.15,61,37
U006409,C000349,2026-01-21,3.75,21,4
U006410,C000278,2026-08-22,2.53,40,8
U006411,C000297,2026-09-19,4.38,224,60
U006412,C000117,2026-09-03,3.42,235,56
U006413,C000179,2026-09-01,4.7,120,45
U006414,C000946,2025-12-30,2.88,69,22
U006415,C000605,2026-04-25,4.82,209,8
U006416,C000741,2025-10-10,3.9,199,38
U006417,C000454,2026-02-28,0.89,240,24
U006418,C000445,2025-12-12,4.55,82,66
U006419,C000589,2026-09-10,2.6,0,35
U006420,C000082,2026-09-21,3.28,80,41
U006421,C000695,2026-04-01,5.0,77,98
U006422,C000730,2026-01-05,0.17,247,97
U006423,C000517,2025-12-19,3.62,296,24
U006424,C000724,2026-09-09,3.26,114,78
U006425,C000662,2026-09-04,3.4,296,58
U006426,C000175,2026-08-03,1.98,243,25
U006427,C000170,2026-05-07,0.27,144,85
U006428,C000891,2026-01-03,2.75,106,48
U006429,C000015,2026-04-13,0.92,43,41
U006430,C000463,2025-10-17,2.94,257,22
U006431,C000525,2026-05-26,4.06,127,67
U006432,C000319,2026-03-12,2.86,78,61
U006433,C000240,2026-06-27,1.47,121,88
U006434,C000836,2025-12-22,4.13,255,95
U006435,C000020,2026-06-21,2.36,126,25
U006436,C000389,2025-10-07,1.91,98,22
U006437,C000466,2026-02-25,1.98,137,66
U006438,C000941,2026-03-12,1.23,177,99
U006439,C000162,2026-09-20,1.63,239,83
U006440,C000173,2026-09-02,4.46,12,44
U006441,C000522,2026-01-19,2.7,127,80
U006442,C000662,2026-03-07,4.7,299,32
U006443,C000818,2026-01-18,4.64,73,49
U006444,C000242,2026-05-29,1.42,229,18
U006445,C000679,2026-04-02,1.43,66,35
U006446,C000861,2026-01-16,4.94,189,73
U006447,C000173,2026-04-30,3.03,142,75
U006448,C000645,2025-10-16,4.18,27,51
U006449,C000007,2026-05-08,2.57,255,86
U006450,C000535,2026-03-31,2.67,207,24
U006451,C000212,2026-01-26,3.0,130,31
U006452,C000531,2026-05-27,4.7,47,87
U006453,C000542,2026-05-14,3.34,168,67
U006454,C000598,2026-01-10,3.62,210,5
U006455,C000332,2026-08-25,2.22,106,47
U006456,C000911,2026-01-19,4.36,203,28
U006457,C000516,2025-11-09,4.08,206,86
U006458,C000943,2026-07-11,1.82,283,79
U006459,C000976,2026-06-23,2.77,153,15
U006460,C000984,2026-08-26,2.84,275,11
U006461,C000606,2025-11-05,0.36,281,93
U006462,C000022,2026-05-16,4.38,51,100
U006463,C000972,2026-09-02,1.44,240,58
U006464,C000067,2026-07-10,2.08,15,26
U006465,C000348,2026-04-17,3.74,250,44
U006466,C000069,2026-07-11,2.64,109,31
U006467,C000689,2025-10-16,2.65,272,72
U006468,C000265,2026-09-02,1.57,170,8
U006469,C000811,2026-07-14,1.02,204,49
U006470,C000723,2026-07-23,4.59,187,66
U006471,C000305,2025-10-04,2.73,133,100
U006472,C000531,2026-07-12,1.85,8,22
U006473,C000157,2025-12-15,1.54,159,50
U006474,C000385,2025-11-07,4.56,214,59
U006475,C000899,2026-08-06,4.52,103,71
U006476,C000107,2026-04-23,0.96,115,41
U006477,C000630,2026-01-11,0.51,169,94
U006478,C000154,2025-10-27,3.21,73,48
U006479,C000643,2025-09-24,0.87,12,72
U006480,C000962,2025-10-01,2.37,235,58
U006481,C000378,2025-10-10,0.81,211,38
U006482,C000421,2025-12-21,4.05,16,2
U006483,C000774,2026-08-16,1.81,8,23
U006484,C000655,2025-10-05,3.7,143,15
U006485,C000296,2026-07-15,1.28,172,77
U006486,C000019,2025-10-13,4.85,96,88
U006487,C000599,2025-12-11,4.99,137,6
U006488,C000290,2025-09-24,2.55,49,92
U006489,C000777,2026-05-06,4.13,149,56
U006490,C000131,2026-06-05,1.37,210,16
U006491,C000801,2026-04-27,1.71,47,54
U006492,C000188,2026-01-13,0.62,238,60
U006493,C000543,2026-07-22,3.7,251,28
U006494,C000053,2025-10-19,0.39,138,64
U006495,C000021,2025-09-30,3.06,37,37
U006496,C000760,2026-02-23,1.88,260,92
U006497,C000765,2026-01-31,2.67,200,72
U006498,C000761,2026-04-25,0.14,122,16
U006499,C000972,2025-10-23,3.03,173,24
U006500,C000180,2026-05-06,2.19,152,48
U006501,C000281,2026-02-20,4.86,208,15
U006502,C000527,2026-03-31,1.63,275,83
U006503,C000531,2026-03-28,4.24,256,87
U006504,C000315,2026-01-02,2.28,13,39
U006505,C000885,2026-07-27,0.67,95,33
U006506,C000477,2026-02-11,0.36,117,40
U006507,C000026,2026-08-25,0.43,2,7
U006508,C000444,2025-11-23,2.4,207,14
U006509,C000240,2025-11-19,4.81,293,40
U006510,C000050,2026-01-08,1.07,260,24
U006511,C000434,2025-11-17,4.08,46,38
U006512,C000553,2025-09-25,0.46,264,93
U006513,C000681,2026-03-21,2.74,64,51
U006514,C000745,2026-09-03,2.34,282,66
U006515,C000006,2026-03-24,1.92,29,27
U006516,C000863,2026-05-03,4.25,157,52
U006517,C000624,2026-04-09,1.5,188,4
U006518,C000883,2026-08-13,0.6,85,76
U006519,C000343,2026-07-24,0.75,287,17
U006520,C000873,2026-03-05,3.0,158,58
U006521,C000557,2026-05-20,2.25,53,91
U006522,C000761,2026-01-23,3.12,242,91
U006523,C000181,2026-01-06,3.49,70,11
U006524,C000661,2026-07-28,0.58,56,93
U006525,C000136,2026-07-20,1.71,133,9
U006526,C000269,2026-02-05,4.0,117,26
U006527,C000977,2025-10-18,1.15,84,7
U006528,C000538,2026-08-26,2.04,73,17
U006529,C000972,2025-12-21,3.91,205,36
U006530,C000470,2026-08-23,1.68,198,71
U006531,C000059,2026-02-11,0.2,89,40
U006532,C000934,2025-11-01,1.95,281,43
U006533,C000683,2026-09-14,3.1,148,63
U006534,C000154,2026-03-30,4.61,184,85
U006535,C000031,2026-06-01,2.53,149,75
U006536,C000015,2026-05-07,3.08,212,94
U006537,C000597,2025-12-11,0.35,133,92
U006538,C000596,2025-10-30,2.75,10,54
U006539,C000269,2026-03-22,3.48,57,21
U006540,C000993,2026-04-09,1.08,180,96
U006541,C000176,2026-04-27,0.16,2,49
U006542,C000142,2026-09-07,2.81,261,6
U006543,C000534,2025-10-02,1.68,119,47
U006544,C000668,2025-11-01,0.14,0,1
U006545,C000456,2026-01-04,3.92,221,40
U006546,C000509,2026-01-11,0.16,192,69
U006547,C000236,2026-05-12,1.3,35,8
U006548,C000711,2025-12-31,1.03,279,83
U006549,C000428,2026-07-17,0.56,227,77
U006550,C000012,2026-03-08,4.79,28,22
U006551,C000422,2025-12-03,1.96,188,61
U006552,C000850,2026-07-17,4.3,52,71
U006553,C000079,2026-03-27,4.22,91,36
U006554,C000131,2025-10-15,2.67,190,68
U006555,C000893,2026-04-19,3.73,53,8
U006556,C000092,2026-04-13,2.91,221,61
U006557,C000374,2026-08-20,0.59,9,59
U006558,C000992,2026-06-01,2.08,116,80
U006559,C000986,2026-08-05,4.46,280,24
U006560,C000813,2025-11-19,2.57,292,58
U006561,C000592,2025-12-04,4.62,131,42
U006562,C000741,2026-01-17,2.74,219,97
U006563,C000724,2025-11-09,0.33,207,73
U006564,C000200,2026-04-22,2.96,216,20
U006565,C000691,2025-11-26,1.82,51,45
U006566,C000477,2026-05-13,0.2,273,10
U006567,C000677,2026-07-02,3.07,8,15
U006568,C000668,2026-02-10,1.88,235,88
U006569,C000213,2026-07-08,1.44,40,89
U006570,C000191,2026-05-27,0.2,219,57
U006571,C000092,2026-07-11,2.79,101,68
U006572,C000452,2026-02-09,4.43,224,98
U006573,C000893,2026-01-13,2.88,76,38
U006574,C000636,2026-04-23,0.5,267,42
U006575,C000949,2026-06-16,4.94,61,20
U006576,C000950,2026-02-03,3.86,264,5
U006577,C000732,2026-02-07,2.02,30,7
U006578,C000102,2026-08-29,3.02,69,73
U006579,C000131,2025-10-17,2.97,158,48
U006580,C000838,2026-04-08,1.32,56,82
U006581,C000768,2026-02-13,0.33,136,86
U006582,C000294,2026-01-17,0.52,294,61
U006583,C000602,2025-10-31,0.77,95,70
U006584,C000891,2026-07-08,3.63,69,0
U006585,C000220,2026-06-03,0.27,18,3
U006586,C000092,2025-11-14,1.85,208,74
U006587,C000024,2026-01-30,0.52,226,52
U006588,C000032,2026-04-03,1.66,18,20
U006589,C000907,2025-10-29,3.0,81,74
U006590,C000081,2025-11-16,0.17,203,97
U006591,C000660,2025-10-26,3.6,12,48
U006592,C000141,2026-07-26,2.21,5,100
U006593,C000397,2025-10-10,3.54,202,70
U006594,C000855,2026-05-05,3.42,42,47
U006595,C000945,2026-09-07,0.19,3,41
U006596,C000455,2026-08-06,0.28,295,53
U006597,C000740,2026-08-22,4.02,239,62
U006598,C000278,2026-04-08,4.92,56,67
U006599,C000634,2026-05-14,2.61,161,4
U006600,C000866,2026-08-27,2.79,273,17
U006601,C000425,2026-03-07,3.9,228,34
U006602,C000059,2026-02-18,1.57,225,57
U006603,C000562,2026-08-18,0.12,100,41
U006604,C000395,2026-04-12,4.35,84,98
U006605,C000424,2026-08-10,2.22,234,64
U006606,C000752,2026-08-13,3.62,190,25
U006607,C000349,2026-09-22,3.37,231,53
U006608,C000286,2026-04-16,3.14,3,6
U006609,C000865,2026-09-22,4.63,28,62
U006610,C000085,2026-03-01,3.07,107,100
U006611,C000893,2025-11-14,1.92,107,43
U006612,C000446,2025-10-23,4.76,168,66
U006613,C000364,2026-07-15,1.48,51,4
U006614,C000826,2025-10-12,1.78,239,11
U006615,C000661,2025-10-15,2.22,75,80
U006616,C000769,2025-12-17,4.13,215,42
U006617,C000946,2026-03-13,2.71,217,88
U006618,C000504,2026-05-24,4.18,46,2
U006619,C000052,2025-12-25,4.61,188,7
U006620,C000844,2026-07-28,0.87,82,44
U006621,C000418,2026-04-03,4.58,287,44
U006622,C000325,2025-12-12,4.55,49,18
U006623,C000345,2026-01-02,1.66,218,77
U006624,C000044,2026-05-16,1.03,211,14
U006625,C000174,2025-11-12,3.67,265,39
U006626,C000187,2025-11-27,3.74,182,38
U006627,C000356,2026-04-13,2.35,14,86
U006628,C000914,2026-08-31,4.83,250,6
U006629,C000577,2025-12-03,1.49,77,65
U006630,C000875,2026-03-06,4.41,183,81
U006631,C000641,2026-09-14,2.25,171,35
U006632,C000375,2026-05-16,2.55,287,74
U006633,C000538,2026-04-14,3.64,43,5
U006634,C000470,2025-12-19,4.22,83,20
U006635,C000662,2025-11-24,2.07,87,67
U006636,C000810,2026-06-14,0.37,205,43
U006637,C000100,2025-10-06,4.89,92,80
U006638,C000125,2026-05-21,4.33,253,99
U006639,C000592,2025-12-26,1.51,2,73
U006640,C000717,2026-01-27,1.62,72,75
U006641,C000396,2025-11-07,3.38,265,18
U006642,C000309,2026-06-05,2.75,111,29
U006643,C000111,2025-11-24,2.2,201,19
U006644,C000968,2025-10-19,3.66,6,71
U006645,C000710,2025-12-23,3.05,133,47
U006646,C000704,2026-04-04,0.99,61,88
U006647,C000265,2026-04-15,0.98,252,74
U006648,C000846,2026-07-28,1.55,145,59
U006649,C000566,2026-07-28,4.13,61,19
U006650,C000889,2025-12-26,3.98,121,40
U006651,C000129,2025-11-22,0.19,5,62
U006652,C000361,2026-07-03,0.74,256,46
U006653,C000688,2026-05-25,1.48,117,26
U006654,C000071,2026-07-28,0.19,127,52
U006655,C000318,2026-02-14,2.15,189,39
U006656,C000157,2026-01-23,3.62,232,11
U006657,C000711,2025-11-28,1.2,18,66
U006658,C000711,2026-04-27,2.79,213,9
U006659,C000837,2026-07-07,2.8,240,96
U006660,C000594,2026-06-20,1.22,95,34
U006661,C000358,2025-12-04,0.73,180,90
U006662,C000299,2026-05-16,4.91,120,61
U006663,C000501,2026-09-19,1.22,235,48
U006664,C000672,2026-02-09,3.36,47,22
U006665,C000193,2026-07-30,2.27,95,76
U006666,C000937,2025-12-02,3.93,255,6
U006667,C000439,2026-01-02,1.28,97,77
U006668,C000980,2026-01-16,1.14,147,79
U006669,C000504,2026-08-27,3.89,248,68
U006670,C000707,2026-03-14,0.11,279,19
U006671,C000991,2026-06-16,4.27,282,12
U006672,C000441,2026-02-06,4.95,226,68
U006673,C000757,2025-11-10,2.03,238,81
U006674,C000593,2026-05-15,4.43,29,31
U006675,C000185,2025-10-17,4.09,133,10
U006676,C000782,2025-11-11,2.73,97,14
U006677,C000433,2026-07-01,1.55,23,50
U006678,C000778,2026-06-11,0.57,9,33
U006679,C000230,2026-03-17,3.11,176,82
U006680,C000565,2025-12-02,3.23,6,63
U006681,C000295,2026-03-22,4.03,29,98
U006682,C000979,2026-02-10,2.67,239,49
U006683,C000797,2025-11-04,3.44,214,97
U006684,C000877,2026-04-21,2.14,257,20
U006685,C000716,2025-10-30,0.66,274,38
U006686,C000198,2025-11-13,4.89,115,63
U006687,C000503,2025-10-16,3.53,40,91
U006688,C000690,2026-08-16,2.59,292,88
U006689,C000099,2025-10-03,2.17,115,22
U006690,C000666,2026-07-21,1.57,243,70
U006691,C000302,2025-12-02,3.84,186,58
U006692,C000082,2026-01-04,3.63,158,90
U006693,C000603,2026-09-04,3.45,77,87
U006694,C000050,2026-06-23,0.3,282,86
U006695,C000531,2025-10-18,4.19,115,77
U006696,C000975,2026-05-21,1.48,14,82
U006697,C000823,2026-03-28,3.91,285,85
U006698,C000957,2026-06-23,3.91,231,40
U006699,C000105,2026-06-25,3.33,205,80
U006700,C000566,2026-06-07,1.74,110,40
U006701,C000267,2026-08-29,2.66,40,70
U006702,C000804,2026-02-26,2.9,100,80
U006703,C000740,2026-08-09,4.83,57,65
U006704,C000648,2026-04-17,4.88,192,40
U006705,C000954,2026-01-26,3.34,211,5
U006706,C000240,2025-11-27,2.61,246,96
U006707,C000885,2026-08-18,1.24,113,30
U006708,C000762,2025-12-05,1.1,27,66
U006709,C000984,2026-08-03,3.59,290,13
U006710,C000904,2026-09-09,0.22,160,41
U006711,C000973,2026-09-15,1.07,37,41
U006712,C000837,2026-07-26,1.15,186,4
U006713,C000945,2025-11-08,4.97,183,66
U006714,C000980,2026-03-01,3.44,142,17
U006715,C000913,2026-03-10,1.46,139,90
U006716,C000058,2026-09-21,3.71,68,78
U006717,C000652,2026-02-10,0.66,131,9
U006718,C000620,2026-05-26,1.27,242,84
U006719,C000623,2026-03-08,0.98,120,93
U006720,C000298,2026-01-31,2.4,104,71
U006721,C000797,2026-04-10,2.38,172,67
U006722,C000960,2025-12-29,0.23,53,79
U006723,C000636,2026-02-04,0.2,284,88
U006724,C000093,2025-10-24,1.59,107,16
U006725,C000805,2025-12-11,1.16,1,31
U006726,C000268,2025-10-16,2.75,59,14
U006727,C000785,2026-01-14,3.54,291,46
U006728,C000315,2025-11-18,1.5,259,63
U006729,C000242,2026-01-29,0.15,116,53
U006730,C000005,2026-05-05,3.42,290,72
U006731,C000096,2026-07-05,2.88,18,23
U006732,C000655,2026-06-02,0.24,293,43
U006733,C000948,2025-09-27,1.77,36,46
U006734,C000709,2026-05-26,3.95,164,85
U006735,C000760,2026-02-17,3.0,41,26
U006736,C000754,2025-11-02,4.21,43,47
U006737,C000610,2026-06-07,2.53,177,81
U006738,C000344,2026-06-26,4.48,140,33
U006739,C000728,2026-03-14,0.22,249,36
U006740,C000286,2026-01-19,0.28,288,71
U006741,C000020,2026-09-15,3.21,215,51
U006742,C000584,2026-03-14,4.83,275,69
U006743,C000429,2026-08-24,4.7,147,69
U006744,C000798,2026-08-31,1.66,287,98
U006745,C000824,2025-12-09,3.68,52,80
U006746,C000129,2026-03-31,3.94,58,45
U006747,C000357,2025-10-06,3.49,207,84
U006748,C000904,2026-06-08,2.86,109,27
U006749,C000708,2025-10-20,0.27,296,46
U006750,C000042,2026-08-12,3.59,206,39
U006751,C000060,2025-10-14,0.49,145,37
U006752,C000377,2026-08-01,2.13,105,65
U006753,C000028,2025-12-03,2.11,229,6
U006754,C000720,2025-11-24,2.39,250,40
U006755,C000001,2026-06-11,1.53,217,34
U006756,C000960,2026-09-02,1.66,282,38
U006757,C000747,2026-09-06,0.99,101,28
U006758,C000725,2026-04-09,2.6,16,41
U006759,C000117,2026-07-09,2.28,65,93
U006760,C000644,2026-08-01,4.16,43,61
U006761,C000205,2026-09-06,3.85,211,100
U006762,C000680,2025-12-02,0.92,260,62
U006763,C000196,2026-09-02,1.47,67,47
U006764,C000477,2025-12-07,2.69,156,52
U006765,C000897,2026-09-22,2.8,99,15
U006766,C000199,2026-07-07,4.2,61,57
U006767,C000626,2026-01-24,4.92,147,59
U006768,C000976,2026-04-20,1.31,101,25
U006769,C000642,2026-02-24,1.13,118,24
U006770,C000324,2026-07-10,3.22,8,4
U006771,C000644,2026-05-21,4.71,214,91
U006772,C000854,2026-05-16,4.86,97,75
U006773,C000761,2026-02-13,3.12,142,39
U006774,C000106,2026-09-22,4.76,251,62
U006775,C000036,2026-04-10,4.27,264,46
U006776,C000311,2026-07-25,2.69,170,42
U006777,C000288,2026-05-21,2.12,30,17
U006778,C000854,2026-03-16,2.67,33,28
U006779,C000712,2025-12-23,4.69,185,69
U006780,C000524,2025-12-29,3.27,52,11
U006781,C000137,2025-12-14,1.84,251,17
U006782,C000215,2026-01-29,1.03,246,63
U006783,C000678,2026-01-15,2.27,101,97
U006784,C000629,2025-11-19,1.74,184,49
U006785,C000501,2026-03-12,1.83,274,45
U006786,C000585,2026-01-22,3.2,1,58
U006787,C000045,2025-09-23,1.42,166,44
U006788,C000755,2025-11-19,1.86,200,40
U006789,C000723,2026-02-09,0.46,283,9
U006790,C000013,2026-07-14,0.62,113,91
U006791,C000130,2026-06-30,3.95,161,49
U006792,C000287,2026-05-06,0.39,4,32
U006793,C000792,2025-10-30,3.84,161,43
U006794,C000442,2026-02-28,1.63,60,86
U006795,C000782,2025-11-07,2.78,89,55
U006796,C000427,2026-05-13,3.86,31,33
U006797,C000949,2025-10-12,4.09,35,0
U006798,C000096,2026-08-26,4.59,39,64
U006799,C000741,2026-04-17,4.03,124,36
U006800,C000740,2026-07-12,2.49,225,19
U006801,C000898,2026-07-29,2.01,176,23
U006802,C000633,2025-11-04,4.08,150,40
U006803,C000320,2025-10-08,2.35,24,18
U006804,C000730,2026-06-30,0.9,291,77
U006805,C000846,2026-03-31,0.58,205,99
U006806,C000950,2026-09-19,1.07,193,0
U006807,C000570,2025-11-14,2.52,22,59
U006808,C000355,2026-07-01,4.04,43,1
U006809,C000731,2026-02-25,2.94,300,38
U006810,C000524,2026-02-13,0.7,59,56
U006811,C000473,2026-06-06,2.81,1,40
U006812,C000127,2025-12-22,3.15,63,26
U006813,C000906,2025-10-29,2.04,229,87
U006814,C000105,2026-06-05,4.98,258,4
U006815,C000660,2026-01-21,3.58,293,58
U006816,C000623,2026-08-22,1.64,116,51
U006817,C000074,2026-07-11,3.08,19,43
U006818,C000863,2026-05-12,4.24,173,1
U006819,C000227,2026-09-20,4.14,146,98
U006820,C000243,2026-03-18,3.07,13,56
U006821,C000299,2026-05-12,0.99,41,77
U006822,C000393,2025-12-25,4.71,106,22
U006823,C000181,2025-11-21,1.87,170,37
U006824,C000251,2026-02-20,1.49,203,23
U006825,C000865,2025-12-26,2.75,160,1
U006826,C000210,2026-04-21,4.56,148,19
U006827,C000887,2026-07-26,2.31,122,33
U006828,C000613,2026-01-31,2.96,288,59
U006829,C000295,2026-02-21,2.33,0,48
U006830,C000401,2025-12-15,2.71,115,58
U006831,C000551,2026-04-02,4.59,233,71
U006832,C000477,2026-03-22,0.24,197,15
U006833,C000845,2025-10-08,3.86,285,15
U006834,C000263,2026-06-26,0.7,250,48
U006835,C000395,2026-01-05,2.99,243,24
U006836,C000902,2026-07-26,2.41,13,75
U006837,C000959,2025-10-18,2.19,40,53
U006838,C000414,2026-04-07,0.95,85,84
U006839,C000696,2026-07-05,0.59,198,70
U006840,C000194,2025-11-27,3.76,211,12
U006841,C000125,2026-05-15,4.98,130,61
U006842,C000948,2025-09-26,3.25,9,68
U006843,C000179,2025-12-09,2.46,161,26
U006844,C000282,2026-09-08,3.57,160,28
U006845,C000924,2026-01-20,0.66,256,67
U006846,C000886,2026-01-08,4.66,58,84
U006847,C000031,2026-03-29,1.43,298,80
U006848,C000758,2025-09-24,2.85,93,24
U006849,C000781,2026-08-13,2.41,192,59
U006850,C000118,2026-07-04,3.58,232,57
U006851,C000211,2026-05-17,4.56,129,59
U006852,C000964,2026-01-24,3.59,283,62
U006853,C000179,2026-09-03,3.13,281,94
U006854,C000618,2025-10-16,1.27,165,92
U006855,C000058,2026-05-24,2.56,174,70
U006856,C000963,2026-09-21,4.09,266,4
U006857,C000255,2026-04-09,0.18,261,21
U006858,C000119,2026-01-06,2.68,96,31
U006859,C000825,2026-03-05,4.48,221,41
U006860,C000436,2025-11-18,1.5,153,6
U006861,C000858,2026-05-12,3.67,118,88
U006862,C000869,2026-07-07,1.0,204,50
U006863,C000764,2025-11-30,3.77,220,0
U006864,C000362,2025-10-27,4.75,286,12
U006865,C000992,2025-09-25,3.74,23,89
U006866,C000601,2026-05-22,3.3,229,57
U006867,C000231,2026-04-21,2.66,105,28
U006868,C000633,2025-10-05,2.37,299,84
U006869,C000215,2025-10-07,4.9,86,87
U006870,C000602,2026-04-06,4.2,260,10
U006871,C000598,2026-03-31,0.24,28,44
U006872,C000054,2026-03-11,2.14,242,19
U006873,C000003,2026-09-01,0.33,104,63
U006874,C000620,2025-11-23,2.11,106,78
U006875,C000839,2026-08-12,4.22,51,12
U006876,C000464,2026-06-30,0.12,169,37
U006877,C000545,2026-03-28,3.55,13,26
U006878,C000611,2026-03-19,4.86,282,27
U006879,C000042,2025-12-11,3.28,101,78
U006880,C000388,2026-05-12,2.08,237,96
U006881,C000523,2026-02-13,1.08,190,96
U006882,C000991,2026-09-05,4.52,173,49
U006883,C000839,2025-10-18,3.74,10,55
U006884,C000023,2026-06-21,1.25,71,59
U006885,C000045,2025-11-08,1.9,240,47
U006886,C000376,2025-10-29,1.9,52,30
U006887,C000783,2026-06-03,1.54,273,38
U006888,C000273,2025-10-22,4.53,69,67
U006889,C000576,2026-03-04,0.81,11,31
U006890,C000984,2025-11-29,4.47,180,99
U006891,C000405,2026-01-24,4.33,12,48
U006892,C000203,2025-12-11,4.14,273,91
U006893,C000656,2025-11-18,4.89,4,53
U006894,C000290,2026-02-13,1.37,19,58
U006895,C000845,2026-01-22,4.73,154,74
U006896,C000914,2026-08-31,4.36,8,22
U006897,C000773,2026-07-20,4.89,16,45
U006898,C000361,2026-01-31,2.32,59,98
U006899,C000969,2026-01-08,0.41,67,44
U006900,C000379,2026-02-03,1.87,160,26
U006901,C000155,2026-01-14,4.29,229,34
U006902,C000180,2026-04-17,2.75,102,24
U006903,C000428,2026-04-11,1.79,41,52
U006904,C000533,2026-03-28,4.56,182,12
U006905,C000818,2026-09-11,4.8,43,35
U006906,C000191,2026-03-04,0.91,63,27
U006907,C000197,2026-03-20,2.42,21,92
U006908,C000727,2026-06-15,4.44,106,64
U006909,C000104,2026-02-03,2.14,58,49
U006910,C000923,2026-09-22,4.96,237,45
U006911,C000010,2026-03-24,4.51,257,13
U006912,C000749,2026-01-04,2.17,4,74
U006913,C000085,2026-01-09,0.15,242,61
U006914,C000222,2025-10-14,4.62,56,94
U006915,C000916,2026-03-05,1.87,211,31
U006916,C000722,2026-05-12,4.98,210,20
U006917,C000041,2026-03-10,2.37,62,12
U006918,C000529,2026-02-16,3.1,183,30
U006919,C000105,2026-09-22,2.89,289,59
U006920,C000058,2026-05-17,1.31,4,49
U006921,C000059,2026-07-26,4.74,30,12
U006922,C000262,2026-05-25,2.78,7,53
U006923,C000676,2026-01-28,0.8,145,52
U006924,C000474,2026-09-11,3.13,280,61
U006925,C000828,2026-06-09,1.99,107,23
U006926,C000259,2026-06-20,0.48,72,41
U006927,C000283,2026-08-14,0.8,57,47
U006928,C000779,2026-08-20,3.92,64,82
U006929,C000439,2025-09-25,3.48,258,72
U006930,C000817,2026-01-24,4.57,289,57
U006931,C000324,2026-04-13,0.42,104,18
U006932,C000309,2026-08-18,0.85,79,92
U006933,C000975,2025-12-15,0.61,125,11
U006934,C000698,2026-05-07,3.06,57,99
U006935,C000075,2026-01-12,3.27,134,72
U006936,C000199,2025-10-23,2.72,103,15
U006937,C000899,2026-05-19,2.5,229,66
U006938,C000388,2026-04-09,2.09,36,3
U006939,C000786,2025-10-28,2.12,217,41
U006940,C000921,2025-11-12,2.11,63,48
U006941,C000257,2026-04-11,0.74,107,95
U006942,C000467,2026-09-16,3.59,257,96
U006943,C000386,2025-09-23,4.96,60,87
U006944,C000800,2026-05-15,0.46,201,46
U006945,C000548,2026-06-30,4.81,233,54
U006946,C000073,2025-10-19,4.51,68,62
U006947,C000513,2026-04-18,0.54,34,71
U006948,C000264,2025-11-22,3.08,289,37
U006949,C000001,2025-12-11,2.37,181,45
U006950,C000405,2026-04-21,4.24,137,52
U006951,C000999,2026-03-11,3.11,185,12
U006952,C000553,2026-08-27,4.69,282,81
U006953,C000620,2026-04-30,1.56,76,49
U006954,C000209,2026-03-15,0.62,172,0
U006955,C000194,2025-12-14,0.68,7,91
U006956,C000386,2025-10-05,1.74,281,56
U006957,C000562,2026-04-30,0.39,270,2
U006958,C000748,2026-02-06,3.42,2,88
U006959,C000865,2025-10-26,4.23,150,16
U006960,C000160,2025-10-01,0.76,218,86
U006961,C000248,2026-08-15,3.49,114,59
U006962,C000271,2026-04-05,1.56,300,33
U006963,C000308,2026-01-05,3.8,132,17
U006964,C000910,2026-03-19,4.86,116,97
U006965,C000976,2025-11-02,1.0,225,48
U006966,C000211,2025-10-23,2.7,22,19
U006967,C000269,2026-05-13,4.08,118,99
U006968,C000915,2025-10-19,0.4,291,72
U006969,C000922,2026-02-12,1.1,103,66
U006970,C000149,2025-11-23,0.39,297,16
U006971,C000695,2026-06-12,0.48,158,18
U006972,C000807,2026-02-23,0.81,297,58
U006973,C000748,2026-05-04,4.83,133,91
U006974,C000314,2026-03-15,4.37,180,62
U006975,C000765,2026-08-01,4.53,49,98
U006976,C000770,2026-04-03,4.43,2,70
U006977,C000237,2025-10-26,1.93,219,79
U006978,C000831,2025-12-11,1.22,282,14
U006979,C000122,2026-02-07,0.1,58,77
U006980,C000418,2026-05-24,1.12,242,46
U006981,C000573,2026-03-14,4.8,135,38
U006982,C000264,2026-09-18,4.01,198,93
U006983,C000927,2026-02-06,4.39,166,30
U006984,C000839,2025-12-08,4.2,42,60
U006985,C000613,2026-08-08,1.33,29,17
U006986,C000251,2026-03-29,1.58,18,100
U006987,C000152,2025-10-15,1.03,202,60
U006988,C000683,2025-10-20,1.28,222,75
U006989,C000911,2026-01-26,1.34,184,28
U006990,C000271,2026-04-17,1.83,241,41
U006991,C000245,2026-04-27,4.56,300,100
U006992,C000020,2025-12-25,3.27,84,27
U006993,C000812,2026-04-30,0.33,121,91
U006994,C000098,2025-11-11,3.35,182,33
U006995,C000362,2026-03-28,2.87,240,95
U006996,C000098,2026-04-08,0.87,89,11
U006997,C000676,2026-02-28,0.36,191,99
U006998,C000578,2025-10-29,3.5,125,9
U006999,C000121,2025-09-23,0.93,156,85
U007000,C000699,2026-05-05,4.33,133,42
U007001,C000118,2026-06-18,4.54,124,25
U007002,C000319,2026-06-20,2.31,87,1
U007003,C000995,2026-07-23,1.89,254,6
U007004,C000390,2026-05-19,1.67,293,84
U007005,C000070,2025-11-09,2.12,54,39
U007006,C000321,2026-02-27,2.5,176,97
U007007,C000587,2026-08-23,3.58,121,45
U007008,C000721,2026-07-31,1.05,153,38
U007009,C000827,2026-08-27,0.79,40,62
U007010,C000023,2026-01-07,2.5,158,77
U007011,C000286,2026-07-20,0.6,143,100
U007012,C000209,2026-01-26,4.87,222,10
U007013,C000693,2025-11-14,0.65,71,83
U007014,C000046,2026-04-15,1.87,70,89
U007015,C000982,2026-08-01,4.32,234,84
U007016,C000670,2026-09-11,2.27,186,86
U007017,C000943,2026-04-03,3.31,207,36
U007018,C000832,2026-04-05,4.35,222,21
U007019,C000695,2025-10-14,4.19,252,43
U007020,C000999,2026-09-19,2.44,158,7
U007021,C000606,2026-05-04,4.64,287,44
U007022,C000495,2026-06-22,4.61,77,73
U007023,C000257,2025-11-04,4.31,299,0
U007024,C000484,2025-12-18,3.59,4,12
U007025,C000664,2025-12-20,3.31,2,41
U007026,C000192,2025-10-02,1.89,141,64
U007027,C000926,2026-08-17,1.95,250,89
U007028,C000804,2026-05-26,2.64,290,47
U007029,C000107,2026-04-05,3.1,145,11
U007030,C000422,2026-03-10,2.71,115,11
U007031,C000360,2026-05-08,1.61,190,88
U007032,C000663,2026-08-31,2.62,236,27
U007033,C000944,2026-08-04,0.89,64,89
U007034,C000929,2026-05-10,4.61,219,35
U007035,C000172,2025-09-25,4.46,88,15
U007036,C000653,2026-08-24,3.83,291,62
U007037,C000494,2025-11-27,4.19,63,71
U007038,C000459,2026-06-02,4.53,59,23
U007039,C000665,2025-10-30,1.47,90,74
U007040,C000906,2026-08-13,2.06,30,97
U007041,C000172,2025-12-11,1.48,205,6
U007042,C000752,2026-07-04,2.2,282,34
U007043,C000896,2025-12-20,3.53,273,69
U007044,C000190,2026-06-13,0.18,140,40
U007045,C000812,2026-02-21,1.76,265,80
U007046,C000103,2026-08-30,3.12,216,9
U007047,C000825,2026-04-06,3.34,273,95
U007048,C000148,2025-12-23,2.6,105,48
U007049,C000348,2025-11-30,4.63,76,13
U007050,C000089,2026-05-22,0.7,73,39
U007051,C000358,2025-10-27,1.47,160,19
U007052,C000128,2026-09-20,0.25,158,4
U007053,C000615,2025-10-25,1.44,50,79
U007054,C000358,2026-09-18,1.42,108,53
U007055,C000447,2025-10-13,1.82,22,21
U007056,C000811,2026-02-28,2.58,26,67
U007057,C000511,2025-10-13,1.59,242,0
U007058,C000020,2026-02-25,0.56,294,6
U007059,C000847,2025-12-10,0.86,151,60
U007060,C000005,2026-01-12,1.64,22,29
U007061,C000235,2026-08-11,3.22,181,53
U007062,C000729,2026-08-27,1.59,222,34
U007063,C000039,2025-09-30,4.27,246,84
U007064,C000283,2026-02-06,4.75,50,78
U007065,C000219,2026-04-10,4.11,277,78
U007066,C000971,2026-07-24,3.27,99,94
U007067,C000276,2026-02-24,4.54,153,99
U007068,C000597,2026-06-02,1.69,20,74
U007069,C000556,2026-04-10,3.98,19,4
U007070,C000614,2026-07-06,1.13,102,87
U007071,C000615,2026-06-15,4.0,58,26
U007072,C000302,2025-12-27,2.62,149,69
U007073,C000634,2026-04-22,0.79,83,69
U007074,C000386,2025-10-31,2.62,168,22
U007075,C000782,2025-11-21,4.3,254,63
U007076,C000500,2026-03-28,3.32,129,82
U007077,C001000,2026-07-02,0.48,203,90
U007078,C000037,2026-08-16,4.82,231,51
U007079,C000611,2025-10-15,2.03,29,6
U007080,C000103,2026-01-13,0.29,288,65
U007081,C000183,2026-03-13,4.42,62,69
U007082,C000584,2026-07-18,1.59,229,56
U007083,C000702,2025-11-21,0.72,48,83
U007084,C000834,2025-12-23,3.12,120,43
U007085,C000357,2026-06-28,0.9,211,34
U007086,C000806,2026-04-02,0.56,202,15
U007087,C001000,2025-10-27,1.85,241,12
U007088,C000824,2025-11-13,0.21,241,69
U007089,C000822,2026-06-28,4.24,155,37
U007090,C000910,2026-03-31,1.05,76,78
U007091,C000471,2026-02-27,3.25,222,7
U007092,C000531,2026-05-25,4.82,59,28
U007093,C000854,2026-02-17,0.47,284,84
U007094,C000559,2026-05-12,2.0,263,0
U007095,C000742,2025-12-20,2.9,10,62
U007096,C000694,2026-03-27,1.65,268,14
U007097,C000116,2026-03-30,1.8,291,38
U007098,C000797,2025-10-19,3.38,171,93
U007099,C000093,2026-07-31,4.95,210,65
U007100,C000337,2026-08-31,2.07,77,85
U007101,C000180,2026-06-03,3.86,89,16
U007102,C000700,2026-05-15,4.48,80,46
U007103,C000433,2026-02-28,4.75,101,9
U007104,C000771,2026-01-27,2.59,157,28
U007105,C000261,2026-05-19,4.89,249,54
U007106,C000941,2026-03-02,0.33,229,23
U007107,C000427,2026-07-15,1.33,177,63
U007108,C000703,2026-09-13,1.57,227,75
U007109,C000794,2025-12-01,3.08,2,19
U007110,C000972,2026-05-11,3.42,294,60
U007111,C000134,2026-05-02,4.12,123,46
U007112,C000836,2026-09-10,3.61,165,47
U007113,C000384,2026-02-06,1.57,121,17
U007114,C000419,2025-12-15,4.69,131,86
U007115,C000775,2025-11-12,0.65,176,33
U007116,C000448,2026-08-28,0.96,80,8
U007117,C000005,2026-07-28,4.8,199,19
U007118,C000638,2026-02-17,3.09,79,21
U007119,C000013,2026-04-26,1.76,66,11
U007120,C000509,2026-03-13,1.66,226,44
U007121,C000027,2025-10-19,0.36,44,38
U007122,C000128,2025-11-27,2.3,125,53
U007123,C000753,2026-07-20,3.37,197,61
U007124,C000403,2025-09-30,1.85,67,96
U007125,C000112,2026-08-28,4.06,29,80
U007126,C000518,2025-11-04,0.12,114,62
U007127,C000875,2025-10-04,1.78,115,66
U007128,C000610,2025-12-31,1.43,165,33
U007129,C000287,2026-05-27,3.56,130,67
U007130,C000425,2026-06-21,3.32,96,38
U007131,C000565,2026-04-12,4.94,144,46
U007132,C000106,2026-04-01,2.74,175,9
U007133,C000362,2026-04-21,1.48,40,76
U007134,C000110,2025-10-18,2.87,54,26
U007135,C000209,2026-07-18,0.48,11,28
U007136,C000366,2026-05-01,1.71,87,70
U007137,C000091,2025-11-14,0.23,267,13
U007138,C000525,2026-05-11,0.52,64,4
U007139,C000733,2026-09-21,4.76,42,55
U007140,C000685,2026-02-03,3.82,135,85
U007141,C000354,2026-03-20,1.65,155,74
U007142,C000817,2025-12-31,1.9,162,4
U007143,C000376,2026-05-04,1.88,12,87
U007144,C000909,2026-02-22,3.75,246,39
U007145,C000533,2025-12-15,0.49,280,80
U007146,C000053,2026-04-04,3.48,121,7
U007147,C000603,2026-01-20,0.13,246,55
U007148,C000656,2026-09-14,2.53,267,90
U007149,C000996,2026-03-17,2.81,300,100
U007150,C000055,2025-12-22,0.13,126,1
U007151,C000153,2025-09-30,2.73,39,56
U007152,C000100,2026-08-30,2.48,205,16
U007153,C000397,2026-08-12,2.6,5,40
U007154,C000235,2026-05-23,3.31,257,20
U007155,C000627,2025-11-09,3.66,108,32
U007156,C000779,2025-11-30,4.88,186,26
U007157,C000154,2026-01-01,1.95,226,38
U007158,C000557,2026-03-09,1.16,226,4
U007159,C000878,2026-06-26,1.44,288,84
U007160,C000322,2026-04-01,0.98,30,31
U007161,C000440,2025-12-19,0.18,157,93
U007162,C000623,2026-02-05,1.57,266,5
U007163,C000165,2026-03-28,0.55,183,99
U007164,C000465,2026-02-14,3.37,252,1
U007165,C000768,2025-12-13,4.62,157,94
U007166,C000847,2026-08-15,2.41,222,65
U007167,C000379,2026-03-22,1.54,224,71
U007168,C000529,2026-07-27,2.27,31,99
U007169,C000187,2026-07-03,3.49,30,39
U007170,C000227,2026-09-03,3.75,105,96
U007171,C000633,2026-01-15,4.13,47,69
U007172,C000884,2025-10-09,4.04,90,12
U007173,C000261,2025-10-05,3.63,270,48
U007174,C000228,2026-09-19,4.09,6,72
U007175,C000466,2026-01-14,2.12,42,5
U007176,C000479,2026-04-25,2.28,45,11
U007177,C000571,2026-01-12,2.2,86,72
U007178,C000808,2026-06-22,2.96,24,20
U007179,C000168,2026-08-16,3.67,38,73
U007180,C000066,2026-02-24,0.6,204,88
U007181,C000217,2026-03-21,1.7,21,86
U007182,C000562,2026-06-03,0.65,80,58
U007183,C000975,2025-10-05,1.25,90,1
U007184,C000570,2025-12-07,1.46,205,68
U007185,C000604,2026-03-26,2.91,77,84
U007186,C000212,2026-04-05,0.92,65,76
U007187,C000745,2026-07-29,1.43,178,16
U007188,C000581,2025-11-25,0.85,6,23
U007189,C000610,2026-01-29,0.31,140,63
U007190,C000804,2025-10-31,0.52,281,15
U007191,C000097,2026-03-30,2.93,287,64
U007192,C000887,2026-08-15,2.8,185,45
U007193,C000047,2026-03-06,0.83,135,57
U007194,C000164,2026-01-17,0.89,4,1
U007195,C000620,2026-03-07,1.37,268,19
U007196,C000065,2026-08-19,0.83,52,60
U007197,C000375,2026-04-05,2.14,236,37
U007198,C000972,2026-09-08,0.82,192,45
U007199,C000695,2025-12-08,2.14,250,91
U007200,C000952,2026-07-21,2.12,270,26
U007201,C000405,2026-08-05,4.49,288,74
U007202,C000401,2025-12-26,3.55,250,7
U007203,C000277,2026-04-04,1.55,185,90
U007204,C000350,2026-04-27,2.45,256,72
U007205,C000212,2025-10-06,2.42,115,57
U007206,C000517,2026-03-06,3.38,75,14
U007207,C000661,2026-02-15,0.76,202,22
U007208,C000517,2026-08-28,0.71,110,79
U007209,C000424,2025-11-19,4.54,270,92
U007210,C000069,2026-04-08,1.1,277,29
U007211,C000863,2026-01-20,1.74,263,65
U007212,C000947,2026-03-25,1.24,233,28
U007213,C000928,2025-10-17,3.56,48,74
U007214,C000502,2025-11-28,2.4,66,25
U007215,C000912,2026-07-13,0.27,184,8
U007216,C000465,2026-04-23,1.17,96,13
U007217,C000779,2026-01-05,3.38,169,94
U007218,C000328,2026-05-05,3.56,70,71
U007219,C000529,2026-08-14,0.16,246,13
U007220,C000830,2026-09-06,4.26,258,48
U007221,C000610,2026-06-09,0.76,72,76
U007222,C000626,2026-03-16,3.27,195,29
U007223,C000804,2026-09-13,2.88,113,34
U007224,C000878,2025-09-25,3.33,219,47
U007225,C000238,2026-06-24,1.45,135,52
U007226,C000951,2025-10-06,1.94,264,52
U007227,C000696,2025-12-18,0.86,275,55
U007228,C000682,2026-08-28,2.24,159,59
U007229,C000214,2026-07-27,1.35,294,61
U007230,C000106,2026-06-20,2.58,266,20
U007231,C000404,2025-12-23,1.28,121,4
U007232,C000528,2026-07-18,1.73,48,34
U007233,C000091,2026-04-22,4.88,141,37
U007234,C000499,2025-11-01,4.76,30,76
U007235,C000315,2025-12-29,4.0,238,16
U007236,C000861,2026-03-07,4.74,133,12
U007237,C000963,2025-10-12,4.9,256,97
U007238,C000217,2025-11-19,0.93,223,89
U007239,C000434,2026-07-13,4.42,32,31
U007240,C000167,2026-01-14,2.16,172,3
U007241,C000598,2025-10-17,0.23,81,54
U007242,C000557,2026-01-23,0.3,289,74
U007243,C000844,2026-08-27,1.1,201,41
U007244,C000242,2026-07-17,2.36,160,64
U007245,C000178,2025-12-26,1.3,223,38
U007246,C000522,2025-11-02,4.39,192,24
U007247,C000522,2026-02-25,3.44,218,98
U007248,C000169,2026-03-15,2.27,20,7
U007249,C000253,2025-11-22,4.12,149,4
U007250,C000606,2026-06-07,3.22,152,44
U007251,C000151,2026-05-28,4.63,259,87
U007252,C000811,2026-07-20,0.27,191,99
U007253,C000995,2026-02-03,3.89,198,88
U007254,C000419,2026-04-25,1.85,27,48
U007255,C000703,2026-07-01,0.14,59,85
U007256,C000571,2026-03-08,0.64,207,100
U007257,C000930,2026-08-24,2.02,189,32
U007258,C000622,2025-12-20,2.38,38,9
U007259,C000313,2026-05-12,4.78,282,70
U007260,C000340,2026-03-02,1.76,143,46
U007261,C000227,2026-05-10,2.47,204,51
U007262,C000522,2026-04-27,1.59,110,73
U007263,C000575,2025-10-20,3.59,27,69
U007264,C000320,2026-09-05,1.0,177,78
U007265,C000864,2026-09-14,0.62,27,57
U007266,C000364,2026-04-12,2.67,264,82
U007267,C000020,2026-06-21,0.7,154,92
U007268,C000490,2026-05-20,3.89,28,19
U007269,C000830,2026-01-14,4.26,206,23
U007270,C000051,2026-06-26,1.9,43,60
U007271,C000284,2026-04-03,1.86,224,58
U007272,C000457,2026-06-27,3.41,111,22
U007273,C000373,2025-11-19,4.99,198,3
U007274,C000778,2025-12-29,4.17,287,11
U007275,C000416,2026-06-18,3.25,21,89
U007276,C000570,2026-09-06,2.45,139,96
U007277,C000997,2026-03-28,3.25,252,1
U007278,C000240,2026-06-09,2.79,27,49
U007279,C000494,2026-06-04,3.24,259,72
U007280,C000130,2025-12-22,0.89,266,87
U007281,C000689,2026-08-15,1.51,136,53
U007282,C000957,2026-08-08,4.96,169,88
U007283,C000126,2026-09-02,3.52,204,47
U007284,C000740,2026-08-25,3.65,123,50
U007285,C000585,2026-06-23,3.35,111,66
U007286,C000742,2026-03-01,1.38,111,60
U007287,C000499,2025-11-22,2.27,159,12
U007288,C000772,2026-06-02,3.57,9,45
U007289,C000136,2026-05-06,4.22,249,48
U007290,C000290,2026-06-12,1.46,236,78
U007291,C000784,2025-10-03,2.99,5,47
U007292,C000395,2026-04-14,3.88,100,81
U007293,C000523,2026-04-13,1.12,185,7
U007294,C000048,2025-10-11,3.57,74,49
U007295,C000912,2025-10-01,4.47,8,85
U007296,C000433,2026-03-06,0.28,5,19
U007297,C000364,2026-08-13,3.02,163,96
U007298,C000066,2026-08-23,0.95,89,26
U007299,C000372,2025-11-16,2.08,64,69
U007300,C000558,2026-07-13,3.17,167,47
U007301,C000558,2026-03-18,4.85,208,16
U007302,C000963,2026-04-04,4.53,48,34
U007303,C000227,2026-06-17,0.17,182,11
U007304,C000238,2026-04-12,3.6,41,75
U007305,C000216,2026-09-11,3.94,220,94
U007306,C000066,2026-09-06,3.74,288,40
U007307,C000590,2025-12-05,3.04,219,91
U007308,C000681,2025-12-11,0.52,20,88
U007309,C000584,2025-10-05,3.71,156,75
U007310,C000156,2026-09-16,3.42,104,75
U007311,C000446,2025-11-22,4.33,158,73
U007312,C000297,2026-01-06,3.95,295,27
U007313,C000459,2026-07-23,1.5,243,53
U007314,C000279,2026-01-18,3.58,130,42
U007315,C000511,2026-04-01,1.14,213,15
U007316,C000579,2026-07-18,3.31,21,65
U007317,C000959,2026-03-03,0.56,188,66
U007318,C000681,2026-09-10,4.44,119,98
U007319,C000406,2026-06-27,3.93,184,9
U007320,C000160,2025-10-27,3.57,26,54
U007321,C000170,2026-06-19,0.4,212,0
U007322,C000025,2026-09-21,1.77,193,61
U007323,C000290,2026-06-09,3.38,233,47
U007324,C000950,2026-05-09,3.9,264,34
U007325,C000364,2026-08-03,3.58,63,33
U007326,C000871,2025-12-10,4.21,77,11
U007327,C000992,2026-06-16,2.41,59,47
U007328,C000620,2026-05-22,4.42,45,11
U007329,C000763,2025-11-15,1.42,129,53
U007330,C000541,2026-03-09,3.7,271,14
U007331,C000914,2026-01-04,3.09,186,84
U007332,C000182,2026-01-12,2.62,289,76
U007333,C000221,2025-11-13,0.4,161,33
U007334,C000538,2026-02-27,1.67,113,81
U007335,C000151,2026-07-07,2.47,130,14
U007336,C000587,2026-02-08,2.56,239,38
U007337,C000186,2025-12-23,2.8,133,35
U007338,C000618,2025-11-01,4.38,196,64
U007339,C000104,2025-11-20,1.93,236,23
U007340,C000932,2026-05-14,0.44,202,79
U007341,C000524,2026-05-13,2.11,94,22
U007342,C000988,2026-03-20,4.94,83,7
U007343,C000424,2025-12-21,4.62,58,91
U007344,C000021,2026-02-22,1.75,256,19
U007345,C000558,2026-05-23,4.96,137,85
U007346,C000407,2026-03-27,1.22,149,28
U007347,C000823,2026-04-16,4.33,5,80
U007348,C000857,2026-04-13,3.42,290,48
U007349,C000387,2026-07-22,4.09,163,32
U007350,C000115,2026-02-01,4.95,199,6
U007351,C000150,2026-09-08,1.25,156,29
U007352,C000056,2026-07-05,3.61,250,90
U007353,C000677,2026-04-14,1.08,116,43
U007354,C000047,2026-04-07,0.73,137,90
U007355,C000109,2026-05-14,1.3,0,66
U007356,C000979,2025-10-30,0.44,233,63
U007357,C000507,2026-04-28,2.53,128,36
U007358,C000957,2025-11-21,4.33,209,85
U007359,C000041,2025-10-18,0.47,141,87
U007360,C000558,2026-07-19,1.95,186,15
U007361,C000277,2026-09-19,2.43,5,34
U007362,C000402,2026-03-17,2.45,96,75
U007363,C000093,2025-10-01,2.53,272,21
U007364,C000523,2025-12-19,1.77,82,82
U007365,C000876,2026-08-24,0.24,248,0
U007366,C000012,2025-12-13,4.47,101,45
U007367,C000014,2026-07-24,2.9,53,25
U007368,C000854,2026-08-17,1.76,164,25
U007369,C000129,2026-02-22,4.75,284,2
U007370,C000239,2025-11-23,2.71,178,86
U007371,C000248,2026-09-08,2.57,162,39
U007372,C000344,2025-11-12,2.13,0,56
U007373,C000504,2026-02-09,2.13,170,18
U007374,C000668,2026-05-31,2.7,189,9
U007375,C000194,2026-07-21,0.92,173,11
U007376,C000889,2025-10-25,3.66,17,78
U007377,C000384,2026-07-12,4.78,185,16
U007378,C000164,2025-12-12,0.26,167,12
U007379,C000526,2026-05-28,1.96,228,8
U007380,C000943,2026-07-04,1.59,79,53
U007381,C000711,2025-10-17,0.14,144,46
U007382,C000250,2025-11-10,0.48,8,50
U007383,C000937,2026-06-04,1.96,50,94
U007384,C000887,2025-10-03,1.33,60,64
U007385,C000348,2026-05-17,1.24,55,69
U007386,C000909,2026-01-18,2.08,82,88
U007387,C000117,2026-03-17,1.55,114,79
U007388,C000178,2026-03-17,4.69,108,14
U007389,C000734,2026-01-30,3.76,167,25
U007390,C000706,2026-09-01,1.27,233,5
U007391,C000796,2026-05-05,4.59,208,85
U007392,C000072,2025-12-28,0.11,214,78
U007393,C000717,2026-05-10,1.26,73,57
U007394,C000638,2026-03-17,3.89,239,52
U007395,C000579,2026-07-28,3.82,132,23
U007396,C000155,2026-07-13,4.5,155,5
U007397,C000948,2026-05-03,0.95,246,32
U007398,C000596,2025-10-13,0.64,53,84
U007399,C000277,2025-10-30,2.19,115,45
U007400,C000416,2026-01-28,2.68,145,43
U007401,C000679,2025-12-22,1.24,63,16
U007402,C000962,2026-06-26,0.38,210,73
U007403,C000377,2026-02-19,0.89,174,45
U007404,C000109,2026-05-09,0.96,18,83
U007405,C000082,2026-01-26,1.38,117,26
U007406,C000555,2026-05-14,0.29,167,47
U007407,C000092,2026-09-14,4.32,147,1
U007408,C000974,2026-04-14,0.91,6,11
U007409,C000770,2026-08-12,1.5,241,67
U007410,C000586,2026-08-22,4.83,288,49
U007411,C000512,2025-11-26,4.75,70,42
U007412,C000923,2026-06-29,4.18,219,53
U007413,C000678,2026-03-14,4.53,26,59
U007414,C000985,2026-06-15,1.54,186,53
U007415,C000365,2025-12-19,1.37,121,34
U007416,C000374,2025-09-24,2.43,203,21
U007417,C000123,2026-08-22,4.37,98,18
U007418,C000451,2026-05-22,4.51,141,34
U007419,C000366,2026-05-11,4.99,112,94
U007420,C000458,2026-01-06,4.37,81,60
U007421,C000647,2025-11-10,4.0,203,37
U007422,C000819,2026-03-18,2.2,116,45
U007423,C000598,2026-01-11,4.03,187,88
U007424,C000906,2026-07-27,3.78,295,17
U007425,C000089,2026-04-08,4.11,86,18
U007426,C000144,2026-02-10,4.04,112,79
U007427,C000531,2026-09-04,4.18,28,64
U007428,C000735,2025-12-05,2.8,50,71
U007429,C000270,2026-08-27,1.64,240,24
U007430,C000665,2026-02-12,3.04,199,27
U007431,C000774,2025-10-08,4.35,220,7
U007432,C000283,2025-10-04,0.87,110,0
U007433,C000533,2026-06-12,2.85,185,21
U007434,C000993,2026-09-11,2.92,44,41
U007435,C000884,2026-07-29,0.43,235,74
U007436,C000603,2025-11-05,3.88,194,18
U007437,C000838,2026-01-14,2.11,156,2
U007438,C000203,2025-12-19,1.48,204,24
U007439,C000555,2025-12-01,2.99,13,83
U007440,C000557,2026-08-31,4.23,95,5
U007441,C000503,2026-08-15,2.04,269,40
U007442,C000868,2026-09-15,3.82,271,6
U007443,C000815,2026-06-27,3.65,173,42
U007444,C000374,2025-09-30,3.75,21,17
U007445,C000461,2026-02-25,2.89,144,59
U007446,C000850,2025-11-05,4.33,83,68
U007447,C000369,2025-09-26,1.63,282,58
U007448,C000024,2026-06-22,4.27,188,99
U007449,C000598,2026-08-14,0.3,300,90
U007450,C000103,2026-04-11,2.19,170,63
U007451,C000604,2026-03-15,1.37,102,10
U007452,C000630,2026-01-26,0.55,256,19
U007453,C000608,2026-02-07,3.26,251,63
U007454,C000474,2026-03-05,2.52,9,27
U007455,C000595,2026-08-17,4.86,41,16
U007456,C000665,2025-10-21,3.45,265,52
U007457,C000146,2026-05-06,4.99,181,4
U007458,C000844,2025-10-17,4.67,44,16
U007459,C000395,2026-06-10,4.27,119,89
U007460,C000094,2026-03-08,3.22,25,97
U007461,C000197,2026-07-06,3.51,267,76
U007462,C000270,2026-05-27,2.7,292,99
U007463,C000921,2026-01-06,3.86,93,48
U007464,C000708,2026-04-01,3.74,145,11
U007465,C000081,2026-03-16,2.98,131,23
U007466,C000944,2026-02-05,1.07,107,15
U007467,C000620,2026-03-16,1.68,104,43
U007468,C000231,2026-08-02,3.02,143,50
U007469,C000135,2026-06-12,4.27,68,82
U007470,C000818,2026-09-12,0.38,267,62
U007471,C000822,2026-03-04,1.02,73,12
U007472,C000960,2026-03-02,2.73,57,56
U007473,C000960,2026-05-11,0.1,251,9
U007474,C000868,2026-03-17,1.56,229,78
U007475,C000514,2025-10-23,1.6,118,58
U007476,C000388,2025-11-20,2.85,109,75
U007477,C000051,2026-07-25,2.24,179,46
U007478,C000467,2026-01-14,2.11,143,41
U007479,C000625,2025-10-05,2.04,82,28
U007480,C000317,2026-03-05,0.68,299,93
U007481,C000439,2026-05-03,0.93,265,16
U007482,C000766,2025-12-10,1.39,243,65
U007483,C000941,2026-09-03,1.99,177,25
U007484,C000252,2025-11-02,3.68,34,56
U007485,C000458,2026-06-17,0.52,136,97
U007486,C000335,2025-12-31,3.66,99,12
U007487,C000307,2026-02-09,4.67,288,99
U007488,C000865,2025-12-05,3.57,105,10
U007489,C000171,2025-11-01,1.8,137,5
U007490,C000387,2026-03-24,3.68,196,39
U007491,C000853,2025-10-13,4.82,123,80
U007492,C000071,2026-02-18,3.23,118,57
U007493,C000251,2026-05-03,2.3,263,61
U007494,C000494,2025-09-23,4.67,286,4
U007495,C000876,2026-04-11,3.02,198,23
U007496,C000380,2026-04-29,0.75,43,51
U007497,C000499,2026-08-20,4.38,76,88
U007498,C000010,2026-04-05,3.19,209,66
U007499,C001000,2025-10-21,2.79,59,94
U007500,C000304,2026-09-10,2.61,178,4
U007501,C000440,2026-08-25,3.88,74,17
U007502,C000576,2026-08-28,4.88,102,45
U007503,C000480,2026-08-11,1.62,82,76
U007504,C000032,2026-03-31,2.22,42,58
U007505,C000752,2025-10-27,2.16,79,96
U007506,C000256,2026-03-03,4.81,42,45
U007507,C000565,2026-05-11,0.61,239,29
U007508,C000612,2026-05-13,1.23,163,88
U007509,C000255,2026-01-01,2.66,8,68
U007510,C000938,2026-09-16,0.96,125,51
U007511,C000020,2026-03-01,4.53,57,26
U007512,C000892,2025-12-27,2.83,19,37
U007513,C000931,2025-10-14,1.71,84,19
U007514,C000164,2026-03-19,0.34,105,76
U007515,C000757,2025-12-03,1.81,241,36
U007516,C000711,2026-09-20,3.07,21,58
U007517,C000460,2026-04-14,4.54,284,86
U007518,C000387,2026-04-23,0.49,277,67
U007519,C000515,2025-10-16,4.48,147,41
U007520,C000237,2026-07-21,0.3,239,87
U007521,C000191,2026-08-28,1.8,72,56
U007522,C000929,2026-01-25,0.96,72,16
U007523,C000867,2025-10-29,0.86,194,23
U007524,C000011,2026-05-28,4.82,243,58
U007525,C000150,2025-10-16,2.82,158,17
U007526,C000235,2026-07-04,2.08,281,32
U007527,C000189,2026-02-07,2.48,125,6
U007528,C000308,2026-04-08,1.85,112,30
U007529,C000878,2026-08-26,1.37,77,52
U007530,C000272,2026-04-28,3.43,172,75
U007531,C000017,2026-03-19,0.92,236,39
U007532,C000007,2026-03-17,4.11,120,40
U007533,C000379,2026-02-21,3.06,76,2
U007534,C000877,2026-03-12,4.85,47,16
U007535,C000304,2026-05-19,4.01,53,80
U007536,C000712,2025-11-22,1.38,213,90
U007537,C000234,2026-05-29,4.34,66,20
U007538,C000898,2026-05-13,0.87,40,32
U007539,C000129,2026-01-06,1.18,280,92
U007540,C000102,2025-10-26,0.42,181,25
U007541,C000483,2026-06-02,0.92,274,94
U007542,C000399,2026-09-02,0.64,58,2
U007543,C000254,2026-01-07,1.01,228,31
U007544,C000366,2026-08-22,2.46,121,77
U007545,C000318,2026-01-16,3.37,259,79
U007546,C000397,2026-05-20,3.76,89,43
U007547,C000590,2026-04-25,2.27,96,32
U007548,C000828,2026-06-01,2.61,241,26
U007549,C000078,2026-04-07,2.5,105,41
U007550,C000845,2025-12-30,4.12,27,50
U007551,C000614,2026-09-06,1.34,205,33
U007552,C000504,2025-11-13,2.14,93,40
U007553,C000989,2025-10-07,0.55,10,5
U007554,C000717,2025-10-01,1.49,232,12
U007555,C000600,2026-03-20,4.68,187,3
U007556,C000232,2026-08-02,0.14,125,5
U007557,C000572,2025-10-01,3.9,211,55
U007558,C000325,2025-12-07,3.49,276,67
U007559,C000224,2026-01-31,0.16,68,12
U007560,C000537,2026-01-05,3.73,225,73
U007561,C000500,2025-11-12,4.6,117,30
U007562,C000739,2025-11-22,3.43,11,41
U007563,C000953,2025-11-25,2.65,280,2
U007564,C000957,2026-01-31,2.9,105,64
U007565,C000618,2026-02-01,2.66,7,82
U007566,C000268,2026-08-04,3.41,178,48
U007567,C000482,2025-12-02,0.16,34,4
U007568,C000243,2026-07-17,0.18,45,53
U007569,C000932,2025-10-12,1.7,272,26
U007570,C000057,2025-09-24,4.42,106,20
U007571,C000448,2026-09-19,2.93,84,74
U007572,C000291,2025-10-18,2.44,178,52
U007573,C000712,2026-07-30,3.43,227,95
U007574,C000179,2025-10-13,1.76,185,76
U007575,C000661,2025-11-14,1.68,268,96
U007576,C000470,2025-12-12,1.13,28,0
U007577,C000339,2026-03-23,1.97,100,4
U007578,C000252,2026-05-05,3.44,104,21
U007579,C000160,2026-07-15,3.39,27,80
U007580,C000683,2025-12-07,1.33,125,91
U007581,C000627,2026-07-25,4.99,0,44
U007582,C000599,2025-10-14,0.67,179,82
U007583,C000719,2026-08-20,1.48,208,55
U007584,C000246,2025-09-29,1.38,274,54
U007585,C000293,2026-05-28,2.53,7,23
U007586,C000606,2025-09-23,3.32,28,21
U007587,C000164,2026-02-17,0.64,39,93
U007588,C000530,2025-09-29,1.39,51,45
U007589,C000332,2026-02-25,3.11,268,0
U007590,C000757,2026-08-12,1.23,83,38
U007591,C000289,2025-11-18,1.33,114,27
U007592,C000899,2026-05-10,3.13,97,27
U007593,C000740,2026-05-18,3.82,98,63
U007594,C000787,2026-07-12,1.03,260,10
U007595,C000201,2026-09-03,4.67,102,68
U007596,C000163,2025-11-02,2.19,116,16
U007597,C000772,2026-01-13,0.88,176,33
U007598,C000752,2026-01-13,0.43,227,89
U007599,C000682,2025-11-11,4.78,171,9
U007600,C000506,2026-08-05,1.95,245,74
U007601,C000932,2026-03-17,0.18,242,58
U007602,C000290,2025-12-04,1.83,133,51
U007603,C000436,2025-12-10,0.65,175,30
U007604,C000337,2026-03-10,1.4,5,6
U007605,C000236,2026-01-12,1.76,149,68
U007606,C000031,2026-04-22,0.84,270,60
U007607,C000199,2026-06-10,0.87,256,55
U007608,C000074,2026-05-11,2.86,234,85
U007609,C000270,2025-09-28,3.74,191,34
U007610,C000022,2026-02-06,1.23,18,41
U007611,C000427,2026-05-04,2.87,70,81
U007612,C000329,2026-03-08,1.72,210,98
U007613,C000443,2026-01-28,4.75,35,38
U007614,C000605,2026-01-30,4.6,298,1
U007615,C000327,2026-04-19,3.01,34,62
U007616,C000394,2026-05-05,0.75,34,35
U007617,C000176,2026-06-30,1.48,272,63
U007618,C000222,2025-12-10,2.48,206,4
U007619,C000801,2026-02-13,4.06,125,63
U007620,C000583,2026-02-20,0.51,33,48
U007621,C000166,2026-03-17,0.45,19,75
U007622,C000400,2026-05-20,3.9,20,34
U007623,C000941,2026-08-25,2.55,62,68
U007624,C000892,2025-10-17,3.95,196,31
U007625,C000152,2025-12-20,1.27,150,41
U007626,C000694,2026-01-09,0.66,110,81
U007627,C000698,2025-10-25,1.51,243,48
U007628,C000989,2026-04-09,0.83,63,5
U007629,C000353,2026-06-12,2.65,23,54
U007630,C000813,2025-10-08,2.79,85,99
U007631,C000642,2026-08-08,4.14,197,35
U007632,C000592,2025-11-04,0.18,291,11
U007633,C000998,2026-06-17,0.45,222,17
U007634,C000516,2025-11-22,0.77,231,72
U007635,C000972,2025-09-24,0.83,185,60
U007636,C000717,2025-10-05,3.92,20,74
U007637,C000469,2025-12-12,0.69,237,90
U007638,C000055,2025-09-23,4.66,258,86
U007639,C000273,2026-09-04,2.05,122,46
U007640,C000165,2025-12-06,2.72,114,10
U007641,C000618,2026-01-27,4.23,120,89
U007642,C000399,2026-05-06,2.38,127,63
U007643,C000344,2026-06-18,0.58,30,39
U007644,C000169,2025-12-02,1.03,146,45
U007645,C000524,2026-02-06,1.64,297,41
U007646,C000268,2025-12-15,1.86,273,95
U007647,C000622,2026-08-07,0.55,260,88
U007648,C000443,2026-02-06,1.45,231,18
U007649,C000185,2025-10-15,1.46,264,53
U007650,C000579,2026-02-24,1.54,290,4
U007651,C000710,2026-02-05,2.57,136,35
U007652,C000269,2026-09-20,4.05,253,55
U007653,C000101,2026-08-23,4.63,111,37
U007654,C000203,2026-09-19,0.18,200,88
U007655,C000135,2026-01-08,0.84,74,23
U007656,C000088,2026-05-26,2.22,33,65
U007657,C000617,2026-06-25,4.57,121,68
U007658,C000891,2026-08-05,1.12,63,37
U007659,C000104,2026-04-08,4.92,137,49
U007660,C000216,2025-10-18,3.13,3,66
U007661,C000174,2026-07-18,4.77,138,54
U007662,C000837,2025-10-07,1.35,130,34
U007663,C000370,2026-03-23,4.45,195,78
U007664,C000605,2026-01-15,4.21,228,43
U007665,C000531,2026-08-08,3.59,135,84
U007666,C000257,2025-11-14,2.4,135,1
U007667,C000331,2026-09-06,0.25,187,24
U007668,C000415,2026-08-24,2.18,122,35
U007669,C000571,2025-09-25,0.67,130,24
U007670,C000695,2026-05-31,4.0,223,43
U007671,C000350,2026-02-01,1.44,170,46
U007672,C000384,2026-01-23,4.82,133,95
U007673,C000211,2026-05-03,2.01,251,99
U007674,C000710,2025-12-03,1.69,296,51
U007675,C000340,2026-02-11,3.8,245,5
U007676,C000203,2026-07-01,0.56,150,44
U007677,C000362,2025-11-28,3.73,299,74
U007678,C000727,2025-12-08,1.19,291,67
U007679,C000299,2026-09-14,3.48,118,25
U007680,C000996,2026-07-31,2.44,211,22
U007681,C000849,2026-07-20,4.32,83,94
U007682,C000930,2026-01-13,4.24,69,55
U007683,C000704,2026-04-26,1.54,257,62
U007684,C000063,2026-03-15,1.74,269,6
U007685,C000040,2025-10-04,1.24,164,58
U007686,C000536,2025-11-13,0.53,299,94
U007687,C000177,2026-02-06,0.35,162,8
U007688,C000079,2026-08-16,2.45,277,74
U007689,C000582,2026-07-24,3.23,134,29
U007690,C000121,2026-02-02,0.3,282,52
U007691,C000288,2025-10-18,3.92,40,100
U007692,C000080,2026-01-14,3.01,64,50
U007693,C000209,2026-04-07,2.31,149,61
U007694,C000944,2026-04-14,1.54,267,53
U007695,C000431,2026-08-11,1.73,157,85
U007696,C000661,2026-08-03,2.8,23,91
U007697,C000063,2026-01-19,2.55,237,60
U007698,C000517,2025-11-02,4.39,233,71
U007699,C000002,2026-08-25,4.1,267,98
U007700,C000134,2026-06-10,1.44,214,69
U007701,C000646,2026-02-23,4.93,126,73
U007702,C000129,2026-03-04,3.39,47,41
U007703,C000723,2026-03-10,1.67,115,12
U007704,C000958,2026-03-01,3.87,61,9
U007705,C000340,2025-11-18,2.7,265,55
U007706,C000190,2026-07-27,3.63,0,69
U007707,C000569,2026-01-16,1.81,20,31
U007708,C000064,2026-06-12,1.38,4,32
U007709,C000940,2026-02-03,2.41,142,35
U007710,C000406,2025-10-16,3.82,268,76
U007711,C000938,2026-01-09,4.54,105,42
U007712,C000095,2026-01-07,1.24,289,5
U007713,C000808,2026-02-12,1.51,268,83
U007714,C000921,2026-04-25,2.1,173,50
U007715,C000750,2026-01-14,1.94,25,1
U007716,C000552,2026-07-15,0.51,230,91
U007717,C000154,2026-05-29,3.25,278,36
U007718,C000634,2026-01-04,4.7,128,37
U007719,C000095,2026-06-08,0.58,251,56
U007720,C000095,2025-10-29,2.89,263,47
U007721,C000974,2026-03-16,2.47,224,21
U007722,C000308,2026-06-05,2.35,101,82
U007723,C000675,2026-01-07,3.37,124,74
U007724,C000141,2026-06-13,3.48,3,59
U007725,C000104,2026-01-11,3.82,5,16
U007726,C000132,2026-04-26,3.5,83,28
U007727,C000985,2026-06-13,2.99,170,9
U007728,C000558,2025-12-31,2.15,163,61
U007729,C000867,2026-07-06,0.86,38,73
U007730,C000393,2025-11-30,2.33,93,76
U007731,C000925,2026-09-03,4.31,83,92
U007732,C000078,2026-07-27,2.13,69,58
U007733,C000094,2025-10-05,3.52,283,42
U007734,C000648,2026-07-06,3.05,149,61
U007735,C000981,2025-10-01,2.86,21,67
U007736,C000767,2026-07-15,2.66,292,61
U007737,C000049,2025-10-15,2.94,70,40
U007738,C000846,2026-06-01,2.09,174,21
U007739,C000211,2026-07-15,2.21,284,12
U007740,C000923,2026-07-22,4.51,165,64
U007741,C000718,2025-10-28,0.82,209,57
U007742,C000944,2025-10-02,4.91,0,61
U007743,C000277,2026-01-19,4.71,87,0
U007744,C000807,2025-11-23,2.19,135,47
U007745,C000844,2026-07-21,3.06,24,76
U007746,C000434,2026-03-27,3.58,288,55
U007747,C000832,2026-02-14,0.49,296,17
U007748,C000942,2025-10-16,3.2,208,19
U007749,C000159,2025-09-30,0.17,253,68
U007750,C000563,2026-05-18,3.04,70,56
U007751,C000963,2025-11-05,4.83,196,50
U007752,C000406,2026-02-05,4.8,236,3
U007753,C000240,2026-06-21,2.61,255,69
U007754,C000138,2026-06-26,3.52,157,83
U007755,C000997,2026-06-10,4.88,194,68
U007756,C000319,2026-08-11,2.33,223,46
U007757,C000174,2026-05-06,2.15,33,28
U007758,C000816,2026-03-01,4.76,39,10
U007759,C000748,2026-01-31,0.98,219,30
U007760,C000858,2026-05-06,4.39,264,61
U007761,C000153,2025-10-15,1.15,145,65
U007762,C000890,2026-08-15,2.32,165,33
U007763,C000001,2026-02-15,3.46,26,52
U007764,C000954,2026-03-13,4.5,112,42
U007765,C000883,2026-04-05,2.92,233,22
U007766,C000417,2026-08-21,3.36,208,29
U007767,C000113,2026-04-04,3.82,281,29
U007768,C000677,2026-09-15,1.39,291,77
U007769,C000845,2026-02-19,2.17,94,21
U007770,C000802,2025-10-29,2.08,197,43
U007771,C000629,2026-01-22,2.54,154,73
U007772,C000194,2026-06-11,3.4,150,79
U007773,C000470,2026-05-27,1.16,17,36
U007774,C000412,2026-04-02,4.14,294,68
U007775,C000242,2026-03-03,3.72,270,53
U007776,C000997,2026-07-13,3.4,203,49
U007777,C000877,2026-01-21,0.82,58,68
U007778,C000096,2026-09-14,1.64,59,60
U007779,C000665,2026-02-11,0.52,156,99
U007780,C000592,2025-11-03,0.24,42,36
U007781,C000513,2026-02-06,1.68,37,45
U007782,C000581,2026-05-10,1.13,243,42
U007783,C000263,2026-08-09,1.18,105,59
U007784,C000778,2025-11-09,4.61,162,9
U007785,C000786,2026-02-27,1.94,216,58
U007786,C000974,2026-05-25,2.78,113,54
U007787,C000525,2026-06-09,0.7,243,98
U007788,C000555,2026-05-09,3.89,284,64
U007789,C000317,2026-07-07,3.05,223,58
U007790,C000285,2026-08-02,4.95,270,48
U007791,C000097,2026-02-02,2.03,258,40
U007792,C000529,2026-09-22,1.56,184,97
U007793,C000894,2025-10-17,4.73,212,10
U007794,C000667,2025-12-09,1.27,150,51
U007795,C000260,2025-11-18,1.19,255,100
U007796,C000910,2026-06-11,2.15,78,88
U007797,C000602,2025-12-15,4.31,192,19
U007798,C000535,2025-11-26,1.37,9,98
U007799,C000113,2025-11-19,2.43,3,3
U007800,C000333,2025-11-17,3.85,121,81
U007801,C000407,2025-11-04,1.5,166,65
U007802,C000547,2026-01-26,2.92,3,65
U007803,C000474,2026-03-05,2.1,128,50
U007804,C000583,2026-08-24,2.39,229,7
U007805,C000031,2025-10-06,2.08,85,25
U007806,C000467,2025-12-05,2.33,30,46
U007807,C000862,2026-01-24,2.12,93,40
U007808,C000216,2026-03-02,4.6,204,62
U007809,C000073,2026-05-07,0.5,200,80
U007810,C000928,2025-10-16,4.44,273,22
U007811,C000244,2026-05-30,1.8,251,89
U007812,C000652,2026-01-14,1.13,44,90
U007813,C000056,2026-01-31,3.5,211,72
U007814,C000173,2026-02-24,2.53,197,51
U007815,C000434,2025-10-09,0.59,149,73
U007816,C000030,2025-11-27,3.09,298,29
U007817,C000279,2025-12-03,0.9,255,93
U007818,C000219,2026-05-25,2.56,148,21
U007819,C000102,2025-12-20,3.85,280,13
U007820,C000373,2026-09-03,4.3,193,75
U007821,C000973,2026-03-12,4.46,169,99
U007822,C000901,2026-08-21,4.47,198,91
U007823,C000909,2026-02-01,4.5,46,97
U007824,C000623,2026-03-25,1.48,154,32
U007825,C000916,2026-02-26,2.15,272,40
U007826,C000192,2026-02-28,4.17,290,69
U007827,C000586,2026-06-19,3.1,243,23
U007828,C000779,2026-09-03,1.81,63,47
U007829,C000873,2026-05-19,0.18,60,80
U007830,C000747,2026-07-23,1.29,98,3
U007831,C000188,2025-12-28,2.55,72,9
U007832,C000761,2026-01-22,4.09,116,86
U007833,C000059,2025-12-30,4.2,245,23
U007834,C000203,2026-08-13,4.67,45,9
U007835,C000609,2025-12-26,4.69,166,6
U007836,C000144,2026-02-09,0.57,58,85
U007837,C000039,2026-01-30,1.78,229,71
U007838,C000845,2025-12-31,2.34,218,43
U007839,C000833,2025-10-09,2.01,182,35
U007840,C000770,2025-10-06,4.22,110,21
U007841,C000207,2025-11-19,0.63,141,57
U007842,C000898,2026-02-04,3.83,122,89
U007843,C000853,2025-11-11,0.71,253,66
U007844,C000851,2026-07-31,4.38,62,56
U007845,C000422,2025-11-24,3.77,67,49
U007846,C000985,2026-08-29,1.02,98,36
U007847,C000829,2025-12-09,4.5,120,64
U007848,C000196,2026-09-10,3.57,269,100
U007849,C000189,2026-04-12,3.07,151,17
U007850,C000335,2025-11-23,1.43,137,9
U007851,C000668,2026-03-19,0.57,20,89
U007852,C000226,2025-12-21,0.61,31,31
U007853,C000979,2026-03-16,2.05,64,37
U007854,C000279,2026-06-24,3.25,33,100
U007855,C000123,2025-12-31,0.93,273,27
U007856,C000161,2026-04-10,3.13,223,99
U007857,C000656,2026-02-28,4.4,9,77
U007858,C000702,2026-07-21,0.91,190,100
U007859,C000707,2026-06-23,2.02,17,65
U007860,C000604,2025-10-07,1.9,288,13
U007861,C000489,2025-11-17,0.91,125,4
U007862,C000551,2026-02-14,3.27,295,62
U007863,C000956,2026-07-28,3.59,126,100
U007864,C000290,2025-12-08,4.05,206,40
U007865,C000424,2025-11-02,3.39,280,66
U007866,C000468,2026-04-26,3.71,252,42
U007867,C000789,2025-09-23,4.02,56,50
U007868,C000517,2026-03-21,4.48,131,37
U007869,C000844,2026-08-08,4.16,109,7
U007870,C000788,2026-07-20,1.92,286,69
U007871,C000017,2026-04-26,1.26,182,88
U007872,C000183,2025-10-13,1.64,256,63
U007873,C000113,2025-10-09,0.5,225,21
U007874,C000295,2026-01-14,4.09,98,43
U007875,C000882,2025-10-10,2.25,112,82
U007876,C000873,2026-08-30,2.78,132,42
U007877,C000697,2025-10-25,3.76,119,7
U007878,C000686,2026-03-25,3.26,163,25
U007879,C000161,2026-09-21,3.24,90,5
U007880,C000720,2025-10-04,3.3,78,73
U007881,C000995,2026-03-10,3.4,259,54
U007882,C000202,2026-01-06,1.97,264,12
U007883,C000657,2026-08-21,1.45,29,85
U007884,C000071,2026-03-20,1.26,261,8
U007885,C000207,2026-06-20,1.9,283,15
U007886,C000746,2026-02-02,3.8,151,97
U007887,C000078,2026-09-13,4.61,23,2
U007888,C000393,2026-01-31,3.4,159,23
U007889,C000036,2025-11-11,3.88,199,9
U007890,C000633,2026-09-09,4.07,179,99
U007891,C000827,2026-06-09,3.66,189,46
U007892,C000957,2026-04-18,0.78,297,59
U007893,C000856,2025-10-31,1.08,241,13
U007894,C000870,2026-06-05,2.23,271,84
U007895,C000391,2026-08-10,0.16,267,29
U007896,C000793,2025-11-21,3.36,296,34
U007897,C000977,2026-06-14,3.1,35,72
U007898,C000836,2026-07-05,4.22,105,55
U007899,C000549,2025-12-17,3.71,173,45
U007900,C000730,2026-02-18,4.5,132,11
U007901,C000487,2026-03-26,2.38,116,53
U007902,C000935,2025-12-11,4.86,263,88
U007903,C000972,2026-01-09,4.98,187,57
U007904,C000872,2025-09-25,1.34,145,29
U007905,C000630,2026-09-03,1.69,56,49
U007906,C000683,2026-08-03,4.34,87,42
U007907,C000906,2026-05-26,2.76,205,4
U007908,C000475,2026-07-03,3.69,191,16
U007909,C000226,2025-10-14,2.58,145,61
U007910,C000369,2026-07-02,1.47,135,33
U007911,C000301,2025-11-03,1.55,132,77
U007912,C000720,2026-02-07,4.48,143,32
U007913,C000502,2026-08-20,3.47,82,85
U007914,C000590,2026-03-08,1.56,178,17
U007915,C000052,2026-09-15,2.91,30,56
U007916,C000441,2026-04-05,0.26,291,41
U007917,C000489,2026-02-27,3.35,232,22
U007918,C000092,2026-07-11,0.35,74,62
U007919,C000045,2026-07-06,0.29,141,35
U007920,C000015,2026-07-14,2.56,231,11
U007921,C000133,2026-05-24,3.9,150,59
U007922,C000350,2025-12-07,2.42,198,8
U007923,C000308,2026-07-13,0.83,63,74
U007924,C000991,2026-07-25,3.52,259,74
U007925,C000135,2025-11-01,1.07,137,77
U007926,C000524,2026-06-09,1.1,251,33
U007927,C000808,2026-08-21,3.67,75,31
U007928,C000751,2025-10-05,0.14,252,77
U007929,C000728,2026-08-03,4.22,237,78
U007930,C000201,2026-04-01,1.81,217,35
U007931,C000329,2026-08-06,3.95,251,93
U007932,C000351,2026-07-21,0.79,57,67
U007933,C000068,2026-02-16,0.92,252,52
U007934,C000928,2026-06-15,0.6,219,35
U007935,C000387,2025-10-05,1.38,105,86
U007936,C000737,2026-07-19,4.53,274,65
U007937,C000785,2026-07-11,2.18,174,47
U007938,C000876,2026-05-18,1.28,83,62
U007939,C000749,2026-03-24,4.7,29,90
U007940,C000127,2025-10-07,2.68,31,59
U007941,C000017,2026-01-17,3.06,203,64
U007942,C000409,2026-04-19,2.28,238,42
U007943,C000951,2026-03-09,1.34,227,36
U007944,C000288,2026-02-12,1.95,77,40
U007945,C000773,2026-07-02,1.78,105,5
U007946,C000630,2025-10-10,4.74,221,68
U007947,C000721,2026-08-19,1.15,128,57
U007948,C000189,2026-07-29,1.64,29,11
U007949,C000906,2026-07-18,4.41,103,61
U007950,C000923,2025-12-26,3.17,248,56
U007951,C000385,2026-03-02,1.1,68,11
U007952,C000064,2025-10-18,3.99,252,32
U007953,C000504,2026-09-21,2.43,201,67
U007954,C000441,2026-06-16,3.94,101,24
U007955,C000787,2026-02-23,0.91,265,4
U007956,C000055,2026-05-04,0.86,272,100
U007957,C000100,2026-05-19,2.69,4,96
U007958,C000027,2026-05-26,0.38,99,54
U007959,C000823,2026-07-19,2.2,138,38
U007960,C000726,2026-05-20,2.51,258,51
U007961,C000863,2026-01-29,1.45,287,69
U007962,C000375,2026-05-22,3.13,263,16
U007963,C000652,2026-04-20,3.44,92,80
U007964,C000367,2026-02-05,4.87,183,84
U007965,C000209,2026-05-14,4.03,106,57
U007966,C000269,2026-03-17,3.9,113,37
U007967,C000090,2026-03-14,3.05,242,18
U007968,C000698,2025-11-09,0.85,63,21
U007969,C000238,2026-06-29,4.36,5,17
U007970,C000069,2026-03-20,4.42,20,100
U007971,C000048,2026-02-27,0.36,201,40
U007972,C000862,2025-10-03,4.29,144,40
U007973,C000069,2026-09-20,4.6,221,56
U007974,C000725,2025-11-02,0.24,55,27
U007975,C000394,2026-04-30,3.66,73,47
U007976,C000312,2026-01-03,4.33,24,81
U007977,C000553,2026-03-15,1.81,29,91
U007978,C000366,2025-11-30,1.81,150,95
U007979,C000116,2026-08-09,2.62,71,88
U007980,C000712,2026-02-18,4.27,68,48
U007981,C000954,2026-02-25,0.2,108,67
U007982,C000920,2026-03-05,3.66,91,69
U007983,C000942,2026-09-14,2.51,201,73
U007984,C000482,2026-06-01,3.8,216,25
U007985,C000637,2026-05-17,0.38,92,65
U007986,C000086,2025-12-26,0.93,85,100
U007987,C000200,2026-07-09,4.15,108,86
U007988,C000803,2025-09-24,2.9,25,54
U007989,C000588,2025-12-12,2.42,60,18
U007990,C000145,2026-03-27,3.45,183,50
U007991,C000259,2025-12-26,4.09,107,22
U007992,C000888,2026-05-15,1.73,251,57
U007993,C000642,2025-12-22,0.26,229,50
U007994,C000031,2026-05-17,1.4,93,17
U007995,C000911,2026-05-03,0.32,72,59
U007996,C000569,2026-08-05,1.71,19,24
U007997,C000337,2026-03-09,1.44,45,80
U007998,C000615,2026-05-28,1.66,25,46
U007999,C000915,2025-09-28,2.04,87,11
U008000,C000147,2026-04-14,1.68,252,7
U008001,C000309,2026-05-21,4.17,274,53
U008002,C000972,2026-02-03,3.67,165,99
U008003,C000416,2026-06-10,1.42,236,62
U008004,C000756,2025-12-01,3.15,275,6
U008005,C000239,2026-07-23,2.72,116,57
U008006,C000447,2025-11-12,2.4,153,70
U008007,C000620,2026-08-13,2.52,216,63
U008008,C000985,2026-04-26,3.39,81,65
U008009,C000493,2025-12-12,4.17,89,79
U008010,C000375,2025-10-26,4.24,112,21
U008011,C000275,2025-11-11,3.81,215,9
U008012,C000728,2025-12-26,3.23,26,77
U008013,C000377,2025-11-14,2.52,182,0
U008014,C000688,2026-02-04,1.24,100,47
U008015,C000943,2026-07-15,2.16,194,75
U008016,C000362,2025-10-30,2.66,181,25
U008017,C000181,2026-01-08,2.91,260,78
U008018,C000784,2026-07-09,1.48,83,92
U008019,C000215,2026-02-08,1.56,46,86
U008020,C000041,2026-03-09,1.91,165,99
U008021,C000650,2026-05-05,3.53,23,32
U008022,C000115,2026-07-30,0.42,111,21
U008023,C000187,2026-05-03,3.84,96,45
U008024,C000677,2025-10-12,4.96,240,59
U008025,C000275,2025-10-29,1.27,262,34
U008026,C000748,2026-05-21,4.82,178,18
U008027,C000217,2026-03-06,2.92,96,53
U008028,C000572,2026-04-13,3.05,40,75
U008029,C000024,2026-03-18,3.01,237,80
U008030,C000800,2026-02-20,1.32,262,32
U008031,C000344,2026-06-19,4.82,116,86
U008032,C000164,2026-02-15,0.46,279,84
U008033,C000056,2025-12-16,4.67,114,96
U008034,C000077,2025-12-27,3.27,250,3
U008035,C000893,2026-04-11,4.49,149,17
U008036,C000169,2026-02-03,3.82,33,14
U008037,C000116,2026-03-17,3.55,111,56
U008038,C000374,2026-01-03,4.7,283,90
U008039,C000209,2026-04-23,4.34,90,61
U008040,C000623,2026-01-21,0.83,206,28
U008041,C000915,2026-04-22,1.08,124,3
U008042,C000309,2026-06-25,4.17,131,67
U008043,C000335,2025-12-08,0.72,151,61
U008044,C000549,2025-12-25,0.56,263,87
U008045,C000617,2026-02-12,2.91,257,47
U008046,C000062,2025-11-23,2.22,190,87
U008047,C000189,2025-12-19,1.68,106,90
U008048,C000030,2026-04-03,4.66,166,13
U008049,C000402,2026-02-28,2.62,1,44
U008050,C000505,2026-05-15,1.39,124,27
U008051,C000975,2026-06-13,4.83,244,12
U008052,C000557,2026-07-07,0.6,205,83
U008053,C000863,2025-12-25,0.4,12,65
U008054,C000198,2026-07-12,0.66,281,93
U008055,C000196,2026-09-16,2.36,101,12
U008056,C000967,2026-08-14,3.64,195,89
U008057,C000680,2025-10-16,1.39,113,89
U008058,C000683,2026-01-03,1.97,123,29
U008059,C000729,2026-08-01,1.57,244,99
U008060,C000304,2026-03-07,1.21,191,47
U008061,C000762,2026-05-17,3.28,37,4
U008062,C000503,2025-09-26,4.89,207,60
U008063,C000080,2026-02-22,4.2,160,71
U008064,C000844,2026-06-06,4.06,21,69
U008065,C000510,2025-09-28,2.61,78,25
U008066,C000914,2026-04-26,0.65,187,29
U008067,C000923,2025-10-15,4.11,213,79
U008068,C000129,2026-07-25,1.94,200,16
U008069,C000887,2026-04-22,1.81,248,79
U008070,C000871,2026-03-14,3.3,208,6
U008071,C000030,2026-07-16,3.75,300,67
U008072,C000013,2025-12-17,2.76,270,24
U008073,C000147,2026-05-27,1.84,66,23
U008074,C000766,2025-10-13,2.48,128,5
U008075,C000247,2026-03-22,0.23,207,34
U008076,C000899,2025-10-23,0.39,204,88
U008077,C000279,2026-04-07,3.64,266,99
U008078,C000901,2026-04-25,2.98,290,94
U008079,C000600,2026-07-22,2.96,234,37
U008080,C000477,2026-04-10,4.32,167,91
U008081,C000778,2025-10-03,4.22,113,79
U008082,C001000,2026-01-07,2.32,280,81
U008083,C000874,2026-01-16,0.94,155,11
U008084,C000284,2026-05-01,3.97,171,4
U008085,C000125,2026-05-26,3.72,94,59
U008086,C000335,2026-02-06,2.71,258,42
U008087,C000013,2026-03-28,0.47,199,70
U008088,C000706,2025-12-28,0.27,16,17
U008089,C000851,2026-03-25,4.54,182,51
U008090,C000651,2026-03-22,0.96,135,99
U008091,C000400,2026-06-05,4.69,261,81
U008092,C000314,2026-09-16,2.27,234,34
U008093,C000084,2025-11-04,2.38,69,6
U008094,C000796,2026-04-18,0.39,123,63
U008095,C000447,2025-10-02,2.9,214,39
U008096,C000669,2026-04-06,0.68,185,8
U008097,C000573,2026-01-27,1.49,109,41
U008098,C000702,2026-02-16,0.81,58,78
U008099,C000974,2026-09-08,4.51,297,2
U008100,C000127,2026-01-16,4.3,230,19
U008101,C000877,2026-06-06,3.46,8,43
U008102,C000834,2026-03-23,4.28,78,21
U008103,C000584,2026-01-15,3.2,63,48
U008104,C000570,2026-07-22,4.54,166,12
U008105,C000955,2026-07-05,1.53,70,61
U008106,C000339,2025-12-15,1.07,160,36
U008107,C000740,2026-01-30,4.58,261,2
U008108,C000713,2026-03-05,2.03,21,79
U008109,C000811,2026-09-09,3.7,156,73
U008110,C000161,2025-11-07,4.35,255,94
U008111,C000202,2025-11-07,3.99,92,99
U008112,C000691,2026-04-13,3.22,111,45
U008113,C000811,2026-08-28,4.56,103,62
U008114,C000398,2026-08-15,4.67,152,9
U008115,C000524,2025-10-13,0.34,178,28
U008116,C000657,2025-12-29,3.74,92,52
U008117,C000682,2025-10-24,2.36,233,6
U008118,C000992,2026-08-03,0.43,21,73
U008119,C000696,2026-08-30,3.86,188,51
U008120,C000773,2026-07-14,4.88,253,70
U008121,C000126,2025-11-28,4.68,183,30
U008122,C000696,2026-06-29,4.94,229,28
U008123,C000599,2026-05-08,1.03,4,98
U008124,C000433,2026-05-14,4.02,13,35
U008125,C000478,2025-09-25,1.16,266,83
U008126,C000295,2026-08-11,0.42,80,84
U008127,C000607,2026-01-03,5.0,251,86
U008128,C000507,2026-06-19,2.82,59,38
U008129,C000695,2026-08-15,4.25,216,76
U008130,C000335,2026-02-16,0.97,288,29
U008131,C000785,2025-12-30,4.94,79,44
U008132,C000645,2025-11-01,0.58,77,74
U008133,C000817,2026-01-13,2.67,86,57
U008134,C000199,2026-08-27,0.71,34,16
U008135,C000301,2025-10-31,3.5,250,71
U008136,C000910,2026-01-20,1.18,90,51
U008137,C000307,2026-04-02,0.19,294,82
U008138,C000940,2026-05-03,3.67,37,20
U008139,C000730,2025-11-18,4.57,146,18
U008140,C000515,2026-07-17,1.18,292,30
U008141,C000537,2026-08-10,3.24,113,27
U008142,C000176,2026-04-24,1.45,182,99
U008143,C000384,2025-09-28,1.19,72,53
U008144,C000884,2026-03-29,3.02,71,53
U008145,C000737,2026-09-18,0.93,96,44
U008146,C000481,2026-07-29,3.76,263,32
U008147,C000925,2026-05-25,2.94,131,92
U008148,C000851,2025-11-20,2.81,51,1
U008149,C000381,2026-01-28,3.21,284,17
U008150,C000115,2026-04-24,3.78,231,25
U008151,C000997,2025-11-23,2.47,108,52
U008152,C000499,2026-03-24,2.99,25,75
U008153,C000556,2025-12-18,4.35,293,30
U008154,C000631,2026-08-17,1.27,95,74
U008155,C000405,2026-02-02,2.15,100,53
U008156,C000337,2026-04-20,1.44,286,96
U008157,C000177,2025-10-29,0.83,68,91
U008158,C000790,2025-09-29,0.6,146,30
U008159,C000332,2026-04-09,1.63,179,42
U008160,C000974,2026-04-22,4.59,191,67
U008161,C000038,2026-04-29,0.87,148,85
U008162,C000800,2026-07-17,2.08,168,71
U008163,C000862,2026-09-18,4.05,252,84
U008164,C000073,2025-10-21,3.69,223,99
U008165,C000248,2026-06-16,0.33,38,6
U008166,C000715,2026-08-07,4.26,290,28
U008167,C000129,2026-07-31,4.86,110,37
U008168,C000572,2025-10-21,3.26,248,5
U008169,C000387,2025-12-13,3.54,12,57
U008170,C000056,2025-11-07,3.59,251,83
U008171,C000824,2025-10-05,4.15,77,2
U008172,C000651,2026-09-13,0.24,69,84
U008173,C000151,2026-01-16,0.81,46,9
U008174,C000469,2026-05-03,0.33,167,16
U008175,C000719,2026-04-18,4.28,44,96
U008176,C000398,2026-09-08,1.79,291,59
U008177,C000578,2025-12-26,4.71,180,30
U008178,C000511,2025-10-29,3.61,125,15
U008179,C000686,2026-03-07,0.73,152,10
U008180,C000738,2026-01-17,1.06,71,76
U008181,C000888,2026-01-06,3.88,285,24
U008182,C000504,2026-07-18,3.86,86,52
U008183,C000565,2025-12-12,2.48,65,92
U008184,C000255,2026-05-24,0.8,27,5
U008185,C000124,2025-09-25,3.82,134,93
U008186,C000816,2025-12-20,2.24,141,75
U008187,C000379,2026-04-30,1.56,194,95
U008188,C000026,2025-11-24,3.88,224,71
U008189,C000916,2026-07-29,1.52,113,25
U008190,C000689,2026-01-23,2.36,137,51
U008191,C000728,2026-03-27,2.29,32,69
U008192,C000316,2026-05-24,0.82,73,49
U008193,C000732,2026-02-20,2.99,206,32
U008194,C000754,2025-12-30,0.55,218,21
U008195,C000677,2026-02-14,1.66,62,8
U008196,C000580,2026-04-18,3.71,268,22
U008197,C000560,2026-03-01,0.59,41,92
U008198,C000833,2026-01-04,3.99,82,28
U008199,C000166,2026-03-26,4.75,35,69
U008200,C000259,2026-04-04,3.51,105,60
U008201,C000016,2026-04-17,1.79,283,48
U008202,C000528,2026-04-07,0.17,140,26
U008203,C000192,2026-03-10,4.35,58,60
U008204,C000571,2026-09-11,4.59,169,94
U008205,C000805,2026-08-14,2.86,174,7
U008206,C000850,2025-10-10,3.67,233,15
U008207,C000702,2026-02-10,2.2,237,84
U008208,C000630,2026-03-17,1.2,50,46
U008209,C000693,2025-11-05,2.88,139,95
U008210,C000114,2026-06-25,3.92,198,95
U008211,C000200,2026-01-10,4.0,22,86
U008212,C000830,2025-10-26,0.33,286,33
U008213,C000372,2025-12-16,3.07,132,44
U008214,C000592,2026-04-25,2.37,36,89
U008215,C000689,2026-08-13,0.35,247,64
U008216,C000077,2025-10-07,4.95,161,89
U008217,C000057,2025-11-04,0.66,94,90
U008218,C000879,2026-09-02,0.9,132,35
U008219,C000379,2026-03-17,0.52,34,88
U008220,C000787,2026-07-03,4.35,96,24
U008221,C000828,2025-12-12,0.17,287,41
U008222,C000815,2026-01-31,0.13,115,75
U008223,C000466,2026-04-04,1.75,39,11
U008224,C000482,2026-02-02,3.65,143,69
U008225,C000518,2026-06-11,4.17,299,41
U008226,C000514,2026-08-27,4.63,270,43
U008227,C000560,2026-02-22,2.09,145,42
U008228,C000294,2026-05-11,2.14,213,93
U008229,C000263,2025-12-17,3.66,51,11
U008230,C000725,2025-12-05,0.73,46,27
U008231,C000824,2026-02-07,0.97,93,46
U008232,C000211,2026-03-12,2.76,79,64
U008233,C000196,2026-05-02,4.55,28,43
U008234,C000034,2026-02-19,1.62,207,100
U008235,C000849,2025-10-26,2.41,271,0
U008236,C000930,2026-07-23,4.22,255,14
U008237,C000838,2026-03-19,3.18,121,17
U008238,C000265,2026-06-20,0.2,147,95
U008239,C000495,2025-11-19,3.65,84,58
U008240,C000222,2025-12-25,2.14,202,59
U008241,C000216,2025-10-18,2.2,78,41
U008242,C000038,2025-11-07,3.5,197,64
U008243,C000349,2026-05-28,0.55,142,96
U008244,C000959,2025-10-07,2.57,101,63
U008245,C000022,2026-08-23,3.65,69,1
U008246,C000861,2026-04-20,3.74,45,42
U008247,C000281,2026-01-21,4.42,174,57
U008248,C000096,2025-10-01,3.3,93,72
U008249,C000760,2025-11-15,2.94,111,18
U008250,C000369,2026-08-23,0.21,213,21
U008251,C000175,2025-11-15,3.33,226,85
U008252,C000041,2026-04-07,2.76,36,49
U008253,C000264,2026-07-16,4.36,131,33
U008254,C000216,2026-02-01,1.1,75,62
U008255,C000033,2025-10-28,3.45,5,36
U008256,C000644,2026-02-01,0.41,151,5
U008257,C000279,2026-07-21,0.48,72,14
U008258,C000253,2025-10-09,0.39,117,7
U008259,C000126,2026-03-21,1.11,70,35
U008260,C000636,2026-09-09,3.13,82,27
U008261,C000506,2025-10-25,3.0,188,42
U008262,C000652,2026-05-15,1.64,245,47
U008263,C000386,2025-11-18,3.67,275,26
U008264,C000202,2026-09-03,2.9,93,10
U008265,C000021,2026-07-19,4.47,71,59
U008266,C000746,2025-10-08,1.64,100,20
U008267,C000981,2026-02-17,3.39,69,74
U008268,C000199,2026-03-01,0.78,119,42
U008269,C000953,2025-11-05,3.1,225,38
U008270,C000787,2025-10-14,3.77,290,15
U008271,C000207,2026-05-26,4.33,73,61
U008272,C000103,2025-12-02,3.92,82,31
U008273,C000763,2026-02-21,3.41,226,72
U008274,C000202,2025-11-29,1.08,272,27
U008275,C000130,2026-03-23,2.51,14,11
U008276,C000605,2025-10-15,0.53,122,34
U008277,C000762,2026-02-09,3.11,110,92
U008278,C000809,2026-02-07,3.1,86,62
U008279,C000944,2026-02-17,1.25,297,65
U008280,C000359,2025-10-18,2.47,175,69
U008281,C000725,2026-03-04,3.95,88,13
U008282,C000872,2026-01-13,4.89,288,68
U008283,C000208,2026-08-05,1.52,249,85
U008284,C000343,2026-02-25,4.36,51,75
U008285,C000912,2026-09-17,4.85,203,6
U008286,C000235,2026-06-19,1.65,192,70
U008287,C000007,2026-04-15,0.48,36,72
U008288,C000246,2026-05-21,3.44,211,52
U008289,C000052,2026-02-14,1.71,22,57
U008290,C000537,2026-07-27,0.91,86,75
U008291,C000735,2026-04-24,3.53,215,28
U008292,C000676,2026-01-23,4.97,31,81
U008293,C000152,2026-05-10,3.28,113,66
U008294,C000501,2026-02-08,1.74,166,39
U008295,C000916,2025-12-18,1.99,108,52
U008296,C000936,2026-04-05,3.73,217,73
U008297,C000867,2026-02-08,3.57,161,34
U008298,C000241,2025-09-29,4.3,29,69
U008299,C000587,2025-12-12,2.37,126,37
U008300,C000622,2025-11-17,4.79,71,23
U008301,C000318,2026-04-26,0.71,170,69
U008302,C000575,2026-01-22,2.22,179,5
U008303,C000214,2026-07-23,4.85,187,41
U008304,C000433,2026-03-10,1.1,300,72
U008305,C000497,2025-11-02,2.8,133,28
U008306,C000175,2026-04-17,2.47,112,79
U008307,C000603,2026-07-09,1.84,1,7
U008308,C000191,2026-06-16,4.73,225,71
U008309,C000408,2025-11-27,2.07,154,100
U008310,C000967,2026-03-20,1.71,299,36
U008311,C000306,2025-12-20,0.25,249,35
U008312,C000692,2025-09-25,1.22,73,74
U008313,C000307,2025-11-07,1.26,137,9
U008314,C000355,2025-12-13,2.83,190,49
U008315,C000363,2026-02-26,1.39,113,80
U008316,C000414,2026-07-27,0.34,292,86
U008317,C000619,2026-03-18,4.76,91,26
U008318,C000950,2026-01-03,0.4,61,34
U008319,C000240,2026-08-08,0.52,159,11
U008320,C000995,2025-10-12,1.29,214,9
U008321,C000569,2025-11-14,0.77,300,57
U008322,C000905,2026-04-06,4.16,280,49
U008323,C000285,2025-10-08,4.89,211,45
U008324,C000700,2026-08-04,0.64,104,70
U008325,C000168,2025-12-17,2.16,15,87
U008326,C000631,2026-06-04,0.95,124,20
U008327,C000955,2025-10-22,2.61,163,44
U008328,C000458,2026-08-19,4.07,139,73
U008329,C000137,2026-01-27,1.94,98,6
U008330,C000450,2026-08-19,1.81,161,46
U008331,C000365,2026-06-01,3.66,48,4
U008332,C000345,2025-12-14,3.43,212,49
U008333,C000254,2025-12-13,4.79,9,46
U008334,C000296,2025-12-19,1.1,208,75
U008335,C000517,2026-05-17,4.74,293,92
U008336,C000121,2025-09-26,1.38,243,96
U008337,C000649,2026-05-18,1.5,148,96
U008338,C000187,2026-02-15,1.65,89,5
U008339,C000036,2025-11-01,4.76,162,58
U008340,C000911,2026-06-07,0.56,87,26
U008341,C000610,2026-03-21,2.49,165,46
U008342,C000590,2025-10-05,4.39,94,85
U008343,C000373,2025-12-28,1.07,148,12
U008344,C000144,2025-11-09,3.68,190,25
U008345,C000506,2026-07-23,4.05,133,19
U008346,C000444,2026-05-22,1.62,56,16
U008347,C000167,2026-06-20,1.51,90,89
U008348,C000815,2025-12-06,2.73,242,4
U008349,C000262,2026-08-22,2.38,241,28
U008350,C000243,2025-10-15,4.7,198,42
U008351,C000141,2026-02-03,1.79,136,40
U008352,C000705,2026-08-20,4.2,37,63
U008353,C000168,2026-07-20,4.55,216,2
U008354,C000636,2025-09-26,0.83,206,46
U008355,C000342,2026-05-04,1.44,300,82
U008356,C000466,2026-07-31,4.29,61,53
U008357,C000013,2026-05-21,3.92,207,19
U008358,C000075,2025-12-19,0.65,3,87
U008359,C000340,2025-12-15,3.31,188,3
U008360,C000495,2026-08-11,4.02,96,21
U008361,C000324,2026-08-31,0.95,230,41
U008362,C000891,2025-10-08,4.18,260,12
U008363,C000560,2026-01-23,3.62,131,22
U008364,C000134,2026-02-04,1.41,166,51
U008365,C000427,2026-03-17,4.69,233,97
U008366,C000563,2026-05-10,1.8,213,3
U008367,C000546,2025-10-29,1.12,143,75
U008368,C000300,2025-10-07,0.46,300,4
U008369,C000393,2026-01-29,3.5,172,72
U008370,C000246,2026-09-08,4.95,168,72
U008371,C000477,2026-08-31,3.25,237,64
U008372,C000121,2025-10-13,1.95,151,53
U008373,C000076,2026-02-05,4.09,226,99
U008374,C000959,2026-03-22,3.26,140,82
U008375,C000766,2026-03-17,1.01,146,70
U008376,C000458,2026-07-19,2.61,94,18
U008377,C000447,2025-09-30,2.45,279,11
U008378,C000861,2026-06-17,1.7,108,81
U008379,C000438,2026-08-11,2.13,215,79
U008380,C000425,2025-11-15,0.37,263,71
U008381,C000396,2025-11-17,3.16,235,51
U008382,C000617,2025-11-28,3.05,123,10
U008383,C000224,2026-06-23,2.8,89,61
U008384,C000639,2026-06-24,2.36,265,76
U008385,C000314,2026-08-13,0.91,120,10
U008386,C000150,2026-04-05,1.87,118,23
U008387,C000056,2026-07-15,2.59,34,98
U008388,C000669,2026-05-14,0.15,5,87
U008389,C000287,2026-07-29,1.33,139,61
U008390,C000021,2026-01-13,1.87,138,89
U008391,C000758,2026-03-26,0.52,116,36
U008392,C000452,2026-01-02,4.08,134,41
U008393,C000310,2025-12-02,1.01,19,61
U008394,C000524,2026-05-04,3.77,221,34
U008395,C000552,2025-10-07,2.1,105,13
U008396,C000639,2026-06-28,1.5,224,100
U008397,C000941,2026-03-06,1.92,94,57
U008398,C000113,2026-06-16,0.41,268,79
U008399,C000577,2026-01-21,0.26,216,63
U008400,C000389,2026-01-27,4.52,152,35
U008401,C000361,2026-09-09,0.71,150,10
U008402,C000703,2026-09-15,1.55,180,7
U008403,C000367,2026-03-31,0.38,108,63
U008404,C000451,2025-09-30,0.46,186,15
U008405,C000192,2026-02-14,4.24,73,71
U008406,C000093,2026-08-11,3.75,256,36
U008407,C000305,2026-06-21,4.01,182,48
U008408,C000379,2026-09-01,1.09,220,24
U008409,C000469,2026-06-01,1.88,257,60
U008410,C000459,2025-12-29,2.27,237,77
U008411,C000763,2026-01-08,0.57,296,11
U008412,C000269,2026-02-07,2.89,59,68
U008413,C000271,2026-04-04,3.7,230,9
U008414,C000133,2026-01-10,3.59,167,80
U008415,C000412,2026-07-04,0.58,202,2
U008416,C000564,2026-03-11,4.09,22,77
U008417,C000688,2026-02-16,4.88,0,55
U008418,C000841,2026-06-29,1.05,232,36
U008419,C000550,2026-04-20,2.3,265,1
U008420,C000182,2025-12-02,1.73,125,18
U008421,C000332,2026-03-14,2.5,136,50
U008422,C000060,2026-06-05,2.06,193,84
U008423,C000691,2025-11-22,4.49,40,87
U008424,C000334,2025-12-27,0.9,151,87
U008425,C000479,2026-01-22,1.68,224,63
U008426,C000872,2025-10-18,4.23,133,69
U008427,C000674,2026-02-04,2.74,213,95
U008428,C000638,2026-08-25,4.37,269,4
U008429,C000571,2025-12-13,4.29,143,100
U008430,C000365,2026-06-09,3.01,265,74
U008431,C000998,2026-05-30,0.91,38,77
U008432,C000511,2025-10-03,1.61,156,57
U008433,C000337,2026-06-29,0.62,171,79
U008434,C000452,2026-04-22,3.38,94,99
U008435,C000185,2025-12-28,2.74,20,73
U008436,C000657,2026-06-14,1.18,86,82
U008437,C000678,2025-10-08,3.34,105,87
U008438,C000539,2025-10-01,1.5,42,44
U008439,C000072,2025-12-31,0.13,196,93
U008440,C000814,2026-08-22,2.06,47,60
U008441,C000254,2026-06-22,1.67,3,99
U008442,C000073,2026-01-02,2.32,235,60
U008443,C000018,2026-03-05,1.64,201,15
U008444,C000029,2025-10-22,0.78,76,86
U008445,C000284,2026-08-07,3.73,223,36
U008446,C000880,2025-10-07,3.15,214,8
U008447,C000753,2026-06-29,1.39,214,95
U008448,C000586,2026-03-17,4.42,235,37
U008449,C000152,2026-09-17,0.97,107,52
U008450,C000711,2025-12-21,2.57,59,48
U008451,C000731,2026-06-24,0.99,188,49
U008452,C000426,2026-03-24,2.28,231,26
U008453,C000776,2025-12-10,4.03,155,18
U008454,C000482,2026-09-11,1.41,9,20
U008455,C000892,2026-04-21,3.03,41,40
U008456,C001000,2026-02-15,1.87,47,15
U008457,C000619,2026-03-09,0.2,41,54
U008458,C000469,2026-06-07,3.05,270,75
U008459,C000190,2026-03-01,2.11,124,48
U008460,C000910,2025-12-17,4.29,241,97
U008461,C000682,2025-10-03,1.47,113,95
U008462,C000730,2026-07-23,3.76,30,15
U008463,C000735,2026-01-03,3.99,91,8
U008464,C000039,2026-01-28,2.52,164,9
U008465,C000519,2026-01-16,0.48,144,28
U008466,C000466,2026-02-16,2.39,153,21
U008467,C000015,2025-10-13,2.33,276,59
U008468,C000533,2026-01-13,4.55,208,25
U008469,C000116,2026-07-07,3.96,91,33
U008470,C000684,2025-10-12,4.1,236,67
U008471,C000008,2026-04-07,2.26,280,59
U008472,C000337,2026-06-23,3.34,287,26
U008473,C000563,2025-11-04,0.43,243,68
U008474,C000228,2026-09-09,4.7,249,28
U008475,C000652,2026-07-23,0.46,257,16
U008476,C000035,2026-09-11,2.13,17,24
U008477,C000416,2026-07-04,4.87,70,18
U008478,C000739,2026-02-05,2.16,78,62
U008479,C000912,2026-04-04,1.84,242,76
U008480,C000019,2026-05-09,4.95,215,61
U008481,C000270,2025-12-14,0.44,251,85
U008482,C000183,2025-12-16,0.18,135,51
U008483,C000642,2025-10-22,0.53,284,53
U008484,C000675,2026-02-21,1.75,78,35
U008485,C000492,2025-12-19,3.15,237,40
U008486,C000944,2025-12-07,0.87,148,54
U008487,C000172,2025-12-08,1.44,124,42
U008488,C000631,2026-08-21,0.5,40,54
U008489,C000856,2026-07-18,4.29,238,91
U008490,C000811,2026-02-11,0.81,90,57
U008491,C000011,2026-05-25,4.86,274,18
U008492,C000679,2026-02-12,0.95,143,29
U008493,C000791,2026-08-26,2.18,106,72
U008494,C000071,2026-08-27,3.98,92,90
U008495,C000253,2026-03-29,1.14,34,26
U008496,C000909,2025-11-26,3.33,241,93
U008497,C000145,2026-08-25,3.26,69,9
U008498,C000374,2026-02-09,0.5,187,58
U008499,C000318,2026-06-11,2.1,81,72
U008500,C000997,2026-05-07,1.25,271,82
U008501,C000141,2026-07-10,2.92,231,39
U008502,C000451,2025-09-27,3.35,214,64
U008503,C000224,2026-04-27,0.23,86,61
U008504,C000819,2026-05-24,0.61,55,4
U008505,C000830,2026-07-21,3.48,234,29
U008506,C000040,2026-07-19,1.79,126,19
U008507,C000760,2026-09-09,4.0,289,58
U008508,C000168,2026-06-23,3.24,33,9
U008509,C000630,2026-06-16,0.62,119,5
U008510,C000156,2026-04-17,3.46,191,66
U008511,C000247,2025-11-07,1.23,77,73
U008512,C000965,2025-11-11,3.62,95,50
U008513,C000401,2026-07-19,3.11,185,3
U008514,C000850,2026-01-22,0.47,67,100
U008515,C000758,2026-05-03,3.32,269,98
U008516,C000380,2025-11-04,4.9,99,74
U008517,C000433,2026-07-13,1.58,80,68
U008518,C000643,2026-01-28,1.73,251,1
U008519,C000401,2026-07-28,0.29,184,81
U008520,C000024,2025-10-30,2.51,192,98
U008521,C000002,2026-08-16,0.21,40,41
U008522,C000294,2026-06-03,2.39,204,88
U008523,C000675,2025-11-20,0.39,144,19
U008524,C000854,2026-08-04,0.45,102,53
U008525,C000491,2025-10-03,1.46,151,9
U008526,C000741,2025-09-25,0.76,138,73
U008527,C000919,2026-07-25,3.89,293,22
U008528,C000379,2025-10-30,0.72,255,97
U008529,C000306,2025-11-11,1.0,101,42
U008530,C000962,2026-01-02,3.44,198,11
U008531,C000762,2026-04-24,1.19,295,24
U008532,C000659,2025-10-01,4.16,202,97
U008533,C000537,2026-04-21,2.8,128,63
U008534,C000246,2026-08-10,1.27,58,55
U008535,C000450,2025-12-28,4.19,149,99
U008536,C000686,2026-01-01,0.7,222,38
U008537,C000336,2025-11-04,1.97,244,43
U008538,C000780,2025-11-13,0.49,231,23
U008539,C000689,2026-06-15,2.73,126,68
U008540,C000801,2026-03-25,3.88,139,36
U008541,C000247,2026-05-11,3.72,242,64
U008542,C000839,2026-06-18,2.89,118,7
U008543,C000123,2025-11-16,0.55,264,34
U008544,C000527,2026-01-17,4.03,103,48
U008545,C000917,2025-11-19,2.82,121,58
U008546,C000361,2026-03-18,1.12,213,66
U008547,C000061,2026-05-29,1.66,27,11
U008548,C000850,2026-02-05,0.37,69,57
U008549,C000517,2026-04-12,1.04,71,85
U008550,C000332,2025-10-18,0.41,243,72
U008551,C000770,2026-07-01,4.82,215,92
U008552,C000218,2026-06-13,3.99,21,55
U008553,C000675,2026-06-16,1.22,62,15
U008554,C000061,2026-08-19,3.51,299,66
U008555,C000260,2025-12-20,4.45,265,84
U008556,C000528,2025-11-28,0.28,121,54
U008557,C000092,2026-01-25,0.77,26,14
U008558,C000281,2025-11-01,0.97,174,93
U008559,C000390,2026-04-03,0.41,96,76
U008560,C000456,2026-04-08,3.56,87,76
U008561,C000810,2025-10-06,0.96,44,44
U008562,C000966,2026-05-19,3.27,255,45
U008563,C000808,2026-02-02,4.98,180,98
U008564,C000947,2025-10-14,3.51,25,69
U008565,C000893,2026-04-30,2.07,101,24
U008566,C000240,2026-03-03,4.46,109,53
U008567,C000416,2026-01-28,3.47,87,95
U008568,C000785,2026-07-25,0.39,107,4
U008569,C000976,2026-09-09,3.23,208,42
U008570,C000765,2026-08-26,3.9,294,90
U008571,C000181,2026-04-15,0.71,226,53
U008572,C000437,2026-03-05,2.93,214,19
U008573,C000690,2026-02-10,4.45,134,55
U008574,C000393,2025-09-23,4.8,141,12
U008575,C000211,2026-06-21,1.91,54,14
U008576,C000448,2026-09-02,2.48,152,28
U008577,C000534,2026-07-05,4.57,54,13
U008578,C000196,2026-06-28,0.65,274,70
U008579,C000496,2026-08-13,0.49,128,95
U008580,C000212,2025-11-19,1.55,44,91
U008581,C000174,2025-10-13,0.2,32,82
U008582,C000306,2026-03-05,2.31,89,33
U008583,C000748,2026-08-29,1.01,298,88
U008584,C000078,2026-02-09,3.04,207,39
U008585,C000084,2026-04-18,3.32,42,43
U008586,C000574,2026-03-04,2.09,184,80
U008587,C000058,2026-09-02,0.84,217,83
U008588,C000591,2026-09-10,1.12,47,55
U008589,C000823,2026-07-09,2.83,150,64
U008590,C000531,2026-08-10,4.87,179,9
U008591,C000636,2026-03-07,2.14,105,54
U008592,C000908,2026-02-16,4.72,239,77
U008593,C000093,2026-02-16,3.4,49,29
U008594,C000895,2026-07-08,1.26,16,36
U008595,C000929,2026-03-23,3.72,32,69
U008596,C000167,2025-11-16,3.7,196,95
U008597,C000026,2026-06-11,1.09,171,97
U008598,C000057,2026-05-20,1.68,139,44
U008599,C000606,2026-08-30,4.63,253,98
U008600,C000659,2026-05-24,2.34,255,97
U008601,C000466,2025-11-25,4.68,151,44
U008602,C000866,2025-10-18,0.39,50,79
U008603,C000039,2026-01-16,4.11,215,9
U008604,C000952,2025-11-27,3.36,30,44
U008605,C000928,2026-06-27,0.31,260,11
U008606,C000585,2026-03-05,4.48,282,75
U008607,C000674,2026-09-06,4.16,222,83
U008608,C000758,2026-06-01,1.14,48,65
U008609,C000362,2025-12-09,1.13,218,75
U008610,C000058,2025-12-06,4.92,93,5
U008611,C000327,2026-04-12,2.9,151,7
U008612,C000515,2026-03-03,0.87,224,17
U008613,C000484,2026-02-13,2.05,113,75
U008614,C000525,2025-10-29,1.73,224,44
U008615,C000576,2025-10-14,1.65,70,72
U008616,C000699,2026-03-23,2.65,272,88
U008617,C000253,2026-04-25,3.19,160,24
U008618,C000223,2026-07-18,0.63,207,0
U008619,C000411,2025-12-16,1.27,280,7
U008620,C000534,2026-08-31,2.9,55,98
U008621,C000776,2025-10-03,1.81,276,93
U008622,C000457,2026-05-13,1.58,11,30
U008623,C000655,2025-12-15,4.89,47,83
U008624,C000422,2026-02-20,2.68,95,50
U008625,C000731,2026-01-22,1.7,239,63
U008626,C000273,2026-02-27,0.52,288,28
U008627,C000878,2025-10-13,4.77,162,11
U008628,C000206,2026-08-28,0.93,7,43
U008629,C000264,2026-02-27,4.92,61,60
U008630,C000278,2026-01-29,1.41,98,80
U008631,C000873,2026-04-18,4.54,227,73
U008632,C000985,2026-03-26,3.48,75,44
U008633,C000370,2026-04-20,1.01,226,47
U008634,C000742,2026-08-13,2.65,291,84
U008635,C000714,2026-06-03,4.29,296,13
U008636,C000888,2026-08-29,2.16,189,9
U008637,C000092,2026-07-16,3.36,237,96
U008638,C000533,2026-09-10,4.33,87,71
U008639,C000865,2025-12-16,4.79,197,84
U008640,C000554,2026-06-27,4.13,2,62
U008641,C000826,2026-02-15,4.51,85,4
U008642,C000665,2026-01-22,4.08,199,55
U008643,C000327,2026-08-19,4.68,180,48
U008644,C000924,2026-03-03,2.82,275,78
U008645,C000109,2026-04-13,4.08,233,61
U008646,C000993,2025-12-30,3.56,138,84
U008647,C000994,2026-05-06,3.13,300,17
U008648,C000713,2026-05-11,4.13,17,67
U008649,C000559,2026-08-25,1.04,59,11
U008650,C000696,2025-10-12,3.77,90,75
U008651,C000097,2026-07-05,4.58,296,42
U008652,C000038,2025-11-17,3.44,56,0
U008653,C000780,2026-07-26,0.96,276,16
U008654,C000823,2026-06-19,0.52,262,24
U008655,C000893,2026-06-09,4.09,253,89
U008656,C000344,2026-07-06,4.11,245,11
U008657,C000363,2025-11-06,3.18,124,92
U008658,C000352,2025-11-07,1.66,111,88
U008659,C000425,2026-03-12,0.99,181,38
U008660,C000648,2025-10-11,1.46,37,13
U008661,C000215,2026-07-04,1.66,107,27
U008662,C000642,2026-01-23,0.34,137,16
U008663,C000957,2025-12-23,1.74,162,18
U008664,C000860,2026-02-20,0.51,227,17
U008665,C000356,2025-10-20,0.35,171,83
U008666,C000022,2025-12-04,0.68,64,38
U008667,C000085,2026-01-30,4.85,228,59
U008668,C000724,2025-11-15,4.97,94,48
U008669,C000157,2026-06-19,3.42,39,40
U008670,C000239,2025-10-28,0.44,209,81
U008671,C000805,2026-04-11,4.85,56,28
U008672,C000203,2026-04-30,2.54,109,91
U008673,C000600,2026-06-17,3.61,92,48
U008674,C000432,2026-05-05,3.48,25,5
U008675,C000540,2025-10-25,2.96,8,49
U008676,C000977,2026-08-06,0.44,141,54
U008677,C000166,2026-09-09,4.56,295,45
U008678,C000738,2026-03-08,1.95,89,75
U008679,C000613,2026-03-16,4.88,119,77
U008680,C000957,2026-05-11,4.69,63,56
U008681,C000863,2026-08-06,3.88,6,74
U008682,C000541,2026-06-16,3.73,67,6
U008683,C000938,2026-07-04,0.72,31,98
U008684,C000508,2025-09-30,4.22,43,58
U008685,C000681,2026-02-19,3.67,254,54
U008686,C000356,2025-09-29,1.75,213,32
U008687,C000159,2026-05-10,0.79,142,3
U008688,C000266,2025-10-17,3.15,80,20
U008689,C000127,2025-11-18,2.81,9,9
U008690,C000292,2026-03-30,3.54,195,53
U008691,C000403,2026-02-23,4.2,129,87
U008692,C000177,2026-07-05,1.87,278,62
U008693,C000464,2025-11-25,3.35,172,52
U008694,C000398,2025-11-19,4.38,259,70
U008695,C000990,2026-02-20,3.3,54,5
U008696,C000364,2026-03-10,1.38,142,73
U008697,C000957,2026-08-16,4.59,72,50
U008698,C000948,2026-01-31,1.31,142,53
U008699,C000267,2026-01-17,2.68,188,48
U008700,C000893,2025-10-16,3.62,255,87
U008701,C000570,2026-03-05,1.07,178,19
U008702,C000297,2025-11-29,3.28,225,66
U008703,C000995,2025-12-01,2.77,5,84
U008704,C000819,2025-10-25,1.74,278,46
U008705,C000673,2026-01-11,1.07,220,72
U008706,C000235,2026-03-09,1.93,155,10
U008707,C000911,2025-12-23,3.29,148,23
U008708,C000186,2026-06-09,0.12,206,67
U008709,C000202,2026-08-10,1.12,135,73
U008710,C000277,2026-03-28,1.08,269,14
U008711,C000844,2025-12-28,2.29,153,96
U008712,C000371,2026-08-23,4.08,118,52
U008713,C000060,2025-12-21,0.21,177,41
U008714,C000024,2026-03-26,4.51,41,98
U008715,C000456,2025-10-12,0.34,149,74
U008716,C000914,2025-11-22,0.3,136,78
U008717,C000484,2026-06-04,4.78,91,4
U008718,C000441,2026-06-17,0.95,145,97
U008719,C000564,2025-11-30,4.07,196,13
U008720,C000182,2025-11-29,0.85,222,53
U008721,C000763,2026-04-09,4.3,78,37
U008722,C000643,2026-01-01,0.52,162,91
U008723,C000348,2026-06-07,4.24,283,35
U008724,C000457,2025-12-17,4.31,215,77
U008725,C000338,2026-02-05,0.64,191,3
U008726,C000526,2026-02-05,3.38,283,32
U008727,C000489,2026-03-19,2.42,249,33
U008728,C000283,2026-08-25,1.5,73,62
U008729,C000999,2026-07-24,4.8,227,95
U008730,C000115,2026-06-20,3.3,279,34
U008731,C000690,2026-08-11,1.97,251,94
U008732,C000521,2025-11-04,1.71,233,10
U008733,C000391,2025-12-30,4.18,276,91
U008734,C000567,2026-02-23,3.82,7,84
U008735,C000872,2026-03-01,0.53,285,53
U008736,C000388,2026-01-04,2.24,218,54
U008737,C000985,2026-08-10,4.44,52,42
U008738,C000111,2025-11-19,3.45,113,100
U008739,C000261,2026-08-16,3.75,250,69
U008740,C000001,2026-09-08,3.12,124,93
U008741,C000333,2025-10-29,0.49,97,70
U008742,C000271,2026-02-23,1.46,161,64
U008743,C000721,2025-11-21,4.0,65,84
U008744,C000857,2026-08-20,1.3,144,14
U008745,C000883,2026-02-03,3.04,256,81
U008746,C000405,2026-04-25,0.88,117,13
U008747,C000215,2025-12-20,4.86,176,70
U008748,C000977,2026-01-23,0.96,110,76
U008749,C000104,2026-02-22,4.96,101,8
U008750,C000220,2026-02-09,2.83,167,23
U008751,C000388,2025-12-15,3.53,290,13
U008752,C000817,2025-10-04,1.82,122,36
U008753,C000139,2026-04-01,4.33,128,39
U008754,C000506,2025-11-12,1.17,143,89
U008755,C000686,2026-05-15,2.55,212,61
U008756,C000300,2026-08-11,0.91,216,93
U008757,C000040,2026-05-30,3.01,80,58
U008758,C000885,2026-08-24,4.49,88,56
U008759,C000704,2026-08-21,0.2,281,24
U008760,C000647,2025-10-11,0.43,242,87
U008761,C000628,2026-04-14,4.2,205,18
U008762,C000144,2026-08-28,2.82,217,80
U008763,C000578,2025-12-27,4.33,19,17
U008764,C000318,2025-10-18,0.9,88,69
U008765,C000774,2026-03-28,4.62,120,50
U008766,C000866,2026-04-28,0.76,56,37
U008767,C000416,2026-03-05,3.77,176,35
U008768,C000390,2026-05-11,4.35,260,51
U008769,C000786,2026-03-26,3.99,228,12
U008770,C000087,2026-08-27,0.39,254,14
U008771,C000552,2026-03-26,4.6,108,3
U008772,C000159,2026-03-30,4.74,29,30
U008773,C000967,2025-10-31,3.77,180,69
U008774,C000081,2026-02-25,3.44,71,66
U008775,C000069,2026-02-23,0.5,143,59
U008776,C000697,2026-05-24,3.57,291,76
U008777,C000194,2025-11-11,0.48,48,93
U008778,C000626,2026-06-11,1.32,133,24
U008779,C000328,2026-08-24,0.29,116,34
U008780,C000014,2025-10-06,3.33,246,24
U008781,C000207,2026-05-21,1.33,247,34
U008782,C000865,2025-11-21,3.54,119,90
U008783,C000609,2026-02-24,0.35,97,2
U008784,C000598,2025-10-19,2.59,56,55
U008785,C000064,2026-06-20,4.92,90,58
U008786,C000451,2025-09-29,4.49,103,63
U008787,C000419,2026-08-14,4.09,272,60
U008788,C000502,2026-03-06,4.51,280,88
U008789,C000296,2026-03-19,2.4,289,7
U008790,C000133,2026-08-26,2.68,139,18
U008791,C000990,2026-04-08,3.42,64,27
U008792,C000104,2025-12-08,4.01,166,5
U008793,C000056,2026-03-14,2.22,233,66
U008794,C000534,2026-03-30,3.22,16,78
U008795,C000852,2026-06-01,2.72,56,47
U008796,C000637,2026-01-02,1.23,64,41
U008797,C000372,2026-09-13,4.67,65,47
U008798,C000478,2025-10-30,3.49,77,97
U008799,C000226,2025-11-18,3.81,209,30
U008800,C000768,2026-05-10,0.14,36,31
U008801,C000977,2026-07-16,1.41,272,6
U008802,C000137,2026-07-20,0.22,214,95
U008803,C000638,2026-03-21,2.73,3,38
U008804,C000180,2025-11-14,1.26,143,94
U008805,C000072,2026-06-11,0.74,151,19
U008806,C000100,2026-02-21,4.98,9,31
U008807,C000881,2026-04-11,2.68,37,29
U008808,C000861,2026-04-16,4.53,167,12
U008809,C000566,2026-08-27,2.49,203,55
U008810,C000112,2026-07-20,0.39,60,5
U008811,C000642,2026-09-18,0.38,297,39
U008812,C000463,2026-09-17,1.31,190,99
U008813,C000722,2025-11-06,4.26,257,25
U008814,C000608,2026-02-19,0.51,16,83
U008815,C000012,2026-06-27,2.7,135,94
U008816,C000501,2026-07-16,0.9,279,25
U008817,C000596,2025-12-25,4.58,10,4
U008818,C000704,2026-08-07,4.5,158,61
U008819,C000008,2025-11-14,0.29,37,60
U008820,C000010,2026-04-27,1.34,68,53
U008821,C000387,2025-10-12,4.96,59,8
U008822,C000758,2025-12-25,4.56,114,83
U008823,C000500,2026-05-01,4.23,194,71
U008824,C000221,2026-06-12,1.69,174,95
U008825,C000044,2026-05-19,1.61,96,17
U008826,C000107,2026-06-23,2.35,127,79
U008827,C000004,2026-07-13,4.07,185,93
U008828,C000253,2025-10-27,2.64,125,69
U008829,C000439,2026-04-16,2.67,243,4
U008830,C000460,2025-12-09,0.3,168,29
U008831,C000658,2025-12-05,3.93,206,87
U008832,C000066,2026-01-08,4.55,249,4
U008833,C000038,2025-11-07,1.2,172,35
U008834,C000719,2026-02-05,2.75,107,59
U008835,C000208,2025-11-07,0.51,25,18
U008836,C000576,2026-08-02,1.39,106,20
U008837,C000938,2026-02-12,1.02,106,92
U008838,C000973,2026-04-27,2.97,35,70
U008839,C000542,2026-03-16,4.61,46,61
U008840,C000979,2026-09-01,0.31,72,26
U008841,C000521,2025-10-23,0.99,246,10
U008842,C000671,2026-01-26,3.08,148,61
U008843,C000303,2026-01-08,3.89,126,10
U008844,C000007,2026-03-25,0.66,234,93
U008845,C000471,2026-06-24,4.41,32,57
U008846,C000084,2026-07-29,4.84,204,38
U008847,C000916,2026-05-30,4.73,150,50
U008848,C000303,2026-05-16,0.37,3,91
U008849,C000031,2025-10-23,2.84,173,4
U008850,C000513,2026-04-28,3.93,45,0
U008851,C000741,2026-07-15,2.57,175,28
U008852,C000163,2025-12-01,1.15,174,56
U008853,C000637,2026-05-29,3.35,212,14
U008854,C000618,2026-08-04,3.59,49,2
U008855,C000634,2025-10-05,0.75,93,11
U008856,C000728,2026-06-16,3.56,221,60
U008857,C000758,2025-12-12,4.21,29,9
U008858,C000995,2025-10-24,0.8,182,7
U008859,C000773,2025-10-13,3.86,186,77
U008860,C000046,2026-06-15,3.21,285,80
U008861,C000222,2026-02-23,2.5,194,54
U008862,C000002,2025-10-13,1.87,268,64
U008863,C000249,2026-02-01,2.13,203,0
U008864,C000748,2025-11-28,2.06,88,28
U008865,C000316,2026-04-29,4.28,295,56
U008866,C000279,2026-04-06,4.55,41,36
U008867,C000548,2025-12-09,2.18,6,86
U008868,C000914,2025-11-13,4.4,85,44
U008869,C000354,2025-12-28,2.82,182,88
U008870,C000598,2026-08-03,3.61,1,33
U008871,C000420,2026-07-18,4.75,39,62
U008872,C000056,2026-04-10,4.31,79,79
U008873,C000061,2026-09-06,3.86,66,39
U008874,C000854,2025-12-24,2.12,143,42
U008875,C000757,2025-10-27,2.4,190,52
U008876,C000010,2025-11-26,3.39,23,18
U008877,C000129,2025-12-04,2.26,118,51
U008878,C000363,2025-10-10,1.63,172,51
U008879,C000843,2026-03-26,3.39,152,95
U008880,C000800,2026-07-20,2.98,78,68
U008881,C000490,2026-05-04,4.58,118,22
U008882,C000289,2026-05-13,2.85,112,52
U008883,C000001,2026-03-11,0.28,145,2
U008884,C000177,2025-11-09,2.98,2,96
U008885,C000115,2026-09-18,4.97,218,56
U008886,C000176,2026-02-03,0.86,289,22
U008887,C000296,2026-03-31,1.36,299,78
U008888,C000655,2025-12-29,4.86,98,11
U008889,C000838,2025-12-15,1.07,189,7
U008890,C000454,2026-05-30,3.07,265,87
U008891,C000643,2026-06-25,0.11,200,51
U008892,C000698,2026-07-10,0.67,65,25
U008893,C000558,2026-03-19,2.14,63,5
U008894,C000776,2026-08-09,3.28,287,30
U008895,C000274,2026-09-21,4.03,229,67
U008896,C000105,2026-05-04,0.75,271,47
U008897,C000820,2026-06-28,4.74,122,19
U008898,C000098,2026-02-18,3.09,171,31
U008899,C000319,2025-12-07,2.58,79,91
U008900,C000222,2026-05-01,2.54,190,88
U008901,C000993,2026-06-23,3.66,289,44
U008902,C000989,2026-01-24,4.31,236,75
U008903,C000309,2026-02-09,4.37,8,35
U008904,C000487,2025-12-18,1.28,165,42
U008905,C000564,2026-07-21,3.7,31,78
U008906,C000066,2025-10-29,3.96,181,1
U008907,C000767,2026-07-07,1.48,147,3
U008908,C000270,2026-02-27,2.37,33,22
U008909,C000855,2025-09-26,0.54,125,22
U008910,C000736,2026-02-21,2.6,0,77
U008911,C000814,2026-05-11,1.03,22,83
U008912,C000731,2025-10-08,4.55,240,14
U008913,C000871,2025-10-31,0.89,125,25
U008914,C000987,2026-09-20,0.18,60,75
U008915,C000692,2025-12-17,1.78,254,76
U008916,C000287,2026-07-12,4.99,94,1
U008917,C000522,2025-12-18,4.88,29,31
U008918,C000136,2026-07-29,0.6,74,62
U008919,C000251,2025-10-30,2.6,20,51
U008920,C000399,2025-11-22,4.04,216,38
U008921,C000262,2026-08-09,0.78,199,18
U008922,C000343,2025-12-02,0.12,178,18
U008923,C000588,2026-02-27,1.38,190,63
U008924,C000741,2026-05-28,4.63,188,55
U008925,C000697,2026-06-10,1.38,107,10
U008926,C000716,2025-12-25,1.58,273,5
U008927,C000954,2026-02-05,0.4,126,95
U008928,C000087,2026-08-12,3.63,162,0
U008929,C000195,2026-05-06,4.06,271,65
U008930,C000627,2025-11-05,4.2,176,83
U008931,C000293,2026-05-28,2.45,188,86
U008932,C000192,2025-12-21,0.23,257,10
U008933,C000204,2026-06-30,2.02,269,72
U008934,C000940,2026-01-13,3.43,139,42
U008935,C000652,2025-11-29,0.42,75,57
U008936,C000552,2026-02-04,2.87,196,23
U008937,C000608,2026-01-29,3.59,237,43
U008938,C000285,2025-10-07,1.49,289,7
U008939,C000754,2025-10-19,4.46,250,66
U008940,C000201,2026-09-08,2.26,5,35
U008941,C000906,2026-05-22,2.49,26,25
U008942,C000433,2025-10-07,2.54,217,53
U008943,C000297,2026-03-31,4.59,139,52
U008944,C000308,2026-03-16,2.46,42,63
U008945,C000054,2026-02-21,1.15,198,62
U008946,C000295,2026-01-13,0.99,185,98
U008947,C000723,2026-07-26,2.72,99,87
U008948,C000358,2025-10-16,2.59,128,46
U008949,C000919,2026-01-09,4.88,148,60
U008950,C000173,2026-07-17,3.13,230,74
U008951,C000245,2026-06-02,4.07,293,79
U008952,C000035,2026-06-05,2.61,280,65
U008953,C000198,2026-05-12,2.54,86,37
U008954,C000956,2025-12-02,3.23,262,98
U008955,C000696,2026-03-03,4.85,38,79
U008956,C000369,2025-10-01,2.65,157,19
U008957,C000348,2026-02-07,2.05,256,7
U008958,C000082,2026-02-02,2.29,286,74
U008959,C000307,2026-04-21,0.81,126,60
U008960,C000144,2026-06-19,0.19,263,26
U008961,C000769,2026-03-03,2.23,271,11
U008962,C000659,2026-04-19,4.8,239,96
U008963,C000008,2026-07-19,2.82,76,86
U008964,C000942,2026-01-30,0.5,22,42
U008965,C000045,2025-10-07,3.63,105,30
U008966,C000953,2026-09-13,3.64,171,53
U008967,C000298,2026-03-30,1.42,246,40
U008968,C000658,2026-03-31,4.45,81,33
U008969,C000455,2026-06-12,4.83,220,24
U008970,C000219,2026-04-21,3.8,200,62
U008971,C000409,2026-07-29,2.72,229,71
U008972,C000560,2025-10-12,4.41,86,73
U008973,C000273,2026-01-18,0.41,130,95
U008974,C000441,2026-03-10,0.96,110,14
U008975,C000401,2026-06-25,0.33,150,10
U008976,C000382,2025-11-01,2.68,47,40
U008977,C000875,2026-06-01,3.81,252,23
U008978,C000050,2026-04-18,1.94,172,83
U008979,C000356,2026-02-15,4.77,90,86
U008980,C000795,2026-03-24,4.06,279,85
U008981,C000123,2026-06-15,1.28,133,61
U008982,C000682,2026-01-12,3.9,223,21
U008983,C000685,2026-07-03,4.62,112,93
U008984,C000395,2026-02-12,2.53,275,100
U008985,C000316,2025-11-24,0.38,96,65
U008986,C000252,2026-04-01,1.88,261,49
U008987,C000375,2026-01-26,0.12,29,34
U008988,C000362,2026-04-02,1.22,206,27
U008989,C000392,2026-03-31,3.99,157,55
U008990,C000149,2026-03-02,3.33,19,46
U008991,C000485,2026-03-31,0.26,6,75
U008992,C000070,2026-03-30,3.14,176,78
U008993,C000218,2026-09-02,2.17,111,0
U008994,C000034,2026-08-12,0.58,11,95
U008995,C000094,2025-11-01,2.63,104,28
U008996,C000719,2026-06-15,2.62,224,1
U008997,C000126,2025-12-04,4.35,0,5
U008998,C000736,2025-10-31,3.11,36,17
U008999,C000757,2026-06-19,1.11,284,70
U009000,C000513,2025-10-01,4.94,287,83
U009001,C000618,2026-09-15,1.86,109,24
U009002,C000361,2025-11-16,1.95,210,15
U009003,C000798,2026-01-29,3.66,49,100
U009004,C000945,2026-07-05,1.48,240,95
U009005,C000784,2026-01-03,2.08,235,17
U009006,C000368,2025-10-20,0.76,106,1
U009007,C000132,2025-11-15,1.84,276,28
U009008,C000083,2026-01-06,2.56,16,60
U009009,C000141,2026-04-13,2.25,54,47
U009010,C000453,2026-01-27,0.72,26,59
U009011,C000852,2026-08-12,4.26,37,14
U009012,C000192,2026-04-20,4.93,30,19
U009013,C000783,2026-03-08,2.72,98,83
U009014,C000871,2026-07-08,2.11,31,20
U009015,C000831,2025-10-18,4.48,178,57
U009016,C000446,2025-10-27,1.96,232,3
U009017,C000724,2025-09-23,4.84,261,1
U009018,C000952,2025-10-04,2.47,288,60
U009019,C000626,2026-01-03,1.21,152,72
U009020,C000795,2025-12-28,4.86,21,69
U009021,C000045,2025-12-26,1.61,109,53
U009022,C000417,2025-10-04,4.5,46,17
U009023,C000208,2026-05-07,3.16,112,6
U009024,C000632,2026-08-30,3.37,245,91
U009025,C000920,2026-09-22,4.23,158,21
U009026,C000488,2026-02-25,1.84,57,93
U009027,C000459,2026-09-03,2.99,47,81
U009028,C000397,2026-07-22,4.22,230,18
U009029,C000493,2025-12-07,4.73,183,61
U009030,C000980,2026-09-19,3.97,74,5
U009031,C000628,2026-05-30,2.89,60,70
U009032,C000023,2026-05-19,4.49,15,64
U009033,C000479,2026-06-11,0.12,196,20
U009034,C000422,2026-03-16,2.2,200,29
U009035,C000098,2025-12-07,4.18,249,85
U009036,C000935,2025-10-15,1.94,105,100
U009037,C000165,2025-10-25,4.88,177,77
U009038,C000042,2026-09-18,3.8,43,31
U009039,C000798,2025-12-18,3.46,24,59
U009040,C000311,2026-06-09,2.48,233,42
U009041,C000550,2026-07-08,3.03,265,17
U009042,C000945,2026-08-30,0.91,202,62
U009043,C000528,2026-03-06,4.3,62,29
U009044,C000560,2026-01-08,4.87,101,12
U009045,C000878,2025-11-03,3.25,299,22
U009046,C000268,2026-03-17,2.87,284,36
U009047,C000075,2025-10-14,0.15,46,47
U009048,C000007,2026-05-04,4.23,296,15
U009049,C000758,2025-11-18,2.21,247,68
U009050,C000167,2026-08-30,2.59,41,62
U009051,C000514,2025-12-22,1.25,47,79
U009052,C000891,2025-10-23,3.76,145,32
U009053,C000059,2026-02-02,0.37,263,50
U009054,C000264,2026-09-02,1.37,187,3
U009055,C000573,2026-07-06,0.4,286,19
U009056,C000720,2026-03-12,4.86,196,10
U009057,C000592,2026-04-05,2.05,201,9
U009058,C000220,2026-04-20,2.04,107,18
U009059,C000510,2025-10-31,4.67,144,78
U009060,C000273,2026-06-12,3.88,287,90
U009061,C000050,2026-03-15,3.27,160,73
U009062,C000748,2025-11-19,2.3,58,48
U009063,C000788,2026-09-08,4.65,11,5
U009064,C000432,2026-07-30,2.04,81,95
U009065,C000220,2026-08-11,1.05,225,11
U009066,C000692,2026-08-17,2.8,92,3
U009067,C000878,2025-10-16,0.86,32,59
U009068,C000328,2025-12-25,4.27,85,83
U009069,C000179,2026-08-15,0.74,59,76
U009070,C000041,2026-09-04,3.16,288,75
U009071,C000935,2026-07-30,2.81,55,48
U009072,C000257,2026-04-08,0.13,227,81
U009073,C000504,2026-02-17,4.92,123,33
U009074,C000149,2026-05-10,2.17,0,48
U009075,C000236,2026-08-11,0.34,94,84
U009076,C000559,2026-07-14,0.39,129,27
U009077,C000265,2026-01-10,0.17,229,68
U009078,C000418,2026-07-08,2.12,78,20
U009079,C000157,2026-01-04,2.08,245,16
U009080,C000757,2026-01-09,3.87,197,12
U009081,C000971,2026-08-17,3.25,111,22
U009082,C000582,2026-04-12,0.52,191,93
U009083,C000388,2026-02-13,4.21,106,5
U009084,C000357,2026-05-16,0.91,59,46
U009085,C000071,2026-01-18,3.39,158,1
U009086,C000458,2026-02-03,0.42,285,78
U009087,C000038,2026-07-03,0.21,91,88
U009088,C000675,2026-04-20,1.42,120,73
U009089,C000841,2026-02-15,1.71,199,70
U009090,C000244,2025-11-29,3.67,140,46
U009091,C000904,2026-01-31,1.59,100,99
U009092,C000115,2025-11-25,4.61,173,73
U009093,C000031,2025-12-15,0.64,262,99
U009094,C000181,2026-03-12,0.33,151,64
U009095,C000038,2026-03-19,1.73,4,72
U009096,C000024,2025-11-25,2.8,175,8
U009097,C000585,2026-02-10,0.17,241,91
U009098,C000591,2026-05-11,0.78,183,91
U009099,C000940,2025-10-16,2.26,145,11
U009100,C000282,2026-07-30,0.95,241,63
U009101,C000157,2026-05-10,3.87,108,87
U009102,C000078,2026-01-17,1.55,223,60
U009103,C000573,2026-06-14,4.27,144,70
U009104,C000086,2026-09-20,3.75,144,15
U009105,C000355,2026-09-16,3.32,67,31
U009106,C000159,2025-10-24,1.22,234,6
U009107,C000820,2026-08-18,0.4,272,34
U009108,C000236,2025-11-23,4.26,219,19
U009109,C000874,2026-06-28,4.22,173,14
U009110,C000835,2026-07-12,2.06,267,40
U009111,C000260,2026-02-18,0.88,29,40
U009112,C000294,2026-01-30,1.59,293,19
U009113,C000740,2026-04-10,1.29,78,30
U009114,C000965,2026-01-05,0.39,94,44
U009115,C000480,2026-02-06,1.67,221,63
U009116,C000871,2026-03-08,0.17,156,55
U009117,C000966,2026-04-06,2.36,109,75
U009118,C000056,2025-11-06,0.64,255,42
U009119,C000960,2026-09-11,1.93,229,92
U009120,C000054,2026-04-19,1.93,203,89
U009121,C000839,2025-12-30,0.55,260,70
U009122,C000685,2026-06-26,4.63,72,97
U009123,C000973,2026-05-07,1.67,25,34
U009124,C000066,2026-05-19,2.72,42,27
U009125,C000116,2025-11-11,3.05,264,92
U009126,C000786,2025-12-20,0.5,4,34
U009127,C000340,2026-01-16,0.48,58,32
U009128,C000771,2026-07-29,4.46,115,40
U009129,C000064,2026-07-01,2.36,97,90
U009130,C000036,2025-09-30,3.76,59,70
U009131,C000980,2025-12-24,1.73,127,15
U009132,C000779,2026-05-02,2.36,157,10
U009133,C000608,2026-06-12,3.4,277,30
U009134,C000298,2025-12-16,1.87,108,34
U009135,C000315,2026-06-17,4.6,96,55
U009136,C000992,2026-06-25,4.9,101,5
U009137,C000249,2025-10-14,3.78,263,53
U009138,C000979,2025-10-20,1.23,90,78
U009139,C000441,2025-10-27,0.2,126,5
U009140,C000774,2025-11-10,1.32,143,11
U009141,C000097,2026-01-29,1.61,91,7
U009142,C000663,2026-01-05,2.57,167,74
U009143,C000172,2026-05-01,2.39,73,74
U009144,C000441,2026-03-07,4.41,23,42
U009145,C000514,2026-06-22,3.62,29,30
U009146,C000824,2026-01-18,1.59,61,27
U009147,C000323,2026-08-03,2.25,43,8
U009148,C000827,2025-12-13,4.25,105,71
U009149,C000129,2026-03-13,0.68,26,26
U009150,C000484,2026-07-28,4.54,236,80
U009151,C000649,2026-09-18,4.58,268,43
U009152,C000147,2025-10-10,0.88,102,46
U009153,C000079,2026-06-26,0.74,229,87
U009154,C000409,2026-06-03,4.55,48,45
U009155,C000073,2026-01-06,2.67,34,42
U009156,C000929,2025-12-26,4.4,35,52
U009157,C000760,2026-03-31,3.11,27,3
U009158,C000062,2026-08-12,2.78,114,70
U009159,C000798,2025-10-01,0.86,190,43
U009160,C000058,2025-12-22,1.12,263,47
U009161,C000985,2025-11-04,1.38,73,16
U009162,C000141,2025-11-15,4.62,49,35
U009163,C000781,2026-07-14,1.02,126,72
U009164,C000920,2025-09-28,0.25,96,8
U009165,C000423,2026-08-04,3.58,88,88
U009166,C000121,2025-10-19,4.12,175,78
U009167,C000951,2025-09-25,4.93,178,75
U009168,C000584,2026-03-13,0.89,158,68
U009169,C000643,2025-10-19,2.11,137,63
U009170,C000398,2025-10-24,3.72,185,20
U009171,C000073,2026-03-12,0.98,28,83
U009172,C000598,2026-06-14,1.84,220,69
U009173,C000527,2026-01-03,1.3,298,98
U009174,C000258,2025-11-08,0.74,208,23
U009175,C000152,2026-06-03,4.12,280,31
U009176,C000583,2025-10-25,1.92,137,50
U009177,C000469,2025-10-18,3.16,161,83
U009178,C000154,2025-12-15,2.88,110,60
U009179,C000508,2026-06-20,3.35,140,12
U009180,C000647,2025-12-13,3.71,186,0
U009181,C000091,2026-08-28,2.8,94,32
U009182,C000094,2026-02-27,1.92,15,18
U009183,C000339,2025-12-15,0.56,251,2
U009184,C000059,2026-05-16,4.37,237,58
U009185,C000945,2026-06-11,1.76,233,4
U009186,C000767,2025-10-23,3.53,118,86
U009187,C000871,2026-03-05,0.83,74,68
U009188,C000735,2026-03-29,4.29,254,26
U009189,C000547,2026-08-10,3.18,91,19
U009190,C000995,2026-01-09,1.33,18,58
U009191,C000164,2026-07-24,0.35,284,27
U009192,C000957,2025-12-19,3.18,194,19
U009193,C000995,2026-02-20,3.53,256,11
U009194,C000847,2025-09-25,1.82,128,27
U009195,C000383,2026-06-18,2.46,88,56
U009196,C000763,2026-07-04,3.65,30,73
U009197,C000984,2025-10-22,3.04,29,14
U009198,C000534,2026-09-14,2.43,165,95
U009199,C000328,2026-05-17,1.08,175,57
U009200,C000761,2026-04-28,3.24,267,88
U009201,C000137,2025-12-17,4.98,192,1
U009202,C000548,2026-06-22,2.71,115,70
U009203,C000400,2026-07-10,4.89,262,54
U009204,C000183,2026-07-19,1.04,167,83
U009205,C000379,2025-10-27,0.96,300,66
U009206,C000445,2026-04-10,4.57,114,6
U009207,C000248,2026-04-14,1.36,296,7
U009208,C000480,2026-06-20,0.34,42,0
U009209,C000637,2026-04-01,2.03,47,45
U009210,C000621,2026-02-16,2.46,209,44
U009211,C000608,2025-10-26,2.12,125,81
U009212,C000323,2026-04-11,3.21,220,50
U009213,C000029,2025-10-11,0.4,98,25
U009214,C000937,2026-06-22,1.68,284,67
U009215,C000431,2026-02-08,2.03,159,13
U009216,C000190,2025-10-12,1.09,192,35
U009217,C000650,2025-11-26,1.29,55,26
U009218,C000112,2026-04-28,3.61,141,11
U009219,C000359,2026-05-11,3.26,96,34
U009220,C000756,2026-09-01,2.69,230,35
U009221,C000175,2025-12-12,1.44,113,14
U009222,C000659,2026-05-21,0.8,100,25
U009223,C000026,2026-04-01,2.13,194,41
U009224,C000803,2026-01-18,4.53,292,42
U009225,C000783,2026-06-01,4.12,14,21
U009226,C000484,2025-09-29,4.55,151,10
U009227,C000303,2026-06-05,2.9,180,61
U009228,C000322,2026-06-09,3.67,23,37
U009229,C000401,2025-11-11,1.13,209,86
U009230,C000580,2026-04-09,0.53,298,27
U009231,C000399,2026-03-07,2.09,223,5
U009232,C000391,2025-10-08,1.55,4,12
U009233,C000951,2026-05-25,1.09,15,6
U009234,C000626,2026-07-11,0.63,285,75
U009235,C000671,2026-02-06,0.28,75,3
U009236,C000001,2025-11-19,0.75,21,73
U009237,C000611,2026-02-18,4.8,229,82
U009238,C000280,2026-05-19,4.41,4,19
U009239,C000354,2025-10-30,0.74,165,52
U009240,C000379,2026-01-01,3.78,147,55
U009241,C000010,2026-02-20,1.98,41,13
U009242,C000212,2026-09-08,1.05,191,70
U009243,C000712,2026-09-14,4.92,182,66
U009244,C000624,2026-07-18,3.79,270,57
U009245,C000937,2026-08-01,1.97,161,80
U009246,C000089,2026-01-27,0.9,282,73
U009247,C000876,2025-11-11,1.84,71,91
U009248,C000300,2026-04-05,2.03,60,92
U009249,C000614,2025-11-23,4.08,225,54
U009250,C000870,2026-03-12,2.54,269,38
U009251,C000694,2026-01-25,4.04,17,77
U009252,C000767,2025-10-08,2.21,43,38
U009253,C000408,2026-04-18,0.15,212,90
U009254,C000127,2026-05-03,1.52,71,51
U009255,C000223,2025-10-13,2.8,24,100
U009256,C000981,2026-06-11,1.83,212,88
U009257,C000618,2026-05-07,4.02,28,75
U009258,C000996,2025-11-13,0.88,213,99
U009259,C000159,2026-08-05,3.05,287,56
U009260,C000069,2026-06-19,1.08,11,27
U009261,C000862,2026-01-24,2.97,286,95
U009262,C000215,2026-01-30,1.07,257,44
U009263,C000418,2026-07-01,1.05,49,62
U009264,C000218,2026-01-11,3.17,86,84
U009265,C000176,2025-10-15,4.52,251,1
U009266,C000898,2026-08-15,4.39,51,61
U009267,C000764,2026-08-18,4.25,281,16
U009268,C000408,2025-12-15,1.06,176,36
U009269,C000455,2026-07-24,0.38,129,9
U009270,C000006,2025-10-16,2.44,74,88
U009271,C000650,2026-06-27,1.11,173,98
U009272,C000593,2025-11-20,2.73,142,72
U009273,C000347,2026-04-11,3.11,281,27
U009274,C000705,2025-10-30,2.44,186,80
U009275,C000719,2026-04-05,2.78,111,53
U009276,C000515,2026-07-04,0.47,91,89
U009277,C000351,2026-05-07,2.35,205,38
U009278,C000862,2026-04-12,0.45,264,75
U009279,C000341,2026-05-02,2.56,257,32
U009280,C000972,2025-12-13,4.2,288,89
U009281,C000404,2025-12-24,4.1,191,48
U009282,C000588,2026-06-15,3.88,229,12
U009283,C000471,2026-08-20,2.13,14,95
U009284,C000173,2026-09-08,1.71,214,69
U009285,C000674,2026-06-28,1.16,279,16
U009286,C000997,2026-05-13,2.84,132,83
U009287,C000535,2026-04-21,0.35,204,71
U009288,C000846,2025-10-09,4.91,97,23
U009289,C000430,2026-06-12,1.37,282,74
U009290,C000523,2026-09-19,4.58,281,81
U009291,C000840,2026-01-16,4.0,127,69
U009292,C000399,2026-02-17,4.38,25,4
U009293,C000282,2026-03-30,2.11,124,90
U009294,C000358,2025-12-31,4.28,18,92
U009295,C000400,2026-07-17,3.87,76,2
U009296,C000588,2026-05-23,1.21,117,32
U009297,C000980,2026-02-20,2.86,18,88
U009298,C000336,2025-10-25,0.9,239,34
U009299,C000653,2026-07-01,0.53,36,97
U009300,C000031,2026-08-10,4.33,161,91
U009301,C000260,2025-10-30,3.32,269,70
U009302,C000750,2026-01-22,1.16,184,39
U009303,C000699,2026-01-21,1.26,96,75
U009304,C000844,2026-07-07,3.8,154,96
U009305,C000174,2026-03-14,0.72,25,68
U009306,C000675,2026-04-18,1.84,284,90
U009307,C000484,2026-06-08,4.41,151,4
U009308,C000400,2026-03-26,1.63,182,56
U009309,C000832,2026-09-12,2.78,204,88
U009310,C000503,2026-07-10,2.75,217,27
U009311,C000050,2026-06-08,3.15,177,78
U009312,C000123,2026-05-16,0.92,92,19
U009313,C000491,2026-01-22,0.49,258,52
U009314,C000462,2026-08-07,0.28,152,35
U009315,C000112,2026-05-15,0.49,246,92
U009316,C000784,2025-10-20,0.89,33,91
U009317,C000380,2026-07-21,0.17,98,13
U009318,C000047,2026-09-19,3.38,55,63
U009319,C000607,2026-01-09,1.52,80,61
U009320,C000332,2026-04-19,3.36,3,64
U009321,C000813,2025-10-08,0.94,230,72
U009322,C000786,2025-10-31,1.69,74,5
U009323,C000810,2025-09-27,4.11,162,82
U009324,C000424,2025-11-14,3.1,18,88
U009325,C000808,2026-05-27,0.83,150,32
U009326,C000207,2026-04-25,4.89,56,88
U009327,C000232,2026-05-28,0.57,275,16
U009328,C000137,2026-02-08,4.01,123,14
U009329,C000716,2026-04-14,1.6,233,5
U009330,C000821,2026-06-10,3.6,114,45
U009331,C000638,2025-10-12,0.37,180,31
U009332,C000473,2025-12-21,0.92,141,28
U009333,C000433,2026-09-07,3.65,111,80
U009334,C000483,2026-06-03,4.37,205,38
U009335,C000550,2025-12-29,4.33,5,19
U009336,C000682,2025-11-04,0.36,229,55
U009337,C000398,2026-01-08,1.74,178,56
U009338,C000357,2025-09-26,4.06,94,56
U009339,C000911,2026-04-22,2.11,236,50
U009340,C000649,2026-05-26,3.88,64,84
U009341,C000178,2026-03-03,0.2,221,41
U009342,C000417,2026-09-16,1.47,128,21
U009343,C000569,2026-03-23,0.53,291,91
U009344,C000289,2026-01-04,2.59,177,88
U009345,C000610,2026-04-19,0.39,127,88
U009346,C000524,2026-03-26,4.66,212,7
U009347,C000089,2025-10-20,1.72,28,41
U009348,C000535,2026-07-24,2.59,241,1
U009349,C000902,2026-04-22,2.21,277,74
U009350,C000970,2025-10-16,4.8,291,52
U009351,C000483,2026-02-25,3.82,136,81
U009352,C000937,2026-04-09,2.98,38,83
U009353,C000732,2025-12-10,4.27,86,23
U009354,C000373,2025-12-04,1.78,297,40
U009355,C000418,2025-12-18,2.49,201,3
U009356,C000188,2026-06-26,2.74,170,92
U009357,C000805,2026-08-20,1.11,19,39
U009358,C000467,2026-08-04,2.41,208,34
U009359,C000519,2025-10-04,3.04,82,97
U009360,C000824,2026-04-06,2.64,114,21
U009361,C000895,2026-05-16,3.95,175,79
U009362,C000238,2026-07-23,3.54,80,55
U009363,C000822,2025-11-01,1.56,203,49
U009364,C000200,2026-01-14,1.91,45,8
U009365,C000399,2025-10-26,4.05,110,47
U009366,C000519,2026-07-20,2.09,194,16
U009367,C000298,2025-10-10,2.51,186,94
U009368,C000333,2025-12-18,3.43,235,71
U009369,C000803,2025-12-25,1.86,36,30
U009370,C000360,2026-05-06,3.79,190,89
U009371,C000674,2026-01-12,0.72,18,72
U009372,C000106,2026-04-27,2.09,9,55
U009373,C000618,2026-07-27,2.47,70,91
U009374,C000448,2026-08-30,3.87,278,55
U009375,C000288,2026-04-09,3.09,296,37
U009376,C000210,2026-03-15,4.79,1,68
U009377,C000651,2026-05-22,4.59,179,50
U009378,C000041,2026-06-26,0.33,14,47
U009379,C000999,2026-05-29,0.32,145,48
U009380,C000072,2026-01-25,1.37,298,86
U009381,C000816,2026-03-05,2.59,215,86
U009382,C000015,2026-01-13,4.17,204,44
U009383,C000663,2025-11-17,1.7,296,51
U009384,C000773,2026-02-27,2.57,274,37
U009385,C000596,2026-01-29,1.31,227,97
U009386,C000374,2026-06-01,3.65,57,23
U009387,C000998,2026-03-11,4.78,1,15
U009388,C000576,2026-05-06,2.2,172,34
U009389,C000708,2026-09-01,2.62,238,45
U009390,C000674,2026-04-10,4.35,231,12
U009391,C000949,2026-01-25,4.01,153,22
U009392,C000820,2025-12-18,1.51,143,0
U009393,C000380,2026-04-24,1.92,185,17
U009394,C000309,2025-10-17,1.34,209,60
U009395,C000130,2025-12-03,2.08,273,42
U009396,C000006,2026-07-08,2.0,85,19
U009397,C000636,2026-02-04,0.89,39,19
U009398,C000734,2026-08-01,2.01,231,99
U009399,C000498,2026-05-20,0.61,43,28
U009400,C000191,2026-03-28,3.9,131,51
U009401,C000593,2026-04-13,3.38,241,18
U009402,C000454,2025-12-08,4.24,127,37
U009403,C000678,2026-03-17,1.58,7,78
U009404,C000668,2026-05-29,3.45,122,70
U009405,C000480,2026-04-25,4.23,2,68
U009406,C000466,2026-01-12,1.66,156,18
U009407,C000339,2026-01-17,2.25,17,6
U009408,C000705,2026-09-03,1.05,169,44
U009409,C000162,2026-04-26,2.69,265,3
U009410,C000612,2026-02-22,0.28,227,90
U009411,C000301,2026-05-26,2.33,110,3
U009412,C000242,2026-04-11,0.96,174,85
U009413,C000538,2025-10-18,1.74,132,65
U009414,C000412,2025-12-28,4.5,221,38
U009415,C000664,2025-11-05,2.49,81,60
U009416,C000899,2026-06-24,3.54,84,54
U009417,C000997,2026-03-08,2.63,145,24
U009418,C000481,2026-09-07,2.63,194,86
U009419,C000472,2025-11-26,4.54,190,72
U009420,C000296,2025-10-10,1.35,230,14
U009421,C000455,2026-09-14,2.39,199,29
U009422,C000376,2026-06-01,3.3,276,45
U009423,C000840,2025-12-10,0.27,34,81
U009424,C000822,2026-03-24,2.0,154,14
U009425,C000558,2026-02-21,4.39,131,33
U009426,C000143,2025-09-23,2.47,129,7
U009427,C000303,2025-11-02,4.32,207,87
U009428,C000986,2026-08-29,1.55,224,44
U009429,C000852,2026-09-17,1.77,24,43
U009430,C000104,2026-07-25,2.07,299,49
U009431,C000106,2026-09-16,4.91,124,74
U009432,C000331,2026-06-26,2.89,177,5
U009433,C000718,2026-01-24,3.75,100,60
U009434,C000839,2026-08-31,4.64,2,85
U009435,C000507,2025-11-19,0.64,225,99
U009436,C000004,2025-11-16,3.51,92,45
U009437,C000728,2026-02-06,2.21,19,11
U009438,C000007,2026-05-29,0.4,224,69
U009439,C000152,2026-02-09,3.6,245,85
U009440,C000862,2026-06-03,3.99,110,34
U009441,C000815,2026-08-17,1.11,272,66
U009442,C000478,2026-06-29,4.63,89,92
U009443,C000853,2026-05-25,3.86,53,15
U009444,C000068,2026-06-26,1.61,150,90
U009445,C000211,2026-02-08,4.61,151,79
U009446,C000790,2026-02-22,4.84,94,58
U009447,C000238,2025-10-21,2.08,151,78
U009448,C000488,2026-06-11,0.39,32,45
U009449,C000729,2026-04-05,4.44,114,39
U009450,C000506,2026-01-23,3.7,230,35
U009451,C000842,2026-02-05,2.12,44,69
U009452,C000858,2026-07-06,4.39,1,58
U009453,C000561,2026-04-19,0.83,85,36
U009454,C000486,2026-07-01,0.78,258,13
U009455,C000034,2025-12-20,4.94,208,4
U009456,C000154,2026-03-30,2.32,104,80
U009457,C000639,2026-04-03,1.79,189,97
U009458,C000252,2025-10-23,3.43,12,32
U009459,C000881,2026-02-26,1.15,26,44
U009460,C000782,2025-12-04,3.62,6,75
U009461,C000496,2026-03-11,4.7,132,23
U009462,C000780,2026-05-07,1.55,268,99
U009463,C000059,2026-08-05,3.71,163,34
U009464,C000936,2026-05-28,4.66,258,89
U009465,C000498,2025-12-19,3.24,193,88
U009466,C000624,2026-07-25,0.82,6,60
U009467,C000553,2025-10-18,1.01,227,63
U009468,C000480,2026-03-20,4.36,61,42
U009469,C000356,2026-02-20,2.23,259,56
U009470,C000827,2025-11-06,4.17,24,5
U009471,C000497,2025-10-12,0.11,206,4
U009472,C000907,2025-11-21,1.83,2,64
U009473,C000043,2025-10-12,2.59,98,20
U009474,C000873,2026-01-07,3.75,240,36
U009475,C000413,2025-11-27,1.24,6,36
U009476,C000753,2026-03-17,2.16,4,27
U009477,C000811,2026-01-09,0.23,97,55
U009478,C000978,2026-03-09,4.84,5,31
U009479,C000376,2026-03-01,4.71,29,5
U009480,C000040,2026-04-19,0.62,7,48
U009481,C000814,2025-10-26,3.2,162,28
U009482,C000294,2026-04-13,0.94,296,87
U009483,C000647,2026-02-21,4.5,185,31
U009484,C000414,2026-01-14,3.51,6,4
U009485,C000684,2026-09-15,2.18,56,23
U009486,C000149,2026-09-20,4.41,224,60
U009487,C000696,2026-03-24,3.28,67,33
U009488,C000917,2026-02-26,3.38,101,63
U009489,C000999,2026-04-30,1.63,22,6
U009490,C000010,2026-05-12,4.16,87,38
U009491,C000247,2026-08-29,0.37,272,100
U009492,C000477,2026-04-09,0.21,212,55
U009493,C000217,2025-11-17,3.42,133,34
U009494,C000798,2026-01-16,1.67,234,1
U009495,C000457,2026-09-03,1.96,68,92
U009496,C000626,2026-08-06,2.75,245,34
U009497,C000855,2026-05-23,3.78,167,44
U009498,C000593,2026-06-15,2.38,130,81
U009499,C000182,2026-02-01,3.53,78,66
U009500,C000613,2025-10-16,1.31,32,36
U009501,C000752,2026-03-02,0.29,97,95
U009502,C000154,2026-03-06,2.3,94,94
U009503,C000304,2026-09-08,0.24,163,5
U009504,C000461,2026-07-30,2.26,35,36
U009505,C000622,2026-06-18,2.66,249,39
U009506,C000525,2026-03-20,4.31,228,28
U009507,C000865,2025-10-16,4.67,229,21
U009508,C000511,2025-12-24,1.72,210,73
U009509,C000173,2026-06-30,3.12,162,100
U009510,C000097,2026-04-08,3.97,176,2
U009511,C000056,2026-09-21,3.25,121,14
U009512,C000087,2025-11-09,0.82,167,81
U009513,C000078,2025-11-11,3.03,79,36
U009514,C000066,2026-04-16,1.23,30,15
U009515,C000495,2025-09-28,1.75,56,63
U009516,C000833,2026-05-21,1.38,263,8
U009517,C000774,2025-11-12,3.94,144,92
U009518,C000980,2026-09-06,4.15,44,47
U009519,C000739,2026-05-25,1.64,104,28
U009520,C000892,2026-09-15,0.56,180,73
U009521,C000723,2026-09-07,1.22,215,9
U009522,C000329,2025-10-16,1.2,67,77
U009523,C000549,2025-10-12,1.36,162,41
U009524,C000331,2025-10-31,2.28,20,39
U009525,C000112,2025-12-13,2.71,45,94
U009526,C000653,2026-03-29,0.78,151,62
U009527,C000963,2025-11-20,2.29,42,0
U009528,C000097,2026-06-13,2.34,60,37
U009529,C000304,2025-11-11,0.13,162,57
U009530,C000145,2026-01-05,0.84,21,1
U009531,C000390,2026-06-07,0.27,34,42
U009532,C000818,2026-07-28,3.09,146,79
U009533,C000880,2026-06-28,3.98,233,7
U009534,C000911,2026-06-30,0.94,246,17
U009535,C000683,2025-11-21,4.37,22,77
U009536,C000397,2026-09-18,0.5,94,44
U009537,C000085,2026-03-15,4.68,92,28
U009538,C000345,2026-08-05,1.78,126,36
U009539,C000418,2026-01-22,2.53,174,69
U009540,C000750,2026-03-17,0.17,82,66
U009541,C000905,2025-12-15,3.93,181,69
U009542,C000160,2026-02-27,4.92,63,95
U009543,C000811,2026-08-04,3.32,247,83
U009544,C000970,2026-07-05,1.78,249,13
U009545,C000418,2026-07-09,3.84,107,75
U009546,C000494,2026-01-07,1.54,187,27
U009547,C000446,2026-04-11,0.77,132,12
U009548,C000039,2025-10-03,1.42,20,14
U009549,C000827,2026-05-29,0.37,300,13
U009550,C000606,2026-08-30,4.5,278,82
U009551,C000179,2025-11-01,0.57,58,10
U009552,C000668,2026-02-15,1.41,264,50
U009553,C000506,2025-11-10,1.07,276,88
U009554,C000654,2026-03-08,1.75,115,67
U009555,C000564,2026-03-11,3.01,201,91
U009556,C000571,2026-08-11,3.87,205,4
U009557,C000563,2025-10-01,1.77,293,72
U009558,C000371,2026-03-18,1.33,1,48
U009559,C000483,2026-02-07,3.76,216,70
U009560,C000430,2025-12-02,1.76,288,94
U009561,C000810,2026-08-23,2.49,110,20
U009562,C000959,2026-07-10,4.52,89,36
U009563,C000288,2026-04-05,1.72,110,80
U009564,C000481,2025-10-05,3.86,15,2
U009565,C000896,2025-11-05,2.03,4,38
U009566,C000226,2026-01-26,2.98,170,31
U009567,C000752,2026-08-04,3.91,112,42
U009568,C000086,2026-09-02,0.33,8,72
U009569,C000745,2025-10-05,3.74,140,31
U009570,C000179,2026-03-31,3.1,80,8
U009571,C000426,2026-09-10,3.4,57,49
U009572,C000070,2026-01-25,0.82,237,32
U009573,C000912,2025-10-05,4.6,15,83
U009574,C000300,2026-03-30,0.6,173,4
U009575,C000980,2026-08-30,0.86,24,67
U009576,C000606,2026-05-27,2.21,64,16
U009577,C000281,2025-11-04,0.11,67,8
U009578,C000099,2026-02-24,1.66,147,2
U009579,C000109,2026-04-24,2.62,193,31
U009580,C000433,2026-08-20,0.62,110,78
U009581,C000312,2025-12-08,3.62,69,94
U009582,C000417,2026-01-14,3.55,261,54
U009583,C000064,2025-10-23,1.97,194,16
U009584,C000662,2026-06-16,1.38,208,47
U009585,C000189,2026-02-10,1.69,284,60
U009586,C000380,2025-10-20,2.12,140,84
U009587,C000618,2026-07-28,1.38,77,26
U009588,C000756,2026-09-20,5.0,40,68
U009589,C000525,2025-10-26,3.77,156,95
U009590,C000350,2026-01-09,1.83,292,98
U009591,C000895,2025-12-31,2.47,250,45
U009592,C000170,2026-06-09,3.72,40,13
U009593,C000757,2025-09-24,3.12,250,6
U009594,C000570,2026-05-29,2.78,156,68
U009595,C000693,2026-07-25,4.83,45,62
U009596,C000605,2026-05-04,2.68,245,75
U009597,C000397,2025-11-19,4.23,163,8
U009598,C000688,2026-07-10,2.31,115,43
U009599,C000481,2026-06-29,0.47,282,1
U009600,C000978,2026-06-19,1.84,152,92
U009601,C000932,2026-07-18,0.74,146,57
U009602,C000751,2026-07-24,3.44,182,55
U009603,C000816,2026-02-28,0.12,286,66
U009604,C000135,2026-05-27,3.54,22,90
U009605,C000326,2025-11-09,2.78,275,63
U009606,C000150,2026-02-18,1.75,98,3
U009607,C000648,2026-05-30,1.65,285,0
U009608,C000657,2025-10-22,0.26,210,98
U009609,C000287,2026-01-07,2.59,281,87
U009610,C000278,2025-11-06,0.23,19,84
U009611,C000318,2026-09-08,1.53,95,30
U009612,C000602,2026-08-05,1.74,294,32
U009613,C000877,2026-02-09,3.41,91,58
U009614,C000559,2026-08-11,4.69,204,11
U009615,C000426,2026-04-17,1.52,181,22
U009616,C000482,2026-03-02,1.72,147,98
U009617,C000970,2025-11-29,2.13,67,60
U009618,C000396,2026-01-11,3.04,235,33
U009619,C000352,2025-10-17,4.89,287,90
U009620,C000456,2026-08-03,1.96,93,57
U009621,C000510,2026-07-09,1.49,178,29
U009622,C000781,2026-01-02,3.58,271,69
U009623,C000853,2026-08-02,2.05,93,52
U009624,C000838,2026-08-20,0.23,101,13
U009625,C000191,2026-07-17,2.63,27,88
U009626,C000681,2026-01-10,3.56,64,70
U009627,C000933,2026-01-05,4.34,186,94
U009628,C000279,2026-05-04,3.64,106,88
U009629,C000367,2025-10-18,3.1,208,72
U009630,C000988,2026-04-21,2.64,104,1
U009631,C000314,2026-04-26,2.86,230,53
U009632,C000929,2025-10-30,0.38,2,90
U009633,C000635,2026-02-07,4.17,72,61
U009634,C000664,2026-03-13,1.63,32,13
U009635,C000469,2025-10-02,0.54,178,46
U009636,C000819,2025-10-17,0.83,256,14
U009637,C000321,2026-01-01,0.6,38,20
U009638,C000545,2026-05-27,2.52,206,10
U009639,C000555,2025-10-01,0.87,120,31
U009640,C000350,2025-11-08,1.04,10,88
U009641,C000456,2026-06-02,0.14,18,64
U009642,C000985,2026-01-04,3.55,264,7
U009643,C000278,2025-12-30,0.9,212,60
U009644,C000893,2026-05-30,0.74,161,21
U009645,C000748,2026-04-19,1.06,18,82
U009646,C000332,2026-07-31,0.68,12,54
U009647,C000542,2026-07-26,4.88,298,10
U009648,C000378,2026-08-24,3.79,98,75
U009649,C000042,2026-01-14,3.2,129,18
U009650,C000371,2025-12-31,4.53,143,29
U009651,C000933,2025-10-21,4.72,80,12
U009652,C000376,2026-08-04,3.86,113,70
U009653,C000519,2026-05-14,4.87,131,47
U009654,C000980,2025-10-12,2.88,268,91
U009655,C000657,2026-08-05,1.14,163,74
U009656,C000363,2026-01-14,3.11,182,51
U009657,C000284,2026-03-17,2.64,98,24
U009658,C000589,2025-12-18,3.0,274,68
U009659,C000822,2026-05-12,1.6,4,89
U009660,C000112,2026-06-01,2.37,35,14
U009661,C000724,2026-07-29,4.08,44,68
U009662,C000032,2026-01-29,4.12,95,42
U009663,C000668,2026-05-27,4.39,267,97
U009664,C000319,2026-03-19,4.86,29,38
U009665,C000303,2026-02-12,4.85,204,3
U009666,C000072,2026-07-20,1.78,202,53
U009667,C000572,2026-02-17,2.57,160,24
U009668,C000009,2026-05-14,4.19,38,38
U009669,C000485,2026-07-10,4.13,188,86
U009670,C000861,2025-11-16,0.51,190,40
U009671,C000304,2026-01-30,4.71,51,86
U009672,C000838,2026-01-14,3.04,214,39
U009673,C000377,2025-10-23,2.57,206,10
U009674,C000988,2026-07-04,0.95,84,86
U009675,C000921,2025-11-24,4.76,2,62
U009676,C000965,2026-05-20,4.35,85,39
U009677,C000117,2025-10-28,0.57,72,42
U009678,C000547,2026-05-26,1.33,22,86
U009679,C000599,2025-12-23,0.98,7,52
U009680,C000113,2026-08-25,2.85,180,20
U009681,C000062,2025-12-09,4.55,50,85
U009682,C000287,2026-03-14,1.85,280,34
U009683,C000164,2025-10-03,3.6,276,92
U009684,C000171,2025-12-22,0.26,25,81
U009685,C000766,2026-05-07,1.84,149,89
U009686,C000623,2026-05-30,0.74,275,61
U009687,C000751,2025-10-19,4.32,162,68
U009688,C000058,2025-12-17,1.95,100,94
U009689,C000114,2026-08-19,2.2,296,81
U009690,C000579,2026-08-30,2.68,31,93
U009691,C000038,2025-10-20,3.74,175,29
U009692,C000726,2025-11-16,4.36,288,25
U009693,C000195,2026-07-26,1.33,295,89
U009694,C000454,2026-09-19,2.16,153,42
U009695,C000631,2025-12-28,1.62,2,33
U009696,C000855,2026-05-23,2.44,186,76
U009697,C000915,2025-11-25,3.19,33,74
U009698,C000693,2025-10-30,3.78,242,54
U009699,C000816,2025-12-30,0.89,183,85
U009700,C000891,2026-01-10,0.84,120,5
U009701,C000786,2026-04-28,2.62,208,30
U009702,C000433,2025-10-12,4.87,210,100
U009703,C000842,2026-09-11,1.22,32,67
U009704,C000107,2026-09-20,0.56,218,6
U009705,C000571,2026-06-29,1.51,110,17
U009706,C000393,2026-04-08,0.81,79,45
U009707,C000202,2026-01-11,1.82,175,5
U009708,C000998,2026-01-31,3.8,179,29
U009709,C000014,2025-12-27,2.75,10,37
U009710,C000782,2026-02-28,1.61,61,55
U009711,C000353,2025-12-01,3.49,211,45
U009712,C000807,2026-02-22,1.15,262,89
U009713,C000807,2025-12-08,4.91,275,100
U009714,C000086,2025-10-21,0.14,181,14
U009715,C000139,2026-09-16,4.2,132,82
U009716,C000442,2026-08-21,0.75,260,21
U009717,C000019,2026-08-31,4.62,268,80
U009718,C000597,2026-08-28,0.55,194,52
U009719,C000747,2025-11-30,2.2,191,47
U009720,C000136,2026-02-21,1.58,16,56
U009721,C000316,2025-11-25,2.51,298,42
U009722,C000916,2026-07-17,0.27,266,83
U009723,C000409,2026-06-10,3.64,9,43
U009724,C000456,2025-09-23,3.44,292,16
U009725,C000315,2026-01-28,2.63,77,8
U009726,C000061,2026-03-08,3.1,43,21
U009727,C000767,2026-07-14,2.72,53,13
U009728,C000177,2026-02-18,4.04,120,46
U009729,C000779,2026-07-17,2.81,209,12
U009730,C000678,2026-06-23,3.94,188,6
U009731,C000113,2025-11-29,0.35,278,70
U009732,C000814,2026-08-20,0.67,72,98
U009733,C000996,2026-04-01,3.21,37,4
U009734,C000641,2026-07-19,0.18,59,66
U009735,C000540,2025-11-06,4.24,30,96
U009736,C000216,2026-01-23,1.46,208,10
U009737,C000782,2025-11-25,4.42,201,5
U009738,C000117,2026-02-03,3.29,32,93
U009739,C000437,2026-04-10,4.06,43,22
U009740,C000490,2026-04-11,2.7,83,36
U009741,C000612,2026-02-16,1.23,199,70
U009742,C000426,2026-05-28,1.8,33,39
U009743,C000903,2026-07-04,3.07,265,30
U009744,C000970,2026-03-16,1.78,190,11
U009745,C000538,2026-07-26,3.61,50,68
U009746,C000318,2025-11-29,4.68,112,0
U009747,C000182,2026-04-18,1.73,117,51
U009748,C000310,2026-04-14,1.94,100,69
U009749,C000523,2026-01-26,1.18,224,56
U009750,C000693,2026-08-28,4.03,244,24
U009751,C000741,2025-10-18,1.06,217,80
U009752,C000244,2026-09-20,4.9,159,19
U009753,C000029,2025-11-07,1.2,168,55
U009754,C000086,2026-05-23,4.87,294,22
U009755,C000266,2026-08-14,4.69,167,20
U009756,C000418,2025-09-23,3.29,41,26
U009757,C000187,2026-07-03,1.06,289,62
U009758,C000883,2025-11-07,4.87,87,92
U009759,C000831,2026-07-18,0.76,166,72
U009760,C000360,2026-05-11,3.17,294,50
U009761,C000607,2025-10-18,1.19,52,77
U009762,C000926,2025-11-10,1.62,292,41
U009763,C000562,2025-12-28,2.05,101,9
U009764,C000320,2026-06-15,2.07,238,47
U009765,C000239,2025-12-20,0.82,299,35
U009766,C000721,2025-10-24,3.43,210,18
U009767,C000697,2026-03-13,3.06,92,77
U009768,C000462,2026-06-18,0.39,18,35
U009769,C000967,2026-07-02,2.8,78,40
U009770,C000520,2026-07-15,3.35,256,87
U009771,C000965,2026-08-25,2.92,174,55
U009772,C000008,2026-06-24,4.4,174,42
U009773,C000376,2025-10-25,1.97,153,53
U009774,C000174,2026-05-12,1.81,188,93
U009775,C000621,2025-11-14,2.64,117,24
U009776,C000207,2026-03-05,0.71,226,43
U009777,C000359,2026-03-19,1.89,92,97
U009778,C000290,2026-03-01,3.71,119,34
U009779,C000035,2026-05-09,0.74,176,78
U009780,C000507,2025-11-07,2.63,31,41
U009781,C000967,2026-08-12,1.03,147,52
U009782,C000600,2026-01-16,1.06,119,5
U009783,C000996,2026-01-30,1.28,110,54
U009784,C000944,2026-03-31,0.9,130,73
U009785,C000094,2025-10-24,2.59,250,95
U009786,C000817,2026-03-19,0.8,241,95
U009787,C000986,2025-12-27,2.88,196,15
U009788,C000488,2026-08-13,3.72,238,54
U009789,C000042,2025-10-24,4.03,213,32
U009790,C000732,2026-08-25,1.01,81,44
U009791,C000655,2025-10-25,0.2,239,35
U009792,C000405,2026-01-30,2.86,207,88
U009793,C000530,2026-08-20,4.99,86,43
U009794,C000699,2026-02-01,3.51,8,56
U009795,C000489,2026-08-28,1.31,256,86
U009796,C000220,2026-08-25,1.19,245,72
U009797,C000732,2026-05-06,0.9,57,99
U009798,C000927,2026-03-10,4.55,105,96
U009799,C000561,2026-04-18,4.52,88,58
U009800,C000198,2026-06-05,1.79,244,46
U009801,C000921,2026-05-03,3.87,59,28
U009802,C000987,2026-02-04,2.07,231,24
U009803,C000671,2026-05-22,1.51,143,1
U009804,C000037,2026-07-03,4.74,143,34
U009805,C000849,2026-05-03,1.98,224,24
U009806,C000074,2026-04-25,3.31,142,49
U009807,C000162,2026-01-16,4.35,300,15
U009808,C000434,2026-03-26,4.95,54,22
U009809,C000761,2026-01-17,1.18,68,31
U009810,C000296,2026-07-28,3.01,247,32
U009811,C000796,2026-02-03,4.12,132,58
U009812,C000651,2026-07-19,0.11,268,80
U009813,C000150,2026-04-17,0.68,128,55
U009814,C000324,2025-12-23,4.78,30,96
U009815,C000320,2025-12-04,2.43,243,42
U009816,C000563,2026-03-04,4.38,37,38
U009817,C000972,2026-02-08,3.06,7,48
U009818,C000749,2026-07-31,3.77,24,44
U009819,C000096,2026-09-02,3.07,113,42
U009820,C000157,2025-12-19,2.19,272,13
U009821,C000768,2026-07-16,3.0,267,47
U009822,C000871,2026-02-06,3.76,179,60
U009823,C000363,2026-05-08,1.73,283,84
U009824,C000302,2026-04-06,4.41,244,18
U009825,C000174,2026-05-30,4.72,11,89
U009826,C000027,2026-01-17,1.83,192,23
U009827,C000004,2026-08-22,4.58,212,83
U009828,C000486,2026-06-21,2.99,90,85
U009829,C000462,2025-11-29,0.5,136,18
U009830,C000635,2025-11-17,3.69,78,43
U009831,C000564,2026-02-18,3.29,164,30
U009832,C000458,2025-12-26,2.08,218,22
U009833,C000842,2026-05-23,0.57,186,52
U009834,C000190,2026-08-25,2.09,154,5
U009835,C000618,2026-03-18,1.97,94,69
U009836,C000866,2026-08-11,1.92,44,29
U009837,C000041,2025-10-23,1.25,155,36
U009838,C000169,2026-06-22,4.92,96,34
U009839,C000360,2026-05-07,3.09,290,18
U009840,C000120,2025-12-31,4.97,150,1
U009841,C000172,2026-05-12,3.76,236,25
U009842,C000206,2026-01-28,2.2,194,61
U009843,C000213,2026-01-13,4.59,264,36
U009844,C000570,2026-03-17,4.58,171,98
U009845,C000977,2026-08-23,4.56,177,6
U009846,C000633,2026-07-13,3.62,224,54
U009847,C000691,2026-02-02,1.87,140,40
U009848,C000657,2026-06-03,2.41,41,46
U009849,C000447,2025-09-29,2.25,183,39
U009850,C000899,2025-12-14,2.17,206,100
U009851,C000941,2026-01-06,1.5,133,25
U009852,C000033,2025-12-22,4.49,277,44
U009853,C000807,2026-08-10,0.2,92,56
U009854,C000038,2025-10-20,2.28,262,46
U009855,C000937,2025-12-22,4.98,17,45
U009856,C000651,2026-05-12,3.23,53,32
U009857,C000079,2026-06-07,1.14,205,57
U009858,C000586,2026-04-13,2.13,240,99
U009859,C000237,2026-02-10,4.6,265,53
U009860,C000773,2026-09-12,2.02,49,25
U009861,C000717,2026-04-29,1.26,137,94
U009862,C000889,2025-11-04,3.35,25,8
U009863,C000714,2026-08-16,4.53,154,14
U009864,C000111,2026-05-08,3.48,77,88
U009865,C000824,2026-04-27,2.49,200,26
U009866,C000522,2026-06-12,0.7,222,97
U009867,C000218,2025-12-31,3.17,210,25
U009868,C000938,2026-05-10,0.89,4,43
U009869,C000836,2026-03-10,0.23,296,29
U009870,C000224,2025-10-22,3.77,203,66
U009871,C000892,2025-12-07,3.88,8,23
U009872,C000830,2026-08-22,1.56,251,13
U009873,C000571,2026-09-06,3.71,70,63
U009874,C000790,2026-04-06,4.56,75,79
U009875,C000353,2026-07-02,2.61,153,41
U009876,C000844,2026-09-08,3.1,35,20
U009877,C000203,2025-11-26,1.46,143,20
U009878,C000535,2026-07-06,3.37,19,24
U009879,C000470,2026-07-22,2.08,172,29
U009880,C000257,2025-10-16,4.72,46,83
U009881,C000759,2025-12-29,1.55,14,33
U009882,C000124,2025-12-27,0.39,153,43
U009883,C000096,2026-02-22,0.19,66,12
U009884,C000996,2025-11-14,1.62,116,61
U009885,C000331,2025-10-23,1.7,154,97
U009886,C000919,2026-03-02,2.39,203,24
U009887,C000268,2026-01-28,1.03,30,58
U009888,C000188,2025-09-24,4.36,37,0
U009889,C000960,2026-01-13,2.66,129,16
U009890,C000218,2025-10-03,4.21,262,48
U009891,C000905,2026-05-30,3.52,243,25
U009892,C000878,2025-12-09,4.46,191,74
U009893,C000261,2026-05-11,3.79,93,9
U009894,C000558,2025-12-10,2.04,248,36
U009895,C000799,2025-11-27,1.09,258,41
U009896,C000029,2026-08-10,1.42,113,41
U009897,C000732,2026-08-22,0.32,51,23
U009898,C000221,2025-12-25,1.28,287,42
U009899,C000890,2026-07-03,3.96,108,65
U009900,C000593,2026-03-19,3.9,103,74
U009901,C000625,2026-02-16,2.48,292,0
U009902,C000095,2025-12-22,2.28,126,84
U009903,C000435,2026-03-22,0.79,268,55
U009904,C000924,2026-05-10,0.46,14,62
U009905,C000544,2025-11-13,0.94,259,95
U009906,C000154,2026-08-22,1.01,259,19
U009907,C000948,2026-03-30,1.05,209,90
U009908,C000798,2025-11-21,0.29,247,65
U009909,C000487,2025-12-19,2.36,188,35
U009910,C000362,2026-04-10,3.39,36,25
U009911,C000257,2026-03-26,2.31,3,41
U009912,C000531,2025-11-13,0.47,52,95
U009913,C000368,2025-10-03,0.49,234,87
U009914,C000127,2026-02-26,1.68,61,8
U009915,C000971,2026-07-11,4.07,226,1
U009916,C000582,2026-03-29,1.19,26,25
U009917,C000796,2025-10-19,4.53,86,72
U009918,C000537,2026-06-19,2.99,263,10
U009919,C000744,2025-10-31,2.67,223,43
U009920,C000054,2025-12-31,0.89,53,63
U009921,C000159,2026-04-18,1.25,58,60
U009922,C000410,2025-09-24,1.31,143,64
U009923,C000930,2026-07-28,3.31,32,82
U009924,C000754,2025-10-10,0.27,290,0
U009925,C000662,2025-11-02,0.32,266,12
U009926,C000299,2026-05-30,0.4,136,69
U009927,C000627,2026-05-13,2.84,209,0
U009928,C000638,2025-12-11,3.76,115,34
U009929,C000656,2026-04-01,0.17,296,4
U009930,C000617,2026-08-15,1.24,152,63
U009931,C000685,2025-10-26,2.38,81,83
U009932,C000319,2025-12-20,4.46,168,54
U009933,C000032,2026-05-08,0.91,234,75
U009934,C000273,2026-04-22,2.07,185,59
U009935,C000085,2026-01-29,4.03,300,57
U009936,C000779,2026-07-02,4.45,269,22
U009937,C000448,2026-01-03,4.99,48,45
U009938,C000136,2026-09-01,4.39,148,81
U009939,C000814,2026-08-05,4.99,222,4
U009940,C000989,2025-11-01,4.0,126,42
U009941,C000321,2025-10-22,2.94,22,52
U009942,C000254,2025-09-29,0.9,285,3
U009943,C000805,2026-09-11,3.13,287,13
U009944,C000064,2026-01-06,4.96,15,63
U009945,C000905,2026-08-27,4.77,66,41
U009946,C000750,2025-11-03,0.36,201,58
U009947,C000061,2026-07-22,4.61,83,40
U009948,C000927,2026-06-29,4.11,4,27
U009949,C000075,2026-08-19,4.97,195,72
U009950,C000131,2025-10-27,1.61,101,38
U009951,C000726,2026-04-18,4.67,150,11
U009952,C000619,2026-06-11,2.63,61,86
U009953,C000843,2026-08-15,4.02,75,5
U009954,C000538,2026-09-10,1.63,58,59
U009955,C000912,2026-07-17,3.0,48,68
U009956,C000565,2026-01-24,2.85,90,72
U009957,C000547,2026-06-16,2.7,57,92
U009958,C000645,2026-01-10,1.6,154,85
U009959,C000363,2026-04-02,0.97,204,80
U009960,C000413,2026-08-02,1.5,21,70
U009961,C000869,2026-03-04,3.71,285,39
U009962,C000595,2026-05-05,1.56,1,0
U009963,C000637,2025-10-08,3.0,21,100
U009964,C000888,2026-02-04,1.98,116,42
U009965,C000620,2026-03-10,0.54,144,64
U009966,C000680,2025-12-13,1.23,295,36
U009967,C000262,2025-12-14,0.81,139,98
U009968,C000357,2025-11-03,0.52,103,24
U009969,C000721,2026-08-19,2.68,223,42
U009970,C000221,2025-11-03,4.66,288,98
U009971,C000547,2026-06-25,4.72,133,39
U009972,C000756,2025-11-18,4.66,264,68
U009973,C000190,2026-07-10,2.47,27,90
U009974,C000240,2025-11-28,3.39,198,92
U009975,C000808,2026-09-09,3.79,145,60
U009976,C000488,2026-01-04,1.66,171,84
U009977,C000718,2026-08-20,4.15,142,70
U009978,C000698,2025-10-19,1.0,242,25
U009979,C000379,2026-04-26,3.3,274,35
U009980,C000189,2026-03-20,0.34,49,32
U009981,C000961,2025-10-25,0.56,254,45
U009982,C000686,2025-10-10,0.18,202,51
U009983,C000852,2025-11-30,2.99,73,49
U009984,C000145,2026-06-23,2.85,181,71
U009985,C000024,2026-04-30,3.51,211,91
U009986,C000521,2026-07-31,3.96,209,19
U009987,C000440,2025-12-17,2.96,40,73
U009988,C000735,2025-10-20,3.28,56,55
U009989,C000356,2026-02-23,1.84,176,42
U009990,C000016,2026-05-07,3.77,197,55
U009991,C000006,2026-03-10,2.96,21,48
U009992,C000500,2026-06-10,3.58,269,76
U009993,C000865,2025-12-01,3.38,28,3
U009994,C000461,2026-07-10,0.76,277,53
U009995,C000461,2026-07-11,0.86,61,81
U009996,C000293,2026-05-29,0.25,239,83
U009997,C000573,2025-12-18,0.72,117,27
U009998,C000992,2026-05-05,3.58,288,38
U009999,C000738,2026-07-12,3.9,297,47
U010000,C000619,2026-04-18,3.16,178,30
U010001,C000542,2026-08-19,2.93,238,36
U010002,C000656,2026-01-02,3.25,29,78
U010003,C000745,2025-10-25,3.59,159,44
U010004,C000464,2026-02-17,4.7,145,47
U010005,C000570,2026-02-13,2.44,206,78
U010006,C000872,2026-02-20,2.0,190,32
U010007,C000018,2026-05-25,3.03,8,62
U010008,C000374,2026-07-06,1.01,273,15
U010009,C000889,2026-02-10,2.01,73,64
U010010,C000361,2026-07-19,1.21,131,72
U010011,C000347,2026-06-28,1.73,186,5
U010012,C000706,2026-07-04,2.86,135,18
U010013,C000177,2025-10-15,3.54,265,6
U010014,C000295,2026-05-08,2.07,190,83
U010015,C000864,2026-07-21,3.47,173,87
U010016,C000510,2026-05-09,1.0,1,51
U010017,C000756,2026-05-13,2.82,194,12
U010018,C000105,2026-06-25,4.12,37,6
U010019,C000675,2026-06-21,3.81,62,74
U010020,C000362,2026-08-30,4.89,110,53
U010021,C000434,2026-05-11,0.14,201,2
U010022,C000332,2026-06-12,1.44,9,60
U010023,C000819,2026-02-25,3.34,209,44
U010024,C000451,2026-08-21,3.76,237,90
U010025,C000331,2025-11-29,2.11,17,16
U010026,C000613,2025-09-24,3.45,263,74
U010027,C000395,2025-12-11,3.05,14,91
U010028,C000427,2025-11-03,4.67,114,33
U010029,C000316,2026-05-16,1.3,194,53
U010030,C000439,2025-12-07,4.16,163,64
U010031,C000433,2025-10-17,1.66,83,52
U010032,C000594,2026-05-21,3.09,71,8
U010033,C000239,2026-03-15,2.13,142,53
U010034,C000990,2026-08-24,2.69,65,46
U010035,C000971,2026-06-15,2.13,175,28
U010036,C000825,2026-04-25,4.73,110,45
U010037,C000925,2026-09-16,0.34,35,59
U010038,C000659,2025-11-16,0.5,143,15
U010039,C000794,2026-07-15,1.28,271,12
U010040,C000091,2026-06-07,1.82,276,2
U010041,C000156,2026-05-17,3.58,0,40
U010042,C000978,2026-05-21,1.19,79,58
U010043,C000632,2026-06-03,0.77,171,65
U010044,C000992,2025-10-13,0.28,83,47
U010045,C000481,2026-08-22,3.33,119,74
U010046,C000675,2025-10-24,4.1,35,58
U010047,C000914,2026-01-03,4.62,296,88
U010048,C000062,2026-01-17,4.39,154,15
U010049,C000669,2026-05-13,4.64,176,28
U010050,C000255,2026-04-08,2.66,213,80
U010051,C000298,2026-05-03,3.8,291,41
U010052,C000822,2026-06-27,4.85,270,7
U010053,C000404,2025-12-30,0.19,4,74
U010054,C000338,2026-06-12,2.18,217,94
U010055,C000654,2026-05-02,3.74,294,74
U010056,C000495,2026-07-28,2.4,126,43
U010057,C000065,2026-03-12,2.02,39,75
U010058,C000610,2026-09-15,3.52,113,94
U010059,C000194,2026-02-15,3.57,96,56
U010060,C000417,2025-12-06,0.98,132,78
U010061,C000994,2025-09-24,3.99,256,63
U010062,C000018,2026-07-26,3.8,84,97
U010063,C000113,2025-10-25,0.11,203,91
U010064,C000923,2025-10-07,1.87,163,46
U010065,C000696,2025-11-13,2.09,117,66
U010066,C000098,2026-04-06,2.67,121,68
U010067,C000341,2026-06-01,1.28,181,35
U010068,C000698,2026-07-14,0.85,114,69
U010069,C000310,2025-12-02,3.61,35,92
U010070,C000107,2026-07-12,2.96,34,69
U010071,C000453,2026-06-08,3.71,137,37
U010072,C000152,2026-09-14,0.36,160,20
U010073,C000349,2025-10-30,2.33,130,25
U010074,C000058,2026-07-02,2.72,129,87
U010075,C000591,2026-01-02,1.28,172,14
U010076,C000859,2025-10-07,1.03,33,55
U010077,C000821,2025-11-22,4.37,289,19
U010078,C000653,2026-07-14,4.32,91,54
U010079,C000565,2026-06-09,4.08,28,53
U010080,C000961,2026-02-01,0.13,111,81
U010081,C000055,2026-09-10,3.63,178,14
U010082,C000034,2026-05-01,1.29,230,31
U010083,C000312,2025-11-19,2.7,152,20
U010084,C000162,2026-01-05,1.36,151,17
U010085,C000797,2026-09-22,0.94,271,14
U010086,C000154,2026-04-19,0.47,153,58
U010087,C000149,2026-02-12,1.67,136,47
U010088,C000719,2025-12-24,2.94,134,56
U010089,C000290,2025-09-27,0.65,8,40
U010090,C000814,2025-11-22,0.48,37,16
U010091,C000002,2025-10-11,3.11,130,36
U010092,C000644,2026-05-23,4.74,31,100
U010093,C000317,2026-05-01,2.98,30,32
U010094,C000371,2026-09-11,0.37,283,61
U010095,C000662,2026-06-23,1.21,280,27
U010096,C000638,2026-09-08,1.47,176,22
U010097,C000192,2025-11-18,0.51,176,49
U010098,C000371,2026-08-30,4.08,297,2
U010099,C000329,2026-06-12,0.32,200,51
U010100,C000803,2026-06-25,0.16,100,57
U010101,C000752,2026-03-29,3.48,120,66
U010102,C000875,2026-05-17,2.71,145,39
U010103,C000995,2026-01-19,2.37,108,69
U010104,C000286,2026-04-10,4.85,141,97
U010105,C000675,2026-04-01,2.85,151,85
U010106,C000096,2025-10-30,2.22,135,20
U010107,C000093,2026-08-05,1.98,213,100
U010108,C000407,2026-02-22,4.41,217,25
U010109,C000878,2025-10-03,2.87,110,28
U010110,C000892,2026-07-02,4.97,77,23
U010111,C000518,2025-10-20,3.49,86,14
U010112,C000597,2026-07-14,3.78,139,24
U010113,C000951,2026-07-22,2.23,71,81
U010114,C000313,2025-10-19,1.49,31,89
U010115,C000425,2025-12-13,2.72,64,49
U010116,C000592,2026-01-08,2.27,160,44
U010117,C000378,2026-01-12,4.05,39,85
U010118,C000746,2025-10-04,0.23,21,90
U010119,C000142,2026-08-18,1.93,63,23
U010120,C000887,2025-11-17,0.51,115,48
U010121,C000170,2026-07-04,3.5,170,87
U010122,C000271,2026-06-29,0.61,85,39
U010123,C000999,2026-09-22,1.82,61,91
U010124,C000442,2026-02-15,2.91,125,76
U010125,C000948,2026-01-19,1.1,61,31
U010126,C000418,2026-07-11,3.27,159,81
U010127,C000515,2026-06-28,4.42,263,72
U010128,C000128,2025-11-10,4.09,242,3
U010129,C000865,2025-10-25,2.58,179,16
U010130,C000857,2026-01-27,4.71,262,45
U010131,C000721,2026-08-17,3.62,258,3
U010132,C000431,2026-04-27,2.49,189,95
U010133,C000745,2026-03-28,3.67,13,43
U010134,C000443,2026-03-07,0.58,223,26
U010135,C000704,2026-04-14,0.63,233,11
U010136,C000981,2025-12-13,3.66,58,69
U010137,C000496,2025-10-10,4.26,166,21
U010138,C000337,2026-02-10,2.7,165,5
U010139,C000657,2026-07-20,4.72,229,22
U010140,C000152,2026-05-06,4.96,22,3
U010141,C000724,2025-12-20,3.52,7,81
U010142,C000153,2025-09-27,4.04,55,32
U010143,C000878,2026-04-20,1.8,232,46
U010144,C000542,2026-09-08,0.83,253,55
U010145,C000838,2025-09-25,3.13,56,38
U010146,C000805,2026-01-30,1.7,188,70
U010147,C000871,2026-05-06,1.95,67,24
U010148,C000449,2026-09-11,2.44,166,55
U010149,C000996,2025-11-15,4.89,222,42
U010150,C000132,2026-05-29,1.36,281,31
U010151,C000024,2026-07-03,1.56,186,6
U010152,C000656,2025-12-23,4.94,190,32
U010153,C000334,2026-04-19,4.36,25,64
U010154,C000075,2026-04-02,1.23,139,52
U010155,C000285,2025-12-12,4.27,189,44
U010156,C000498,2026-04-24,2.47,103,14
U010157,C000503,2025-10-04,4.89,98,75
U010158,C000181,2026-04-12,1.76,173,43
U010159,C000270,2025-10-09,4.42,215,57
U010160,C000794,2025-10-04,3.3,192,20
U010161,C000790,2026-05-22,4.01,14,82
U010162,C000714,2026-07-05,3.5,191,62
U010163,C000320,2026-08-23,4.78,77,49
U010164,C000134,2025-10-22,3.75,229,61
U010165,C000315,2026-01-04,3.33,220,83
U010166,C000441,2026-09-18,0.94,255,86
U010167,C000894,2025-11-15,4.23,46,6
U010168,C000504,2025-12-09,0.43,128,68
U010169,C000436,2026-09-14,2.21,245,30
U010170,C000622,2026-09-21,2.49,230,33
U010171,C000122,2026-09-06,1.82,84,36
U010172,C000267,2025-12-21,0.14,73,30
U010173,C000501,2025-10-29,2.15,157,76
U010174,C000619,2026-05-08,3.22,105,7
U010175,C000350,2026-02-23,4.97,255,54
U010176,C000540,2026-06-16,3.9,158,36
U010177,C000141,2026-02-01,0.91,187,30
U010178,C000898,2025-12-21,4.21,292,2
U010179,C000991,2025-11-24,2.83,229,17
U010180,C000869,2026-07-20,0.96,71,14
U010181,C000878,2025-11-26,4.54,114,94
U010182,C000242,2026-07-10,4.83,178,100
U010183,C000632,2026-08-01,1.17,143,83
U010184,C000185,2026-07-19,1.86,275,36
U010185,C000594,2025-12-20,4.04,192,53
U010186,C000252,2025-11-08,2.06,221,23
U010187,C000972,2026-08-05,3.07,72,56
U010188,C000297,2025-10-21,3.89,60,97
U010189,C000061,2025-12-07,1.23,46,59
U010190,C000020,2026-02-22,0.35,284,79
U010191,C000107,2026-02-04,0.67,275,0
U010192,C000663,2026-04-24,3.03,154,58
U010193,C000919,2026-02-10,0.3,83,63
U010194,C000367,2026-03-12,2.07,150,4
U010195,C000161,2026-02-12,3.86,280,95
U010196,C000168,2026-08-09,4.74,292,94
U010197,C000675,2026-06-16,1.85,252,64
U010198,C000382,2026-02-09,3.54,130,65
U010199,C000874,2025-10-05,3.22,37,30
U010200,C000555,2026-03-11,2.98,237,50
U010201,C000144,2026-09-19,0.78,192,91
U010202,C000229,2026-09-06,0.99,144,78
U010203,C000229,2026-09-04,1.37,104,52
U010204,C000127,2025-11-17,3.41,162,99
U010205,C000413,2026-05-03,4.38,137,26
U010206,C000328,2026-03-26,0.2,68,50
U010207,C000990,2026-01-19,1.02,17,46
U010208,C000640,2026-09-18,2.66,103,29
U010209,C000503,2026-07-08,4.79,69,51
U010210,C000758,2025-12-09,4.92,104,48
U010211,C000619,2025-12-24,3.31,196,96
U010212,C000867,2026-06-24,0.11,31,65
U010213,C000370,2025-10-27,1.94,187,12
U010214,C000156,2026-01-11,3.67,111,47
U010215,C000826,2026-07-29,2.26,238,41
U010216,C000975,2026-02-19,2.6,41,3
U010217,C000595,2025-12-28,3.06,99,98
U010218,C000973,2026-06-06,4.5,174,75
U010219,C000995,2026-04-04,2.4,239,6
U010220,C000050,2026-08-17,2.84,45,40
U010221,C000949,2026-09-20,0.33,24,17
U010222,C000216,2025-09-27,1.73,170,21
U010223,C000242,2026-03-21,1.42,55,14
U010224,C000855,2025-10-31,3.55,105,31
U010225,C000699,2026-05-01,3.83,28,93
U010226,C000808,2025-12-20,1.36,153,85
U010227,C000863,2025-11-19,2.42,247,60
U010228,C000850,2026-08-15,3.73,268,12
U010229,C000510,2025-10-30,3.91,200,58
U010230,C000310,2026-04-04,2.46,170,70
U010231,C000934,2025-09-24,2.1,21,95
U010232,C000871,2026-05-26,0.78,286,11
U010233,C000598,2026-05-28,0.53,69,29
U010234,C000904,2026-04-11,1.2,26,85
U010235,C000513,2026-04-04,1.47,85,36
U010236,C000181,2025-11-19,1.98,208,39
U010237,C000478,2026-04-17,2.12,222,3
U010238,C000011,2026-01-11,2.44,82,70
U010239,C000261,2026-08-20,0.11,112,81
U010240,C000389,2025-09-28,3.22,104,36
U010241,C000164,2026-08-05,4.96,119,60
U010242,C000705,2026-04-17,0.6,262,69
U010243,C000063,2026-09-21,1.77,189,24
U010244,C000105,2025-12-22,4.31,295,65
U010245,C000732,2026-08-15,4.29,262,37
U010246,C000217,2026-03-10,3.99,75,63
U010247,C000999,2025-10-17,4.49,142,90
U010248,C000736,2026-05-30,1.53,22,84
U010249,C000396,2026-08-10,3.14,233,50
U010250,C000874,2026-08-06,4.95,220,62
U010251,C000442,2026-01-02,3.48,231,18
U010252,C000822,2026-09-18,1.12,282,69
U010253,C000159,2025-11-11,3.5,297,34
U010254,C000834,2025-12-03,3.28,252,95
U010255,C000922,2026-06-11,1.45,34,35
U010256,C000495,2026-01-12,3.66,186,96
U010257,C000537,2025-12-13,0.42,91,99
U010258,C000917,2026-01-22,0.17,213,15
U010259,C000834,2026-05-05,4.53,215,1
U010260,C000730,2025-11-14,1.4,254,1
U010261,C000012,2026-09-22,1.63,282,47
U010262,C000796,2026-06-07,1.95,128,20
U010263,C000030,2026-02-17,4.0,206,40
U010264,C000838,2025-12-03,1.73,69,100
U010265,C000412,2026-03-23,4.06,204,1
U010266,C000939,2026-03-06,1.95,131,64
U010267,C000669,2025-11-27,1.05,122,51
U010268,C000382,2025-09-26,1.03,110,46
U010269,C000471,2026-01-30,3.27,62,80
U010270,C000920,2026-07-27,3.85,128,52
U010271,C000735,2026-01-29,4.9,21,70
U010272,C000140,2026-09-11,4.79,79,77
U010273,C000067,2026-01-04,2.7,178,45
U010274,C000513,2026-07-11,4.55,69,33
U010275,C000721,2026-05-25,0.81,254,84
U010276,C000925,2026-04-07,1.98,70,72
U010277,C000050,2025-10-08,1.32,158,15
U010278,C000510,2026-03-14,4.94,19,13
U010279,C000536,2026-03-03,0.34,192,95
U010280,C000921,2026-09-07,3.8,135,31
U010281,C000625,2026-08-15,4.52,137,28
U010282,C000734,2026-01-18,2.97,278,57
U010283,C000261,2025-10-28,4.92,149,78
U010284,C000054,2026-03-12,2.64,217,43
U010285,C000652,2026-04-23,1.5,291,86
U010286,C000692,2026-06-13,4.94,4,11
U010287,C000986,2026-01-21,3.34,84,16
U010288,C000908,2026-02-24,1.7,86,80
U010289,C000417,2025-12-21,3.82,172,98
U010290,C000911,2026-04-02,4.25,169,59
U010291,C000107,2026-01-09,1.9,85,56
U010292,C000257,2026-04-21,0.19,197,72
U010293,C000573,2025-12-31,3.82,156,73
U010294,C000469,2026-08-12,4.3,26,58
U010295,C000623,2026-04-18,3.08,61,88
U010296,C000926,2025-12-13,1.29,107,31
U010297,C000118,2026-09-12,3.33,45,32
U010298,C000678,2026-01-14,1.25,168,17
U010299,C000295,2026-06-12,1.67,273,46
U010300,C000151,2025-12-03,3.81,243,35
U010301,C000672,2026-07-15,3.5,195,71
U010302,C000281,2026-01-27,2.31,43,77
U010303,C000157,2026-04-06,1.61,125,65
U010304,C000665,2026-05-23,0.54,143,5
U010305,C000607,2025-12-24,2.86,146,3
U010306,C000641,2026-02-09,3.83,158,43
U010307,C000147,2026-08-02,1.71,57,59
U010308,C000890,2026-02-20,2.17,13,56
U010309,C000961,2026-02-12,0.43,5,88
U010310,C000659,2025-12-21,1.47,199,42
U010311,C000080,2026-05-07,4.59,56,19
U010312,C000354,2026-08-29,2.4,231,20
U010313,C000408,2026-01-31,2.66,274,8
U010314,C000711,2026-07-25,1.81,116,6
U010315,C000201,2025-10-03,4.11,160,90
U010316,C000739,2025-12-30,0.76,150,53
U010317,C000980,2026-07-06,3.29,237,43
U010318,C000848,2026-07-05,2.17,165,28
U010319,C000690,2025-10-11,0.39,244,79
U010320,C000972,2025-10-04,2.72,218,71
U010321,C000080,2026-05-14,1.64,126,3
U010322,C000996,2026-01-09,4.03,14,56
U010323,C000935,2026-06-02,2.26,88,89
U010324,C000648,2026-04-02,4.3,246,29
U010325,C000878,2026-08-26,0.11,90,28
U010326,C000489,2026-06-11,4.3,171,12
U010327,C000760,2026-09-04,4.13,236,54
U010328,C000397,2026-03-18,4.2,252,75
U010329,C000262,2025-11-07,0.9,291,6
U010330,C000148,2025-11-07,1.66,127,44
U010331,C000687,2025-11-16,2.87,49,32
U010332,C000626,2026-01-08,1.49,236,28
U010333,C000560,2025-12-18,1.01,266,46
U010334,C000994,2026-01-06,1.17,197,35
U010335,C000882,2026-03-29,0.69,150,76
U010336,C000062,2026-06-10,3.04,102,46
U010337,C000399,2026-09-19,4.65,147,44
U010338,C000261,2025-12-10,4.74,3,85
U010339,C000070,2025-11-03,0.39,195,17
U010340,C000913,2025-11-24,0.69,130,15
U010341,C000915,2025-12-03,4.7,196,92
U010342,C000289,2026-06-17,0.93,32,75
U010343,C000034,2026-02-26,1.92,153,42
U010344,C000754,2026-08-28,2.45,88,73
U010345,C000292,2026-02-20,4.3,9,13
U010346,C000872,2026-01-01,4.25,240,54
U010347,C000385,2026-09-04,0.84,275,38
U010348,C000322,2026-02-15,4.45,79,19
U010349,C000595,2026-07-24,4.72,132,18
U010350,C000905,2026-05-03,1.28,235,3
U010351,C000838,2026-06-04,1.65,101,84
U010352,C000155,2025-10-25,4.43,62,67
U010353,C000848,2025-10-02,0.3,285,90
U010354,C000672,2026-05-25,2.46,214,81
U010355,C000695,2026-06-25,1.26,263,61
U010356,C000770,2026-01-29,3.34,271,9
U010357,C000377,2026-01-01,4.4,98,81
U010358,C000206,2025-12-11,3.08,71,35
U010359,C000910,2026-07-24,2.44,156,88
U010360,C000055,2026-04-06,1.0,221,64
U010361,C000959,2026-04-21,0.93,269,79
U010362,C000926,2026-01-10,4.15,222,74
U010363,C000150,2025-11-27,1.83,86,45
U010364,C000645,2026-06-03,3.63,16,86
U010365,C000266,2025-12-13,2.62,98,11
U010366,C000409,2026-02-11,0.9,262,43
U010367,C000186,2026-06-10,2.86,46,62
U010368,C000975,2026-01-11,4.66,270,48
U010369,C000464,2026-03-26,2.94,283,88
U010370,C001000,2026-06-30,4.36,8,20
U010371,C000280,2026-02-17,2.14,93,12
U010372,C000212,2026-05-31,2.08,104,44
U010373,C000180,2025-11-01,1.04,208,10
U010374,C000464,2026-09-16,4.57,144,34
U010375,C000607,2026-01-30,2.89,64,48
U010376,C000974,2025-12-23,1.96,240,85
U010377,C000656,2026-08-25,2.49,122,34
U010378,C000614,2025-12-29,2.91,295,86
U010379,C000053,2026-01-20,4.79,300,81
U010380,C000909,2025-12-09,1.41,285,91
U010381,C000560,2026-01-03,1.33,157,64
U010382,C000760,2026-03-25,2.46,223,76
U010383,C000790,2026-07-26,1.71,217,59
U010384,C000287,2026-09-17,0.28,107,45
U010385,C000948,2025-12-02,2.55,201,59
U010386,C000106,2025-11-08,4.45,257,79
U010387,C000525,2026-05-15,4.46,34,6
U010388,C000803,2026-09-18,2.9,1,16
U010389,C000778,2026-07-06,2.63,265,35
U010390,C000079,2026-05-18,1.94,123,36
U010391,C000680,2026-07-27,3.13,83,1
U010392,C000253,2026-01-26,3.39,274,51
U010393,C000773,2026-02-03,2.17,258,70
U010394,C000687,2025-10-03,3.58,259,74
U010395,C000753,2026-04-16,4.24,171,71
U010396,C000322,2025-10-07,2.89,267,86
U010397,C000020,2026-03-23,2.06,127,63
U010398,C000306,2026-08-13,0.5,181,8
U010399,C000594,2026-01-12,3.3,65,71
U010400,C000688,2025-11-16,4.79,155,4
U010401,C000247,2026-02-21,1.12,139,66
U010402,C000660,2025-11-28,0.95,141,60
U010403,C000558,2026-01-05,4.62,237,39
U010404,C000559,2026-05-13,4.14,187,77
U010405,C000295,2025-10-03,4.96,201,75
U010406,C000866,2026-09-01,1.27,260,45
U010407,C000597,2026-04-05,0.55,138,76
U010408,C000530,2025-10-16,0.89,196,34
U010409,C000671,2026-09-04,2.01,94,100
U010410,C000861,2025-12-15,0.76,167,41
U010411,C000779,2025-10-07,2.28,174,44
U010412,C000990,2025-10-02,3.83,39,36
U010413,C000850,2026-04-26,1.7,66,94
U010414,C000818,2025-12-21,0.31,294,72
U010415,C000766,2026-06-24,1.66,223,1
U010416,C000507,2026-02-14,3.1,94,44
U010417,C000937,2026-02-12,2.97,105,46
U010418,C000173,2026-09-08,1.12,279,37
U010419,C000225,2025-12-12,0.29,75,36
U010420,C000689,2026-02-19,2.07,157,8
U010421,C000641,2025-11-13,2.22,271,57
U010422,C000833,2025-11-28,0.64,222,92
U010423,C000529,2026-05-10,0.25,277,19
U010424,C000855,2025-10-22,1.27,124,68
U010425,C000953,2026-06-20,3.14,258,40
U010426,C000811,2026-02-09,0.21,278,4
U010427,C000694,2026-02-21,2.65,293,53
U010428,C000325,2026-02-06,2.55,5,81
U010429,C000309,2025-12-10,3.22,82,49
U010430,C000408,2025-11-15,0.52,141,90
U010431,C000730,2025-12-23,0.13,3,68
U010432,C000149,2026-05-25,3.7,213,88
U010433,C000062,2026-06-19,3.13,43,29
U010434,C000451,2026-06-19,0.97,69,35
U010435,C000571,2026-05-19,4.82,285,5
U010436,C000103,2026-06-24,0.88,260,71
U010437,C000852,2025-11-28,3.68,110,72
U010438,C000156,2026-07-01,3.45,122,75
U010439,C000865,2026-08-13,0.58,171,23
U010440,C000939,2026-08-02,3.13,197,3
U010441,C000917,2026-01-02,3.58,61,9
U010442,C000410,2026-04-22,2.12,169,9
U010443,C000061,2026-03-11,1.06,138,94
U010444,C000112,2025-10-29,3.04,18,38
U010445,C000119,2026-04-05,1.49,258,31
U010446,C000910,2025-11-14,1.53,5,31
U010447,C000133,2026-06-26,1.21,225,39
U010448,C000239,2026-04-21,4.9,294,35
U010449,C000700,2025-09-30,0.93,261,37
U010450,C000892,2025-09-27,0.1,95,61
U010451,C000572,2026-01-24,2.52,74,18
U010452,C000193,2026-02-25,4.73,281,48
U010453,C000776,2026-04-11,3.96,122,82
U010454,C000779,2026-04-05,1.45,166,67
U010455,C000511,2026-06-21,0.53,149,62
U010456,C000796,2025-11-21,2.82,27,85
U010457,C000086,2026-05-02,1.69,156,83
U010458,C000945,2025-10-20,3.69,128,70
U010459,C000178,2026-01-09,4.5,98,60
U010460,C000667,2026-05-08,3.53,161,52
U010461,C000948,2026-06-17,0.33,197,38
U010462,C000331,2026-03-01,2.64,43,87
U010463,C000501,2026-04-03,1.76,151,95
U010464,C000929,2026-02-13,2.79,178,37
U010465,C000080,2025-11-17,4.94,12,18
U010466,C000677,2026-03-06,3.35,258,29
U010467,C000739,2026-07-03,4.44,205,13
U010468,C000075,2025-10-24,4.41,55,78
U010469,C000179,2025-11-04,2.32,146,43
U010470,C000512,2026-06-06,2.43,241,30
U010471,C000621,2026-03-28,4.79,180,20
U010472,C000411,2025-09-30,2.47,81,100
U010473,C000827,2026-09-11,2.48,208,65
U010474,C000471,2026-06-07,3.98,205,79
U010475,C000144,2026-01-25,0.14,260,86
U010476,C000946,2025-10-03,3.0,185,81
U010477,C000242,2026-05-28,4.46,68,39
U010478,C000796,2026-06-17,3.99,59,71
U010479,C000390,2026-01-13,2.86,222,86
U010480,C000098,2025-11-28,0.35,132,83
U010481,C000421,2026-08-27,1.81,126,85
U010482,C000748,2026-08-10,4.55,3,10
U010483,C000604,2026-05-26,1.46,133,32
U010484,C000035,2026-09-03,2.32,254,94
U010485,C000257,2026-02-24,3.58,151,20
U010486,C000771,2026-02-11,3.18,281,59
U010487,C000808,2026-07-25,4.48,285,52
U010488,C000080,2026-07-05,1.48,69,70
U010489,C000233,2025-10-07,4.37,252,96
U010490,C000785,2026-03-03,1.25,138,73
U010491,C000435,2026-01-06,2.76,11,95
U010492,C000403,2025-12-16,4.2,41,37
U010493,C000744,2026-04-02,4.73,82,96
U010494,C000800,2026-03-23,3.43,276,12
U010495,C000420,2026-01-11,3.58,151,99
U010496,C000567,2026-01-25,2.79,262,33
U010497,C000492,2026-02-13,1.6,211,42
U010498,C000330,2026-03-20,4.61,121,51
U010499,C000459,2026-05-29,3.93,95,81
U010500,C000498,2025-10-14,2.24,93,90
U010501,C000818,2025-10-14,2.9,171,26
U010502,C000398,2026-06-26,0.32,199,85
U010503,C000225,2026-05-28,1.31,257,79
U010504,C000255,2026-04-30,2.16,140,88
U010505,C000448,2025-10-20,4.05,2,65
U010506,C000585,2026-02-13,4.8,299,63
U010507,C000493,2026-08-01,0.93,91,3
U010508,C000438,2025-12-07,0.25,64,43
U010509,C000608,2026-03-17,0.99,207,62
U010510,C000033,2026-08-21,1.56,254,72
U010511,C000509,2026-06-03,0.4,249,47
U010512,C000216,2026-03-30,2.08,97,22
U010513,C000317,2026-03-26,4.34,198,30
U010514,C000916,2025-10-07,2.17,224,47
U010515,C000040,2026-06-16,0.26,152,4
U010516,C000080,2026-04-21,4.39,101,99
U010517,C000110,2025-11-19,3.54,294,34
U010518,C000936,2026-01-08,1.76,149,83
U010519,C000502,2025-11-09,2.31,86,31
U010520,C000003,2025-10-05,1.01,299,37
U010521,C000345,2026-01-14,4.2,184,42
U010522,C000011,2025-10-13,0.18,199,16
U010523,C000397,2026-05-24,3.14,165,91
U010524,C000731,2025-11-09,0.73,292,32
U010525,C000094,2025-11-20,3.71,31,8
U010526,C000929,2026-01-15,4.88,162,51
U010527,C000817,2025-10-17,4.34,205,41
U010528,C000500,2025-10-10,2.5,286,68
U010529,C000373,2026-06-11,2.69,120,100
U010530,C000855,2025-11-05,4.59,29,85
U010531,C000675,2025-10-03,4.07,41,89
U010532,C000526,2026-06-21,2.53,171,58
U010533,C000313,2025-12-01,1.75,196,34
U010534,C000078,2026-08-04,2.31,7,17
U010535,C000826,2026-01-02,2.42,58,50
U010536,C000742,2026-03-08,2.24,155,1
U010537,C000926,2026-07-13,1.32,75,24
U010538,C000660,2026-02-15,4.13,47,40
U010539,C000483,2026-01-20,2.08,1,42
U010540,C000940,2026-09-20,0.96,48,95
U010541,C000571,2025-11-04,0.77,104,98
U010542,C000120,2025-11-17,4.32,193,67
U010543,C000318,2026-01-02,3.96,61,51
U010544,C000183,2026-06-26,2.01,249,80
U010545,C000711,2025-12-14,3.52,20,35
U010546,C000439,2026-02-24,0.25,192,68
U010547,C000602,2025-10-20,2.63,65,49
U010548,C000196,2026-02-01,4.54,95,46
U010549,C000629,2026-08-28,1.8,276,55
U010550,C000895,2025-11-28,1.91,179,71
U010551,C000642,2025-11-16,1.51,149,81
U010552,C000442,2026-03-07,2.98,100,90
U010553,C000724,2026-01-15,0.4,96,16
U010554,C000253,2026-08-20,3.09,53,67
U010555,C000966,2026-05-18,2.01,299,69
U010556,C000813,2026-02-06,4.12,181,3
U010557,C000603,2026-01-09,2.2,178,58
U010558,C000848,2026-09-17,0.59,99,14
U010559,C000658,2026-04-08,4.38,120,13
U010560,C000694,2026-09-15,2.45,95,90
U010561,C000925,2026-06-17,1.01,43,52
U010562,C000694,2026-06-11,1.14,205,9
U010563,C000346,2026-01-31,0.78,37,79
U010564,C000023,2026-08-16,3.62,108,72
U010565,C000157,2026-08-24,4.86,166,6
U010566,C000562,2026-03-08,4.75,106,70
U010567,C000206,2026-03-07,0.31,42,49
U010568,C000056,2026-03-07,2.59,44,75
U010569,C000354,2026-06-26,3.77,30,31
U010570,C000249,2026-03-09,0.54,40,20
U010571,C000851,2026-02-13,4.77,203,7
U010572,C000242,2025-11-01,1.65,216,67
U010573,C000267,2026-01-22,1.92,76,51
U010574,C000801,2026-08-06,2.18,0,14
U010575,C000838,2025-11-05,4.1,218,19
U010576,C000060,2026-04-17,4.94,188,61
U010577,C000632,2026-05-09,3.44,229,98
U010578,C000260,2026-02-23,4.66,144,42
U010579,C000953,2026-01-10,4.24,203,65
U010580,C000982,2026-02-21,2.44,159,74
U010581,C000268,2026-04-06,2.4,298,100
U010582,C000162,2026-05-22,3.26,297,65
U010583,C000646,2026-02-05,2.9,281,26
U010584,C000356,2026-01-13,1.0,129,63
U010585,C000294,2026-03-23,3.58,148,51
U010586,C000167,2026-04-08,1.38,158,9
U010587,C000884,2026-03-16,0.28,275,51
U010588,C000086,2026-09-21,2.8,189,99
U010589,C000245,2026-06-17,3.22,75,70
U010590,C000746,2025-11-07,1.55,124,98
U010591,C000094,2025-12-24,4.63,227,46
U010592,C000149,2026-04-06,4.98,237,76
U010593,C000962,2026-02-21,3.66,235,30
U010594,C000982,2026-01-09,3.92,175,58
U010595,C000807,2026-07-31,0.76,147,16
U010596,C000223,2026-05-06,4.18,6,49
U010597,C000905,2026-07-02,0.55,145,87
U010598,C000789,2026-02-02,3.38,10,98
U010599,C000663,2026-06-17,4.02,142,59
U010600,C000248,2026-04-16,1.68,73,4
U010601,C000140,2026-05-02,3.35,72,99
U010602,C000089,2026-09-22,4.47,211,58
U010603,C000670,2026-07-22,1.85,161,89
U010604,C000804,2026-03-13,1.04,214,16
U010605,C000420,2026-08-07,3.25,65,99
U010606,C000053,2025-11-30,0.75,270,83
U010607,C000793,2026-06-27,1.51,290,49
U010608,C000872,2026-02-05,1.27,223,65
U010609,C000018,2026-07-28,0.28,27,51
U010610,C000027,2026-01-23,2.87,296,8
U010611,C000301,2025-12-29,1.36,185,68
U010612,C000590,2025-11-15,2.73,16,40
U010613,C000627,2026-09-02,0.65,109,55
U010614,C000692,2026-07-14,3.72,15,15
U010615,C000697,2026-07-06,2.01,181,1
U010616,C000703,2026-04-19,1.73,139,54
U010617,C000590,2025-12-07,0.57,259,66
U010618,C000445,2026-04-12,4.13,119,78
U010619,C000346,2026-03-21,4.21,86,76
U010620,C000659,2026-03-04,0.56,176,83
U010621,C000522,2026-04-01,3.04,16,38
U010622,C000903,2026-09-05,2.28,22,76
U010623,C000408,2026-04-06,2.9,233,94
U010624,C000704,2026-01-27,0.81,247,57
U010625,C000447,2026-02-19,4.09,152,82
U010626,C000144,2025-12-07,4.02,131,37
U010627,C000731,2025-11-17,2.25,123,76
U010628,C000558,2025-11-21,4.46,26,34
U010629,C000896,2026-06-23,3.38,257,10
U010630,C000081,2026-02-27,2.05,122,11
U010631,C000603,2026-08-13,3.99,198,4
U010632,C000141,2025-12-07,4.92,251,80
U010633,C000291,2026-09-12,0.76,31,6
U010634,C000675,2025-11-10,2.79,9,39
U010635,C000714,2026-04-24,0.27,128,81
U010636,C000847,2026-04-15,2.74,114,21
U010637,C000515,2026-02-09,4.87,262,54
U010638,C000804,2025-10-05,3.1,140,95
U010639,C000927,2025-12-28,1.01,66,55
U010640,C000475,2026-06-30,0.62,262,72
U010641,C000740,2026-09-05,1.03,127,31
U010642,C000077,2026-05-20,1.97,10,62
U010643,C000851,2026-03-27,4.75,32,72
U010644,C000209,2026-03-04,3.79,87,3
U010645,C000851,2026-09-21,2.75,24,75
U010646,C000284,2025-12-28,1.75,52,51
U010647,C000499,2026-08-26,1.69,142,25
U010648,C000081,2026-05-14,2.5,34,56
U010649,C000833,2025-12-18,2.54,76,36
U010650,C000496,2025-10-03,4.43,185,66
U010651,C000541,2026-05-19,3.41,35,96
U010652,C000597,2026-01-27,2.77,200,100
U010653,C000302,2025-10-30,0.92,186,71
U010654,C000923,2025-12-17,1.17,59,81
U010655,C000335,2025-11-12,4.66,118,46
U010656,C000048,2025-10-30,4.4,132,88
U010657,C000966,2026-01-19,3.55,161,83
U010658,C000545,2026-05-19,0.11,263,18
U010659,C000510,2026-05-25,4.47,173,44
U010660,C000211,2026-04-18,2.15,43,57
U010661,C000613,2026-04-23,0.68,156,49
U010662,C000204,2025-11-23,4.72,75,11
U010663,C000972,2025-12-30,4.34,166,4
U010664,C000441,2026-04-28,4.06,44,75
U010665,C000132,2025-12-20,4.63,211,47
U010666,C000081,2026-09-22,3.61,34,84
U010667,C000074,2025-11-13,2.55,74,65
U010668,C000208,2026-04-01,0.59,244,80
U010669,C000049,2026-03-29,1.72,245,75
U010670,C000626,2026-01-01,3.29,278,70
U010671,C000530,2026-08-02,3.79,255,56
U010672,C000703,2026-03-21,0.46,230,87
U010673,C000010,2026-02-18,4.12,144,79
U010674,C000860,2026-05-09,3.64,20,26
U010675,C000972,2026-01-04,2.7,170,18
U010676,C000976,2025-11-25,2.24,164,35
U010677,C000819,2026-05-25,0.53,58,88
U010678,C000019,2026-01-23,2.46,238,15
U010679,C000603,2025-11-16,1.11,2,14
U010680,C000697,2025-10-28,1.92,170,71
U010681,C000934,2026-09-10,1.05,257,49
U010682,C000928,2026-03-16,3.39,121,42
U010683,C000914,2026-04-08,1.49,221,68
U010684,C000589,2026-02-03,0.35,259,78
U010685,C000896,2026-04-21,1.02,210,94
U010686,C001000,2026-06-29,4.41,204,97
U010687,C000245,2025-09-23,4.6,251,54
U010688,C000025,2026-09-05,4.18,229,65
U010689,C000023,2026-07-22,0.65,8,3
U010690,C000286,2026-06-11,0.14,214,34
U010691,C000552,2025-10-19,1.53,27,33
U010692,C000159,2026-03-30,3.14,216,3
U010693,C000467,2026-09-11,2.01,105,55
U010694,C000886,2025-11-16,4.32,158,18
U010695,C000986,2026-08-10,3.29,286,95
U010696,C000083,2025-10-08,4.64,162,41
U010697,C000185,2026-06-18,1.04,0,55
U010698,C000731,2026-02-23,1.22,150,52
U010699,C000232,2026-04-01,2.4,28,74
U010700,C000276,2026-07-03,3.9,146,32
U010701,C000990,2026-04-09,1.41,273,41
U010702,C000668,2026-05-16,3.11,32,32
U010703,C000752,2026-05-31,2.19,128,83
U010704,C000004,2026-05-21,3.95,238,14
U010705,C000593,2025-10-05,2.19,19,89
U010706,C000248,2026-08-26,3.06,233,64
U010707,C000227,2025-10-12,0.46,125,62
U010708,C000685,2025-10-07,2.02,241,16
U010709,C000291,2026-03-03,2.46,159,85
U010710,C000762,2026-05-22,3.95,243,56
U010711,C000608,2026-06-30,2.11,98,25
U010712,C000129,2026-08-05,4.78,284,99
U010713,C000935,2026-04-03,1.97,69,27
U010714,C000516,2025-11-24,3.64,185,23
U010715,C000688,2026-05-12,1.97,179,46
U010716,C000897,2026-09-11,4.19,0,67
U010717,C000784,2026-09-16,0.44,177,41
U010718,C000789,2026-06-10,4.31,66,3
U010719,C000759,2026-05-25,4.67,61,90
U010720,C000163,2026-03-26,0.56,163,96
U010721,C000727,2026-06-10,1.2,18,65
U010722,C000284,2026-01-18,1.79,131,21
U010723,C000546,2025-10-22,2.66,288,42
U010724,C000954,2025-12-16,3.4,147,40
U010725,C000871,2026-05-02,1.82,197,46
U010726,C000564,2026-07-15,4.59,184,10
U010727,C000031,2026-07-18,4.87,248,85
U010728,C000721,2025-10-25,2.84,180,82
U010729,C000788,2026-03-03,1.98,180,26
U010730,C000589,2026-09-04,2.97,253,45
U010731,C000936,2026-05-07,2.02,1,40
U010732,C000838,2026-09-06,2.29,90,2
U010733,C000458,2026-08-06,3.14,265,68
U010734,C000397,2026-01-15,1.86,99,63
U010735,C000054,2025-12-27,3.72,213,22
U010736,C000559,2026-04-13,2.83,131,57
U010737,C000519,2026-08-27,2.5,220,91
U010738,C000123,2026-07-18,0.39,32,3
U010739,C000315,2026-08-20,0.49,228,8
U010740,C000290,2026-07-08,3.88,11,84
U010741,C000849,2026-02-04,1.74,233,17
U010742,C000336,2026-05-31,1.32,228,61
U010743,C000300,2025-11-06,2.88,25,37
U010744,C000838,2026-05-20,2.21,171,92
U010745,C000595,2026-02-25,4.86,229,68
U010746,C000031,2026-01-14,1.42,3,10
U010747,C000859,2025-12-06,4.64,77,64
U010748,C000166,2026-02-21,4.43,158,26
U010749,C000728,2026-04-11,2.71,226,8
U010750,C000995,2026-03-16,0.74,218,91
U010751,C000230,2026-04-08,2.65,196,54
U010752,C000253,2026-06-09,3.0,32,71
U010753,C000998,2026-01-08,2.95,297,23
U010754,C000303,2026-01-06,4.57,5,85
U010755,C000778,2026-09-07,3.2,134,0
U010756,C000671,2025-10-28,2.31,252,46
U010757,C000552,2025-12-05,2.44,279,54
U010758,C000474,2026-07-27,3.25,35,71
U010759,C000488,2026-04-09,2.12,63,48
U010760,C000121,2026-01-16,2.81,189,10
U010761,C000413,2025-11-05,3.61,14,26
U010762,C000585,2025-11-28,1.25,262,99
U010763,C000084,2026-05-12,4.83,261,31
U010764,C000498,2026-06-28,2.92,193,73
U010765,C000702,2025-10-31,4.4,65,78
U010766,C000058,2026-08-23,0.7,294,34
U010767,C000581,2026-06-06,1.93,117,71
U010768,C000580,2026-01-14,1.49,197,78
U010769,C000102,2026-07-05,3.99,114,52
U010770,C000997,2026-09-04,2.95,73,23
U010771,C000629,2026-04-09,2.68,231,66
U010772,C000707,2026-06-19,4.13,136,2
U010773,C000241,2026-03-03,4.41,152,63
U010774,C000199,2025-11-10,2.04,298,68
U010775,C000062,2026-05-30,2.24,48,27
U010776,C000084,2026-03-24,1.06,56,55
U010777,C000183,2026-05-20,4.09,261,42
U010778,C000204,2026-03-02,1.43,2,10
U010779,C000787,2026-04-03,4.08,67,96
U010780,C000599,2025-11-02,3.22,297,2
U010781,C000535,2025-12-19,0.57,27,12
U010782,C000589,2026-07-08,3.14,78,40
U010783,C000407,2026-03-19,3.82,71,42
U010784,C000451,2025-11-10,2.43,168,13
U010785,C000110,2026-09-03,2.48,17,60
U010786,C000122,2026-05-19,4.06,206,52
U010787,C000885,2025-12-14,1.09,16,4
U010788,C000758,2026-08-07,1.62,194,43
U010789,C000408,2025-10-25,3.64,218,37
U010790,C000030,2026-07-06,3.3,231,44
U010791,C000934,2026-07-11,3.64,27,86
U010792,C000978,2026-04-27,1.23,180,73
U010793,C000162,2026-02-25,2.91,277,55
U010794,C000263,2026-07-17,2.82,277,33
U010795,C000955,2026-03-16,0.15,118,50
U010796,C000127,2026-07-08,1.35,1,3
U010797,C000275,2026-02-17,2.11,169,9
U010798,C000770,2026-06-03,2.4,102,67
U010799,C000340,2025-10-11,0.96,60,28
U010800,C000204,2026-03-01,1.25,72,35
U010801,C000379,2026-02-05,3.96,80,50
U010802,C000814,2026-06-05,1.17,181,76
U010803,C000500,2025-09-26,1.13,4,60
U010804,C000550,2026-03-29,2.96,221,2
U010805,C000982,2026-07-28,0.16,164,75
U010806,C000622,2025-10-17,4.43,52,97
U010807,C000640,2025-11-29,0.75,43,98
U010808,C000350,2026-01-22,4.71,150,92
U010809,C000396,2026-03-14,0.58,112,36
U010810,C000426,2026-08-02,4.93,19,88
U010811,C000802,2026-02-02,3.74,251,30
U010812,C000282,2026-03-21,4.62,67,54
U010813,C000884,2025-11-10,3.41,29,20
U010814,C000281,2026-02-17,1.47,268,73
U010815,C000975,2026-04-04,1.05,219,4
U010816,C000239,2026-02-22,3.69,219,29
U010817,C000083,2026-01-06,2.85,110,52
U010818,C000991,2026-08-31,4.88,210,92
U010819,C000581,2025-10-29,4.17,194,38
U010820,C000072,2025-12-15,0.27,36,93
U010821,C000939,2026-04-16,1.01,177,35
U010822,C000204,2026-04-16,2.21,81,55
U010823,C000926,2026-07-22,1.39,240,60
U010824,C000932,2025-10-01,4.27,146,41
U010825,C000957,2025-11-13,0.89,163,51
U010826,C000926,2026-09-02,3.44,178,79
U010827,C000086,2026-06-25,0.21,163,81
U010828,C000469,2026-03-21,4.35,68,38
U010829,C000069,2025-11-04,0.84,179,74
U010830,C000861,2026-08-30,2.27,45,78
U010831,C000839,2026-03-25,4.26,158,99
U010832,C000688,2026-09-13,2.29,276,92
U010833,C000107,2026-05-17,2.8,223,36
U010834,C000629,2026-04-12,1.49,45,48
U010835,C000474,2026-05-28,1.64,250,93
U010836,C000613,2026-08-17,4.62,134,93
U010837,C000682,2025-10-05,3.61,287,87
U010838,C000312,2026-07-18,3.74,193,99
U010839,C000321,2026-07-25,2.49,26,50
U010840,C000236,2026-04-03,4.31,43,55
U010841,C000399,2026-08-27,1.43,175,0
U010842,C000873,2026-01-15,1.65,90,58
U010843,C000064,2026-04-01,4.22,73,48
U010844,C000308,2025-12-13,0.92,288,37
U010845,C000063,2025-12-09,3.49,177,45
U010846,C000326,2026-07-19,1.66,49,85
U010847,C000598,2026-03-03,0.51,235,55
U010848,C000481,2025-11-28,2.11,149,100
U010849,C000189,2025-11-17,4.74,10,68
U010850,C000862,2025-12-24,2.95,160,86
U010851,C000767,2026-09-21,1.38,275,80
U010852,C000778,2026-01-20,1.43,35,87
U010853,C000872,2026-04-30,2.56,100,54
U010854,C000006,2026-06-14,0.97,261,12
U010855,C000309,2026-08-04,3.36,2,21
U010856,C000507,2026-05-17,3.09,214,1
U010857,C000048,2026-07-29,1.26,167,76
U010858,C000487,2025-10-13,1.63,114,66
U010859,C000682,2026-03-23,2.69,117,71
U010860,C000231,2026-08-03,4.53,235,25
U010861,C000508,2026-08-20,0.99,23,35
U010862,C000336,2026-02-01,0.13,221,80
U010863,C000479,2026-05-14,1.65,196,25
U010864,C000324,2026-08-09,0.44,195,1
U010865,C000606,2026-07-21,0.96,227,99
U010866,C000114,2026-06-21,3.12,73,43
U010867,C000452,2025-11-26,3.1,253,86
U010868,C000651,2026-04-20,2.61,234,14
U010869,C000574,2026-07-14,1.02,179,29
U010870,C000783,2026-04-23,4.65,154,59
U010871,C000554,2026-03-26,0.72,253,56
U010872,C000098,2025-11-16,1.23,124,74
U010873,C000665,2026-05-05,1.24,166,76
U010874,C000913,2026-03-14,3.24,148,7
U010875,C000967,2026-07-05,3.15,206,34
U010876,C000789,2025-11-29,3.98,240,63
U010877,C000706,2026-03-13,2.99,195,66
U010878,C000231,2026-04-19,3.67,210,50
U010879,C001000,2026-09-18,1.52,24,93
U010880,C000156,2026-02-22,1.77,110,12
U010881,C000520,2025-11-07,0.4,135,58
U010882,C000429,2026-07-17,3.63,28,0
U010883,C000155,2026-09-20,4.5,71,22
U010884,C000925,2026-02-17,2.11,249,9
U010885,C000871,2026-08-29,1.74,228,40
U010886,C000250,2026-06-27,3.19,163,69
U010887,C000462,2025-10-24,0.64,76,36
U010888,C000315,2026-02-15,1.57,72,52
U010889,C000431,2026-08-19,1.5,218,19
U010890,C000952,2026-01-10,3.86,51,6
U010891,C000968,2026-07-13,1.86,241,17
U010892,C000346,2026-03-10,2.51,5,10
U010893,C000902,2025-11-01,3.69,97,97
U010894,C000955,2026-08-16,4.51,231,57
U010895,C000186,2025-12-24,4.49,71,4
U010896,C000842,2026-04-17,4.11,249,83
U010897,C000434,2025-11-02,0.49,296,51
U010898,C000357,2026-09-04,4.82,176,15
U010899,C000609,2026-09-12,2.71,216,39
U010900,C000508,2026-04-22,4.49,162,86
U010901,C000760,2026-05-24,4.95,145,80
U010902,C000821,2025-12-29,2.88,82,23
U010903,C000331,2026-02-04,4.14,113,1
U010904,C000813,2025-10-09,3.93,129,55
U010905,C000048,2026-04-15,2.09,69,89
U010906,C000653,2025-12-07,2.23,220,52
U010907,C000465,2026-01-21,1.54,208,76
U010908,C000466,2025-10-20,3.21,213,83
U010909,C000398,2026-08-26,3.46,70,22
U010910,C000793,2026-05-23,0.74,110,92
U010911,C000692,2026-01-22,3.13,202,52
U010912,C000025,2026-05-11,1.85,65,96
U010913,C000462,2025-11-28,3.71,196,60
U010914,C000518,2026-04-01,4.99,100,71
U010915,C000299,2026-04-29,0.53,16,5
U010916,C000286,2026-04-20,2.07,231,40
U010917,C000683,2025-12-09,2.4,72,83
U010918,C000932,2025-09-30,1.7,254,33
U010919,C000419,2026-05-06,2.55,84,51
U010920,C000505,2026-03-31,4.53,210,25
U010921,C000150,2026-07-20,1.59,84,85
U010922,C000847,2026-04-09,1.99,60,47
U010923,C000691,2026-04-07,3.6,131,27
U010924,C000513,2026-02-02,2.72,17,71
U010925,C000410,2026-02-28,1.69,93,56
U010926,C000778,2025-11-30,2.25,217,20
U010927,C000369,2026-06-27,4.54,133,86
U010928,C000738,2026-01-30,4.85,87,69
U010929,C000588,2025-10-09,0.48,15,91
U010930,C000655,2026-06-30,2.85,213,15
U010931,C000639,2025-12-10,0.18,182,25
U010932,C000279,2025-09-30,3.26,237,37
U010933,C000632,2025-11-15,1.35,162,37
U010934,C000825,2026-02-18,1.04,96,20
U010935,C000061,2025-12-22,1.63,1,28
U010936,C000833,2025-10-07,4.59,167,34
U010937,C000256,2025-11-16,4.42,128,37
U010938,C000248,2026-05-17,3.14,262,35
U010939,C000180,2026-03-18,4.34,246,73
U010940,C000825,2026-06-26,2.41,231,65
U010941,C000258,2026-07-10,4.58,262,89
U010942,C000814,2026-04-26,2.18,71,86
U010943,C000610,2025-11-04,3.02,260,84
U010944,C000230,2025-10-23,2.59,283,20
U010945,C000645,2026-06-08,2.1,227,57
U010946,C000158,2026-03-17,3.1,126,78
U010947,C000010,2026-06-25,2.75,21,34
U010948,C000545,2026-08-25,4.92,64,17
U010949,C000509,2026-01-04,0.72,73,11
U010950,C000910,2025-10-27,4.81,246,46
U010951,C000114,2026-08-17,0.68,200,14
U010952,C000849,2025-10-24,0.97,110,75
U010953,C000951,2026-08-04,3.95,151,51
U010954,C000394,2026-01-26,3.49,288,75
U010955,C000937,2026-07-16,3.07,93,45
U010956,C000693,2026-01-31,4.12,210,61
U010957,C000381,2026-06-05,2.24,171,60
U010958,C000300,2026-05-20,0.37,269,56
U010959,C000056,2026-02-21,0.82,166,45
U010960,C000437,2025-11-08,3.29,299,69
U010961,C000897,2026-03-31,0.33,287,20
U010962,C000436,2026-07-02,0.36,237,14
U010963,C000956,2025-12-26,1.54,30,5
U010964,C000691,2026-03-22,1.74,221,62
U010965,C000935,2026-05-17,2.73,25,67
U010966,C000437,2026-02-10,2.23,64,89
U010967,C000842,2025-11-01,0.95,31,0
U010968,C000645,2026-03-02,4.81,265,48
U010969,C000943,2026-08-29,0.98,241,30
U010970,C000460,2026-07-12,3.56,116,67
U010971,C000954,2025-12-14,1.61,1,35
U010972,C000905,2026-07-23,2.74,83,65
U010973,C000158,2026-03-16,2.22,36,29
U010974,C000889,2026-09-02,2.13,206,54
U010975,C000550,2026-01-31,1.98,27,5
U010976,C000774,2026-07-21,0.38,222,12
U010977,C000268,2025-11-01,3.54,293,37
U010978,C000344,2025-09-27,0.89,191,40
U010979,C000476,2026-07-28,4.76,219,29
U010980,C000637,2026-06-30,4.77,47,94
U010981,C000470,2026-05-23,2.32,63,53
U010982,C000285,2026-01-19,4.08,144,65
U010983,C000975,2026-04-06,4.82,274,71
U010984,C000359,2026-02-03,2.22,255,82
U010985,C000115,2026-03-24,0.83,72,16
U010986,C000613,2026-01-07,4.38,39,91
U010987,C000412,2025-12-21,1.64,125,13
U010988,C000853,2026-06-28,2.96,213,7
U010989,C000479,2026-01-11,1.74,91,61
U010990,C000448,2026-04-15,4.35,93,36
U010991,C000625,2026-07-28,2.86,222,80
U010992,C000148,2026-07-27,3.06,216,38
U010993,C000094,2026-02-24,2.2,53,39
U010994,C000831,2026-06-24,4.48,253,29
U010995,C000347,2026-08-17,1.67,0,46
U010996,C000476,2026-05-04,0.25,96,11
U010997,C000056,2025-12-07,4.27,290,87
U010998,C000085,2026-08-18,1.87,63,36
U010999,C000157,2026-08-27,1.75,274,84
U011000,C000171,2026-08-15,3.26,103,83
U011001,C000483,2025-11-03,2.82,83,39
U011002,C000859,2026-08-03,4.21,0,86
U011003,C000860,2026-06-26,3.83,183,91
U011004,C000941,2026-07-09,4.39,264,62
U011005,C000582,2026-02-21,3.74,204,60
U011006,C000277,2026-06-17,3.27,169,90
U011007,C000041,2026-08-10,1.08,285,88
U011008,C000122,2026-03-22,4.94,165,27
U011009,C000030,2026-08-31,3.58,143,34
U011010,C000936,2025-09-25,1.01,147,4
U011011,C000398,2026-06-27,4.66,300,92
U011012,C000101,2026-08-25,1.11,45,70
U011013,C000884,2025-11-11,2.16,29,50
U011014,C000503,2025-10-29,0.39,183,97
U011015,C000835,2026-02-19,2.1,188,2
U011016,C000312,2025-10-14,0.82,5,78
U011017,C000432,2026-07-29,2.7,243,57
U011018,C000108,2025-10-22,0.42,107,19
U011019,C000194,2026-07-27,0.93,275,47
U011020,C000818,2026-06-22,3.93,34,77
U011021,C000120,2026-02-01,4.32,111,89
U011022,C000857,2026-01-02,3.81,98,92
U011023,C000672,2026-06-24,0.14,251,9
U011024,C000881,2026-05-29,3.4,66,17
U011025,C000045,2026-05-13,4.24,191,77
U011026,C000387,2026-08-01,1.99,278,32
U011027,C000421,2026-08-08,3.47,55,60
U011028,C000758,2026-05-01,3.74,205,23
U011029,C000879,2025-12-14,0.5,136,69
U011030,C000659,2026-04-07,0.3,42,62
U011031,C000736,2026-03-24,3.85,61,89
U011032,C000925,2025-10-31,0.93,123,66
U011033,C000825,2026-02-10,1.41,7,54
U011034,C000935,2026-03-03,3.59,250,34
U011035,C000221,2025-10-30,3.22,190,70
U011036,C000076,2026-07-13,0.44,19,14
U011037,C000266,2025-11-20,0.61,36,53
U011038,C000640,2026-02-24,4.9,283,97
U011039,C000076,2026-06-19,0.45,16,84
U011040,C000646,2026-06-08,3.53,27,92
U011041,C000298,2026-03-29,2.9,60,18
U011042,C000403,2026-01-26,2.19,161,34
U011043,C000897,2026-05-22,3.4,58,14
U011044,C000919,2025-11-22,4.08,92,48
U011045,C000767,2026-05-02,2.16,268,19
U011046,C000112,2026-02-09,3.91,176,41
U011047,C000932,2025-11-21,2.6,206,45
U011048,C000257,2025-10-03,0.49,133,38
U011049,C000384,2026-04-13,3.49,273,61
U011050,C000294,2025-12-09,1.79,112,36
U011051,C000035,2025-11-13,2.5,115,97
U011052,C000438,2025-12-08,2.76,260,54
U011053,C000161,2025-10-29,2.33,40,81
U011054,C000184,2026-03-20,3.39,89,99
U011055,C000433,2025-12-02,2.44,160,18
U011056,C000117,2026-07-23,1.92,249,20
U011057,C000904,2026-08-22,4.22,297,12
U011058,C000391,2026-01-10,3.3,299,46
U011059,C000912,2026-03-17,3.22,292,63
U011060,C000621,2026-04-23,1.24,19,84
U011061,C000936,2025-11-08,2.62,14,65
U011062,C000502,2026-05-17,4.73,287,11
U011063,C000242,2026-06-03,2.18,145,57
U011064,C000525,2026-08-11,2.08,209,24
U011065,C000724,2026-03-30,2.34,155,88
U011066,C000299,2026-05-28,4.99,144,64
U011067,C000833,2026-08-19,0.56,266,63
U011068,C000685,2026-06-28,2.27,36,17
U011069,C000370,2025-10-16,2.81,299,46
U011070,C000126,2026-04-11,4.36,175,32
U011071,C000710,2026-04-21,1.98,158,10
U011072,C000222,2026-07-15,3.8,239,87
U011073,C000837,2026-08-25,2.92,274,7
U011074,C000906,2026-06-20,2.32,293,92
U011075,C000803,2026-02-10,2.21,238,33
U011076,C000787,2026-06-12,1.91,9,59
U011077,C000336,2026-03-27,4.58,165,9
U011078,C000827,2026-04-01,0.55,175,52
U011079,C000463,2026-05-26,2.2,13,9
U011080,C000971,2025-12-26,2.63,30,84
U011081,C000200,2026-08-31,1.88,11,92
U011082,C000423,2026-05-25,0.49,280,46
U011083,C000102,2026-01-17,1.32,272,14
U011084,C000939,2026-08-28,2.2,113,58
U011085,C000448,2025-10-14,0.34,266,76
U011086,C000886,2026-09-09,2.01,106,71
U011087,C000711,2025-10-28,1.22,96,86
U011088,C000472,2026-06-21,1.64,130,39
U011089,C000567,2025-11-30,0.17,133,74
U011090,C000729,2026-06-02,3.07,174,88
U011091,C000673,2025-11-24,2.9,6,3
U011092,C000345,2026-06-12,3.84,165,66
U011093,C000268,2026-07-13,4.62,104,32
U011094,C000103,2026-08-23,2.73,31,87
U011095,C000642,2026-01-21,1.86,101,65
U011096,C000042,2026-02-01,0.15,71,10
U011097,C000392,2025-09-26,2.58,281,61
U011098,C000291,2025-10-31,4.48,158,66
U011099,C000930,2026-04-07,0.23,103,76
U011100,C000493,2026-04-22,1.33,216,31
U011101,C000885,2026-07-10,3.81,290,79
U011102,C000668,2025-11-30,0.94,224,33
U011103,C000242,2026-03-18,2.19,203,52
U011104,C000190,2025-11-22,3.91,144,29
U011105,C000236,2026-05-26,4.26,162,61
U011106,C000112,2025-12-23,1.01,150,1
U011107,C000056,2025-10-04,2.54,26,24
U011108,C000419,2025-09-30,0.87,235,33
U011109,C000167,2026-08-08,2.57,136,44
U011110,C000288,2025-10-12,4.22,15,91
U011111,C000455,2026-03-03,4.16,50,30
U011112,C000247,2026-06-17,0.59,80,92
U011113,C000957,2026-03-21,3.01,299,89
U011114,C000110,2026-03-17,1.51,210,65
U011115,C000946,2026-06-27,0.31,161,67
U011116,C000053,2026-04-02,3.83,173,85
U011117,C000356,2026-03-08,1.03,127,21
U011118,C000232,2025-11-03,3.48,49,66
U011119,C000257,2026-04-17,0.15,166,70
U011120,C000421,2026-02-02,3.6,111,92
U011121,C000507,2026-06-16,1.01,75,28
U011122,C000970,2026-03-22,3.29,181,10
U011123,C000723,2026-06-11,4.42,45,5
U011124,C000194,2026-07-01,4.68,75,65
U011125,C000188,2025-11-07,1.31,176,24
U011126,C000973,2026-02-12,2.04,127,73
U011127,C000168,2026-01-13,1.3,43,14
U011128,C000162,2026-09-18,4.47,148,19
U011129,C000144,2026-02-16,3.52,130,45
U011130,C000447,2026-02-01,1.76,144,5
U011131,C000479,2026-01-14,0.47,193,27
U011132,C000580,2025-10-04,0.42,7,9
U011133,C000944,2026-02-27,4.27,8,33
U011134,C000410,2025-09-24,2.45,201,29
U011135,C000237,2026-04-05,2.02,257,38
U011136,C000606,2026-05-14,0.8,27,30
U011137,C000007,2026-04-01,0.29,143,85
U011138,C000292,2026-02-17,4.97,130,30
U011139,C000689,2026-04-23,0.26,200,48
U011140,C000104,2025-10-09,2.67,201,2
U011141,C000597,2026-08-26,0.4,187,50
U011142,C000133,2026-05-09,3.06,107,85
U011143,C000093,2026-05-19,3.39,11,36
U011144,C000760,2026-01-12,0.42,72,52
U011145,C000893,2026-03-19,3.72,173,23
U011146,C000860,2026-08-08,2.54,291,60
U011147,C000473,2026-03-15,3.17,170,90
U011148,C000731,2026-07-05,3.54,180,10
U011149,C000005,2026-04-15,1.34,289,23
U011150,C000991,2025-11-19,2.6,211,6
U011151,C000134,2026-06-17,0.97,7,60
U011152,C000270,2025-12-02,4.83,276,58
U011153,C000073,2025-11-13,1.98,219,20
U011154,C000528,2025-10-07,4.86,86,33
U011155,C000660,2026-04-28,3.49,228,80
U011156,C000567,2026-02-24,1.68,151,31
U011157,C000870,2025-09-30,0.75,114,38
U011158,C000028,2026-03-14,0.67,31,39
U011159,C000023,2026-05-28,1.66,25,75
U011160,C000951,2026-09-06,4.91,120,25
U011161,C000791,2025-12-05,1.87,98,36
U011162,C000041,2025-10-05,1.85,180,80
U011163,C000293,2026-01-18,3.59,169,10
U011164,C000438,2025-12-21,4.04,196,24
U011165,C000523,2025-10-24,1.45,35,27
U011166,C000196,2025-11-03,2.03,95,51
U011167,C000469,2026-03-14,1.37,59,75
U011168,C000953,2026-04-28,1.82,22,78
U011169,C000293,2026-08-29,3.94,95,77
U011170,C000621,2026-01-17,2.47,19,19
U011171,C000990,2026-05-17,2.63,256,6
U011172,C000269,2026-03-05,3.05,25,0
U011173,C000751,2026-01-20,0.18,36,11
U011174,C000229,2026-05-17,1.53,256,34
U011175,C000470,2025-12-20,4.12,26,60
U011176,C000325,2026-06-04,2.85,284,42
U011177,C000190,2026-06-14,3.1,268,2
U011178,C000899,2025-12-11,0.99,32,9
U011179,C000618,2026-03-01,1.8,287,7
U011180,C000664,2026-08-30,0.89,143,98
U011181,C000750,2025-11-17,3.65,261,75
U011182,C000059,2026-09-18,1.1,102,60
U011183,C000561,2026-05-20,3.73,49,20
U011184,C000199,2026-03-03,4.35,58,92
U011185,C000093,2025-10-07,0.6,69,78
U011186,C000569,2025-11-09,0.38,282,3
U011187,C000133,2026-08-28,3.41,250,79
U011188,C000698,2026-01-06,0.72,291,62
U011189,C000356,2025-12-17,2.2,82,93
U011190,C000748,2025-12-15,1.36,276,22
U011191,C000437,2026-04-03,3.07,29,33
U011192,C000925,2026-01-10,4.84,49,85
U011193,C000075,2026-05-04,4.33,18,54
U011194,C000408,2025-10-06,1.5,124,6
U011195,C000202,2026-02-16,2.43,266,26
U011196,C000590,2026-09-02,3.03,83,95
U011197,C000873,2025-12-27,1.2,286,91
U011198,C000880,2026-08-16,3.02,92,72
U011199,C000516,2026-02-08,3.88,209,34
U011200,C000384,2025-10-02,4.59,300,98
U011201,C000166,2026-06-10,4.8,116,46
U011202,C000658,2026-02-05,1.11,123,25
U011203,C000302,2026-07-30,4.4,124,6
U011204,C000533,2025-11-06,3.59,174,45
U011205,C000051,2026-08-02,3.02,231,11
U011206,C000673,2026-03-19,4.37,6,0
U011207,C000365,2025-11-29,2.72,278,78
U011208,C000650,2026-09-10,1.52,174,81
U011209,C000381,2026-05-01,4.73,93,92
U011210,C000418,2026-02-27,1.5,48,12
U011211,C000486,2025-11-25,0.53,181,74
U011212,C000791,2025-10-25,2.17,195,74
U011213,C000807,2025-10-30,1.51,212,8
U011214,C000279,2026-01-12,3.57,251,53
U011215,C000024,2026-08-12,4.07,248,53
U011216,C000256,2026-04-10,0.95,106,20
U011217,C000063,2025-12-10,3.93,189,32
U011218,C000210,2025-12-15,4.09,45,7
U011219,C000376,2026-04-07,0.86,234,30
U011220,C000621,2026-07-07,1.13,91,18
U011221,C000282,2026-03-06,2.86,283,2
U011222,C000007,2026-07-14,3.44,144,41
U011223,C000246,2026-01-06,2.64,189,51
U011224,C000618,2026-04-08,4.06,273,47
U011225,C000531,2026-02-24,1.23,153,53
U011226,C000329,2026-05-14,3.49,277,47
U011227,C000150,2025-09-28,3.72,205,42
U011228,C000180,2026-04-11,3.02,204,84
U011229,C000715,2026-03-06,4.94,47,21
U011230,C000067,2026-07-16,4.41,31,13
U011231,C000725,2026-01-29,0.57,206,48
U011232,C000681,2026-04-06,0.74,126,32
U011233,C000948,2026-07-05,0.6,15,88
U011234,C000929,2025-10-07,0.98,210,37
U011235,C000740,2026-02-25,0.24,297,23
U011236,C000294,2026-09-05,1.81,131,36
U011237,C000060,2026-07-18,4.29,211,46
U011238,C000293,2026-02-23,1.71,185,44
U011239,C000322,2026-01-04,1.78,144,95
U011240,C000331,2026-02-03,3.59,17,10
U011241,C000704,2025-11-17,4.63,127,81
U011242,C000824,2025-11-17,3.92,123,61
U011243,C000720,2026-01-16,4.29,16,90
U011244,C000912,2026-05-31,3.71,7,97
U011245,C000648,2026-02-26,2.87,66,89
U011246,C000543,2026-06-29,4.24,124,93
U011247,C000753,2025-10-02,2.67,263,81
U011248,C000267,2026-07-14,4.61,73,16
U011249,C000534,2026-02-22,3.47,157,92
U011250,C000407,2026-08-09,3.48,150,19
U011251,C000822,2026-07-29,1.83,263,36
U011252,C000124,2026-06-23,3.25,183,64
U011253,C000890,2025-09-24,2.06,82,60
U011254,C000151,2026-03-06,0.16,270,5
U011255,C000752,2026-07-14,4.83,76,32
U011256,C000696,2025-11-17,0.2,255,25
U011257,C000654,2026-02-09,1.58,8,74
U011258,C000991,2026-05-13,4.67,65,31
U011259,C000958,2025-12-27,2.97,97,38
U011260,C000308,2026-05-09,1.33,120,16
U011261,C000214,2026-03-16,1.53,264,11
U011262,C000233,2026-03-13,2.03,253,9
U011263,C000907,2025-11-08,0.4,160,64
U011264,C000959,2026-04-26,2.42,273,65
U011265,C000215,2025-11-26,2.23,186,55
U011266,C000816,2026-01-09,3.77,186,69
U011267,C000067,2025-11-08,1.46,298,10
U011268,C000482,2026-05-25,1.0,33,1
U011269,C000701,2026-07-24,1.91,268,63
U011270,C000207,2025-11-06,2.36,142,46
U011271,C000063,2025-12-12,2.47,260,84
U011272,C000495,2026-06-26,1.41,61,73
U011273,C000063,2025-10-11,1.57,214,73
U011274,C000041,2026-02-17,2.02,296,99
U011275,C000647,2026-03-18,2.9,14,74
U011276,C000865,2026-08-21,0.38,0,30
U011277,C000741,2026-08-10,1.72,70,85
U011278,C000566,2026-01-16,0.67,273,80
U011279,C000626,2026-07-28,4.23,119,16
U011280,C000630,2026-01-22,0.65,63,7
U011281,C000752,2026-04-26,4.69,259,90
U011282,C000953,2026-02-17,4.56,138,97
U011283,C000057,2026-04-23,2.73,172,46
U011284,C000114,2026-04-28,4.99,193,73
U011285,C000485,2026-07-07,4.04,137,5
U011286,C000125,2025-10-21,4.19,20,75
U011287,C000937,2026-08-27,3.35,253,72
U011288,C000209,2025-12-31,2.65,124,52
U011289,C000934,2026-02-18,3.75,242,80
U011290,C000314,2026-07-19,3.48,24,41
U011291,C000409,2026-04-04,2.8,223,67
U011292,C000006,2026-08-12,1.99,72,15
U011293,C000069,2026-04-09,1.87,270,99
U011294,C000359,2026-08-26,2.04,28,65
U011295,C000730,2026-07-10,1.88,255,2
U011296,C000614,2026-07-12,2.16,111,85
U011297,C000638,2026-06-24,0.32,86,31
U011298,C000939,2025-12-04,2.38,197,4
U011299,C000433,2026-09-08,1.31,205,59
U011300,C000518,2026-08-02,3.52,166,88
U011301,C000445,2026-02-18,1.92,160,94
U011302,C000161,2026-04-07,3.45,50,0
U011303,C000755,2026-02-09,0.77,109,9
U011304,C000967,2025-12-22,4.12,296,87
U011305,C000736,2026-04-04,1.57,143,43
U011306,C000889,2025-10-08,4.26,23,92
U011307,C000393,2026-07-18,4.66,4,43
U011308,C000858,2026-03-10,4.9,138,100
U011309,C000460,2026-04-23,1.11,40,15
U011310,C000525,2026-08-18,3.43,18,40
U011311,C000152,2026-07-12,0.3,97,64
U011312,C000067,2026-03-04,0.53,164,78
U011313,C000362,2026-04-22,0.13,136,68
U011314,C000404,2026-02-25,1.03,261,33
U011315,C000108,2026-07-09,4.63,238,37
U011316,C000768,2026-02-21,4.02,46,1
U011317,C000623,2026-03-25,2.52,84,65
U011318,C000265,2026-03-14,0.18,81,27
U011319,C000282,2025-09-26,4.55,227,35
U011320,C000908,2026-06-14,4.21,184,82
U011321,C000792,2025-12-28,2.4,219,31
U011322,C000505,2025-12-22,3.06,295,35
U011323,C000851,2026-06-23,3.18,5,3
U011324,C000013,2026-03-14,4.62,10,34
U011325,C000134,2025-12-02,1.01,239,8
U011326,C000900,2026-05-20,3.04,152,15
U011327,C000521,2026-05-17,3.02,245,95
U011328,C000808,2026-08-16,4.53,112,75
U011329,C000138,2026-02-08,4.86,170,89
U011330,C000764,2026-03-21,3.77,179,58
U011331,C000384,2026-04-30,2.15,220,33
U011332,C000770,2026-09-15,2.05,215,91
U011333,C000460,2026-04-09,1.0,274,61
U011334,C000600,2025-12-15,4.21,183,11
U011335,C000313,2026-03-26,1.3,114,30
U011336,C000536,2026-06-01,2.82,194,81
U011337,C000932,2026-01-25,4.48,84,99
U011338,C000380,2026-05-30,1.74,112,76
U011339,C000911,2026-02-08,3.67,46,67
U011340,C000915,2026-03-03,1.67,147,26
U011341,C000341,2026-01-07,2.07,56,3
U011342,C000657,2025-11-30,4.2,6,77
U011343,C000826,2026-02-24,2.88,237,92
U011344,C000665,2026-01-15,1.46,166,89
U011345,C000580,2026-05-19,1.43,177,74
U011346,C000820,2025-12-18,1.74,169,21
U011347,C000416,2026-06-24,4.71,245,11
U011348,C000775,2026-07-09,1.99,280,34
U011349,C000569,2025-11-06,0.21,41,86
U011350,C000294,2026-01-06,2.85,98,77
U011351,C000249,2026-08-19,3.3,217,55
U011352,C000351,2025-12-13,3.26,263,73
U011353,C000920,2025-12-25,2.77,261,5
U011354,C000529,2026-04-06,4.63,170,94
U011355,C000139,2026-08-20,2.0,25,9
U011356,C000377,2025-11-03,4.01,6,81
U011357,C000129,2026-01-16,1.92,231,41
U011358,C000489,2026-02-27,1.7,296,15
U011359,C000815,2026-04-25,2.11,33,85
U011360,C000657,2026-08-17,1.34,286,75
U011361,C000772,2025-12-02,4.91,204,21
U011362,C000697,2026-01-31,2.65,160,98
U011363,C000974,2026-09-08,3.09,52,66
U011364,C000925,2026-05-30,0.26,160,54
U011365,C000854,2026-05-31,4.32,295,10
U011366,C000764,2026-03-16,2.76,223,87
U011367,C000641,2026-07-26,0.69,38,81
U011368,C000719,2025-11-24,2.79,46,6
U011369,C000998,2026-01-15,1.01,44,95
U011370,C000033,2026-07-06,4.21,238,10
U011371,C000012,2026-06-14,1.09,82,8
U011372,C000033,2026-08-01,1.08,230,79
U011373,C000459,2026-02-09,0.85,116,14
U011374,C000657,2025-11-23,2.37,147,18
U011375,C000894,2026-07-01,1.82,174,48
U011376,C000312,2025-09-27,0.23,87,81
U011377,C000200,2026-09-08,3.92,91,73
U011378,C000096,2026-06-22,1.29,189,37
U011379,C000748,2025-12-19,2.88,79,56
U011380,C000545,2025-11-23,2.09,146,73
U011381,C000309,2026-06-19,3.43,220,20
U011382,C000824,2026-03-29,2.32,150,64
U011383,C000940,2025-11-09,4.07,56,12
U011384,C000703,2026-09-20,4.5,158,1
U011385,C000067,2026-03-10,1.23,76,1
U011386,C000806,2025-11-28,4.1,131,81
U011387,C000259,2025-12-17,3.76,235,18
U011388,C000942,2026-07-11,0.68,164,50
U011389,C000753,2026-01-21,4.73,179,94
U011390,C000754,2026-02-12,1.08,108,65
U011391,C000008,2026-08-16,4.92,153,1
U011392,C000469,2026-02-24,3.51,68,45
U011393,C000021,2026-06-03,0.64,69,31
U011394,C000159,2025-11-18,4.61,192,17
U011395,C000243,2026-06-30,1.17,264,80
U011396,C000401,2026-03-16,4.85,113,78
U011397,C000844,2026-03-23,3.91,39,16
U011398,C000785,2026-08-23,4.56,109,14
U011399,C000923,2026-08-06,3.48,219,48
U011400,C000669,2026-01-21,0.23,256,70
U011401,C000117,2025-11-02,1.1,152,31
U011402,C000142,2026-03-20,0.65,72,32
U011403,C000743,2025-10-27,2.91,25,16
U011404,C000180,2026-07-12,1.23,203,21
U011405,C000799,2026-06-08,1.74,48,82
U011406,C000751,2026-09-02,0.21,260,83
U011407,C000645,2026-07-31,3.23,269,15
U011408,C000026,2025-11-17,4.82,52,73
U011409,C000215,2026-01-07,4.85,108,93
U011410,C000055,2026-02-27,3.12,27,0
U011411,C000051,2025-12-02,1.72,38,15
U011412,C000906,2026-01-13,1.13,105,60
U011413,C000743,2025-12-21,3.07,151,57
U011414,C000627,2026-08-26,1.45,276,65
U011415,C000078,2026-05-14,4.23,286,96
U011416,C000541,2026-04-09,4.11,202,39
U011417,C000571,2026-02-18,2.5,101,37
U011418,C000752,2025-12-21,2.64,84,83
U011419,C000018,2025-10-23,0.54,13,68
U011420,C000192,2026-03-06,1.56,26,94
U011421,C000136,2026-02-10,3.29,17,60
U011422,C000244,2025-11-21,3.8,196,98
U011423,C000466,2026-03-17,1.82,242,84
U011424,C000040,2026-01-11,3.18,26,42
U011425,C000607,2026-04-02,4.32,83,73
U011426,C000874,2026-07-09,2.52,112,65
U011427,C000369,2026-07-26,0.16,21,14
U011428,C000018,2026-09-19,3.91,228,61
U011429,C000185,2026-08-03,2.78,157,95
U011430,C000812,2026-07-25,0.92,82,41
U011431,C000796,2026-08-12,1.3,70,15
U011432,C000144,2026-06-07,4.08,33,36
U011433,C000481,2026-01-12,1.7,33,75
U011434,C000113,2026-02-03,0.83,283,85
U011435,C000246,2026-06-21,0.78,2,52
U011436,C000369,2026-05-01,1.04,274,89
U011437,C000847,2026-04-02,1.83,155,85
U011438,C000502,2026-09-02,3.08,290,65
U011439,C000197,2026-06-27,1.99,193,66
U011440,C000832,2026-06-06,2.43,54,55
U011441,C000077,2026-06-25,1.08,113,96
U011442,C000340,2026-08-18,3.95,275,23
U011443,C000167,2026-04-09,4.71,93,45
U011444,C000899,2026-05-07,1.75,245,16
U011445,C000336,2026-05-07,3.15,276,15
U011446,C000971,2026-01-16,3.83,268,98
U011447,C000591,2025-11-28,0.37,59,58
U011448,C000168,2026-06-04,0.92,197,82
U011449,C000035,2025-12-13,2.98,127,79
U011450,C000855,2026-08-11,2.0,298,11
U011451,C000050,2025-12-30,0.22,291,38
U011452,C000563,2026-09-06,4.89,5,45
U011453,C000445,2025-12-08,4.0,112,75
U011454,C000878,2025-11-08,3.95,63,35
U011455,C000460,2025-10-07,4.09,137,74
U011456,C000474,2026-02-18,0.65,44,42
U011457,C000305,2025-12-03,2.74,209,31
U011458,C000869,2026-04-26,3.45,220,76
U011459,C000213,2025-12-06,0.18,79,51
U011460,C000372,2026-06-18,0.88,92,80
U011461,C000076,2026-02-18,2.35,7,31
U011462,C000490,2026-07-02,4.94,53,68
U011463,C000732,2026-05-23,4.96,163,72
U011464,C000292,2026-02-10,3.33,64,35
U011465,C000061,2025-11-15,1.39,175,12
U011466,C000893,2026-03-19,1.77,59,89
U011467,C000350,2025-12-09,0.32,296,90
U011468,C000632,2026-05-09,1.61,155,41
U011469,C000416,2026-07-03,4.71,212,33
U011470,C000184,2025-10-01,2.8,88,46
U011471,C000457,2025-10-03,4.21,17,33
U011472,C000933,2026-07-05,4.75,272,85
U011473,C000325,2025-09-24,0.74,240,91
U011474,C000650,2026-03-10,3.93,166,53
U011475,C000204,2026-09-21,4.83,93,64
U011476,C000473,2025-10-01,2.36,30,20
U011477,C000225,2025-10-31,0.64,36,31
U011478,C000313,2026-09-10,0.77,244,17
U011479,C000968,2026-07-17,4.22,61,1
U011480,C000890,2026-07-22,3.75,176,40
U011481,C000813,2026-08-08,4.6,297,81
U011482,C000797,2026-03-19,1.18,96,6
U011483,C000032,2026-05-09,4.8,254,38
U011484,C000714,2026-01-04,2.43,268,44
U011485,C000094,2026-08-18,2.5,273,64
U011486,C000713,2025-11-08,2.72,259,13
U011487,C000749,2025-12-08,0.15,6,73
U011488,C000916,2025-10-13,0.55,207,53
U011489,C000338,2026-03-29,1.11,107,16
U011490,C000698,2025-12-09,3.75,208,5
U011491,C000355,2025-11-30,0.31,171,98
U011492,C000816,2026-08-17,3.95,61,15
U011493,C000129,2026-06-21,2.06,138,58
U011494,C000127,2026-05-14,2.79,275,58
U011495,C000486,2026-02-03,1.07,87,71
U011496,C000230,2026-02-22,0.22,299,31
U011497,C000423,2026-08-09,1.8,73,40
U011498,C000454,2026-08-30,3.28,235,54
U011499,C000994,2026-06-05,3.61,123,21
U011500,C000952,2026-07-15,4.63,225,91
U011501,C000144,2026-05-17,4.75,274,4
U011502,C000945,2026-02-13,0.19,120,0
U011503,C000394,2025-12-01,4.21,297,85
U011504,C000164,2026-09-03,0.73,99,98
U011505,C000991,2025-12-24,3.77,54,82
U011506,C000104,2025-12-23,0.14,220,55
U011507,C000767,2025-10-26,3.78,175,30
U011508,C000156,2025-11-21,3.62,135,93
U011509,C000005,2026-04-02,1.03,21,28
U011510,C000398,2026-09-05,2.35,192,0
U011511,C000987,2026-09-19,2.51,36,12
U011512,C000425,2026-01-21,3.83,15,76
U011513,C000190,2026-06-17,2.34,105,38
U011514,C000821,2025-10-11,3.64,163,70
U011515,C000113,2026-04-06,4.06,105,32
U011516,C000933,2025-11-03,1.12,172,74
U011517,C000486,2026-05-02,1.66,299,82
U011518,C000800,2026-05-12,3.71,164,20
U011519,C000099,2025-10-26,4.59,130,72
U011520,C000182,2025-12-22,2.01,188,97
U011521,C000685,2026-07-03,2.75,235,1
U011522,C000239,2026-05-10,3.24,155,34
U011523,C000771,2026-02-04,1.33,269,6
U011524,C000734,2026-07-31,3.45,175,95
U011525,C000256,2026-05-17,4.58,115,15
U011526,C000033,2026-05-10,0.21,85,73
U011527,C000503,2026-07-09,4.71,63,32
U011528,C000130,2026-02-18,3.04,77,26
U011529,C000678,2026-04-19,1.04,292,82
U011530,C000444,2026-03-25,2.66,7,43
U011531,C000745,2026-07-12,3.09,280,7
U011532,C000734,2026-02-13,3.85,258,32
U011533,C000489,2026-04-02,2.48,185,86
U011534,C000709,2026-06-13,2.03,67,96
U011535,C000814,2026-04-17,4.47,25,70
U011536,C000636,2026-05-09,3.73,76,91
U011537,C000945,2025-11-27,3.91,279,43
U011538,C000006,2026-09-18,4.03,263,99
U011539,C000378,2026-07-01,1.68,228,8
U011540,C000637,2025-10-15,1.28,237,90
U011541,C000778,2026-01-16,1.27,74,21
U011542,C000313,2026-06-30,1.82,208,32
U011543,C000055,2026-06-19,4.27,40,80
U011544,C000025,2026-03-19,2.01,127,12
U011545,C000168,2026-01-18,1.19,159,13
U011546,C000351,2026-01-05,0.26,241,2
U011547,C000452,2026-04-18,0.34,164,5
U011548,C000744,2025-11-03,4.29,209,65
U011549,C000225,2026-04-03,1.45,191,39
U011550,C000809,2026-03-22,2.24,121,88
U011551,C000392,2026-09-05,3.11,20,10
U011552,C000359,2025-12-24,1.43,134,19
U011553,C000824,2026-08-31,0.26,135,31
U011554,C000272,2025-11-30,1.49,61,65
U011555,C000045,2026-02-04,3.71,152,7
U011556,C000086,2025-09-30,0.87,265,96
U011557,C000936,2026-09-18,1.21,254,19
U011558,C000319,2026-07-02,3.71,147,6
U011559,C000120,2026-07-15,1.06,98,41
U011560,C000106,2026-05-12,2.64,275,25
U011561,C000387,2025-11-15,4.63,241,55
U011562,C000442,2025-12-18,4.53,191,54
U011563,C000270,2026-06-22,0.84,142,11
U011564,C000722,2025-12-16,4.04,291,40
U011565,C000616,2026-04-28,2.75,176,40
U011566,C000212,2026-07-23,4.55,184,13
U011567,C000150,2026-03-01,2.14,118,84
U011568,C000332,2026-05-13,0.2,295,17
U011569,C000363,2026-06-03,2.36,252,96
U011570,C000423,2026-05-20,3.96,94,96
U011571,C000488,2026-01-25,2.32,201,2
U011572,C000697,2025-12-05,3.28,42,93
U011573,C000342,2026-05-06,1.2,190,69
U011574,C000482,2025-09-28,2.8,291,29
U011575,C000761,2026-07-26,3.52,71,64
U011576,C000633,2025-09-30,2.28,110,80
U011577,C000129,2026-01-02,3.75,270,78
U011578,C000251,2026-05-23,4.05,16,12
U011579,C000637,2026-05-18,1.2,281,84
U011580,C000727,2026-08-29,4.07,223,49
U011581,C000149,2026-05-12,1.99,239,13
U011582,C000320,2025-10-08,0.97,142,23
U011583,C000835,2026-06-26,0.15,8,84
U011584,C000634,2026-05-03,1.33,19,77
U011585,C000009,2026-01-08,1.42,148,59
U011586,C000584,2026-01-01,0.69,255,18
U011587,C000175,2026-04-05,2.11,253,61
U011588,C000004,2026-03-01,0.78,149,62
U011589,C000852,2026-04-30,2.05,96,72
U011590,C000371,2026-05-07,4.44,236,8
U011591,C000252,2026-02-24,2.0,111,7
U011592,C000469,2025-11-22,2.48,29,91
U011593,C000963,2026-08-23,1.7,166,51
U011594,C000242,2026-07-05,1.27,125,43
U011595,C000825,2025-10-07,0.11,279,30
U011596,C000917,2026-02-19,1.51,43,5
U011597,C000640,2026-06-22,1.56,225,26
U011598,C000812,2026-06-03,3.43,1,74
U011599,C000692,2026-05-05,3.09,67,24
U011600,C000849,2026-02-07,0.67,102,86
U011601,C000071,2025-11-08,2.78,23,40
U011602,C000244,2026-03-31,0.44,60,92
U011603,C000779,2025-10-15,2.75,295,17
U011604,C000296,2026-06-01,3.78,222,15
U011605,C000544,2026-09-12,1.8,6,20
U011606,C000920,2025-11-13,0.15,89,42
U011607,C000405,2026-07-27,2.5,199,42
U011608,C000523,2026-01-16,3.35,197,34
U011609,C000295,2026-05-15,2.8,251,100
U011610,C000848,2026-07-04,1.46,243,75
U011611,C000259,2026-08-25,0.98,75,43
U011612,C000014,2026-02-18,0.79,298,5
U011613,C000104,2025-12-06,3.05,270,69
U011614,C000729,2026-06-02,0.15,156,26
U011615,C000131,2026-07-15,3.02,293,34
U011616,C000726,2026-05-02,4.26,217,40
U011617,C000482,2025-10-26,0.12,274,25
U011618,C000854,2025-10-13,4.88,98,51
U011619,C000228,2025-10-19,0.48,181,70
U011620,C000643,2026-01-29,4.11,206,20
U011621,C000301,2026-02-27,1.59,196,2
U011622,C000574,2026-05-06,0.47,139,60
U011623,C000051,2026-01-20,4.38,233,66
U011624,C000357,2026-02-04,0.68,63,30
U011625,C000408,2026-07-07,1.9,87,57
U011626,C000515,2025-11-05,2.4,36,18
U011627,C000793,2026-08-06,3.45,172,6
U011628,C000553,2026-04-13,2.58,260,0
U011629,C000724,2025-10-14,0.75,72,82
U011630,C000722,2026-08-15,2.04,287,86
U011631,C000207,2026-03-10,2.73,108,32
U011632,C000998,2026-01-04,0.73,51,38
U011633,C000146,2026-09-07,2.16,88,9
U011634,C000254,2026-06-01,1.52,69,76
U011635,C000067,2026-05-19,3.94,30,35
U011636,C000062,2026-01-29,0.32,112,63
U011637,C000710,2026-01-17,4.41,93,78
U011638,C000556,2025-11-27,2.84,237,98
U011639,C000325,2026-02-08,0.91,169,39
U011640,C000846,2025-11-28,3.85,170,59
U011641,C000304,2026-01-24,3.66,232,20
U011642,C000320,2025-10-10,2.81,22,21
U011643,C000528,2026-08-19,4.33,104,78
U011644,C000591,2026-07-25,1.72,44,86
U011645,C000740,2026-07-08,2.81,272,77
U011646,C000918,2025-12-28,1.85,19,23
U011647,C000516,2026-05-03,2.9,177,14
U011648,C000552,2026-02-08,2.8,28,13
U011649,C000759,2025-12-06,3.58,270,57
U011650,C000472,2026-04-02,3.2,121,9
U011651,C000395,2026-05-13,3.19,197,51
U011652,C000212,2025-10-23,1.52,69,70
U011653,C000774,2025-09-29,0.77,187,7
U011654,C000061,2026-07-19,3.1,184,1
U011655,C000630,2025-12-27,0.66,129,58
U011656,C000822,2026-07-10,3.29,178,50
U011657,C000421,2026-03-04,1.63,211,46
U011658,C000141,2025-10-12,3.17,175,53
U011659,C000489,2026-09-09,2.55,51,27
U011660,C000194,2026-05-03,0.23,74,49
U011661,C000642,2025-11-13,1.38,166,5
U011662,C000550,2026-04-05,0.66,196,12
U011663,C000835,2025-12-16,4.68,238,91
U011664,C000212,2026-03-30,2.36,249,37
U011665,C000142,2026-01-31,2.95,247,76
U011666,C000245,2026-07-24,3.44,297,2
U011667,C000876,2026-02-01,0.36,108,35
U011668,C000455,2026-08-16,3.96,172,76
U011669,C000671,2026-02-09,1.91,227,48
U011670,C000542,2025-12-06,4.39,252,51
U011671,C000254,2026-07-10,1.64,139,70
U011672,C000217,2026-05-04,4.12,115,35
U011673,C000529,2026-01-29,0.97,55,92
U011674,C000976,2026-08-04,0.75,229,15
U011675,C000843,2026-06-27,1.08,276,72
U011676,C000891,2026-06-16,2.5,107,69
U011677,C000907,2025-11-05,2.22,150,54
U011678,C000477,2025-11-28,4.85,103,35
U011679,C000210,2026-08-03,0.19,242,28
U011680,C000461,2026-05-19,2.57,91,49
U011681,C000009,2026-08-14,0.69,179,47
U011682,C000649,2026-02-21,4.08,257,9
U011683,C000299,2026-02-23,1.21,270,47
U011684,C000340,2026-06-02,0.56,5,43
U011685,C000282,2025-11-14,2.53,77,77
U011686,C000359,2026-03-23,1.93,21,92
U011687,C000947,2026-02-17,1.13,263,16
U011688,C000075,2026-02-16,0.24,78,11
U011689,C000889,2026-09-18,4.62,84,35
U011690,C000543,2026-08-16,1.19,249,25
U011691,C000876,2026-01-04,4.08,269,52
U011692,C000049,2025-12-24,1.8,47,1
U011693,C000194,2026-03-14,2.79,225,56
U011694,C000301,2026-06-08,0.99,242,49
U011695,C000939,2025-10-06,0.94,120,100
U011696,C000214,2026-02-27,2.48,76,35
U011697,C000899,2026-08-26,4.15,59,56
U011698,C000736,2026-05-31,2.41,82,87
U011699,C000183,2026-05-28,4.52,268,33
U011700,C000653,2025-12-23,2.57,214,71
U011701,C000417,2025-11-06,0.66,62,7
U011702,C000783,2026-07-06,3.31,215,14
U011703,C000490,2026-07-11,2.01,210,78
U011704,C000133,2025-11-12,0.79,253,87
U011705,C000182,2026-09-12,3.92,143,32
U011706,C000391,2026-05-21,1.15,139,58
U011707,C000637,2026-04-13,3.7,288,71
U011708,C000680,2026-06-15,3.31,108,92
U011709,C000631,2026-09-13,3.66,271,90
U011710,C000632,2026-06-12,0.12,49,78
U011711,C000309,2025-11-02,4.37,89,46
U011712,C000572,2026-06-27,3.34,132,5
U011713,C000672,2025-10-19,0.14,201,85
U011714,C000355,2026-09-14,2.2,287,14
U011715,C000321,2026-09-14,3.41,161,58
U011716,C000840,2026-08-23,1.5,154,58
U011717,C000703,2025-11-21,0.78,195,65
U011718,C000120,2026-02-15,4.36,121,39
U011719,C000948,2025-10-03,0.93,191,92
U011720,C000533,2026-07-05,1.88,41,17
U011721,C000391,2025-10-15,0.1,56,51
U011722,C000065,2026-07-10,1.48,85,79
U011723,C000374,2026-08-20,3.39,104,30
U011724,C000435,2025-10-08,2.26,116,0
U011725,C000894,2026-05-28,4.44,18,54
U011726,C000285,2025-10-02,4.67,284,38
U011727,C000701,2026-01-15,0.83,257,97
U011728,C000404,2026-05-05,3.61,86,75
U011729,C000980,2026-06-11,0.11,177,82
U011730,C000473,2025-10-27,3.03,157,50
U011731,C000963,2025-11-30,2.68,129,16
U011732,C000687,2026-09-03,4.07,261,13
U011733,C000417,2025-12-11,3.75,50,57
U011734,C000525,2026-08-21,3.34,265,72
U011735,C000181,2026-03-19,1.37,95,49
U011736,C000565,2025-11-03,3.33,294,95
U011737,C000612,2026-06-17,3.89,215,4
U011738,C000120,2026-01-25,1.39,267,87
U011739,C000689,2026-06-15,4.58,256,25
U011740,C000306,2026-06-16,2.06,101,80
U011741,C000221,2026-08-14,2.29,47,15
U011742,C000270,2026-04-20,0.96,248,95
U011743,C000030,2026-08-07,4.47,245,35
U011744,C000188,2025-10-29,4.98,77,7
U011745,C000225,2026-03-07,0.76,45,43
U011746,C000044,2026-05-17,1.46,44,96
U011747,C000275,2025-12-05,1.26,184,24
U011748,C000129,2025-11-10,2.09,135,54
U011749,C000170,2026-02-21,2.81,292,0
U011750,C000436,2026-02-05,0.49,192,97
U011751,C000658,2026-01-17,4.02,202,90
U011752,C000229,2026-06-23,2.62,269,41
U011753,C000152,2026-02-12,2.67,145,95
U011754,C000034,2026-08-19,3.14,230,62
U011755,C000778,2026-08-12,3.09,14,54
U011756,C000183,2026-02-26,0.78,242,35
U011757,C000277,2025-12-22,1.61,48,95
U011758,C000255,2026-01-07,2.57,225,4
U011759,C000570,2026-08-22,4.18,288,84
U011760,C000861,2026-04-16,0.73,95,4
U011761,C000358,2025-10-13,2.54,49,31
U011762,C000996,2026-06-02,0.57,259,24
U011763,C000182,2026-09-22,4.77,88,53
U011764,C000302,2026-08-22,4.44,255,35
U011765,C000289,2026-03-13,4.17,208,17
U011766,C000341,2026-07-22,3.6,47,75
U011767,C000682,2025-12-13,4.5,284,100
U011768,C000332,2026-07-15,3.23,47,38
U011769,C000101,2026-01-14,3.9,154,38
U011770,C000760,2026-03-03,0.5,8,37
U011771,C000319,2026-08-18,3.34,232,69
U011772,C000879,2026-08-10,1.74,25,99
U011773,C000073,2026-05-23,0.53,82,30
U011774,C000761,2026-01-02,3.4,84,33
U011775,C000667,2026-06-26,3.15,209,100
U011776,C000242,2026-08-08,2.91,116,26
U011777,C000409,2026-05-31,1.75,43,57
U011778,C000136,2026-07-02,4.33,260,8
U011779,C000418,2026-06-07,1.22,107,24
U011780,C000827,2025-10-13,1.39,294,96
U011781,C000599,2025-12-23,3.19,101,12
U011782,C000715,2026-02-21,1.51,202,88
U011783,C000181,2025-10-18,3.52,0,85
U011784,C000027,2026-03-29,4.03,9,53
U011785,C000666,2026-06-21,2.21,190,94
U011786,C000327,2026-08-13,3.69,270,62
U011787,C000594,2025-11-21,2.75,200,100
U011788,C000051,2025-10-03,1.84,291,75
U011789,C000708,2026-05-20,4.16,83,59
U011790,C000188,2026-06-01,3.38,271,37
U011791,C000793,2026-09-16,2.04,262,97
U011792,C000474,2026-06-04,3.97,125,53
U011793,C000681,2026-07-12,3.84,29,32
U011794,C000448,2025-12-19,2.04,84,73
U011795,C000728,2025-11-18,0.41,297,23
U011796,C000455,2026-05-29,2.91,87,47
U011797,C000083,2026-01-09,2.68,64,13
U011798,C000255,2026-07-10,0.69,290,35
U011799,C000763,2026-03-08,2.86,19,30
U011800,C000403,2026-01-07,3.02,31,25
U011801,C000294,2026-07-22,3.04,98,20
U011802,C000612,2026-01-15,2.33,79,85
U011803,C000584,2026-03-19,1.78,54,79
U011804,C000112,2026-08-06,4.16,115,69
U011805,C000710,2026-04-17,3.36,39,55
U011806,C000571,2026-01-25,3.13,272,32
U011807,C000066,2026-05-12,4.35,148,97
U011808,C000592,2025-12-21,0.31,234,26
U011809,C000869,2025-12-08,2.63,20,53
U011810,C000308,2026-05-22,0.74,86,13
U011811,C000194,2025-10-02,4.21,9,40
U011812,C000717,2026-07-30,4.35,144,81
U011813,C000337,2026-07-30,2.04,201,34
U011814,C000127,2026-02-26,2.65,148,38
U011815,C000045,2026-03-15,4.23,253,43
U011816,C000245,2026-03-24,0.73,105,70
U011817,C000641,2026-07-05,1.93,214,92
U011818,C000546,2026-03-25,3.44,156,32
U011819,C000950,2026-02-10,4.9,102,93
U011820,C000839,2026-04-20,0.16,173,66
U011821,C000153,2026-04-20,0.33,183,83
U011822,C000664,2026-03-28,4.48,5,54
U011823,C000199,2026-01-06,3.64,196,51
U011824,C000990,2026-04-09,0.68,262,67
U011825,C000140,2025-12-24,3.3,136,100
U011826,C000333,2026-06-09,3.26,103,93
U011827,C000302,2026-01-08,3.54,136,51
U011828,C000804,2026-09-12,0.3,267,58
U011829,C000162,2026-05-13,4.99,210,49
U011830,C000418,2026-01-15,3.77,97,85
U011831,C000572,2025-10-08,3.44,229,12
U011832,C000094,2026-05-07,1.41,39,36
U011833,C000119,2026-02-01,1.99,266,89
U011834,C000231,2026-05-01,1.72,184,39
U011835,C000466,2025-12-02,2.47,296,29
U011836,C000982,2026-07-10,3.23,285,31
U011837,C000847,2025-11-20,2.84,183,58
U011838,C000037,2026-07-26,3.6,43,66
U011839,C000242,2026-07-20,1.21,183,22
U011840,C000407,2026-05-12,1.73,29,51
U011841,C000676,2026-07-19,1.65,34,44
U011842,C000433,2026-01-02,3.27,67,11
U011843,C000396,2025-12-16,0.33,17,65
U011844,C000908,2025-11-08,4.68,43,99
U011845,C000521,2026-07-01,0.5,127,40
U011846,C000021,2026-04-18,2.62,235,14
U011847,C000721,2025-11-27,3.52,182,13
U011848,C000709,2025-10-14,1.75,5,91
U011849,C000895,2026-03-21,2.84,239,24
U011850,C000068,2026-05-26,1.8,160,84
U011851,C000719,2026-09-01,0.28,285,93
U011852,C000307,2026-06-24,4.73,126,11
U011853,C000529,2026-08-16,2.82,238,80
U011854,C000248,2026-07-19,1.67,233,81
U011855,C000260,2026-03-27,3.99,281,11
U011856,C000762,2026-01-22,0.23,285,75
U011857,C000583,2025-12-27,3.69,168,52
U011858,C000959,2026-08-23,1.46,230,64
U011859,C000156,2026-05-24,2.05,228,69
U011860,C000954,2026-05-29,4.32,249,82
U011861,C000084,2025-10-26,3.67,121,61
U011862,C000855,2026-05-30,2.58,185,88
U011863,C000232,2026-02-04,3.14,209,26
U011864,C000792,2026-05-27,1.24,118,50
U011865,C000407,2026-06-13,1.39,239,79
U011866,C000064,2025-12-28,2.83,111,5
U011867,C000758,2026-09-05,1.61,122,43
U011868,C000037,2026-02-06,4.42,98,87
U011869,C000901,2026-09-13,2.4,186,43
U011870,C000719,2025-11-21,2.16,214,9
U011871,C000198,2025-11-28,0.79,250,65
U011872,C000865,2026-08-20,3.25,205,51
U011873,C000692,2026-06-10,4.96,279,59
U011874,C000688,2025-10-17,4.8,191,29
U011875,C000730,2025-12-24,4.58,231,61
U011876,C000193,2026-08-20,1.52,77,93
U011877,C000852,2026-08-10,3.17,282,77
U011878,C000774,2025-12-05,1.56,150,54
U011879,C000254,2026-07-09,2.84,242,79
U011880,C000179,2026-09-21,3.7,117,78
U011881,C000642,2026-08-11,1.32,296,11
U011882,C000866,2026-05-24,4.3,119,94
U011883,C000298,2026-03-21,3.58,63,78
U011884,C000734,2026-06-25,3.16,18,84
U011885,C000006,2026-02-21,2.2,142,44
U011886,C000100,2026-05-16,3.13,147,67
U011887,C000635,2025-10-21,4.95,207,42
U011888,C000528,2026-05-22,0.54,87,69
U011889,C000170,2025-12-27,1.68,54,76
U011890,C000832,2025-11-19,1.71,298,48
U011891,C000823,2025-11-23,0.27,55,80
U011892,C000651,2026-01-13,3.01,268,88
U011893,C000002,2026-02-09,3.29,113,67
U011894,C000013,2026-09-10,2.68,269,16
U011895,C000826,2026-02-19,4.78,267,77
U011896,C000389,2026-02-05,4.81,26,35
U011897,C000881,2026-08-10,2.65,135,60
U011898,C000925,2025-09-30,4.36,164,32
U011899,C000745,2026-05-24,1.99,188,6
U011900,C000451,2026-04-14,2.14,160,3
U011901,C000630,2025-12-21,4.45,172,100
U011902,C000732,2025-12-26,2.68,127,79
U011903,C000260,2026-03-12,4.11,220,12
U011904,C000217,2025-12-11,1.35,25,29
U011905,C000230,2025-11-12,1.85,59,10
U011906,C000503,2026-08-31,0.61,95,79
U011907,C000569,2026-02-15,4.77,5,77
U011908,C000421,2026-05-15,0.38,110,65
U011909,C000650,2026-01-13,3.05,273,84
U011910,C000496,2025-10-03,4.03,23,55
U011911,C000995,2026-01-01,2.51,43,57
U011912,C000552,2026-07-25,1.84,171,45
U011913,C000136,2026-08-21,3.94,212,23
U011914,C000111,2026-02-28,0.25,286,74
U011915,C000430,2025-11-26,3.76,67,83
U011916,C000853,2026-07-01,3.62,288,99
U011917,C000556,2025-11-27,4.43,197,18
U011918,C000978,2025-10-10,3.71,8,99
U011919,C000743,2025-10-15,1.66,218,86
U011920,C000890,2026-03-18,2.07,167,56
U011921,C000262,2026-04-02,4.07,139,47
U011922,C000453,2026-08-10,0.18,155,59
U011923,C000462,2025-11-03,4.27,77,41
U011924,C000124,2025-11-02,1.01,17,33
U011925,C000840,2026-07-04,0.12,196,9
U011926,C000719,2026-06-03,4.01,116,84
U011927,C000801,2026-02-03,1.99,196,23
U011928,C000580,2026-07-24,3.13,118,20
U011929,C000467,2026-08-15,0.38,4,65
U011930,C000283,2026-02-20,2.81,244,5
U011931,C000642,2026-04-21,4.56,185,5
U011932,C000010,2026-02-09,2.39,274,9
U011933,C000170,2026-09-18,2.82,79,45
U011934,C000729,2025-10-30,1.32,37,13
U011935,C000218,2026-03-02,0.65,153,62
U011936,C000063,2025-11-12,1.6,48,99
U011937,C000888,2026-04-11,4.47,197,59
U011938,C000011,2026-03-31,0.4,45,96
U011939,C000241,2026-02-07,0.22,69,5
U011940,C000914,2026-01-25,0.36,152,81
U011941,C000163,2026-06-28,3.47,240,45
U011942,C000375,2026-04-13,2.39,61,62
U011943,C000789,2026-03-17,4.58,153,78
U011944,C000410,2025-12-15,2.79,27,16
U011945,C000766,2025-11-22,4.12,219,9
U011946,C000627,2026-05-09,1.72,169,20
U011947,C000145,2026-05-01,0.48,108,14
U011948,C000623,2025-09-26,1.97,36,64
U011949,C000004,2026-09-22,1.02,152,24
U011950,C000659,2026-07-30,2.84,136,28
U011951,C000036,2026-08-24,2.54,284,24
U011952,C000849,2025-10-02,3.96,97,43
U011953,C000108,2025-09-28,2.12,6,39
U011954,C000295,2026-09-22,4.93,54,87
U011955,C000348,2026-04-25,2.18,139,36
U011956,C000256,2026-04-14,2.1,240,61
U011957,C000444,2026-04-19,2.15,238,58
U011958,C000435,2026-04-15,0.89,98,79
U011959,C000902,2026-03-01,1.52,27,77
U011960,C000505,2026-03-04,3.21,186,51
U011961,C000769,2026-07-02,3.67,14,33
U011962,C000019,2025-10-28,0.68,5,11
U011963,C000302,2026-07-15,4.63,0,55
U011964,C000438,2025-10-21,1.19,56,77
U011965,C000749,2026-09-02,3.64,233,76
U011966,C000477,2026-03-01,3.65,250,57
U011967,C000424,2026-08-05,1.04,222,21
U011968,C000139,2026-07-06,1.51,293,10
U011969,C000404,2026-06-07,1.4,8,26
U011970,C000330,2025-11-13,3.72,120,34
U011971,C000160,2025-10-08,2.35,162,61
U011972,C000711,2025-10-22,4.36,68,53
U011973,C000630,2026-08-17,2.03,122,36
U011974,C000018,2025-12-12,1.29,63,4
U011975,C000228,2026-08-02,3.8,26,85
U011976,C000107,2025-12-21,1.32,49,57
U011977,C000255,2026-08-20,1.94,93,38
U011978,C000042,2026-04-29,4.61,215,39
U011979,C000662,2026-01-14,0.84,81,27
U011980,C000222,2025-10-11,0.59,13,39
U011981,C000921,2026-09-18,0.48,165,29
U011982,C000321,2026-01-21,1.32,93,56
U011983,C000024,2025-11-29,4.56,169,95
U011984,C000928,2026-06-09,3.86,234,90
U011985,C000845,2026-01-14,2.03,5,62
U011986,C000743,2025-12-21,0.77,114,46
U011987,C000348,2026-04-06,4.81,211,46
U011988,C000190,2026-06-18,2.0,125,59
U011989,C000337,2026-08-19,0.11,96,100
U011990,C000199,2026-04-02,4.88,81,3
U011991,C000098,2025-12-31,2.97,201,30
U011992,C000142,2026-03-01,3.99,25,6
U011993,C000473,2026-05-19,2.44,16,28
U011994,C000947,2026-06-16,2.9,33,62
U011995,C000160,2026-07-31,0.24,18,71
U011996,C000706,2026-09-03,1.93,3,39
U011997,C000306,2026-07-17,3.41,33,58
U011998,C000958,2026-03-05,4.55,25,82
U011999,C000725,2026-04-12,4.84,110,88
U012000,C000007,2026-04-27,1.24,24,7
U012001,C000564,2026-01-18,1.78,135,94
U012002,C000401,2025-11-28,1.88,278,99
U012003,C000861,2026-01-24,4.97,87,66
U012004,C000030,2025-12-25,1.52,265,65
U012005,C000980,2025-10-15,0.72,38,47
U012006,C000699,2026-03-07,2.21,39,22
U012007,C000753,2026-03-13,4.73,204,94
U012008,C000213,2026-05-22,0.73,236,31
U012009,C000533,2026-07-06,3.59,29,52
U012010,C000307,2026-05-23,3.92,135,45
U012011,C000004,2025-11-01,2.83,241,92
U012012,C000647,2026-04-26,1.18,280,63
U012013,C000891,2026-07-23,2.71,112,92
U012014,C000228,2026-05-11,4.45,232,4
U012015,C000415,2026-05-11,0.37,0,30
U012016,C000742,2026-04-12,2.18,233,50
U012017,C000050,2026-03-11,1.98,129,28
U012018,C000872,2026-04-25,2.5,153,59
U012019,C000485,2026-07-15,2.33,277,1
U012020,C000300,2025-10-14,2.78,167,24
U012021,C000904,2026-04-23,4.25,150,84
U012022,C000998,2026-03-15,1.33,183,92
U012023,C000021,2025-12-21,3.64,225,57
U012024,C000137,2025-10-01,1.16,124,100
U012025,C000380,2026-06-16,2.38,35,33
U012026,C000546,2026-04-19,4.71,168,54
U012027,C000962,2026-02-06,4.0,18,58
U012028,C000572,2025-12-31,4.3,101,90
U012029,C000968,2026-07-29,1.76,275,16
U012030,C000165,2026-01-14,2.69,123,24
U012031,C000759,2026-03-04,3.84,21,55
U012032,C000771,2026-07-26,0.47,46,37
U012033,C000414,2026-02-15,2.19,293,15
U012034,C000597,2026-06-29,3.88,214,19
U012035,C000895,2026-01-17,1.56,82,76
U012036,C000234,2026-07-14,3.94,192,95
U012037,C000023,2025-12-02,4.05,239,2
U012038,C000684,2026-01-09,3.45,42,22
U012039,C000589,2026-05-01,0.9,95,43
U012040,C000822,2025-12-14,3.43,111,30
U012041,C000788,2025-12-26,0.4,204,33
U012042,C000123,2025-10-20,1.43,139,22
U012043,C000595,2025-09-28,2.9,200,38
U012044,C000725,2026-06-12,2.56,248,69
U012045,C000623,2026-06-14,1.45,10,54
U012046,C000763,2025-12-11,4.7,248,1
U012047,C000803,2026-06-22,1.38,59,46
U012048,C000729,2026-05-06,2.8,221,55
U012049,C000976,2026-01-09,3.19,14,55
U012050,C000149,2026-04-13,3.54,135,92
U012051,C000624,2026-05-17,2.58,295,71
U012052,C000581,2026-03-30,0.67,100,31
U012053,C000015,2026-05-24,2.96,150,32
U012054,C000400,2025-12-10,0.71,183,11
U012055,C000346,2026-04-09,2.54,238,41
U012056,C000958,2025-12-17,1.11,203,31
U012057,C000878,2025-11-08,3.22,14,11
U012058,C000079,2026-09-02,3.69,85,70
U012059,C000043,2025-12-22,0.92,27,35
U012060,C000723,2026-04-04,1.36,42,20
U012061,C000656,2026-03-09,3.74,294,82
U012062,C000392,2026-08-30,2.2,297,74
U012063,C000363,2026-01-23,2.57,216,78
U012064,C000549,2026-05-01,3.46,192,42
U012065,C000467,2025-09-23,3.4,104,87
U012066,C000765,2026-02-08,2.81,26,55
U012067,C000887,2026-04-07,1.39,221,83
U012068,C000340,2026-08-28,2.92,269,97
U012069,C000497,2026-01-10,4.56,15,22
U012070,C000712,2026-06-02,1.1,75,35
U012071,C000653,2025-11-08,4.86,221,12
U012072,C000730,2026-06-12,3.81,188,24
U012073,C000946,2026-08-31,4.62,235,79
U012074,C000611,2025-10-18,4.26,20,94
U012075,C000975,2025-11-28,2.97,244,76
U012076,C000308,2026-02-19,4.12,280,77
U012077,C000294,2026-03-17,2.69,33,60
U012078,C000436,2026-03-10,4.24,30,44
U012079,C000445,2026-08-10,3.2,289,43
U012080,C000877,2026-02-21,3.73,113,22
U012081,C000264,2026-09-08,4.88,221,10
U012082,C000998,2026-01-05,1.81,257,79
U012083,C000414,2026-02-20,4.52,292,16
U012084,C000387,2026-05-22,0.2,49,50
U012085,C000429,2026-09-09,0.15,228,76
U012086,C000901,2026-06-20,3.64,42,90
U012087,C000156,2025-09-30,0.19,99,84
U012088,C000188,2026-05-10,3.53,114,53
U012089,C000050,2026-08-06,2.6,232,72
U012090,C000031,2026-02-25,3.52,95,30
U012091,C000785,2026-04-12,0.77,149,25
U012092,C000262,2026-05-24,4.1,200,93
U012093,C000374,2026-03-19,4.29,296,28
U012094,C000701,2026-03-07,0.66,48,0
U012095,C000617,2026-03-04,4.13,131,72
U012096,C000782,2026-05-31,2.17,279,81
U012097,C000771,2026-03-04,2.34,127,23
U012098,C000696,2026-01-13,3.51,262,23
U012099,C000157,2026-03-15,3.34,194,63
U012100,C000270,2026-06-14,3.14,2,69
U012101,C000275,2026-04-04,4.19,283,83
U012102,C000437,2026-01-03,0.65,216,9
U012103,C000537,2026-01-22,2.62,150,45
U012104,C000895,2025-10-05,3.85,261,10
U012105,C000748,2026-08-20,3.31,80,2
U012106,C000047,2026-01-06,4.59,251,20
U012107,C000549,2025-12-22,1.7,221,13
U012108,C000440,2025-10-24,0.81,178,37
U012109,C000401,2026-03-25,1.52,29,54
U012110,C000123,2025-12-23,1.9,283,22
U012111,C000361,2026-02-19,4.41,204,12
U012112,C000731,2025-11-13,4.87,246,53
U012113,C000351,2026-02-19,2.46,152,86
U012114,C000170,2026-04-01,0.73,219,19
U012115,C000086,2026-09-18,1.85,52,79
U012116,C000518,2026-03-24,2.96,12,27
U012117,C000103,2025-11-17,2.3,260,23
U012118,C000378,2025-09-27,3.64,211,60
U012119,C000197,2025-12-26,3.43,163,75
U012120,C000486,2025-10-04,0.82,266,62
U012121,C000255,2025-11-04,4.22,25,52
U012122,C000360,2026-07-27,5.0,96,26
U012123,C000934,2026-09-19,0.46,292,44
U012124,C000025,2026-07-02,2.9,190,99
U012125,C000213,2025-11-15,0.32,65,100
U012126,C000030,2025-11-27,0.79,75,68
U012127,C000129,2026-07-26,1.2,106,16
U012128,C000910,2026-04-01,2.66,26,47
U012129,C000905,2026-08-05,3.13,72,22
U012130,C000490,2025-11-16,1.8,34,22
U012131,C000320,2025-10-13,3.43,268,77
U012132,C000393,2025-10-27,2.48,258,20
U012133,C000641,2026-05-02,1.32,40,92
U012134,C000466,2025-12-29,2.39,91,72
U012135,C000878,2025-10-19,4.54,162,17
U012136,C000778,2026-03-25,4.09,221,10
U012137,C000290,2026-03-01,0.66,7,4
U012138,C000552,2026-05-21,4.87,39,22
U012139,C000267,2026-02-26,3.33,125,66
U012140,C000515,2026-02-04,0.21,214,12
U012141,C000941,2026-01-29,2.45,279,70
U012142,C000028,2026-04-14,2.51,72,60
U012143,C000291,2026-04-16,2.93,257,25
U012144,C000435,2025-10-15,4.29,65,99
U012145,C000076,2026-01-12,3.72,77,25
U012146,C000126,2026-03-18,3.36,178,21
U012147,C000765,2026-02-20,4.04,13,1
U012148,C000253,2026-01-03,0.75,74,53
U012149,C000790,2025-11-25,4.49,85,1
U012150,C000665,2025-10-03,0.44,121,22
U012151,C000412,2025-10-11,3.98,163,53
U012152,C000383,2026-02-16,3.47,239,90
U012153,C000298,2025-12-20,1.21,21,98
U012154,C000251,2025-12-14,2.57,291,28
U012155,C000413,2026-02-08,1.98,130,28
U012156,C000841,2025-11-26,0.31,119,97
U012157,C000127,2026-08-05,3.3,164,81
U012158,C000951,2026-07-19,0.28,205,63
U012159,C000973,2026-05-15,0.5,219,20
U012160,C000364,2026-05-31,3.25,225,28
U012161,C000723,2026-04-04,4.28,102,7
U012162,C000195,2026-07-29,0.9,82,36
U012163,C000444,2025-09-23,3.91,108,5
U012164,C000530,2026-09-17,1.27,89,18
U012165,C000710,2025-10-07,2.1,57,30
U012166,C000495,2026-05-10,1.92,90,76
U012167,C000700,2026-09-09,2.3,217,51
U012168,C000347,2026-03-26,1.03,72,43
U012169,C000831,2026-08-19,4.46,138,5
U012170,C000239,2025-11-07,3.4,144,17
U012171,C000421,2026-07-24,3.54,109,37
U012172,C000587,2025-12-24,0.28,62,14
U012173,C000267,2026-02-17,3.47,116,92
U012174,C000818,2026-06-20,0.59,77,66
U012175,C000369,2026-03-27,1.93,263,12
U012176,C000160,2025-10-20,3.78,84,19
U012177,C000364,2026-08-22,1.06,91,50
U012178,C000536,2026-01-30,4.92,115,87
U012179,C000048,2026-04-06,2.56,64,1
U012180,C000998,2026-05-07,4.44,86,1
U012181,C000413,2026-07-07,1.44,198,53
U012182,C000604,2026-02-14,3.3,97,9
U012183,C000915,2026-03-27,1.98,67,37
U012184,C000139,2026-08-14,3.21,260,35
U012185,C000955,2026-03-27,1.52,81,90
U012186,C000795,2026-05-29,3.06,219,20
U012187,C000753,2025-10-10,2.85,196,52
U012188,C000337,2026-08-15,1.46,201,88
U012189,C000535,2026-03-04,4.41,72,45
U012190,C000643,2026-04-12,2.9,145,24
U012191,C000345,2026-02-06,3.96,91,45
U012192,C000553,2025-10-12,4.11,98,8
U012193,C000212,2025-10-22,0.71,42,85
U012194,C000707,2026-09-16,2.18,280,87
U012195,C000920,2026-04-25,1.39,270,95
U012196,C000930,2026-04-13,2.19,39,31
U012197,C000656,2025-11-11,1.95,212,3
U012198,C000515,2025-10-29,3.61,228,99
U012199,C000441,2026-05-20,0.68,51,27
U012200,C000390,2025-10-18,0.36,183,65
U012201,C000871,2026-04-21,3.43,250,41
U012202,C000445,2025-10-03,0.36,236,45
U012203,C000503,2025-10-01,1.47,27,48
U012204,C000886,2025-12-22,1.12,211,7
U012205,C000708,2026-05-22,1.27,100,57
U012206,C000253,2025-11-22,3.07,134,9
U012207,C000936,2025-10-08,1.28,151,11
U012208,C000559,2026-07-16,0.88,3,70
U012209,C000279,2026-01-15,3.4,68,44
U012210,C000521,2026-05-12,4.35,111,60
U012211,C000049,2025-09-26,4.45,111,66
U012212,C000367,2026-08-19,4.61,208,60
U012213,C000094,2025-10-04,4.11,230,45
U012214,C000104,2026-06-09,1.7,160,59
U012215,C000491,2026-02-13,4.98,0,65
U012216,C000939,2025-10-08,1.99,1,93
U012217,C000496,2026-08-07,2.19,159,93
U012218,C000038,2025-10-19,3.32,73,90
U012219,C000952,2025-11-25,4.09,151,82
U012220,C000880,2026-08-13,1.61,270,38
U012221,C000532,2026-03-28,2.21,248,46
U012222,C000732,2026-05-13,2.76,156,23
U012223,C000584,2025-09-24,3.82,293,78
U012224,C000601,2026-04-10,2.05,159,18
U012225,C000635,2026-03-25,1.54,232,86
U012226,C000445,2026-05-11,4.36,184,4
U012227,C000824,2026-09-06,0.95,294,34
U012228,C000405,2025-10-21,1.16,54,46
U012229,C000196,2025-09-23,4.12,128,75
U012230,C000270,2026-08-30,0.32,158,58
U012231,C000136,2026-09-06,0.56,249,90
U012232,C000708,2026-05-09,0.65,36,62
U012233,C000213,2026-03-04,1.56,255,21
U012234,C000881,2026-05-20,1.73,283,23
U012235,C000289,2025-09-27,2.89,257,5
U012236,C000576,2026-07-07,1.5,7,52
U012237,C000807,2026-07-22,4.44,32,38
U012238,C000597,2026-06-04,0.9,249,73
U012239,C000067,2025-12-07,1.55,136,89
U012240,C000981,2026-07-25,1.42,139,21
U012241,C000248,2026-07-07,4.28,117,50
U012242,C000939,2026-04-06,3.38,81,4
U012243,C000580,2026-08-08,0.36,157,67
U012244,C000426,2026-04-01,1.38,123,92
U012245,C000402,2026-03-05,4.85,282,41
U012246,C000895,2026-03-27,1.35,252,6
U012247,C000064,2026-09-11,2.16,219,20
U012248,C000181,2026-08-03,4.49,248,77
U012249,C000280,2026-07-05,4.37,57,31
U012250,C000854,2026-08-13,3.04,127,6
U012251,C000849,2026-03-05,0.48,259,63
U012252,C000248,2025-11-19,4.3,10,43
U012253,C000652,2026-09-09,0.15,1,39
U012254,C000155,2025-10-29,3.26,9,71
U012255,C000095,2026-07-26,1.37,257,20
U012256,C000859,2026-01-10,3.21,138,71
U012257,C000420,2026-03-28,3.71,241,94
U012258,C000492,2026-03-08,2.56,47,98
U012259,C000097,2026-01-02,1.43,267,75
U012260,C000553,2026-02-21,3.69,192,36
U012261,C000502,2026-03-19,3.06,24,26
U012262,C000145,2025-12-03,4.44,129,74
U012263,C000700,2025-11-11,4.0,8,97
U012264,C000314,2026-09-04,1.34,271,8
U012265,C000357,2026-02-01,0.13,80,26
U012266,C000548,2026-07-03,4.82,201,12
U012267,C000884,2026-06-01,4.14,54,13
U012268,C000906,2025-10-13,2.63,276,77
U012269,C000039,2025-11-17,2.2,87,29
U012270,C000952,2026-06-03,2.67,85,88
U012271,C000846,2025-11-24,0.42,215,20
U012272,C000441,2026-07-15,0.61,61,80
U012273,C000139,2026-03-25,0.78,28,9
U012274,C000081,2026-06-12,3.81,96,63
U012275,C000084,2025-09-26,4.46,157,59
U012276,C000216,2025-10-03,3.76,36,75
U012277,C000734,2026-08-25,3.95,124,21
U012278,C000146,2026-02-21,3.5,296,85
U012279,C000208,2026-07-18,3.45,117,47
U012280,C000857,2026-06-14,0.8,286,83
U012281,C000689,2026-03-08,0.47,79,3
U012282,C000169,2026-09-21,2.85,188,51
U012283,C000833,2025-12-25,4.95,269,20
U012284,C000848,2026-04-19,1.52,177,91
U012285,C000347,2026-07-02,3.1,134,61
U012286,C000349,2025-11-19,0.36,163,89
U012287,C000873,2026-03-16,2.75,188,61
U012288,C000870,2026-07-18,1.37,200,6
U012289,C000194,2026-05-31,2.06,116,50
U012290,C000057,2026-04-09,3.69,82,33
U012291,C000527,2026-08-30,3.64,240,78
U012292,C000336,2026-05-31,0.64,205,30
U012293,C000794,2026-05-01,2.2,28,100
U012294,C000175,2026-02-27,1.98,290,25
U012295,C000861,2026-08-22,2.55,64,85
U012296,C000306,2026-04-11,3.34,21,37
U012297,C000257,2026-09-14,1.15,264,20
U012298,C000552,2025-11-18,1.53,82,71
U012299,C000663,2026-06-16,4.73,170,4
U012300,C000054,2026-08-31,3.02,297,33
U012301,C000120,2026-06-16,4.36,80,1
U012302,C000628,2026-05-15,0.56,31,68
U012303,C000162,2026-02-15,4.6,113,67
U012304,C000867,2025-12-08,0.43,1,66
U012305,C000662,2026-02-05,0.61,58,82
U012306,C000790,2026-07-01,4.53,287,59
U012307,C000187,2026-05-02,1.5,270,85
U012308,C000047,2025-09-27,1.19,82,54
U012309,C000987,2026-08-28,1.9,281,15
U012310,C000852,2025-12-30,0.61,84,43
U012311,C000228,2026-01-11,3.97,168,61
U012312,C000024,2025-12-04,2.17,22,79
U012313,C000147,2026-06-20,3.11,106,49
U012314,C000875,2026-08-12,3.13,98,80
U012315,C000953,2025-12-01,4.73,222,5
U012316,C000214,2026-04-28,1.73,245,96
U012317,C000561,2025-10-11,1.22,230,22
U012318,C000116,2026-03-07,3.29,181,7
U012319,C000355,2025-12-22,4.5,237,52
U012320,C000478,2026-01-14,0.62,184,55
U012321,C000544,2026-04-23,0.14,73,33
U012322,C000948,2026-09-10,2.26,274,63
U012323,C000183,2025-11-29,3.97,204,63
U012324,C000416,2026-06-24,4.03,97,60
U012325,C000143,2026-08-04,1.36,148,0
U012326,C000303,2025-10-29,0.12,204,74
U012327,C000924,2025-12-19,4.15,127,80
U012328,C000174,2026-01-22,1.6,192,31
U012329,C000781,2026-03-01,3.78,185,26
U012330,C000449,2026-09-01,3.87,21,72
U012331,C000234,2026-06-29,3.63,233,59
U012332,C000358,2025-11-26,2.55,81,80
U012333,C000872,2026-05-17,1.42,249,39
U012334,C000283,2026-02-20,3.3,148,25
U012335,C000092,2026-03-29,2.64,72,86
U012336,C000911,2026-05-28,3.46,242,88
U012337,C000971,2026-03-05,2.01,290,29
U012338,C000806,2026-02-07,2.25,268,1
U012339,C000584,2026-01-11,2.55,56,59
U012340,C000860,2026-03-28,3.68,164,23
U012341,C000250,2026-04-29,4.55,113,95
U012342,C000707,2026-05-25,4.25,155,72
U012343,C000847,2025-11-07,0.49,229,99
U012344,C000221,2026-08-27,4.66,32,17
U012345,C000820,2026-09-21,3.4,238,71
U012346,C000208,2026-04-27,4.45,292,20
U012347,C000233,2026-07-23,2.84,37,22
U012348,C000715,2025-12-06,3.26,194,44
U012349,C000628,2026-05-27,1.7,3,38
U012350,C000570,2026-05-06,2.0,15,34
U012351,C000550,2026-01-11,1.44,23,42
U012352,C000072,2026-08-02,3.82,78,12
U012353,C000191,2026-02-20,2.06,8,98
U012354,C000182,2025-10-10,3.82,272,59
U012355,C000135,2026-07-12,2.1,32,86
U012356,C000178,2025-11-27,1.11,39,44
U012357,C000327,2026-02-06,3.47,237,30
U012358,C000036,2026-08-13,2.77,90,45
U012359,C000496,2025-12-16,4.8,212,88
U012360,C000952,2025-12-27,0.49,147,85
U012361,C000825,2025-11-19,1.86,165,66
U012362,C000342,2026-05-23,1.21,119,61
U012363,C000066,2026-05-20,3.89,177,18
U012364,C000309,2026-09-10,4.63,199,7
U012365,C000372,2025-12-29,2.35,25,95
U012366,C000520,2026-01-04,1.84,88,98
U012367,C000322,2025-10-03,0.59,293,42
U012368,C000397,2026-03-14,3.77,221,13
U012369,C000881,2026-02-10,4.02,131,18
U012370,C000502,2025-10-17,1.98,230,0
U012371,C000800,2026-04-12,2.36,234,73
U012372,C000824,2026-03-19,0.68,159,73
U012373,C000865,2026-07-28,3.82,99,0
U012374,C000295,2025-11-18,2.69,100,95
U012375,C000321,2026-09-12,0.67,165,24
U012376,C000470,2025-09-24,3.78,270,42
U012377,C000276,2025-10-21,3.68,147,14
U012378,C000631,2025-10-02,3.43,101,30
U012379,C000776,2026-04-04,0.43,108,72
U012380,C000423,2026-04-27,3.02,137,56
U012381,C000147,2025-11-09,0.49,58,56
U012382,C000550,2026-08-23,1.76,274,29
U012383,C000810,2026-01-26,1.41,152,7
U012384,C000248,2026-08-04,0.18,88,95
U012385,C000673,2026-04-26,4.74,263,2
U012386,C000409,2026-08-05,4.75,224,63
U012387,C000478,2026-03-28,0.2,170,93
U012388,C000386,2025-11-13,3.7,171,19
U012389,C000837,2026-07-30,4.86,28,9
U012390,C000038,2025-10-30,4.32,104,39
U012391,C000944,2026-06-05,1.6,258,73
U012392,C000178,2026-05-10,3.73,292,79
U012393,C000002,2025-12-07,3.91,140,16
U012394,C000692,2026-09-01,4.1,63,0
U012395,C000777,2025-12-30,0.61,170,82
U012396,C000028,2026-08-09,4.11,5,12
U012397,C000154,2026-05-30,1.33,19,23
U012398,C000051,2026-06-19,0.6,20,38
U012399,C000575,2025-10-01,1.5,65,3
U012400,C000479,2026-03-19,0.55,239,27
U012401,C000663,2026-08-29,1.41,82,78
U012402,C000799,2025-10-08,4.75,60,84
U012403,C000879,2026-01-09,0.37,89,46
U012404,C000654,2026-02-25,1.95,265,64
U012405,C000907,2026-02-02,3.79,29,68
U012406,C000815,2026-05-27,2.99,269,20
U012407,C000844,2026-08-24,3.29,211,37
U012408,C000612,2026-08-23,2.55,208,73
U012409,C000145,2026-09-21,0.66,144,67
U012410,C000188,2025-12-15,1.01,29,95
U012411,C000148,2025-12-27,0.62,268,86
U012412,C000309,2026-09-01,1.99,67,53
U012413,C000161,2026-04-16,0.84,29,20
U012414,C000459,2026-08-03,0.43,87,74
U012415,C000347,2026-01-18,3.55,20,27
U012416,C000946,2026-07-16,2.3,84,7
U012417,C000628,2026-06-18,2.87,205,26
U012418,C000423,2026-05-22,4.7,235,30
U012419,C000566,2026-09-10,4.15,45,91
U012420,C000917,2026-02-19,2.72,255,4
U012421,C000201,2025-11-27,3.47,6,82
U012422,C000260,2026-05-30,1.67,95,49
U012423,C000336,2026-02-20,2.12,294,36
U012424,C000038,2026-08-02,3.46,152,84
U012425,C000663,2025-12-19,3.5,280,98
U012426,C000336,2026-03-02,1.24,20,4
U012427,C000902,2026-05-19,4.09,209,18
U012428,C000167,2026-01-05,4.09,112,4
U012429,C000315,2026-05-30,0.33,27,1
U012430,C000574,2026-01-20,2.89,51,26
U012431,C000145,2026-05-28,1.1,170,29
U012432,C000063,2025-09-25,2.9,185,55
U012433,C000215,2026-03-27,1.81,101,68
U012434,C000270,2026-04-06,0.39,276,52
U012435,C000839,2026-03-19,4.46,213,51
U012436,C000112,2025-10-21,2.47,51,88
U012437,C000677,2025-11-07,2.72,32,47
U012438,C000040,2026-02-16,2.36,0,53
U012439,C000354,2026-05-06,4.58,17,32
U012440,C000603,2025-12-25,1.15,10,64
U012441,C000545,2026-02-27,4.18,105,99
U012442,C000913,2026-08-25,3.29,111,95
U012443,C000566,2025-11-02,4.4,289,92
U012444,C000702,2025-12-25,1.42,35,11
U012445,C000095,2026-07-28,4.32,272,93
U012446,C000508,2026-01-19,0.89,139,44
U012447,C000795,2026-03-21,1.04,82,88
U012448,C000197,2025-12-08,0.99,262,86
U012449,C000120,2026-05-09,3.54,206,15
U012450,C000968,2026-09-17,2.01,254,42
U012451,C000678,2026-09-02,2.08,250,98
U012452,C000362,2026-04-05,4.83,272,96
U012453,C000401,2026-03-20,3.24,142,41
U012454,C000561,2026-08-05,2.79,175,94
U012455,C000626,2026-02-28,0.94,178,51
U012456,C000264,2025-09-29,2.89,275,91
U012457,C000575,2026-02-02,1.26,263,50
U012458,C000127,2026-05-26,4.15,28,7
U012459,C000324,2026-09-03,4.17,76,44
U012460,C000040,2025-11-10,3.06,220,56
U012461,C000949,2026-04-14,2.94,111,83
U012462,C000521,2026-06-16,3.67,100,74
U012463,C000992,2026-07-06,4.92,175,15
U012464,C000113,2026-08-20,0.51,148,40
U012465,C000859,2025-12-19,0.46,164,11
U012466,C000337,2025-11-25,3.73,12,21
U012467,C000680,2026-01-15,1.95,294,54
U012468,C000042,2026-01-11,1.22,200,77
U012469,C000225,2026-04-01,2.12,262,90
U012470,C000202,2026-07-11,1.54,120,40
U012471,C000372,2026-08-01,1.5,129,10
U012472,C000973,2026-01-16,2.17,46,7
U012473,C000999,2026-06-30,3.0,182,7
U012474,C000235,2026-02-02,4.35,196,96
U012475,C000394,2026-08-15,4.64,5,5
U012476,C000367,2026-07-10,3.25,105,3
U012477,C000562,2026-06-02,1.01,199,58
U012478,C000998,2025-11-05,1.84,151,99
U012479,C000582,2026-09-07,1.14,163,68
U012480,C000100,2026-01-10,1.91,123,77
U012481,C000460,2025-12-24,0.36,250,20
U012482,C000385,2026-05-17,4.06,189,31
U012483,C000635,2026-05-13,2.26,121,0
U012484,C000679,2025-11-10,1.11,130,16
U012485,C000840,2026-06-05,0.11,144,50
U012486,C000016,2026-08-14,1.32,138,95
U012487,C000769,2025-11-17,4.88,291,13
U012488,C000899,2026-06-13,1.39,297,47
U012489,C000913,2025-12-21,2.21,168,74
U012490,C000195,2026-04-04,1.77,62,78
U012491,C000040,2025-11-05,4.6,9,96
U012492,C000106,2026-09-06,0.94,196,51
U012493,C000651,2026-08-04,1.1,28,15
U012494,C000161,2026-07-10,2.48,40,95
U012495,C000753,2026-01-18,0.31,73,2
U012496,C000231,2025-11-14,2.02,256,40
U012497,C000852,2026-07-08,4.82,55,81
U012498,C000090,2026-05-29,1.22,103,65
U012499,C000415,2026-09-17,0.89,130,63
U012500,C000067,2026-03-04,3.3,177,29
U012501,C000524,2026-03-25,3.2,240,23
U012502,C000958,2026-05-18,4.27,43,69
U012503,C000976,2026-01-17,1.55,169,19
U012504,C000547,2026-01-21,4.85,41,39
U012505,C000231,2026-01-08,2.34,170,26
U012506,C000551,2026-04-08,4.78,54,24
U012507,C000084,2026-01-25,4.6,130,13
U012508,C000086,2026-02-17,1.93,281,71
U012509,C000773,2026-04-07,3.83,71,49
U012510,C000665,2025-11-30,3.52,216,12
U012511,C000972,2026-04-22,4.4,112,98
U012512,C000952,2026-08-22,4.58,5,87
U012513,C000656,2026-04-10,3.81,196,53
U012514,C000022,2026-05-05,4.35,29,35
U012515,C000903,2026-07-19,4.9,61,62
U012516,C000818,2026-08-15,0.97,248,76
U012517,C000816,2026-06-19,0.58,212,51
U012518,C000452,2026-06-10,3.42,294,81
U012519,C000401,2026-08-07,3.75,153,11
U012520,C000459,2026-02-04,3.14,81,84
U012521,C000011,2026-04-20,4.4,240,77
U012522,C000155,2026-08-10,0.5,29,76
U012523,C000380,2025-12-15,0.4,37,74
U012524,C000946,2026-07-23,3.74,41,90
U012525,C000316,2025-11-06,3.59,50,31
U012526,C000331,2026-01-26,0.81,180,37
U012527,C000035,2026-01-17,4.99,131,100
U012528,C000686,2026-06-07,2.19,200,97
U012529,C000838,2026-05-26,3.49,55,80
U012530,C000634,2026-06-10,1.19,114,56
U012531,C000237,2025-12-02,3.0,86,3
U012532,C000642,2026-02-11,1.2,218,29
U012533,C000040,2026-07-10,0.65,99,57
U012534,C000559,2025-12-18,4.0,226,14
U012535,C000273,2026-08-02,0.24,136,95
U012536,C000131,2026-07-14,1.8,17,50
U012537,C000630,2025-09-26,2.8,106,65
U012538,C000400,2026-03-10,3.78,54,42
U012539,C000771,2026-06-12,1.97,36,57
U012540,C000730,2026-04-06,2.82,172,35
U012541,C000654,2025-10-11,3.73,194,96
U012542,C000215,2026-07-08,2.81,159,53
U012543,C000742,2025-10-12,1.08,132,88
U012544,C000344,2026-07-02,3.25,75,12
U012545,C000230,2026-01-21,3.92,120,91
U012546,C000710,2025-11-02,1.03,140,90
U012547,C000614,2026-04-19,1.78,120,46
U012548,C000160,2025-10-18,4.85,260,96
U012549,C000322,2025-10-08,4.22,55,53
U012550,C000291,2026-09-08,3.17,69,16
U012551,C000107,2025-09-29,1.85,299,39
U012552,C000563,2025-11-02,2.49,106,71
U012553,C000801,2026-06-25,2.7,235,28
U012554,C000627,2026-01-13,0.37,269,95
U012555,C000329,2026-09-08,1.89,158,62
U012556,C000288,2026-05-23,4.99,162,96
U012557,C000488,2026-07-08,2.09,206,70
U012558,C000644,2026-08-05,1.48,258,62
U012559,C000654,2026-02-12,2.61,188,36
U012560,C000647,2026-06-13,2.82,256,71
U012561,C000977,2026-03-09,1.95,163,47
U012562,C000647,2025-11-05,4.95,133,3
U012563,C000801,2026-04-04,0.56,122,25
U012564,C000603,2025-10-26,0.16,16,68
U012565,C000616,2026-06-02,1.36,248,84
U012566,C000076,2026-03-25,3.25,60,99
U012567,C000294,2025-10-01,2.51,222,8
U012568,C000061,2026-02-28,1.32,74,23
U012569,C000529,2026-03-15,0.15,282,50
U012570,C000910,2026-05-31,1.43,59,58
U012571,C000094,2025-12-06,3.12,182,64
U012572,C000855,2026-06-15,3.97,187,56
U012573,C000245,2026-02-19,2.51,204,24
U012574,C000445,2026-05-22,2.91,31,97
U012575,C000633,2025-10-14,2.76,47,33
U012576,C000914,2026-07-27,2.39,68,61
U012577,C000505,2025-11-05,3.91,180,52
U012578,C000358,2026-04-13,4.28,239,22
U012579,C000328,2026-07-21,1.43,253,63
U012580,C000119,2026-01-20,4.57,34,53
U012581,C000752,2025-11-08,3.18,41,28
U012582,C000929,2026-03-18,1.58,151,96
U012583,C000881,2025-12-29,0.24,240,57
U012584,C000659,2026-05-26,2.86,45,77
U012585,C000789,2026-03-25,3.33,204,54
U012586,C000007,2026-06-11,1.68,62,25
U012587,C000951,2026-09-01,3.4,92,82
U012588,C000230,2026-08-25,3.68,47,11
U012589,C000166,2026-07-03,1.09,297,14
U012590,C000939,2025-12-14,0.35,34,43
U012591,C000134,2026-05-23,4.74,299,71
U012592,C000307,2026-01-26,0.72,88,90
U012593,C000460,2026-02-27,2.97,43,74
U012594,C000339,2026-04-03,3.83,171,68
U012595,C000876,2026-07-19,2.0,293,6
U012596,C000783,2026-07-18,1.03,147,35
U012597,C000433,2025-12-15,4.17,227,60
U012598,C000412,2026-06-19,3.86,68,42
U012599,C000973,2026-05-04,4.06,129,63
U012600,C000557,2026-02-24,3.78,157,52
U012601,C000439,2026-07-13,0.44,205,17
U012602,C000814,2026-04-24,0.41,226,58
U012603,C000640,2025-11-02,0.92,240,88
U012604,C000640,2026-03-30,3.88,193,45
U012605,C000616,2026-01-02,2.88,83,75
U012606,C000306,2026-05-07,4.82,249,62
U012607,C000641,2025-12-06,2.21,300,100
U012608,C000574,2025-12-12,1.83,148,63
U012609,C000323,2026-07-02,1.59,229,66
U012610,C000776,2026-03-20,0.29,286,49
U012611,C000954,2025-12-19,4.04,280,1
U012612,C000053,2026-05-15,2.84,290,80
U012613,C000892,2026-02-01,1.74,152,81
U012614,C000378,2025-10-22,1.18,70,44
U012615,C000536,2025-10-11,2.69,274,99
U012616,C000097,2026-03-21,1.47,284,13
U012617,C000264,2025-11-04,1.99,3,69
U012618,C000539,2026-03-18,0.51,1,85
U012619,C000263,2026-07-10,2.6,239,75
U012620,C000120,2026-03-10,3.53,4,68
U012621,C000113,2026-07-12,2.45,269,1
U012622,C000453,2026-02-14,1.26,250,99
U012623,C000507,2025-12-08,3.47,41,59
U012624,C000290,2026-07-23,2.99,195,91
U012625,C000037,2026-04-26,1.47,218,77
U012626,C000727,2025-10-19,4.72,159,21
U012627,C000876,2026-08-26,1.52,159,32
U012628,C000134,2026-02-08,2.68,145,0
U012629,C000595,2026-03-08,2.3,181,57
U012630,C000915,2026-03-10,2.64,130,39
U012631,C000544,2025-09-24,2.93,222,4
U012632,C000284,2025-09-26,2.6,249,19
U012633,C000744,2026-09-10,1.33,9,14
U012634,C000937,2025-10-16,3.93,63,5
U012635,C000506,2025-09-26,1.79,113,25
U012636,C000306,2025-11-02,3.45,242,38
U012637,C000787,2026-08-18,0.14,126,67
U012638,C000733,2026-06-02,1.74,83,39
U012639,C000854,2026-04-27,1.09,71,29
U012640,C000561,2026-03-29,1.83,282,78
U012641,C000874,2026-01-01,1.89,171,92
U012642,C000975,2025-11-05,2.68,186,35
U012643,C000078,2026-06-22,1.45,80,67
U012644,C000708,2025-11-30,3.35,167,83
U012645,C000533,2026-04-18,1.5,90,15
U012646,C000611,2026-05-16,2.61,257,35
U012647,C000031,2026-06-13,4.93,243,79
U012648,C000224,2026-03-19,1.09,177,88
U012649,C000284,2025-11-01,2.22,42,77
U012650,C000808,2026-01-16,2.18,54,92
U012651,C000218,2026-08-24,0.61,266,100
U012652,C000158,2025-11-16,3.96,230,42
U012653,C000624,2026-06-11,0.23,273,68
U012654,C000554,2026-08-15,1.77,220,29
U012655,C000155,2026-04-17,0.5,142,65
U012656,C000771,2026-06-17,4.09,199,52
U012657,C000943,2025-10-22,4.57,52,87
U012658,C000454,2026-06-07,0.84,187,74
U012659,C000555,2025-11-03,2.59,122,26
U012660,C000121,2026-05-31,3.05,128,54
U012661,C000905,2026-04-18,3.95,90,23
U012662,C000498,2026-08-09,3.29,58,2
U012663,C000941,2026-07-10,2.51,71,51
U012664,C000868,2026-05-03,1.95,216,10
U012665,C000103,2026-06-26,1.84,14,43
U012666,C000095,2026-09-21,3.32,29,93
U012667,C000901,2026-08-19,3.5,56,11
U012668,C000943,2026-08-23,0.9,106,72
U012669,C000189,2026-07-22,2.79,116,55
U012670,C000604,2026-09-12,0.67,51,42
U012671,C000287,2026-02-27,1.05,38,14
U012672,C000086,2026-07-02,4.95,26,41
U012673,C000921,2026-09-19,1.38,241,90
U012674,C000639,2026-01-11,2.31,69,72
U012675,C000047,2026-01-06,3.19,252,46
U012676,C000516,2026-03-21,2.32,248,67
U012677,C000681,2026-09-03,4.47,119,72
U012678,C000557,2026-08-05,2.95,219,37
U012679,C000321,2025-12-11,4.57,71,68
U012680,C000283,2026-04-08,4.62,78,64
U012681,C000953,2025-12-13,3.71,3,18
U012682,C000254,2025-10-13,4.28,160,87
U012683,C000717,2026-02-19,3.38,104,65
U012684,C000513,2026-05-15,4.34,27,88
U012685,C000635,2026-01-03,3.74,97,75
U012686,C000870,2026-01-31,1.06,235,61
U012687,C000162,2026-09-06,0.48,183,87
U012688,C000885,2026-04-13,0.3,11,96
U012689,C000748,2025-10-09,3.2,11,51
U012690,C000982,2026-01-11,0.13,242,5
U012691,C000692,2026-02-11,2.07,273,100
U012692,C000924,2025-12-04,3.57,67,27
U012693,C000622,2026-09-20,2.77,1,47
U012694,C000112,2025-12-19,3.19,48,66
U012695,C000743,2026-03-21,1.98,66,56
U012696,C000388,2026-04-20,4.79,9,47
U012697,C000706,2026-05-28,1.46,190,38
U012698,C000624,2026-07-02,3.73,38,80
U012699,C000272,2026-03-17,4.94,283,69
U012700,C000603,2025-10-01,0.66,113,68
U012701,C000373,2026-01-13,2.95,115,29
U012702,C000744,2025-11-27,1.36,221,97
U012703,C000461,2025-12-14,2.54,285,50
U012704,C000086,2026-01-01,1.63,281,95
U012705,C000196,2026-06-15,0.27,164,89
U012706,C000634,2026-01-22,3.37,257,90
U012707,C000561,2025-11-15,0.91,137,32
U012708,C000692,2026-08-31,1.07,126,52
U012709,C000304,2026-03-16,3.01,256,19
U012710,C000327,2026-02-03,3.77,267,80
U012711,C000036,2026-03-24,3.04,183,56
U012712,C000829,2026-08-14,4.75,298,33
U012713,C000448,2026-08-23,3.21,232,13
U012714,C000291,2025-10-03,0.22,113,44
U012715,C000622,2025-10-21,3.21,94,33
U012716,C000791,2025-10-27,0.89,258,72
U012717,C000705,2025-10-14,0.42,167,49
U012718,C000652,2026-05-07,0.66,21,83
U012719,C000090,2026-05-29,2.65,131,54
U012720,C000789,2025-10-12,2.91,30,47
U012721,C000729,2026-04-09,2.73,245,74
U012722,C000634,2026-05-05,3.62,268,18
U012723,C000567,2026-07-23,1.93,288,33
U012724,C000547,2026-01-29,2.7,258,59
U012725,C000335,2025-12-11,4.15,264,9
U012726,C000772,2026-07-06,3.63,284,82
U012727,C000487,2026-04-22,0.61,0,80
U012728,C000901,2026-05-20,1.78,157,70
U012729,C000188,2026-01-28,1.59,272,35
U012730,C000376,2026-05-07,1.75,241,77
U012731,C000457,2026-09-04,0.85,66,9
U012732,C000220,2026-06-07,2.51,7,32
U012733,C000553,2026-06-18,3.81,94,77
U012734,C000011,2025-10-06,2.63,144,7
U012735,C000916,2026-05-25,3.63,300,65
U012736,C000907,2026-04-28,4.69,32,9
U012737,C000813,2025-12-11,2.14,108,98
U012738,C000555,2026-06-22,4.6,109,100
U012739,C000377,2025-12-27,0.2,25,50
U012740,C000756,2026-01-31,1.33,267,54
U012741,C000337,2025-11-01,3.28,51,42
U012742,C000653,2026-07-12,4.66,112,87
U012743,C000470,2026-02-18,0.57,135,2
U012744,C000926,2025-12-30,4.92,140,3
U012745,C000084,2025-12-20,4.97,59,83
U012746,C000154,2026-04-27,2.97,108,97
U012747,C000771,2025-10-21,2.5,298,44
U012748,C000096,2026-09-16,4.54,18,12
U012749,C000214,2026-08-13,4.46,265,47
U012750,C000081,2026-07-30,4.31,96,18
U012751,C000928,2026-03-11,4.11,121,12
U012752,C000740,2026-01-02,0.91,98,62
U012753,C000078,2026-06-21,2.49,253,19
U012754,C000514,2025-11-11,4.88,243,71
U012755,C000821,2026-05-05,1.2,170,4
U012756,C000259,2025-10-04,2.95,277,78
U012757,C000965,2025-10-20,2.46,95,66
U012758,C000767,2026-07-07,4.41,55,41
U012759,C000446,2026-05-28,1.18,39,59
U012760,C000453,2025-11-24,2.64,284,44
U012761,C000572,2026-08-22,2.21,197,19
U012762,C000252,2026-04-20,1.78,144,53
U012763,C000617,2026-08-15,4.54,163,79
U012764,C000116,2026-01-14,1.33,274,9
U012765,C000045,2026-04-01,2.84,188,21
U012766,C000522,2025-11-08,1.39,127,24
U012767,C000946,2026-03-07,4.28,48,67
U012768,C000224,2025-10-08,3.26,257,32
U012769,C000736,2026-05-30,2.17,259,100
U012770,C000888,2025-10-09,1.2,226,86
U012771,C000018,2026-02-27,2.01,43,51
U012772,C000121,2026-01-16,4.93,274,43
U012773,C000845,2026-02-01,2.03,214,82
U012774,C000624,2026-07-28,1.1,64,53
U012775,C000054,2026-03-08,2.91,75,68
U012776,C000935,2026-01-07,2.28,128,65
U012777,C000430,2026-03-31,1.11,152,60
U012778,C000785,2026-06-30,4.21,135,77
U012779,C000410,2026-09-15,1.55,0,14
U012780,C000122,2026-05-01,4.56,88,77
U012781,C000481,2026-08-05,4.17,55,54
U012782,C000328,2026-08-12,1.43,280,73
U012783,C000882,2026-07-31,4.61,2,94
U012784,C000931,2025-10-12,2.53,29,70
U012785,C000818,2025-11-20,2.07,3,46
U012786,C000459,2026-06-11,2.56,4,82
U012787,C000398,2025-11-29,4.67,235,14
U012788,C000602,2026-04-06,4.4,276,19
U012789,C000076,2026-05-29,4.33,93,10
U012790,C000306,2026-08-04,1.96,261,30
U012791,C000986,2026-01-30,4.9,178,35
U012792,C000974,2026-05-20,0.6,201,45
U012793,C000370,2026-06-21,2.48,10,39
U012794,C000688,2026-07-26,2.57,192,46
U012795,C000775,2025-10-14,3.31,290,31
U012796,C000756,2026-02-11,1.36,14,82
U012797,C000759,2026-05-21,0.43,284,38
U012798,C000136,2026-01-05,3.86,22,14
U012799,C000877,2026-05-18,4.37,240,35
U012800,C000256,2025-09-28,3.26,13,7
U012801,C000533,2026-06-30,0.56,132,78
U012802,C000501,2026-04-16,0.91,147,4
U012803,C000008,2026-05-15,1.6,223,28
U012804,C000446,2025-12-05,1.09,10,77
U012805,C000210,2026-07-18,1.23,242,24
U012806,C000830,2025-11-24,4.58,145,80
U012807,C000885,2025-12-26,2.6,246,90
U012808,C000645,2026-05-04,4.69,132,98
U012809,C000102,2026-07-13,4.08,198,10
U012810,C000263,2025-12-21,3.32,36,65
U012811,C000092,2026-04-09,1.86,241,72
U012812,C000412,2026-04-12,0.72,184,46
U012813,C000243,2025-12-30,0.51,98,85
U012814,C000618,2026-02-11,3.4,45,26
U012815,C000308,2026-06-08,3.82,263,31
U012816,C000321,2026-05-13,3.75,19,44
U012817,C000085,2026-08-05,2.69,106,95
U012818,C000494,2026-04-25,1.68,53,43
U012819,C000245,2026-07-11,1.43,91,4
U012820,C000721,2026-06-05,3.91,37,24
U012821,C000749,2026-01-25,4.51,52,54
U012822,C000014,2026-05-27,0.46,52,7
U012823,C000510,2026-09-09,2.45,131,10
U012824,C000314,2025-10-24,4.25,82,13
U012825,C000239,2025-12-18,0.89,211,41
U012826,C000240,2026-06-20,4.71,194,84
U012827,C000144,2025-10-31,3.59,99,78
U012828,C000777,2026-03-16,4.02,175,72
U012829,C000054,2025-11-20,4.69,281,58
U012830,C000539,2026-09-10,3.96,47,78
U012831,C000296,2025-11-05,4.84,29,16
U012832,C000661,2026-05-27,2.98,146,33
U012833,C000854,2026-02-26,3.1,54,60
U012834,C000485,2025-11-21,1.95,89,67
U012835,C000851,2026-05-28,2.41,95,9
U012836,C000711,2025-12-12,3.5,219,24
U012837,C000033,2025-10-15,0.39,185,8
U012838,C000861,2026-04-09,0.16,185,96
U012839,C000888,2025-11-29,4.6,98,73
U012840,C000611,2026-01-19,0.35,122,38
U012841,C000454,2025-10-14,3.78,271,25
U012842,C000034,2025-09-26,2.09,239,70
U012843,C000732,2026-07-16,4.15,298,6
U012844,C000266,2026-08-31,2.66,108,92
U012845,C000033,2026-08-05,0.55,209,20
U012846,C000151,2025-12-26,0.67,223,43
U012847,C000739,2025-09-26,2.16,107,52
U012848,C000659,2026-09-02,1.61,41,34
U012849,C000454,2026-04-22,0.55,290,100
U012850,C000692,2026-02-21,4.79,159,22
U012851,C000627,2026-08-16,4.36,205,65
U012852,C000467,2025-10-16,3.6,19,95
U012853,C000361,2025-11-02,0.24,214,22
U012854,C000803,2026-01-14,2.4,196,45
U012855,C000916,2026-05-24,2.21,18,5
U012856,C000682,2026-03-10,1.7,209,10
U012857,C000828,2026-04-04,4.83,60,0
U012858,C000364,2026-01-26,4.99,276,50
U012859,C000443,2026-03-02,4.64,237,61
U012860,C000818,2026-01-24,2.5,158,49
U012861,C000366,2026-06-21,3.6,34,34
U012862,C000224,2026-03-17,0.14,68,51
U012863,C000748,2026-08-11,0.74,222,23
U012864,C000368,2026-08-06,1.96,112,45
U012865,C000758,2026-09-04,4.79,263,48
U012866,C000742,2025-12-17,2.63,262,34
U012867,C000955,2025-11-15,1.55,146,55
U012868,C000637,2026-08-11,3.17,178,58
U012869,C000823,2026-02-16,1.96,190,1
U012870,C000600,2025-11-01,2.34,279,25
U012871,C000601,2026-05-26,3.92,182,99
U012872,C000897,2026-09-03,0.68,141,61
U012873,C000629,2025-11-01,1.68,69,33
U012874,C000316,2026-06-03,0.18,202,78
U012875,C000452,2025-11-01,4.29,220,40
U012876,C000168,2026-03-08,2.4,155,67
U012877,C000250,2026-01-11,3.64,297,93
U012878,C000646,2026-05-16,2.14,19,49
U012879,C000288,2026-05-20,2.49,280,28
U012880,C000470,2026-04-29,3.68,114,33
U012881,C000039,2026-04-03,2.13,212,66
U012882,C000706,2026-07-01,2.27,48,77
U012883,C000216,2026-02-14,4.94,164,90
U012884,C000546,2026-06-25,4.29,218,22
U012885,C000684,2026-02-26,0.9,210,67
U012886,C000228,2026-07-25,3.11,72,24
U012887,C000753,2025-12-26,0.15,30,16
U012888,C000579,2025-10-17,4.08,241,84
U012889,C000959,2026-02-21,2.55,275,79
U012890,C000687,2026-07-31,2.54,57,79
U012891,C000561,2026-08-22,0.32,107,39
U012892,C000755,2025-10-07,3.09,82,3
U012893,C000832,2026-09-22,3.28,288,75
U012894,C000551,2026-04-30,2.32,4,11
U012895,C000785,2026-02-15,4.49,70,35
U012896,C000181,2026-07-19,3.96,79,21
U012897,C000039,2025-12-27,0.66,9,37
U012898,C000003,2026-05-29,4.83,143,58
U012899,C000698,2026-03-17,2.02,291,33
U012900,C000652,2025-12-05,1.99,202,37
U012901,C000280,2025-10-30,3.73,152,78
U012902,C000463,2026-07-19,4.73,245,27
U012903,C000995,2026-05-15,4.92,10,4
U012904,C000322,2026-01-03,3.01,63,42
U012905,C000672,2026-08-19,3.71,78,67
U012906,C000655,2026-01-11,4.79,91,35
U012907,C000529,2026-07-18,1.97,129,24
U012908,C000016,2026-04-01,1.91,97,43
U012909,C000327,2026-04-04,4.78,221,43
U012910,C000804,2026-01-07,1.29,271,20
U012911,C000348,2026-03-26,0.57,239,60
U012912,C000675,2026-01-18,1.64,110,15
U012913,C000672,2025-09-24,4.87,214,73
U012914,C000684,2026-04-09,0.91,94,7
U012915,C000671,2025-10-26,0.22,93,87
U012916,C000404,2025-12-23,4.3,108,18
U012917,C000067,2026-07-16,4.51,225,12
U012918,C000363,2026-07-21,0.39,262,91
U012919,C000642,2025-12-01,4.34,47,33
U012920,C000187,2026-04-21,3.46,181,59
U012921,C000652,2025-10-20,4.33,86,45
U012922,C000081,2026-01-29,3.51,47,70
U012923,C000887,2026-02-06,4.66,253,97
U012924,C000838,2026-02-23,3.4,180,27
U012925,C000016,2026-09-19,0.37,30,76
U012926,C000661,2026-03-20,3.73,65,50
U012927,C000813,2026-08-15,4.6,149,1
U012928,C000050,2026-04-08,2.49,34,99
U012929,C000164,2026-08-27,4.22,100,68
U012930,C000186,2026-05-29,4.31,39,59
U012931,C000610,2026-05-27,3.14,64,28
U012932,C000833,2026-02-19,3.05,128,87
U012933,C000665,2025-11-04,2.23,251,94
U012934,C000520,2026-06-16,4.09,112,57
U012935,C000585,2025-09-23,4.01,46,30
U012936,C000883,2026-07-15,4.39,144,75
U012937,C000476,2025-12-31,3.94,203,17
U012938,C000976,2025-10-02,1.85,163,96
U012939,C000614,2026-07-01,2.91,102,7
U012940,C000541,2025-11-04,2.91,207,50
U012941,C000326,2026-09-12,1.77,62,64
U012942,C000650,2025-12-09,1.73,219,72
U012943,C000416,2026-05-17,0.53,256,96
U012944,C000883,2026-07-19,4.3,248,74
U012945,C000734,2026-05-05,4.9,106,83
U012946,C000254,2025-09-24,4.33,187,30
U012947,C000101,2026-01-01,3.92,153,88
U012948,C000289,2026-05-27,4.05,176,69
U012949,C000589,2025-12-21,1.24,80,99
U012950,C000401,2026-01-30,3.65,202,36
U012951,C000715,2025-12-05,4.93,121,100
U012952,C000457,2025-12-04,4.08,216,57
U012953,C000158,2026-09-01,4.04,253,9
U012954,C000667,2025-09-29,4.6,32,62
U012955,C000627,2025-11-26,4.74,23,78
U012956,C000304,2026-05-06,2.87,268,81
U012957,C000673,2026-09-20,1.75,85,69
U012958,C000129,2026-05-22,2.41,273,74
U012959,C000228,2026-03-08,3.74,230,16
U012960,C000842,2026-05-03,1.57,250,26
U012961,C000428,2025-11-16,4.97,146,5
U012962,C000315,2026-02-05,1.88,62,81
U012963,C000821,2026-09-19,3.03,149,7
U012964,C000015,2026-09-17,2.89,34,52
U012965,C000376,2026-08-12,2.89,137,60
U012966,C000396,2025-12-04,1.63,80,44
U012967,C000734,2026-06-08,4.22,162,52
U012968,C000860,2026-02-12,0.7,179,81
U012969,C000893,2026-03-08,4.46,101,67
U012970,C000457,2026-05-14,3.78,67,95
U012971,C000859,2026-06-22,0.62,134,26
U012972,C000773,2026-07-16,2.38,239,22
U012973,C000266,2026-04-20,4.68,296,56
U012974,C000299,2026-07-31,3.73,59,97
U012975,C000980,2026-03-03,3.35,279,32
U012976,C000770,2025-12-10,0.66,68,46
U012977,C000904,2026-06-02,1.19,181,5
U012978,C000210,2026-04-27,0.71,169,3
U012979,C000844,2026-04-20,1.9,7,49
U012980,C000056,2026-05-22,2.71,17,22
U012981,C000115,2026-06-18,1.66,115,3
U012982,C000403,2025-10-01,2.9,258,93
U012983,C000863,2025-12-29,1.79,248,25
U012984,C000488,2025-12-18,4.65,79,45
U012985,C000680,2025-10-23,4.38,81,75
U012986,C000425,2025-09-26,4.34,86,76
U012987,C000895,2026-07-31,2.94,83,17
U012988,C000802,2026-01-16,0.5,208,66
U012989,C000895,2026-05-23,1.45,130,46
U012990,C000793,2026-04-19,0.28,125,90
U012991,C000546,2025-11-26,3.01,266,96
U012992,C000197,2025-12-18,2.32,265,40
U012993,C000777,2026-02-24,2.57,239,66
U012994,C000024,2026-04-30,2.12,94,16
U012995,C000601,2026-07-13,1.92,44,90
U012996,C000821,2026-05-02,0.14,257,45
U012997,C000311,2026-08-01,0.87,134,10
U012998,C000897,2026-07-28,1.63,196,43
U012999,C000122,2025-10-16,3.35,177,2
U013000,C000361,2025-10-30,2.88,273,87
U013001,C000693,2026-02-25,2.16,229,53
U013002,C000182,2026-02-25,3.77,296,43
U013003,C000432,2026-04-03,0.99,78,83
U013004,C000975,2026-02-09,3.7,298,72
U013005,C000085,2026-06-17,1.79,259,17
U013006,C000706,2026-01-18,2.31,234,62
U013007,C000036,2026-07-23,4.19,56,74
U013008,C000357,2025-11-05,3.97,54,25
U013009,C000286,2026-05-12,0.66,138,6
U013010,C000421,2026-04-15,1.13,217,72
U013011,C000039,2025-10-14,3.14,288,87
U013012,C000942,2026-05-24,1.57,34,66
U013013,C000240,2025-12-03,2.51,115,15
U013014,C000278,2026-07-23,2.55,97,80
U013015,C000732,2026-03-27,0.12,91,71
U013016,C000158,2026-08-05,4.34,230,78
U013017,C000781,2026-04-06,3.09,241,42
U013018,C000077,2025-11-16,3.28,173,82
U013019,C000283,2026-04-10,4.64,223,23
U013020,C000728,2026-01-31,1.98,89,82
U013021,C000118,2026-01-28,0.17,130,91
U013022,C000663,2025-11-01,1.6,115,50
U013023,C000889,2026-09-04,2.42,68,73
U013024,C000678,2026-05-25,2.88,261,22
U013025,C000208,2026-04-12,4.18,133,22
U013026,C000578,2026-07-08,1.56,108,86
U013027,C000838,2026-05-09,1.77,204,72
U013028,C000368,2026-08-06,0.47,299,50
U013029,C000203,2026-08-15,1.5,91,11
U013030,C000018,2025-12-09,0.43,124,24
U013031,C000048,2025-12-01,3.02,208,5
U013032,C000457,2026-02-08,3.48,244,90
U013033,C000879,2026-08-21,4.76,174,7
U013034,C000074,2025-12-18,2.2,298,23
U013035,C000913,2026-03-22,4.14,273,59
U013036,C000817,2026-08-10,2.16,208,91
U013037,C000842,2026-09-11,1.56,60,25
U013038,C000192,2026-08-28,1.34,53,99
U013039,C000174,2026-09-14,1.49,104,38
U013040,C000177,2026-03-11,2.77,29,0
U013041,C000817,2026-09-19,4.22,34,57
U013042,C000525,2026-09-07,2.08,119,51
U013043,C000012,2026-06-25,0.19,153,43
U013044,C000879,2025-12-30,4.3,19,57
U013045,C000618,2026-09-13,2.05,27,11
U013046,C000977,2026-05-16,4.49,49,24
U013047,C000974,2026-01-07,4.09,194,4
U013048,C000410,2026-06-10,4.35,74,96
U013049,C000453,2025-10-24,3.38,283,74
U013050,C000026,2026-09-22,1.59,108,41
U013051,C000960,2025-12-03,2.65,161,4
U013052,C000176,2025-11-19,1.14,14,87
U013053,C000065,2025-12-04,0.61,273,54
U013054,C000105,2026-08-26,2.43,244,33
U013055,C000166,2026-03-09,0.52,151,15
U013056,C000984,2026-03-30,1.31,266,75
U013057,C000344,2026-04-11,1.28,198,63
U013058,C000283,2026-04-19,0.58,152,9
U013059,C000420,2026-05-09,1.13,252,9
U013060,C000255,2026-05-11,3.07,254,90
U013061,C000308,2026-08-17,2.66,189,95
U013062,C000467,2026-08-23,2.31,129,72
U013063,C000498,2025-12-18,0.6,191,76
U013064,C000245,2026-08-13,4.4,173,52
U013065,C000296,2026-06-24,4.83,26,67
U013066,C000865,2026-03-13,1.5,292,36
U013067,C000565,2026-01-21,3.99,218,61
U013068,C000047,2026-07-01,4.35,219,27
U013069,C000642,2026-08-25,0.85,211,81
U013070,C000373,2026-05-18,3.5,107,90
U013071,C000630,2026-02-15,1.63,123,83
U013072,C000457,2026-07-02,1.6,112,93
U013073,C000933,2026-08-06,1.17,257,100
U013074,C000731,2025-10-23,3.4,259,93
U013075,C000633,2025-10-04,4.29,291,36
U013076,C000049,2026-07-24,0.21,88,2
U013077,C000158,2025-12-31,3.11,295,56
U013078,C000558,2026-03-26,4.81,84,29
U013079,C000655,2026-03-23,0.43,103,29
U013080,C000906,2026-05-09,2.29,175,52
U013081,C000884,2025-12-13,1.42,193,47
U013082,C000407,2026-01-13,4.68,244,33
U013083,C000863,2026-03-08,4.76,65,49
U013084,C000385,2026-07-16,2.94,257,24
U013085,C000079,2026-04-16,2.88,239,5
U013086,C000338,2026-05-15,3.18,190,89
U013087,C000609,2025-09-23,0.34,85,48
U013088,C000808,2026-08-20,0.43,137,89
U013089,C000909,2026-01-23,3.2,172,76
U013090,C000354,2026-05-11,4.24,239,52
U013091,C000547,2026-09-14,4.49,247,4
U013092,C000961,2026-09-03,0.99,23,57
U013093,C000772,2026-09-08,2.42,266,35
U013094,C000333,2026-04-15,2.89,270,98
U013095,C000591,2026-07-22,0.77,260,27
U013096,C000494,2025-11-04,3.83,39,6
U013097,C000621,2025-10-29,0.91,258,97
U013098,C000788,2025-11-13,0.16,134,27
U013099,C000840,2026-03-07,0.91,200,62
U013100,C000528,2025-11-08,0.33,218,85
U013101,C000260,2025-12-05,4.93,9,90
U013102,C000339,2026-05-17,3.24,166,34
U013103,C000097,2025-11-06,1.08,265,31
U013104,C000276,2026-06-24,3.23,183,46
U013105,C000897,2026-01-30,4.93,179,12
U013106,C000880,2026-08-15,0.67,235,41
U013107,C000686,2025-11-04,3.5,178,13
U013108,C000064,2025-11-27,1.93,98,98
U013109,C000145,2026-01-24,0.2,146,87
U013110,C000290,2026-05-05,4.33,230,2
U013111,C000053,2025-09-28,4.76,45,85
U013112,C000017,2026-07-27,3.95,246,6
U013113,C000944,2026-07-27,2.31,136,37
U013114,C000765,2025-12-03,4.23,212,96
U013115,C000972,2026-04-07,2.91,189,2
U013116,C000131,2026-08-30,4.29,273,91
U013117,C000994,2025-10-21,2.88,3,96
U013118,C000003,2026-05-22,4.35,197,1
U013119,C000766,2025-10-10,2.19,229,78
U013120,C000947,2026-01-24,0.68,117,22
U013121,C000941,2026-04-12,4.56,247,89
U013122,C000891,2025-10-01,0.77,238,55
U013123,C000083,2025-10-09,0.97,271,64
U013124,C000288,2025-12-19,2.74,226,74
U013125,C000915,2026-05-27,3.28,237,77
U013126,C000474,2026-06-20,1.54,21,33
U013127,C000501,2026-05-02,3.57,95,35
U013128,C000227,2025-10-01,4.78,175,56
U013129,C000126,2025-12-05,0.34,258,41
U013130,C000544,2026-06-08,3.5,13,100
U013131,C000531,2025-10-30,0.95,26,86
U013132,C000987,2026-03-04,2.55,91,86
U013133,C000345,2025-12-22,4.98,131,29
U013134,C000772,2026-08-22,3.31,228,99
U013135,C000653,2026-09-06,1.44,59,67
U013136,C000416,2026-05-29,4.4,113,39
U013137,C000336,2026-01-23,3.12,267,59
U013138,C000749,2026-03-13,3.04,221,17
U013139,C000937,2026-04-09,4.57,106,27
U013140,C000147,2026-09-09,2.4,297,45
U013141,C000433,2025-09-24,1.8,40,73
U013142,C000296,2026-07-23,3.3,169,56
U013143,C000289,2025-10-03,0.59,96,4
U013144,C000486,2026-02-21,2.29,21,31
U013145,C000385,2026-07-23,3.64,248,17
U013146,C000508,2026-04-10,4.19,132,6
U013147,C000591,2026-09-07,0.91,117,88
U013148,C000431,2026-03-16,0.47,79,30
U013149,C000970,2026-02-01,3.69,279,100
U013150,C000523,2026-01-07,2.92,225,32
U013151,C000862,2026-03-22,1.54,63,81
U013152,C000876,2026-04-11,1.43,59,71
U013153,C000954,2026-03-16,1.46,260,33
U013154,C000577,2026-07-02,4.83,198,60
U013155,C000406,2026-02-03,2.59,260,72
U013156,C000155,2026-04-01,0.82,122,46
U013157,C000487,2026-07-29,0.35,282,85
U013158,C000097,2026-06-11,2.46,4,63
U013159,C000973,2026-08-03,3.42,149,67
U013160,C000622,2025-10-28,4.01,295,76
U013161,C000460,2025-11-06,1.21,189,31
U013162,C000618,2026-08-01,0.98,274,87
U013163,C000973,2026-03-25,3.07,169,64
U013164,C000984,2026-01-24,3.12,158,76
U013165,C000892,2025-10-29,0.43,205,37
U013166,C000799,2025-12-15,3.69,205,73
U013167,C000591,2026-02-14,2.42,222,61
U013168,C000179,2026-09-01,4.98,99,6
U013169,C000233,2026-07-21,3.32,165,60
U013170,C000816,2026-09-14,3.09,18,24
U013171,C000305,2026-04-20,4.26,299,21
U013172,C000778,2026-06-29,1.29,117,66
U013173,C000433,2025-11-11,1.75,29,15
U013174,C000819,2026-05-18,3.97,89,93
U013175,C000582,2026-01-06,4.19,91,93
U013176,C000809,2025-10-12,0.25,118,25
U013177,C000211,2026-05-29,0.14,157,98
U013178,C000632,2026-08-02,4.05,2,79
U013179,C000911,2026-06-17,3.99,215,37
U013180,C000576,2025-12-01,4.21,47,25
U013181,C000913,2026-02-02,0.58,193,92
U013182,C000881,2026-01-12,0.29,7,6
U013183,C000678,2026-06-26,1.37,121,78
U013184,C000604,2026-06-22,2.96,250,45
U013185,C000521,2026-03-22,4.44,192,79
U013186,C000640,2026-04-15,1.47,20,58
U013187,C000717,2025-10-18,0.18,139,49
U013188,C000418,2025-12-22,0.44,167,29
U013189,C000598,2025-10-13,2.83,251,25
U013190,C000030,2026-04-22,2.79,277,1
U013191,C000325,2026-08-25,3.59,43,3
U013192,C000638,2025-10-16,3.75,177,23
U013193,C000917,2025-10-05,3.13,298,43
U013194,C000310,2025-12-31,4.24,294,84
U013195,C000617,2026-04-01,1.51,218,48
U013196,C000697,2026-03-07,1.83,235,3
U013197,C000112,2025-11-18,0.4,153,91
U013198,C000983,2025-12-23,3.1,90,16
U013199,C000009,2026-03-11,0.43,88,39
U013200,C000123,2026-08-23,1.94,160,66
U013201,C000465,2026-01-30,3.65,137,10
U013202,C000774,2025-10-08,1.14,15,14
U013203,C000831,2026-05-20,1.64,12,37
U013204,C000462,2026-09-19,4.2,179,48
U013205,C000132,2026-03-23,3.49,265,0
U013206,C000939,2026-06-08,0.13,114,7
U013207,C000027,2026-09-20,1.03,101,26
U013208,C000943,2025-12-02,1.93,178,23
U013209,C000678,2025-10-13,2.6,38,80
U013210,C000652,2026-09-09,1.35,257,30
U013211,C000844,2026-04-19,1.84,91,31
U013212,C000666,2026-03-05,0.94,35,53
U013213,C000719,2026-03-17,4.68,227,88
U013214,C000814,2026-01-11,0.56,46,13
U013215,C000954,2026-07-08,0.14,277,24
U013216,C000553,2026-03-28,4.26,169,39
U013217,C000585,2025-10-10,2.25,194,93
U013218,C000553,2025-12-16,4.73,280,37
U013219,C000015,2026-01-01,4.03,76,76
U013220,C000277,2025-12-31,2.83,277,96
U013221,C000570,2026-04-07,4.7,243,94
U013222,C000034,2026-07-23,3.32,149,44
U013223,C000211,2026-09-16,4.0,116,50
U013224,C000507,2026-02-04,0.32,179,62
U013225,C000365,2025-10-11,1.03,154,44
U013226,C000636,2026-08-29,3.97,197,27
U013227,C000570,2026-06-08,2.79,186,3
U013228,C000563,2026-01-20,4.89,119,62
U013229,C000219,2026-08-30,3.39,189,15
U013230,C000308,2026-03-12,3.74,30,26
U013231,C000975,2025-12-01,2.43,46,81
U013232,C000553,2026-03-19,2.4,28,8
U013233,C000200,2026-07-02,2.52,30,47
U013234,C000724,2026-09-22,2.81,106,1
U013235,C000212,2026-08-30,0.37,221,20
U013236,C000233,2025-10-19,2.43,243,3
U013237,C000545,2026-09-22,3.15,67,85
U013238,C000987,2026-03-23,2.52,219,91
U013239,C000625,2026-04-17,4.54,150,90
U013240,C000161,2026-03-11,4.31,2,85
U013241,C000700,2026-04-24,2.19,209,49
U013242,C000728,2026-04-04,3.69,238,48
U013243,C000066,2025-12-27,3.37,217,41
U013244,C000462,2026-03-30,2.93,235,36
U013245,C000177,2025-12-23,1.18,131,70
U013246,C000417,2026-08-23,2.84,21,84
U013247,C000447,2025-09-30,4.89,61,23
U013248,C000539,2026-05-05,1.16,57,98
U013249,C000871,2025-10-19,3.82,222,12
U013250,C000600,2026-04-05,4.87,184,53
U013251,C000811,2025-11-12,0.82,60,59
U013252,C000345,2026-02-17,1.04,100,84
U013253,C000217,2025-09-23,3.29,174,100
U013254,C000174,2026-04-17,0.45,60,51
U013255,C000675,2025-12-02,4.66,287,0
U013256,C000611,2026-04-22,3.5,159,53
U013257,C000998,2025-12-01,1.24,100,73
U013258,C000819,2025-11-18,3.0,85,5
U013259,C000695,2026-07-13,3.05,212,53
U013260,C000427,2026-05-20,3.24,151,22
U013261,C000422,2026-03-04,1.42,142,38
U013262,C000646,2026-08-05,4.76,84,8
U013263,C000370,2026-04-28,3.21,98,99
U013264,C000188,2025-11-16,1.81,199,46
U013265,C000349,2026-02-08,0.26,67,15
U013266,C000873,2026-02-27,3.54,143,41
U013267,C000072,2026-07-25,3.37,271,37
U013268,C000796,2026-06-25,3.38,127,21
U013269,C000803,2025-10-07,2.09,87,73
U013270,C000932,2026-05-14,2.49,179,72
U013271,C000867,2026-05-06,1.11,185,31
U013272,C000658,2026-08-02,1.72,20,26
U013273,C000963,2025-11-05,1.03,189,17
U013274,C000296,2026-03-29,0.71,121,23
U013275,C000712,2026-08-08,1.89,128,16
U013276,C000860,2026-09-06,4.28,279,26
U013277,C000835,2026-04-25,3.84,251,92
U013278,C000240,2026-08-06,4.03,46,76
U013279,C000281,2026-04-23,2.38,179,36
U013280,C000376,2025-11-10,1.01,35,1
U013281,C000463,2025-12-07,2.49,114,70
U013282,C000034,2026-06-25,3.23,81,97
U013283,C000956,2026-07-25,3.89,151,11
U013284,C000469,2026-03-26,2.62,93,52
U013285,C000469,2026-07-25,0.49,55,53
U013286,C000109,2025-11-25,4.5,271,61
U013287,C000628,2026-02-19,4.86,51,98
U013288,C000478,2026-06-03,4.14,276,41
U013289,C000948,2025-10-19,0.37,291,8
U013290,C000507,2025-11-23,3.93,56,67
U013291,C000845,2026-07-19,4.87,40,30
U013292,C000811,2026-07-15,2.31,107,64
U013293,C000231,2026-05-05,1.13,248,52
U013294,C000646,2026-06-05,1.53,70,86
U013295,C000021,2025-12-10,1.86,255,52
U013296,C000628,2026-07-15,2.29,30,16
U013297,C000917,2025-11-14,4.6,147,19
U013298,C000131,2026-09-09,2.78,127,30
U013299,C000538,2026-05-29,4.06,60,34
U013300,C000769,2025-11-25,0.85,95,43
U013301,C000661,2025-10-13,3.8,204,39
U013302,C000838,2026-05-23,1.25,42,41
U013303,C000069,2025-12-31,2.0,179,61
U013304,C000312,2025-10-08,3.75,296,22
U013305,C000862,2026-06-24,0.26,197,45
U013306,C000161,2025-09-26,4.85,133,18
U013307,C000480,2026-08-11,2.29,152,60
U013308,C000021,2025-12-11,4.38,12,55
U013309,C000337,2026-07-14,3.32,182,18
U013310,C000457,2026-04-28,1.22,159,79
U013311,C000028,2026-03-08,2.27,173,28
U013312,C000512,2026-04-11,2.07,151,60
U013313,C000836,2026-02-14,3.56,143,40
U013314,C000213,2026-06-12,3.01,270,5
U013315,C000891,2026-04-21,1.95,190,63
U013316,C000315,2026-01-19,0.93,244,10
U013317,C000064,2026-01-19,1.57,98,67
U013318,C000141,2026-02-09,1.17,72,41
U013319,C000391,2026-09-18,4.04,237,36
U013320,C000152,2026-07-03,3.89,169,14
U013321,C000255,2025-10-23,2.88,174,68
U013322,C000353,2026-07-10,2.57,261,6
U013323,C000352,2026-01-08,3.43,143,81
U013324,C000678,2025-12-04,2.14,25,76
U013325,C000800,2026-01-12,2.4,154,78
U013326,C000792,2026-03-27,1.6,248,32
U013327,C000738,2025-11-23,0.3,69,92
U013328,C000697,2025-12-21,3.32,205,31
U013329,C000242,2026-03-27,2.19,239,36
U013330,C000194,2026-07-11,2.07,8,89
U013331,C000464,2026-06-01,4.87,46,92
U013332,C000551,2026-03-21,3.2,90,51
U013333,C000822,2026-06-24,4.87,8,72
U013334,C000174,2026-08-18,1.53,282,82
U013335,C000959,2026-06-10,4.58,26,31
U013336,C000933,2025-12-14,4.44,121,58
U013337,C000747,2025-11-05,4.82,232,58
U013338,C000676,2026-03-20,0.79,132,39
U013339,C000935,2026-05-24,3.85,8,64
U013340,C000181,2025-09-28,0.54,159,68
U013341,C000936,2026-08-20,1.04,256,53
U013342,C000132,2026-06-02,0.42,150,83
U013343,C000474,2025-12-18,4.81,87,62
U013344,C000237,2025-11-28,2.21,215,88
U013345,C000727,2026-07-20,0.73,86,56
U013346,C000171,2026-06-10,4.69,254,15
U013347,C000185,2025-11-20,0.19,184,49
U013348,C000026,2025-10-25,0.87,135,11
U013349,C000290,2026-04-27,2.93,122,40
U013350,C000366,2025-12-20,4.44,15,39
U013351,C000283,2026-03-03,2.0,229,36
U013352,C000297,2025-11-09,2.41,88,55
U013353,C000766,2026-01-08,0.32,190,21
U013354,C000928,2026-02-19,3.06,74,82
U013355,C000133,2026-09-03,2.2,69,52
U013356,C000327,2026-05-10,1.81,129,86
U013357,C000395,2025-12-19,1.32,184,90
U013358,C000684,2026-02-03,0.53,231,83
U013359,C000301,2026-01-30,3.82,194,47
U013360,C000453,2026-03-12,3.89,256,89
U013361,C000949,2026-06-12,4.44,168,33
U013362,C000522,2025-10-24,2.79,285,80
U013363,C000279,2026-06-09,3.14,274,34
U013364,C000944,2025-11-09,2.9,84,45
U013365,C000635,2026-08-17,1.88,126,81
U013366,C000645,2025-10-29,1.05,215,87
U013367,C000723,2026-06-09,4.47,76,33
U013368,C000268,2026-01-21,3.51,191,18
U013369,C000623,2026-07-17,4.94,16,77
U013370,C000530,2026-01-31,4.22,100,23
U013371,C000214,2026-09-13,0.42,163,2
U013372,C000503,2026-01-23,3.08,82,97
U013373,C000654,2026-04-08,2.75,261,0
U013374,C000598,2026-01-29,4.22,297,26
U013375,C000939,2025-12-19,3.45,120,90
U013376,C000962,2026-01-05,2.3,57,87
U013377,C000459,2026-05-24,2.66,77,73
U013378,C000001,2026-01-15,1.32,35,7
U013379,C000962,2026-08-07,2.64,128,14
U013380,C000304,2025-11-12,1.46,68,100
U013381,C000752,2026-03-14,0.38,242,27
U013382,C000919,2026-02-21,0.6,144,99
U013383,C000851,2026-01-13,0.86,20,6
U013384,C000808,2026-05-06,4.15,68,73
U013385,C000285,2025-11-17,4.47,2,0
U013386,C000671,2026-04-22,2.91,267,28
U013387,C000247,2025-12-03,3.25,253,40
U013388,C000588,2026-05-19,3.49,246,64
U013389,C000177,2026-01-17,1.09,147,69
U013390,C000088,2025-09-28,1.21,275,13
U013391,C000967,2026-05-27,2.26,46,48
U013392,C000218,2026-04-06,2.5,182,47
U013393,C000535,2025-10-11,3.18,32,54
U013394,C000040,2026-09-01,1.81,49,89
U013395,C000672,2026-08-13,0.85,196,16
U013396,C000060,2026-05-25,1.34,174,62
U013397,C000152,2026-02-15,3.42,94,9
U013398,C000291,2025-10-03,2.64,11,22
U013399,C000899,2025-10-24,1.1,113,2
U013400,C000005,2026-09-18,3.29,224,48
U013401,C000745,2026-05-04,3.06,21,37
U013402,C000825,2026-04-06,4.3,160,71
U013403,C000111,2026-05-22,1.43,5,94
U013404,C000234,2025-10-16,4.7,45,73
U013405,C000499,2026-04-28,3.7,101,46
U013406,C000192,2026-03-13,0.42,35,98
U013407,C000906,2026-01-30,2.83,6,99
U013408,C000011,2026-02-19,4.57,158,93
U013409,C000260,2026-08-24,3.54,225,66
U013410,C000602,2026-03-24,1.18,23,11
U013411,C000610,2026-08-18,2.76,67,71
U013412,C000831,2026-04-17,3.85,159,26
U013413,C000496,2026-05-26,1.74,72,14
U013414,C000754,2025-10-07,3.79,128,38
U013415,C000351,2026-06-21,0.91,160,46
U013416,C000015,2025-10-01,1.03,53,39
U013417,C000869,2025-12-31,2.68,90,1
U013418,C000833,2026-04-02,2.26,168,36
U013419,C000294,2026-05-01,3.96,36,9
U013420,C000633,2025-10-27,0.82,227,18
U013421,C000856,2026-06-24,3.32,149,31
U013422,C000010,2026-03-03,0.6,266,88
U013423,C000887,2025-10-08,2.71,190,67
U013424,C000427,2025-11-27,2.24,298,47
U013425,C000306,2026-05-15,2.75,107,50
U013426,C000480,2026-06-12,2.27,54,26
U013427,C000095,2026-08-17,3.14,115,16
U013428,C000554,2025-11-25,4.58,100,82
U013429,C000988,2026-05-24,1.2,176,93
U013430,C000377,2026-08-29,4.57,90,54
U013431,C000284,2026-02-03,1.45,84,58
U013432,C000307,2026-01-31,2.91,188,45
U013433,C000089,2026-09-01,0.42,68,29
U013434,C000112,2025-10-11,3.81,238,18
U013435,C000206,2025-11-29,0.61,46,12
U013436,C000701,2026-07-01,1.4,129,95
U013437,C000920,2026-07-26,1.13,15,78
U013438,C000387,2026-02-19,1.89,70,50
U013439,C000113,2026-06-04,0.91,56,49
U013440,C000214,2026-04-13,0.16,275,51
U013441,C000641,2026-03-20,2.58,299,22
U013442,C000838,2026-04-01,0.33,182,53
U013443,C000352,2026-02-13,2.51,82,39
U013444,C000312,2025-10-19,3.76,148,18
U013445,C000944,2026-02-12,4.14,234,99
U013446,C000114,2026-08-26,4.71,220,40
U013447,C000566,2026-04-20,4.59,219,2
U013448,C000199,2025-10-02,3.03,208,32
U013449,C000121,2026-07-17,0.52,254,67
U013450,C000617,2025-11-07,1.13,205,29
U013451,C000271,2026-08-18,3.78,210,61
U013452,C000185,2026-08-28,3.24,214,10
U013453,C000469,2026-09-10,3.11,112,95
U013454,C000742,2025-10-31,1.95,144,90
U013455,C000818,2026-05-01,2.54,243,10
U013456,C000298,2025-12-25,3.89,193,87
U013457,C000276,2026-04-13,0.56,96,39
U013458,C000633,2026-04-26,4.08,43,48
U013459,C000095,2026-07-13,1.05,189,66
U013460,C000862,2026-07-04,3.3,120,12
U013461,C000639,2025-10-06,2.7,36,61
U013462,C000955,2026-09-07,4.11,177,18
U013463,C000340,2026-02-19,3.27,56,29
U013464,C000363,2026-01-31,4.23,161,87
U013465,C000685,2025-11-05,2.83,139,87
U013466,C000666,2026-02-22,0.12,193,27
U013467,C000612,2026-07-26,2.32,21,2
U013468,C000940,2026-05-07,4.74,44,65
U013469,C000038,2026-05-16,3.03,227,37
U013470,C000749,2026-03-23,1.74,299,2
U013471,C000574,2025-11-07,0.29,108,51
U013472,C000170,2025-11-11,0.91,248,81
U013473,C000968,2025-12-14,1.08,166,64
U013474,C000895,2026-09-20,0.34,19,90
U013475,C000935,2025-10-08,1.65,215,36
U013476,C000664,2025-09-28,3.83,86,31
U013477,C000317,2025-12-04,2.19,136,17
U013478,C000239,2026-01-05,4.95,77,74
U013479,C000575,2025-12-05,2.58,97,11
U013480,C000996,2026-02-28,3.15,240,69
U013481,C000731,2026-07-19,0.68,7,42
U013482,C000558,2026-01-02,1.01,216,11
U013483,C000855,2026-07-07,1.13,105,51
U013484,C000325,2025-10-15,1.39,32,6
U013485,C000809,2025-10-05,3.56,202,87
U013486,C000400,2025-10-03,3.73,282,34
U013487,C000289,2026-09-08,4.03,285,55
U013488,C000120,2026-01-17,4.82,40,19
U013489,C000676,2026-05-03,1.55,15,17
U013490,C000454,2025-12-10,1.96,235,6
U013491,C000512,2026-06-11,2.62,186,40
U013492,C000456,2026-05-31,2.18,50,43
U013493,C000322,2026-08-18,2.68,31,3
U013494,C000293,2026-06-16,1.32,192,0
U013495,C000286,2025-12-02,3.3,124,40
U013496,C000787,2026-05-25,4.01,265,40
U013497,C000684,2026-02-11,3.55,209,50
U013498,C000755,2026-08-12,0.83,44,1
U013499,C000142,2025-12-17,4.69,259,91
U013500,C000925,2026-01-15,4.62,259,2
U013501,C000484,2025-11-16,2.18,291,56
U013502,C000596,2026-04-24,2.65,233,49
U013503,C000535,2026-05-23,1.14,127,89
U013504,C000203,2026-04-07,1.42,33,69
U013505,C000874,2026-05-17,3.63,123,89
U013506,C000093,2026-09-06,1.58,18,68
U013507,C000793,2026-04-22,4.59,182,5
U013508,C000333,2026-01-13,3.05,285,78
U013509,C000434,2026-02-05,3.38,99,39
U013510,C000589,2026-09-01,3.02,136,18
U013511,C000010,2025-12-26,0.79,49,36
U013512,C000245,2026-09-20,4.34,237,78
U013513,C000544,2026-08-12,3.85,291,14
U013514,C000104,2026-07-17,0.33,193,77
U013515,C000026,2026-03-18,0.94,262,32
U013516,C000662,2026-04-23,1.75,145,94
U013517,C000287,2026-08-26,0.14,142,84
U013518,C000665,2026-04-04,4.75,46,54
U013519,C000435,2025-10-24,2.04,225,2
U013520,C000719,2025-10-10,1.43,70,4
U013521,C000468,2026-05-06,2.33,127,36
U013522,C000313,2026-01-08,3.6,159,60
U013523,C000119,2026-04-21,2.13,263,45
U013524,C000898,2026-03-26,2.07,230,33
U013525,C000386,2025-11-12,2.29,239,13
U013526,C000623,2026-07-07,2.48,172,69
U013527,C000563,2026-04-07,3.66,127,62
U013528,C000976,2026-05-11,1.18,17,94
U013529,C000754,2025-12-24,3.21,155,63
U013530,C000946,2025-10-08,2.66,280,98
U013531,C000679,2025-11-18,2.92,136,50
U013532,C000138,2025-10-25,4.47,15,25
U013533,C000101,2025-11-26,3.87,273,94
U013534,C000048,2026-06-03,0.4,146,11
U013535,C000050,2026-09-09,2.14,86,30
U013536,C000691,2025-10-18,0.79,291,43
U013537,C000021,2025-10-14,4.61,157,16
U013538,C000433,2026-03-31,4.0,53,14
U013539,C000665,2026-08-19,0.27,104,55
U013540,C000200,2026-09-09,2.49,33,91
U013541,C000298,2025-11-04,0.89,34,66
U013542,C000490,2026-02-12,0.25,21,15
U013543,C000692,2026-07-10,3.35,204,70
U013544,C000810,2025-12-07,0.92,48,66
U013545,C000512,2025-10-09,0.79,8,97
U013546,C000219,2026-08-19,0.38,291,19
U013547,C000240,2026-02-24,0.54,292,93
U013548,C000402,2026-05-28,4.71,24,81
U013549,C000348,2025-10-12,4.92,286,21
U013550,C000599,2026-09-19,4.34,184,3
U013551,C000334,2026-01-05,0.69,256,82
U013552,C000616,2026-01-28,2.37,151,72
U013553,C000332,2026-03-25,1.23,150,80
U013554,C000676,2026-01-01,1.96,55,14
U013555,C000399,2026-07-09,4.8,99,8
U013556,C000842,2025-10-08,3.62,250,63
U013557,C000217,2025-11-13,4.26,194,62
U013558,C000329,2026-02-03,1.54,189,24
U013559,C000134,2025-11-19,1.46,224,67
U013560,C000403,2026-08-13,1.21,127,77
U013561,C000093,2026-07-06,3.28,99,62
U013562,C000164,2025-09-25,0.9,72,32
U013563,C000085,2025-09-28,0.91,281,100
U013564,C000399,2026-03-21,1.7,238,26
U013565,C000721,2026-02-02,0.37,26,92
U013566,C000581,2025-12-20,0.93,54,76
U013567,C000295,2026-04-14,1.38,41,16
U013568,C000560,2025-10-25,0.79,133,81
U013569,C000699,2026-08-22,4.52,6,27
U013570,C000133,2026-02-05,3.3,4,31
U013571,C000664,2025-11-13,2.11,104,2
U013572,C000235,2026-04-14,1.79,91,41
U013573,C000025,2026-02-16,4.04,87,55
U013574,C000065,2026-08-29,3.77,293,37
U013575,C000281,2025-11-25,1.61,266,44
U013576,C000015,2026-03-14,1.07,47,45
U013577,C000706,2026-08-17,4.42,178,87
U013578,C000173,2026-03-07,3.67,229,71
U013579,C000798,2026-03-23,3.23,158,39
U013580,C000167,2026-09-12,0.14,186,86
U013581,C000099,2026-04-28,1.68,107,58
U013582,C000865,2025-10-02,2.91,172,81
U013583,C000990,2025-11-25,3.41,30,93
U013584,C000422,2025-12-07,2.61,174,15
U013585,C000750,2026-03-19,1.06,49,17
U013586,C000379,2026-04-02,4.97,201,50
U013587,C000076,2026-05-14,5.0,119,18
U013588,C000284,2025-11-27,4.19,276,80
U013589,C000194,2026-05-08,1.53,47,82
U013590,C000802,2025-10-17,3.75,248,9
U013591,C000641,2026-03-03,3.92,82,99
U013592,C000708,2026-09-03,3.69,171,4
U013593,C000314,2026-07-08,0.29,134,42
U013594,C000339,2026-04-29,1.97,88,20
U013595,C000371,2025-11-09,3.23,263,44
U013596,C000145,2026-04-12,1.02,26,49
U013597,C000957,2026-08-13,3.51,103,86
U013598,C000565,2025-09-24,4.87,104,5
U013599,C000662,2026-05-02,3.16,29,75
U013600,C000350,2025-11-04,4.47,165,95
U013601,C000185,2025-10-28,3.5,248,83
U013602,C000985,2025-10-22,1.53,149,45
U013603,C000676,2025-12-24,4.61,137,30
U013604,C000769,2026-07-03,3.82,175,22
U013605,C000094,2026-02-28,3.58,213,71
U013606,C000385,2025-10-07,3.65,261,55
U013607,C000878,2026-03-24,0.99,148,22
U013608,C000799,2025-11-17,3.27,133,28
U013609,C000744,2025-10-21,2.3,138,11
U013610,C000005,2026-02-03,2.08,254,45
U013611,C000329,2026-07-05,3.92,263,15
U013612,C000971,2026-05-28,3.12,93,69
U013613,C000808,2025-12-17,3.58,119,41
U013614,C000997,2025-12-05,3.4,21,81
U013615,C000886,2026-09-05,1.36,134,85
U013616,C000838,2025-11-02,4.12,200,42
U013617,C000340,2026-05-06,4.21,181,1
U013618,C000617,2026-05-13,2.81,229,61
U013619,C000862,2026-05-23,0.64,174,80
U013620,C000167,2026-05-01,1.45,35,46
U013621,C000647,2026-04-30,1.95,275,34
U013622,C000297,2026-02-16,2.66,50,78
U013623,C000198,2026-04-25,4.97,4,49
U013624,C000173,2026-09-01,2.3,209,82
U013625,C000147,2026-04-22,4.3,100,69
U013626,C000660,2026-06-12,0.18,259,51
U013627,C000965,2026-03-17,1.51,125,82
U013628,C000420,2025-11-11,2.85,15,48
U013629,C000576,2026-04-12,2.95,41,62
U013630,C000247,2025-09-25,4.81,222,64
U013631,C000034,2026-03-18,0.75,27,13
U013632,C000479,2025-11-01,3.12,260,19
U013633,C000966,2025-11-12,2.07,97,90
U013634,C000395,2026-01-05,0.3,218,85
U013635,C000245,2026-01-05,4.98,54,46
U013636,C000415,2026-01-27,3.87,84,97
U013637,C000044,2026-07-27,1.93,272,96
U013638,C000438,2026-09-02,0.56,300,40
U013639,C000192,2025-10-02,3.49,222,29
U013640,C000794,2026-08-22,3.37,172,71
U013641,C000474,2026-09-18,2.73,33,20
U013642,C000131,2025-12-23,1.02,152,26
U013643,C000915,2026-02-08,3.66,236,10
U013644,C000281,2026-07-19,3.55,129,16
U013645,C000739,2025-11-19,1.06,176,58
U013646,C000966,2026-07-06,4.77,0,0
U013647,C000688,2026-03-11,3.31,201,46
U013648,C000441,2026-07-28,1.04,193,0
U013649,C000173,2026-06-02,1.64,112,92
U013650,C000278,2026-01-27,1.41,270,95
U013651,C000347,2025-11-24,2.81,172,50
U013652,C000459,2026-05-01,2.59,199,22
U013653,C000205,2026-08-28,4.38,81,0
U013654,C000072,2026-07-28,4.13,222,98
U013655,C000892,2026-01-07,1.77,246,86
U013656,C000986,2026-05-18,1.51,51,51
U013657,C000690,2025-12-29,0.54,38,56
U013658,C000682,2026-08-15,3.22,135,96
U013659,C000267,2026-05-13,2.55,265,4
U013660,C000258,2025-11-22,3.68,248,55
U013661,C000432,2026-08-30,0.11,159,14
U013662,C000176,2026-01-11,2.8,247,67
U013663,C000637,2026-02-04,4.94,46,4
U013664,C000039,2026-07-18,3.66,134,47
U013665,C000455,2026-09-20,1.03,35,53
U013666,C000096,2026-01-09,4.33,209,67
U013667,C000920,2026-05-11,4.56,47,69
U013668,C000005,2026-05-21,1.52,210,18
U013669,C000220,2026-07-21,3.61,15,99
U013670,C000222,2026-02-12,1.73,205,43
U013671,C000857,2026-01-05,2.13,146,48
U013672,C000191,2026-03-20,4.69,25,1
U013673,C000821,2025-12-31,3.25,48,88
U013674,C000236,2025-11-25,1.51,155,7
U013675,C000042,2026-06-14,2.48,14,93
U013676,C000010,2026-05-03,1.91,129,58
U013677,C000959,2026-07-17,2.23,88,34
U013678,C000195,2025-12-07,3.13,46,55
U013679,C000115,2026-01-05,4.98,112,85
U013680,C000994,2026-06-25,1.92,203,4
U013681,C000125,2026-05-21,0.9,82,1
U013682,C000014,2026-05-30,4.25,242,74
U013683,C000637,2026-08-23,0.16,233,41
U013684,C000912,2026-06-24,4.92,112,11
U013685,C000499,2026-02-14,0.83,27,20
U013686,C000174,2026-08-10,4.54,97,23
U013687,C000475,2026-03-24,0.58,100,99
U013688,C000172,2025-10-10,4.93,10,31
U013689,C000120,2026-06-18,4.44,259,97
U013690,C000414,2026-01-27,4.78,157,16
U013691,C000868,2026-05-31,1.92,129,84
U013692,C000519,2026-08-22,0.53,18,83
U013693,C000634,2026-03-15,2.0,180,88
U013694,C000315,2025-10-19,0.9,227,37
U013695,C000522,2026-07-16,3.09,123,40
U013696,C000609,2025-11-03,0.22,298,47
U013697,C000046,2026-03-12,2.36,89,42
U013698,C000482,2026-03-13,4.38,240,100
U013699,C000014,2026-04-25,3.59,195,21
U013700,C000946,2026-07-12,0.21,277,47
U013701,C000357,2025-12-23,0.82,268,68
U013702,C000713,2025-12-03,0.78,206,19
U013703,C000799,2026-04-13,1.3,98,52
U013704,C000825,2026-08-14,0.43,191,57
U013705,C000553,2025-11-04,1.4,55,84
U013706,C000862,2025-12-23,0.98,205,55
U013707,C000635,2026-03-08,0.14,44,40
U013708,C000898,2025-12-29,3.29,214,59
U013709,C000253,2026-08-25,3.36,35,47
U013710,C000099,2026-04-07,0.33,137,3
U013711,C000382,2026-09-12,1.85,81,5
U013712,C000660,2026-03-30,1.25,259,23
U013713,C000932,2026-07-11,0.14,127,58
U013714,C000066,2025-12-30,0.76,169,53
U013715,C000268,2026-02-12,4.35,204,41
U013716,C000765,2026-04-10,2.45,158,60
U013717,C000047,2026-01-22,2.41,159,93
U013718,C000112,2026-03-28,4.91,120,100
U013719,C000924,2026-05-17,4.09,67,50
U013720,C000649,2026-05-25,0.53,27,42
U013721,C000449,2025-10-17,4.01,273,98
U013722,C000406,2025-10-20,1.95,183,63
U013723,C000424,2026-02-03,3.78,182,32
U013724,C000842,2026-04-15,2.58,149,35
U013725,C000533,2026-08-03,0.74,75,39
U013726,C000544,2026-05-08,1.03,264,86
U013727,C000742,2025-09-23,3.66,68,48
U013728,C000330,2026-06-01,1.64,49,22
U013729,C000764,2026-07-08,0.21,226,34
U013730,C000738,2026-01-13,0.49,156,68
U013731,C000916,2026-08-17,2.23,58,65
U013732,C000187,2026-02-19,4.43,240,99
U013733,C000061,2026-01-03,0.51,121,16
U013734,C000375,2026-09-22,2.74,242,62
U013735,C000270,2026-01-10,1.94,21,10
U013736,C000880,2025-10-16,1.4,124,10
U013737,C000927,2026-06-30,1.17,279,32
U013738,C000148,2026-01-21,4.75,198,33
U013739,C000655,2026-07-13,3.57,161,75
U013740,C000057,2026-04-28,2.58,15,98
U013741,C000284,2025-11-25,2.83,57,29
U013742,C000877,2026-07-15,1.64,274,33
U013743,C000369,2026-01-28,3.41,238,68
U013744,C000786,2026-02-17,4.88,297,80
U013745,C000866,2026-03-06,2.39,99,28
U013746,C000680,2025-09-23,3.22,29,81
U013747,C000715,2026-05-01,4.8,204,50
U013748,C000614,2026-01-24,3.51,252,47
U013749,C000314,2025-10-18,0.87,232,3
U013750,C000693,2025-12-17,2.41,2,26
U013751,C000193,2025-12-18,2.02,212,91
U013752,C000820,2026-09-18,1.4,26,14
U013753,C000590,2026-09-16,1.07,163,76
U013754,C000416,2026-07-27,3.23,216,49
U013755,C000215,2026-02-11,3.41,58,65
U013756,C000202,2026-08-17,1.85,246,57
U013757,C000932,2026-08-31,2.37,156,94
U013758,C000014,2026-09-14,3.03,216,43
U013759,C000476,2026-01-14,0.86,291,24
U013760,C000568,2026-07-29,4.25,34,62
U013761,C000038,2026-01-14,4.0,208,87
U013762,C000899,2025-10-18,4.1,144,53
U013763,C000226,2026-01-07,3.75,153,36
U013764,C000538,2026-01-23,1.12,86,58
U013765,C000381,2026-09-19,1.66,96,18
U013766,C000100,2026-06-23,0.28,61,16
U013767,C000237,2025-11-29,3.75,119,67
U013768,C000087,2025-11-11,4.42,92,38
U013769,C000626,2025-11-03,2.12,0,58
U013770,C000678,2026-05-15,3.85,2,76
U013771,C000455,2025-11-11,4.55,254,29
U013772,C000101,2025-12-30,3.58,87,8
U013773,C000772,2025-12-01,0.85,208,80
U013774,C000447,2026-07-16,4.07,139,20
U013775,C000827,2026-05-11,0.31,261,29
U013776,C000960,2026-03-16,4.67,129,73
U013777,C000792,2026-02-10,2.97,187,4
U013778,C000202,2026-08-04,4.84,120,77
U013779,C000473,2026-09-12,3.13,59,74
U013780,C000586,2026-04-02,1.95,142,58
U013781,C000013,2025-12-03,0.39,195,74
U013782,C000047,2026-09-12,2.82,62,80
U013783,C000172,2026-08-06,0.91,222,14
U013784,C000606,2025-12-06,1.29,57,49
U013785,C000042,2026-01-28,2.68,97,97
U013786,C000391,2025-11-28,0.69,173,60
U013787,C000754,2025-10-08,4.98,66,58
U013788,C000152,2025-11-19,0.21,72,19
U013789,C000549,2026-03-29,1.68,245,70
U013790,C000763,2025-11-02,1.8,128,96
U013791,C000043,2026-04-04,1.84,188,13
U013792,C000166,2026-05-17,3.57,120,73
U013793,C000834,2026-08-30,0.49,85,51
U013794,C000465,2026-02-05,2.09,237,14
U013795,C000978,2025-11-26,0.2,191,72
U013796,C000986,2025-12-11,1.2,76,4
U013797,C000255,2025-12-16,0.19,86,5
U013798,C000592,2025-12-04,3.12,23,63
U013799,C000324,2026-02-26,0.37,68,20
U013800,C000384,2026-03-02,2.99,180,77
U013801,C000491,2026-02-08,1.83,91,5
U013802,C000505,2025-12-05,2.33,57,15
U013803,C000932,2025-11-07,1.52,292,38
U013804,C000998,2026-06-20,1.77,150,97
U013805,C000687,2026-07-23,2.61,18,0
U013806,C000613,2026-05-02,3.23,97,21
U013807,C000730,2025-11-03,0.83,76,41
U013808,C000734,2025-12-17,2.13,5,84
U013809,C000925,2026-08-28,4.28,90,29
U013810,C000485,2025-11-07,4.36,169,39
U013811,C000221,2026-07-02,2.06,298,93
U013812,C000607,2026-09-14,0.87,270,42
U013813,C000236,2026-03-13,3.84,292,19
U013814,C000201,2025-12-25,0.61,80,9
U013815,C000224,2026-04-15,3.65,208,31
U013816,C000690,2026-08-18,1.21,255,35
U013817,C000689,2026-03-01,2.73,1,33
U013818,C000222,2026-01-01,3.79,270,9
U013819,C000909,2025-12-30,2.75,213,2
U013820,C000693,2025-10-03,2.3,176,81
U013821,C000169,2025-10-30,0.65,110,23
U013822,C000424,2026-06-30,3.59,38,69
U013823,C000833,2025-11-18,0.19,209,37
U013824,C000311,2026-09-05,3.7,273,91
U013825,C000278,2026-06-25,4.56,216,41
U013826,C000192,2026-05-04,0.39,83,36
U013827,C000763,2026-08-24,4.82,23,38
U013828,C000511,2025-09-27,3.6,68,100
U013829,C000147,2025-10-03,2.33,101,44
U013830,C000122,2026-04-14,3.78,103,81
U013831,C000558,2026-05-05,0.47,218,84
U013832,C000798,2025-11-03,4.77,132,58
U013833,C000698,2026-04-25,3.02,46,0
U013834,C000910,2025-09-23,3.18,229,64
U013835,C000918,2026-04-28,3.5,176,64
U013836,C000002,2026-03-02,3.04,84,95
U013837,C000779,2026-09-06,3.57,8,9
U013838,C000106,2026-03-05,0.41,185,83
U013839,C000930,2026-02-09,4.06,27,57
U013840,C000792,2025-10-19,0.44,248,5
U013841,C000962,2025-12-11,0.17,53,13
U013842,C000348,2026-02-25,1.56,217,91
U013843,C000276,2025-12-19,2.71,268,56
U013844,C000534,2026-08-20,4.06,201,47
U013845,C000250,2026-07-13,3.41,96,15
U013846,C000168,2026-09-19,1.25,40,70
U013847,C000796,2025-12-20,1.15,253,48
U013848,C000709,2026-06-19,2.68,131,2
U013849,C000746,2025-10-17,2.28,22,79
U013850,C000235,2026-09-15,3.49,285,42
U013851,C000497,2026-03-13,1.17,184,23
U013852,C000075,2026-05-06,2.01,43,12
U013853,C000345,2026-01-17,3.34,137,98
U013854,C000351,2025-10-25,3.64,223,83
U013855,C000925,2026-09-10,1.49,248,57
U013856,C000931,2026-03-13,4.4,249,41
U013857,C000974,2026-03-20,4.93,122,52
U013858,C000198,2026-06-16,3.11,165,28
U013859,C000001,2026-06-07,2.44,214,76
U013860,C000214,2025-09-25,1.72,195,3
U013861,C000766,2026-06-24,2.99,110,19
U013862,C000705,2026-01-03,4.79,112,29
U013863,C000060,2026-08-14,2.53,211,9
U013864,C000699,2025-11-29,0.2,50,41
U013865,C000482,2026-09-14,4.01,10,39
U013866,C000087,2025-09-23,4.43,229,31
U013867,C000943,2026-09-17,0.42,3,34
U013868,C000144,2026-01-21,0.69,191,64
U013869,C000130,2025-10-14,2.49,151,58
U013870,C000511,2025-10-11,3.44,260,3
U013871,C000706,2026-04-15,0.78,272,37
U013872,C000176,2026-04-09,1.52,23,74
U013873,C000755,2026-03-27,4.31,275,86
U013874,C000410,2026-05-15,4.29,268,17
U013875,C000383,2026-07-31,1.61,90,20
U013876,C000917,2026-01-11,4.81,5,59
U013877,C000157,2025-10-12,1.37,63,61
U013878,C000244,2025-10-25,4.33,196,81
U013879,C000646,2026-05-16,4.25,271,94
U013880,C000709,2025-11-25,3.33,291,46
U013881,C000635,2025-11-25,4.31,68,67
U013882,C000231,2026-04-11,1.98,12,67
U013883,C000713,2026-04-19,2.42,58,77
U013884,C000610,2026-03-03,3.45,145,39
U013885,C000629,2025-11-10,0.28,244,66
U013886,C000035,2026-01-15,2.7,138,13
U013887,C000240,2025-10-14,4.49,194,10
U013888,C000290,2026-03-08,3.35,55,10
U013889,C000357,2026-06-13,4.43,218,71
U013890,C000587,2025-10-07,3.04,82,26
U013891,C000162,2026-01-19,2.54,47,45
U013892,C000885,2025-12-19,0.58,185,81
U013893,C000841,2026-09-10,2.24,189,21
U013894,C000193,2026-02-20,4.0,248,92
U013895,C000789,2026-07-22,1.58,34,28
U013896,C000719,2026-02-18,0.7,67,59
U013897,C000240,2026-04-20,0.42,253,32
U013898,C000958,2025-12-27,1.68,121,50
U013899,C000715,2026-03-02,2.21,85,34
U013900,C000005,2026-08-01,0.16,108,64
U013901,C000367,2025-12-30,2.59,122,68
U013902,C000253,2025-12-19,3.86,26,54
U013903,C000611,2026-03-07,0.37,187,7
U013904,C000004,2026-04-19,2.99,239,74
U013905,C000319,2025-10-09,3.46,69,59
U013906,C000256,2025-12-01,2.93,181,89
U013907,C000620,2026-06-07,1.25,126,86
U013908,C000573,2025-10-24,2.71,60,47
U013909,C000118,2026-06-25,1.83,186,93
U013910,C000533,2026-04-15,4.43,283,97
U013911,C000911,2025-11-23,1.14,221,74
U013912,C000360,2026-06-20,4.75,142,59
U013913,C000156,2026-07-10,3.59,115,67
U013914,C000097,2026-05-09,3.5,69,39
U013915,C000012,2026-09-20,1.08,235,38
U013916,C000679,2026-03-30,4.19,170,22
U013917,C000613,2025-10-31,0.92,190,2
U013918,C000466,2026-04-08,2.2,296,93
U013919,C000489,2026-06-04,1.69,78,34
U013920,C000534,2025-11-14,1.08,227,61
U013921,C000492,2026-04-30,3.8,107,2
U013922,C000932,2026-03-04,1.58,199,100
U013923,C000785,2026-05-24,2.24,2,7
U013924,C000492,2026-04-14,4.21,125,35
U013925,C000033,2025-12-08,2.1,243,30
U013926,C000475,2026-06-16,1.61,240,4
U013927,C000050,2025-09-28,4.25,163,5
U013928,C000367,2026-04-24,3.6,179,53
U013929,C000196,2026-09-14,2.78,63,14
U013930,C000637,2026-03-20,3.29,281,98
U013931,C000390,2026-05-27,2.25,81,9
U013932,C000436,2026-08-04,3.39,96,89
U013933,C000996,2026-04-26,1.38,181,77
U013934,C000340,2026-09-17,1.77,169,43
U013935,C000627,2025-10-23,3.93,236,36
U013936,C000932,2026-02-25,2.5,146,78
U013937,C000444,2025-11-17,3.02,263,44
U013938,C000383,2025-12-07,4.39,77,67
U013939,C000303,2026-05-23,1.74,45,100
U013940,C000966,2026-07-18,3.2,87,88
U013941,C000085,2026-07-31,2.42,63,31
U013942,C000347,2026-04-20,4.24,156,45
U013943,C000391,2025-10-06,3.7,300,59
U013944,C000257,2026-05-07,3.58,252,17
U013945,C000613,2026-06-17,3.99,30,13
U013946,C000231,2026-05-10,0.89,188,79
U013947,C000425,2025-12-01,0.7,153,38
U013948,C000017,2025-10-23,0.78,285,83
U013949,C000574,2026-06-12,2.06,143,22
U013950,C000811,2025-11-30,2.32,271,13
U013951,C000649,2026-02-06,1.15,277,47
U013952,C000776,2026-04-15,4.95,164,42
U013953,C000482,2026-07-19,0.75,173,96
U013954,C000555,2026-03-19,2.17,162,32
U013955,C000319,2025-10-05,0.22,260,33
U013956,C000992,2026-02-27,1.25,74,62
U013957,C000502,2026-06-19,3.53,259,10
U013958,C000096,2026-02-20,1.75,171,5
U013959,C000742,2026-06-19,3.03,230,39
U013960,C000090,2026-09-10,0.38,171,51
U013961,C000672,2026-02-21,0.55,83,35
U013962,C000382,2026-05-24,0.17,8,22
U013963,C000351,2026-05-13,2.9,289,25
U013964,C000298,2026-09-03,3.68,268,88
U013965,C000201,2025-10-01,3.93,219,19
U013966,C000350,2026-08-05,0.63,199,59
U013967,C000642,2026-07-07,4.78,62,23
U013968,C000183,2026-06-15,1.47,16,36
U013969,C000989,2026-04-27,3.44,175,43
U013970,C000914,2026-05-07,1.58,220,14
U013971,C000485,2026-05-17,1.04,170,18
U013972,C000114,2026-06-15,4.03,183,57
U013973,C000103,2026-02-24,1.64,161,68
U013974,C000900,2026-03-19,2.01,16,98
U013975,C000756,2026-06-05,3.98,132,98
U013976,C000756,2026-02-22,2.04,83,89
U013977,C000378,2026-06-09,2.49,168,63
U013978,C000582,2026-01-20,1.51,292,32
U013979,C000176,2025-10-09,4.82,1,39
U013980,C000504,2025-11-16,1.61,271,28
U013981,C000596,2026-04-22,2.31,222,3
U013982,C000665,2026-01-19,3.97,182,93
U013983,C000691,2025-12-09,0.72,28,54
U013984,C000602,2026-07-22,3.64,202,50
U013985,C000812,2026-03-09,3.77,214,73
U013986,C000408,2026-01-01,1.51,21,14
U013987,C000606,2026-03-02,1.74,71,94
U013988,C000874,2026-04-20,4.92,164,25
U013989,C000205,2026-08-21,2.51,221,19
U013990,C000358,2026-05-05,1.43,81,6
U013991,C000378,2026-01-11,3.11,299,29
U013992,C000236,2026-04-27,4.96,63,96
U013993,C000096,2025-11-26,2.02,16,64
U013994,C000823,2026-05-26,0.18,293,36
U013995,C000481,2026-09-17,1.53,166,53
U013996,C000521,2026-07-10,4.14,264,7
U013997,C000864,2025-11-12,1.12,233,15
U013998,C000493,2025-10-22,3.15,98,88
U013999,C000567,2026-06-30,0.35,65,80
U014000,C000152,2026-03-05,3.93,291,5
U014001,C000648,2026-03-03,3.51,105,85
U014002,C000020,2026-02-20,1.55,299,44
U014003,C000498,2026-07-20,1.0,132,24
U014004,C000655,2026-09-05,1.19,7,65
U014005,C000223,2025-12-23,0.96,208,15
U014006,C000469,2025-10-04,0.45,293,22
U014007,C000322,2026-06-23,4.61,82,7
U014008,C000411,2026-05-27,0.2,284,51
U014009,C000156,2026-01-27,3.51,51,96
U014010,C000412,2026-07-30,0.84,246,17
U014011,C000923,2026-06-20,4.63,269,22
U014012,C000919,2026-02-06,4.6,40,93
U014013,C000772,2026-04-08,0.64,96,86
U014014,C000656,2025-10-08,2.94,93,43
U014015,C000485,2026-08-24,0.45,65,5
U014016,C000159,2025-10-10,1.31,274,79
U014017,C000981,2026-02-05,4.04,164,12
U014018,C000567,2026-03-24,1.66,208,13
U014019,C000421,2026-05-13,0.94,158,9
U014020,C000027,2025-09-29,2.81,284,17
U014021,C000745,2026-07-15,4.45,30,8
U014022,C000496,2025-10-24,1.54,258,97
U014023,C000567,2026-07-21,4.46,3,50
U014024,C000482,2026-03-15,4.6,200,58
U014025,C000799,2026-04-26,4.71,276,33
U014026,C000888,2026-01-05,1.46,96,85
U014027,C000091,2026-06-04,2.87,292,65
U014028,C000679,2026-08-13,2.96,11,88
U014029,C000795,2026-09-04,2.03,289,28
U014030,C000917,2025-11-30,2.07,4,68
U014031,C000666,2025-11-22,3.14,84,8
U014032,C000777,2026-07-25,2.2,211,19
U014033,C000323,2026-06-11,2.36,108,3
U014034,C000639,2026-04-10,2.72,174,30
U014035,C000213,2025-09-29,3.16,109,36
U014036,C000636,2026-05-09,0.69,194,22
U014037,C000357,2026-08-10,3.35,30,67
U014038,C000553,2026-05-21,3.23,1,43
U014039,C000245,2026-09-19,4.43,284,55
U014040,C000047,2026-05-11,0.57,47,96
U014041,C000625,2026-04-30,2.47,288,60
U014042,C000289,2026-06-02,1.83,100,35
U014043,C000683,2026-01-10,4.88,35,100
U014044,C000973,2026-09-17,1.31,4,61
U014045,C000867,2026-08-14,0.15,52,79
U014046,C000654,2026-05-10,2.36,99,51
U014047,C000662,2026-04-04,4.19,169,36
U014048,C000461,2026-08-12,3.1,9,79
U014049,C000750,2026-08-29,3.42,217,94
U014050,C000069,2025-10-05,2.75,163,89
U014051,C000968,2026-02-03,4.97,64,71
U014052,C000068,2025-12-05,3.06,177,75
U014053,C000587,2026-08-04,4.27,4,34
U014054,C000634,2026-03-05,3.44,195,57
U014055,C000031,2025-10-19,1.34,113,100
U014056,C000629,2025-10-20,1.08,271,28
U014057,C000418,2026-04-26,1.06,139,72
U014058,C000281,2026-08-15,2.18,247,17
U014059,C000208,2026-02-26,0.19,74,76
U014060,C000951,2025-12-10,3.68,100,99
U014061,C000338,2026-01-14,4.85,127,89
U014062,C000107,2026-06-29,4.65,79,2
U014063,C000115,2026-05-22,2.27,41,79
U014064,C000525,2025-10-20,2.03,14,61
U014065,C000052,2026-03-01,2.55,56,83
U014066,C000824,2026-06-28,3.94,29,75
U014067,C000797,2026-01-10,1.77,45,3
U014068,C000306,2025-10-07,0.37,283,13
U014069,C000885,2026-03-12,4.89,213,98
U014070,C000333,2025-12-11,3.58,74,23
U014071,C000747,2026-02-01,3.54,250,63
U014072,C000410,2026-01-18,4.22,150,99
U014073,C000858,2026-09-01,3.23,278,35
U014074,C000992,2025-10-07,1.35,142,36
U014075,C000379,2026-01-18,2.28,13,53
U014076,C000666,2025-12-21,0.4,5,50
U014077,C000954,2026-02-23,1.56,29,84
U014078,C000231,2026-02-13,2.4,108,22
U014079,C000442,2026-08-26,2.27,22,38
U014080,C000557,2026-03-19,0.83,47,57
U014081,C000550,2026-02-23,4.94,282,11
U014082,C000719,2026-09-07,0.83,91,21
U014083,C000485,2026-08-30,4.07,22,5
U014084,C000081,2026-05-14,2.14,275,60
U014085,C000645,2026-05-10,1.11,65,44
U014086,C000231,2026-07-22,3.37,163,13
U014087,C000317,2026-08-28,2.97,242,17
U014088,C000743,2026-09-04,4.44,143,11
U014089,C000209,2026-08-07,1.66,39,79
U014090,C000683,2026-09-07,3.59,244,74
U014091,C000287,2025-11-02,1.26,93,22
U014092,C000751,2025-11-06,0.14,160,23
U014093,C000670,2026-01-25,3.81,244,23
U014094,C000384,2025-10-01,2.33,24,65
U014095,C000347,2025-11-22,1.91,51,20
U014096,C000054,2025-12-15,2.1,79,49
U014097,C000591,2026-04-11,3.22,25,56
U014098,C000147,2026-02-23,0.85,59,24
U014099,C000554,2026-06-22,2.87,251,91
U014100,C000393,2026-08-05,2.98,138,71
U014101,C000752,2025-12-25,1.31,175,72
U014102,C000308,2026-04-16,0.73,180,79
U014103,C000035,2026-05-26,2.67,70,9
U014104,C000206,2025-11-29,2.47,187,61
U014105,C000682,2026-03-11,3.14,53,12
U014106,C000163,2026-03-07,4.36,35,72
U014107,C000021,2025-11-13,1.29,0,23
U014108,C000460,2026-04-14,4.0,10,13
U014109,C000617,2026-05-16,2.85,286,60
U014110,C000042,2026-09-09,0.97,16,63
U014111,C000014,2026-02-07,2.49,39,32
U014112,C000789,2025-10-18,2.67,220,75
U014113,C000823,2026-08-23,2.85,229,69
U014114,C000711,2026-07-30,0.47,113,92
U014115,C000091,2025-09-24,4.31,185,11
U014116,C000695,2025-10-23,2.13,102,68
U014117,C000924,2026-08-25,0.54,169,71
U014118,C000877,2026-03-13,2.18,208,41
U014119,C000968,2026-08-01,0.27,160,6
U014120,C000272,2026-04-06,3.88,252,69
U014121,C000224,2025-11-27,2.26,236,20
U014122,C000148,2026-03-07,1.85,95,45
U014123,C000411,2026-09-21,0.5,146,97
U014124,C000257,2025-12-04,2.57,37,21
U014125,C000751,2026-01-19,3.19,232,74
U014126,C000480,2026-03-14,2.75,296,11
U014127,C000395,2026-02-21,2.1,274,28
U014128,C000317,2026-06-24,0.49,191,82
U014129,C000556,2025-12-08,3.94,169,68
U014130,C000412,2026-08-21,4.02,199,44
U014131,C000975,2025-11-14,0.54,272,87
U014132,C000523,2026-06-03,3.95,275,94
U014133,C000632,2026-07-25,1.44,115,90
U014134,C000173,2026-01-17,1.12,92,68
U014135,C000623,2026-03-27,0.36,192,38
U014136,C000675,2026-04-23,3.35,290,32
U014137,C000932,2025-10-08,2.79,107,2
U014138,C000151,2026-06-15,0.97,186,75
U014139,C000945,2026-08-02,4.72,147,22
U014140,C000021,2026-03-13,2.75,65,5
U014141,C000674,2026-05-13,3.22,25,86
U014142,C000607,2025-12-24,1.04,18,68
U014143,C000636,2026-05-26,2.22,247,12
U014144,C000383,2026-02-09,3.69,284,27
U014145,C000458,2026-08-13,2.4,14,20
U014146,C000442,2025-09-24,3.39,163,73
U014147,C000049,2026-02-20,2.94,263,94
U014148,C000902,2026-05-26,0.86,282,74
U014149,C000345,2026-05-26,2.04,208,23
U014150,C000534,2026-03-29,1.62,206,26
U014151,C000364,2026-02-07,4.5,39,69
U014152,C000815,2025-10-06,1.46,59,5
U014153,C000458,2025-12-11,0.1,276,31
U014154,C000408,2025-12-18,1.84,257,98
U014155,C000883,2025-11-01,1.87,185,74
U014156,C000917,2025-12-19,0.31,210,90
U014157,C000398,2026-05-18,1.64,94,7
U014158,C000334,2026-03-04,2.15,119,11
U014159,C000539,2025-12-25,4.39,17,0
U014160,C000500,2026-08-09,1.91,286,42
U014161,C000604,2026-02-26,3.53,275,84
U014162,C000317,2026-05-08,1.71,68,75
U014163,C000366,2026-05-08,2.9,260,6
U014164,C000501,2026-03-10,2.21,91,44
U014165,C000496,2026-05-11,2.31,232,60
U014166,C000443,2025-12-09,0.84,26,33
U014167,C000581,2026-08-06,2.67,28,33
U014168,C000872,2025-12-28,0.18,273,29
U014169,C000342,2025-11-21,4.83,112,56
U014170,C000900,2026-09-04,0.93,77,43
U014171,C000907,2026-01-22,1.19,60,74
U014172,C000686,2026-07-25,2.84,186,11
U014173,C000263,2026-07-17,4.86,298,20
U014174,C000793,2026-02-22,0.54,293,0
U014175,C000329,2025-12-13,0.29,154,3
U014176,C000967,2025-09-28,4.16,208,17
U014177,C000242,2026-03-17,2.08,277,78
U014178,C000004,2025-11-09,4.51,298,78
U014179,C000141,2026-03-22,0.58,2,99
U014180,C000386,2026-01-28,2.42,177,27
U014181,C000613,2026-07-18,0.42,201,53
U014182,C000753,2026-05-25,4.54,34,93
U014183,C000176,2025-09-23,2.02,115,87
U014184,C000589,2026-07-31,3.62,125,13
U014185,C000345,2026-04-21,2.83,43,39
U014186,C000343,2026-02-18,4.02,175,12
U014187,C000866,2025-11-03,4.47,157,52
U014188,C000974,2026-05-31,0.45,158,86
U014189,C000187,2026-06-12,1.63,171,10
U014190,C000905,2025-10-06,2.47,65,7
U014191,C000417,2026-05-15,1.02,293,79
U014192,C000688,2026-06-24,2.48,15,42
U014193,C000180,2026-04-30,2.03,25,96
U014194,C000910,2026-03-24,2.89,184,17
U014195,C000232,2026-05-22,0.89,164,75
U014196,C000962,2026-02-13,0.74,261,63
U014197,C000991,2025-11-30,2.29,136,59
U014198,C000251,2026-08-24,0.6,128,71
U014199,C000265,2026-07-06,4.27,176,98
U014200,C000905,2026-02-04,0.5,196,97
U014201,C000662,2025-09-30,0.23,75,59
U014202,C000025,2026-03-14,0.34,182,66
U014203,C000286,2026-09-01,1.4,60,24
U014204,C000949,2026-04-26,3.45,169,68
U014205,C000809,2026-09-03,2.26,272,10
U014206,C000626,2026-01-11,4.8,3,47
U014207,C000844,2026-02-20,2.68,20,50
U014208,C000133,2026-04-10,3.3,286,77
U014209,C000317,2026-02-14,2.04,193,42
U014210,C000042,2026-03-11,1.51,211,80
U014211,C000842,2026-06-08,0.34,273,3
U014212,C000271,2025-11-17,0.47,34,76
U014213,C000717,2026-08-21,1.29,176,96
U014214,C000193,2026-02-11,4.05,90,21
U014215,C000955,2026-09-15,1.42,166,40
U014216,C000104,2025-11-26,3.89,61,81
U014217,C000081,2025-12-13,0.13,95,92
U014218,C000885,2026-04-26,4.87,46,71
U014219,C000551,2026-04-26,4.12,243,52
U014220,C000045,2026-05-25,0.93,286,76
U014221,C000452,2026-02-23,1.72,39,64
U014222,C000768,2026-04-25,1.05,123,35
U014223,C000029,2025-12-22,1.63,268,51
U014224,C000608,2026-09-06,2.59,245,28
U014225,C000587,2026-04-04,4.86,265,34
U014226,C000337,2025-11-01,2.23,257,36
U014227,C000856,2026-05-19,1.2,87,56
U014228,C000500,2025-10-06,0.67,109,12
U014229,C000508,2026-04-26,3.17,108,92
U014230,C000078,2026-02-20,2.18,39,95
U014231,C000288,2026-02-13,1.83,20,89
U014232,C000498,2026-06-06,1.65,259,67
U014233,C000260,2025-11-13,3.76,144,80
U014234,C000940,2026-05-08,0.32,160,33
U014235,C000283,2026-05-27,2.07,58,58
U014236,C000300,2025-10-20,4.29,221,48
U014237,C000384,2025-11-01,0.74,256,70
U014238,C000397,2026-01-06,4.01,196,78
U014239,C000090,2026-01-17,0.97,125,38
U014240,C000049,2026-07-25,0.15,106,8
U014241,C000304,2026-04-19,3.29,210,40
U014242,C000893,2026-08-08,3.22,194,54
U014243,C000698,2025-10-06,1.36,262,52
U014244,C000145,2026-01-27,3.1,168,55
U014245,C000826,2025-10-12,0.32,209,93
U014246,C000123,2026-04-07,4.02,33,44
U014247,C000635,2025-10-07,2.53,149,35
U014248,C000350,2026-08-19,0.11,264,69
U014249,C000386,2026-01-09,3.73,123,63
U014250,C000257,2026-08-09,2.4,156,10
U014251,C000038,2026-08-12,3.25,87,29
U014252,C000581,2025-12-25,2.32,293,36
U014253,C000880,2026-03-13,4.47,78,88
U014254,C000336,2025-11-16,4.46,87,45
U014255,C000971,2026-02-28,4.24,208,2
U014256,C000295,2026-09-02,2.04,19,77
U014257,C000666,2026-07-10,2.44,156,95
U014258,C000112,2025-10-28,0.15,118,7
U014259,C000167,2026-07-28,1.31,295,2
U014260,C000963,2026-08-17,2.62,287,100
U014261,C000935,2026-07-27,2.45,176,79
U014262,C000002,2025-11-19,0.34,275,10
U014263,C000635,2026-05-01,2.19,277,33
U014264,C000537,2026-03-11,1.33,278,80
U014265,C000944,2025-11-30,1.38,217,66
U014266,C000673,2025-09-29,0.5,167,24
U014267,C000805,2026-09-12,0.73,162,67
U014268,C000994,2026-03-27,3.05,291,3
U014269,C000442,2026-09-09,1.2,214,100
U014270,C000573,2026-02-14,3.81,150,18
U014271,C000225,2026-02-19,0.77,55,13
U014272,C000143,2026-03-18,3.28,284,76
U014273,C000450,2026-09-06,0.94,57,100
U014274,C000290,2026-07-24,1.6,170,99
U014275,C000058,2025-10-25,0.25,48,46
U014276,C000363,2026-03-28,0.23,110,87
U014277,C000615,2025-11-01,3.99,38,70
U014278,C000038,2025-11-11,1.6,221,65
U014279,C000062,2026-05-17,4.43,254,79
U014280,C000505,2025-10-12,4.03,45,3
U014281,C000919,2025-12-12,1.46,172,85
U014282,C000636,2026-06-11,2.2,113,91
U014283,C000626,2026-08-14,2.61,55,76
U014284,C000704,2026-09-08,0.99,30,27
U014285,C000546,2026-01-31,1.11,53,25
U014286,C000845,2026-08-21,2.5,84,77
U014287,C000795,2026-02-11,4.02,126,57
U014288,C000980,2026-03-23,3.02,110,60
U014289,C000881,2026-02-17,2.8,294,99
U014290,C000462,2025-11-21,2.46,271,52
U014291,C000850,2025-11-23,4.89,211,22
U014292,C000215,2025-11-09,1.19,294,28
U014293,C000280,2025-12-05,1.48,264,0
U014294,C000965,2025-12-12,1.89,267,33
U014295,C000325,2026-09-18,4.53,269,36
U014296,C000295,2025-12-21,4.58,97,86
U014297,C000937,2026-03-27,3.05,25,24
U014298,C000921,2025-09-29,0.81,172,58
U014299,C000987,2026-05-28,4.35,151,24
U014300,C000729,2026-08-25,2.23,92,2
U014301,C000939,2026-07-01,4.64,43,4
U014302,C000222,2025-10-02,1.61,178,53
U014303,C000208,2026-06-19,4.06,30,77
U014304,C000386,2025-12-19,3.11,80,50
U014305,C000583,2026-03-10,2.58,81,0
U014306,C000139,2026-04-11,4.57,99,63
U014307,C000442,2026-07-28,0.65,276,90
U014308,C000783,2026-03-20,0.87,123,74
U014309,C000503,2026-07-18,1.62,158,8
U014310,C000038,2026-07-30,4.19,231,24
U014311,C000716,2026-06-07,3.37,176,75
U014312,C000254,2026-08-02,4.45,241,22
U014313,C000327,2026-08-14,1.12,217,71
U014314,C000383,2025-09-23,3.9,152,61
U014315,C000378,2026-06-01,0.61,180,3
U014316,C000389,2026-04-26,3.72,188,26
U014317,C000011,2025-10-09,3.21,129,47
U014318,C000344,2026-07-13,3.53,168,3
U014319,C000720,2026-06-22,0.75,160,94
U014320,C000095,2025-11-29,0.94,104,0
U014321,C000193,2026-08-28,2.84,215,11
U014322,C000243,2025-09-24,2.45,300,42
U014323,C000726,2026-04-20,0.59,13,20
U014324,C000787,2026-03-26,1.15,36,97
U014325,C000686,2026-09-05,4.19,105,46
U014326,C000347,2025-10-26,2.81,54,13
U014327,C000958,2026-04-12,3.62,299,29
U014328,C000739,2026-01-14,2.74,118,70
U014329,C000057,2026-01-31,0.15,95,94
U014330,C000077,2025-10-12,4.31,172,59
U014331,C000461,2026-07-22,0.98,190,68
U014332,C000251,2026-08-24,2.95,162,31
U014333,C000465,2026-07-20,3.53,190,27
U014334,C000617,2025-12-22,4.64,287,67
U014335,C000185,2026-07-17,3.51,146,65
U014336,C000996,2026-03-14,2.34,178,8
U014337,C000036,2026-06-13,3.3,228,19
U014338,C000183,2025-09-26,2.97,155,50
U014339,C000029,2026-09-18,4.49,153,68
U014340,C000542,2026-08-29,0.75,15,48
U014341,C000499,2026-02-14,0.12,2,57
U014342,C000519,2025-11-12,3.11,136,34
U014343,C000535,2025-10-29,3.53,47,90
U014344,C000792,2026-03-19,1.22,31,51
U014345,C000235,2026-04-18,1.0,222,18
U014346,C000046,2025-11-22,2.35,232,24
U014347,C000419,2026-09-11,1.1,234,4
U014348,C000025,2026-08-03,4.97,106,74
U014349,C000200,2026-08-03,4.3,262,61
U014350,C000391,2026-02-27,4.63,195,98
U014351,C000664,2025-12-06,2.74,113,78
U014352,C000478,2026-03-29,0.31,273,3
U014353,C000127,2026-09-21,1.01,32,68
U014354,C000897,2026-04-06,1.81,233,35
U014355,C000555,2025-12-02,2.53,29,58
U014356,C000952,2026-06-27,0.87,115,47
U014357,C000523,2025-10-21,4.22,276,85
U014358,C000956,2025-11-20,2.1,62,28
U014359,C000843,2026-03-09,4.04,121,18
U014360,C000943,2025-12-01,2.78,184,63
U014361,C000224,2026-05-25,2.09,147,7
U014362,C000378,2025-12-23,1.69,132,99
U014363,C000818,2025-10-02,4.05,276,50
U014364,C000655,2026-01-18,3.16,26,14
U014365,C000436,2026-01-17,4.25,204,83
U014366,C000066,2026-02-28,0.47,19,22
U014367,C000073,2025-11-19,0.57,139,82
U014368,C000890,2026-04-19,3.85,91,31
U014369,C000977,2026-04-20,3.45,155,67
U014370,C000909,2026-07-13,1.55,51,22
U014371,C000610,2026-03-13,4.35,145,32
U014372,C000041,2025-11-20,1.82,79,42
U014373,C000792,2026-06-24,4.77,116,16
U014374,C000469,2026-03-29,1.6,26,14
U014375,C000860,2026-02-16,4.53,235,11
U014376,C000090,2026-08-07,4.99,150,7
U014377,C000349,2026-03-02,3.15,256,23
U014378,C000832,2026-04-09,3.61,31,69
U014379,C000680,2026-04-09,0.38,217,41
U014380,C000622,2026-06-08,2.74,250,2
U014381,C000542,2026-07-13,4.28,123,66
U014382,C000233,2026-09-01,1.29,125,83
U014383,C000103,2026-04-17,0.86,56,12
U014384,C000410,2025-09-24,0.11,246,84
U014385,C000931,2026-08-07,4.81,235,4
U014386,C000949,2026-06-03,5.0,255,23
U014387,C000302,2025-11-10,2.76,69,59
U014388,C000543,2026-04-29,4.07,260,51
U014389,C000245,2026-07-31,2.26,283,65
U014390,C000257,2026-08-25,4.33,241,99
U014391,C000476,2026-09-14,1.32,293,47
U014392,C000072,2026-09-15,4.45,229,83
U014393,C000447,2026-02-10,4.57,296,52
U014394,C000415,2026-03-25,2.18,233,51
U014395,C000344,2025-11-13,3.1,265,69
U014396,C000522,2026-04-13,4.49,7,16
U014397,C000005,2026-01-22,3.33,240,65
U014398,C000177,2025-12-26,1.75,157,37
U014399,C000030,2026-08-16,2.31,252,28
U014400,C000114,2026-08-25,0.9,56,92
U014401,C000196,2026-08-22,3.64,24,56
U014402,C000347,2026-07-18,2.01,97,67
U014403,C000378,2025-12-17,3.73,42,41
U014404,C000476,2026-06-09,4.78,43,0
U014405,C000837,2026-05-31,2.84,198,20
U014406,C000825,2026-08-12,1.91,189,94
U014407,C000241,2025-12-09,4.28,132,26
U014408,C000429,2026-03-03,3.9,238,81
U014409,C000303,2026-04-14,0.21,199,43
U014410,C000420,2026-07-15,2.61,182,35
U014411,C000283,2025-12-27,2.88,195,95
U014412,C000251,2026-02-25,1.24,92,16
U014413,C000307,2026-07-08,4.31,177,16
U014414,C000072,2025-12-31,1.87,40,29
U014415,C000374,2026-04-13,3.67,246,66
U014416,C000569,2025-12-03,3.4,265,97
U014417,C000325,2026-04-11,4.45,6,10
U014418,C000239,2026-08-05,3.46,129,3
U014419,C000319,2025-12-27,0.15,277,50
U014420,C000004,2026-04-29,2.46,87,5
U014421,C000059,2026-02-02,4.04,9,2
U014422,C000713,2026-09-09,2.18,178,83
U014423,C000557,2025-11-11,2.07,129,28
U014424,C000635,2026-04-22,2.21,215,75
U014425,C000782,2025-11-06,0.38,163,72
U014426,C000113,2026-08-12,3.18,124,9
U014427,C000037,2026-02-02,0.68,40,2
U014428,C000173,2026-04-01,0.64,205,71
U014429,C000939,2025-10-22,2.92,195,46
U014430,C000814,2026-01-10,3.42,187,69
U014431,C000214,2026-08-14,4.96,229,48
U014432,C000915,2026-08-06,0.96,231,87
U014433,C000345,2025-10-03,4.88,182,65
U014434,C000322,2026-04-17,2.13,257,95
U014435,C000774,2026-07-19,3.76,282,46
U014436,C000150,2025-10-29,1.12,2,22
U014437,C000426,2025-11-14,0.88,282,71
U014438,C000237,2026-06-19,2.81,179,34
U014439,C000559,2026-09-11,1.31,73,12
U014440,C000129,2026-05-18,1.25,297,20
U014441,C000269,2026-02-18,3.49,250,73
U014442,C000123,2026-04-05,3.28,1,94
U014443,C000376,2026-08-08,3.85,280,12
U014444,C000310,2026-07-24,4.62,36,73
U014445,C000596,2026-08-20,0.63,28,26
U014446,C000656,2026-06-29,3.34,202,3
U014447,C000249,2025-12-19,3.09,9,55
U014448,C000788,2026-07-04,0.94,52,10
U014449,C000696,2026-08-13,2.88,296,12
U014450,C000974,2025-10-22,0.69,104,14
U014451,C000648,2026-03-18,4.2,222,85
U014452,C000991,2025-11-11,4.49,206,75
U014453,C000012,2026-01-10,3.65,211,40
U014454,C000707,2026-07-22,2.1,198,41
U014455,C000180,2025-12-04,0.12,236,50
U014456,C000537,2026-04-28,0.95,104,17
U014457,C000624,2026-01-12,1.96,162,71
U014458,C000695,2026-03-17,3.37,220,71
U014459,C000670,2025-11-12,3.54,214,73
U014460,C000541,2026-08-28,4.41,209,58
U014461,C000466,2025-10-20,3.88,237,84
U014462,C000147,2025-12-13,1.98,141,23
U014463,C000221,2026-07-18,5.0,101,63
U014464,C000202,2026-05-05,1.23,146,99
U014465,C000052,2026-09-01,1.95,291,11
U014466,C000084,2026-01-29,3.47,100,69
U014467,C000609,2026-07-19,1.63,171,50
U014468,C000082,2026-02-23,3.7,33,37
U014469,C000520,2025-12-03,0.14,114,75
U014470,C000722,2026-08-24,2.6,77,53
U014471,C000784,2026-07-18,0.1,118,55
U014472,C000436,2026-07-21,4.52,4,70
U014473,C000999,2026-01-20,0.63,207,44
U014474,C000081,2026-03-21,1.27,168,99
U014475,C000981,2026-08-05,4.92,269,23
U014476,C000132,2026-07-21,2.02,212,16
U014477,C000872,2026-03-09,4.33,136,66
U014478,C000154,2026-03-16,2.31,206,75
U014479,C000193,2026-03-22,4.32,62,87
U014480,C000023,2025-11-09,1.03,252,63
U014481,C000124,2026-01-29,4.52,124,78
U014482,C000692,2025-09-23,4.27,259,56
U014483,C000233,2025-10-01,1.51,124,45
U014484,C000766,2025-12-06,4.65,31,14
U014485,C000219,2026-02-01,1.53,186,41
U014486,C000537,2025-10-17,4.31,5,57
U014487,C000561,2026-07-28,1.6,56,63
U014488,C000207,2025-11-20,3.55,136,37
U014489,C000700,2026-05-25,1.22,40,85
U014490,C000389,2025-09-27,1.9,195,41
U014491,C000293,2026-01-24,0.79,273,31
U014492,C000655,2026-01-18,4.26,140,20
U014493,C000420,2026-05-05,3.17,243,37
U014494,C000059,2026-08-16,0.77,54,25
U014495,C000249,2026-05-18,1.79,244,30
U014496,C000667,2025-11-06,3.97,34,51
U014497,C000738,2025-10-16,3.9,22,41
U014498,C000053,2026-08-19,1.8,192,27
U014499,C000344,2026-03-20,4.34,82,33
U014500,C000960,2025-12-26,2.55,63,21
U014501,C000100,2025-11-20,2.12,210,91
U014502,C000520,2025-12-15,0.52,149,0
U014503,C000323,2026-07-08,1.04,152,79
U014504,C000396,2026-02-02,3.79,299,31
U014505,C000766,2026-08-02,0.14,270,64
U014506,C000468,2026-01-10,3.13,77,54
U014507,C000724,2025-12-07,3.84,176,48
U014508,C000253,2025-11-30,0.26,212,18
U014509,C000982,2026-02-22,0.21,69,24
U014510,C000086,2026-03-27,3.11,123,75
U014511,C000088,2025-09-30,0.87,8,2
U014512,C000167,2026-03-04,3.34,273,50
U014513,C000578,2026-01-10,0.47,162,29
U014514,C000092,2025-12-03,1.78,281,60
U014515,C000491,2026-08-01,2.8,37,5
U014516,C000779,2026-02-19,1.54,234,19
U014517,C000651,2026-07-10,2.85,224,57
U014518,C000342,2026-04-24,1.08,7,33
U014519,C000650,2025-10-29,4.09,47,22
U014520,C000918,2026-06-01,4.48,242,20
U014521,C000398,2025-09-26,0.42,66,38
U014522,C000664,2025-10-03,2.89,194,100
U014523,C000960,2026-07-10,2.2,274,15
U014524,C000905,2026-09-07,1.26,178,67
U014525,C000275,2026-05-16,1.04,158,96
U014526,C000176,2026-05-12,0.85,164,57
U014527,C000697,2025-11-19,1.11,90,38
U014528,C000620,2026-04-01,4.09,23,100
U014529,C000472,2026-08-23,3.68,255,77
U014530,C000011,2026-09-22,2.77,115,15
U014531,C000268,2026-09-17,2.68,232,27
U014532,C000944,2026-02-04,1.59,98,93
U014533,C000047,2026-03-05,2.92,297,69
U014534,C000547,2025-12-09,2.01,182,37
U014535,C000025,2026-02-07,2.65,136,91
U014536,C000703,2025-12-17,2.42,218,82
U014537,C000075,2026-04-16,0.24,61,40
U014538,C000259,2026-06-17,0.69,292,33
U014539,C000522,2025-09-25,4.36,256,86
U014540,C000533,2025-11-15,0.65,23,38
U014541,C000832,2026-03-04,4.74,88,36
U014542,C000121,2026-04-06,2.94,282,64
U014543,C000105,2026-06-13,0.17,64,57
U014544,C000277,2025-11-06,0.49,1,0
U014545,C000027,2026-05-28,3.61,93,40
U014546,C000100,2026-02-16,4.0,56,23
U014547,C000602,2026-07-12,2.74,253,63
U014548,C000012,2026-05-08,2.41,106,14
U014549,C000553,2026-09-09,0.93,257,81
U014550,C000279,2025-12-28,0.48,266,41
U014551,C000401,2026-02-08,1.5,264,32
U014552,C000249,2026-04-05,4.98,217,84
U014553,C000222,2025-10-20,3.33,213,58
U014554,C000979,2026-02-02,0.58,159,96
U014555,C000203,2026-05-11,3.2,34,53
U014556,C000305,2026-01-06,1.92,204,23
U014557,C000282,2025-11-12,2.94,255,11
U014558,C000885,2026-02-09,4.28,148,38
U014559,C000502,2026-01-12,4.84,90,29
U014560,C000151,2026-06-07,3.79,51,69
U014561,C000709,2026-06-06,4.12,130,6
U014562,C000110,2025-10-05,1.89,244,94
U014563,C000948,2026-06-17,0.92,275,91
U014564,C000662,2026-02-02,0.91,210,45
U014565,C000225,2026-06-10,2.46,248,83
U014566,C000705,2026-03-03,3.71,151,76
U014567,C000304,2026-09-15,3.28,157,34
U014568,C000814,2026-09-15,1.76,66,71
U014569,C000381,2026-06-26,4.21,288,27
U014570,C000488,2026-08-10,1.85,258,20
U014571,C000682,2025-10-29,1.36,231,2
U014572,C000807,2026-05-25,4.71,83,6
U014573,C000221,2025-11-09,0.99,155,88
U014574,C000007,2026-08-09,2.59,266,50
U014575,C000819,2026-01-27,0.34,185,35
U014576,C000342,2025-10-26,2.84,148,57
U014577,C000829,2026-01-12,3.77,202,96
U014578,C000578,2026-02-18,0.44,255,29
U014579,C000734,2025-11-02,2.41,265,40
U014580,C000623,2026-04-05,3.23,294,63
U014581,C000970,2025-12-23,2.55,265,100
U014582,C000587,2026-07-28,0.75,2,51
U014583,C000470,2025-12-10,2.58,250,65
U014584,C000911,2025-12-05,3.79,44,53
U014585,C000841,2026-04-19,4.01,203,46
U014586,C000470,2026-04-09,0.66,190,1
U014587,C000012,2026-01-18,0.93,267,47
U014588,C000212,2026-04-08,4.82,189,21
U014589,C000754,2026-07-01,0.69,189,39
U014590,C000915,2026-07-28,1.49,62,48
U014591,C000779,2026-02-11,2.43,96,23
U014592,C000553,2025-10-12,2.9,251,53
U014593,C000531,2025-10-06,1.91,136,46
U014594,C000689,2026-02-13,1.35,237,22
U014595,C000079,2025-11-26,4.63,149,21
U014596,C000904,2026-04-03,1.38,260,20
U014597,C000713,2025-11-11,2.4,97,6
U014598,C000605,2026-02-06,0.36,126,83
U014599,C000950,2026-05-18,3.89,203,84
U014600,C000885,2026-01-31,1.22,221,75
U014601,C000629,2026-07-16,1.17,180,27
U014602,C000451,2026-04-13,2.12,100,33
U014603,C000126,2026-01-13,4.51,241,14
U014604,C000517,2026-05-13,1.64,14,97
U014605,C000644,2026-03-01,3.33,259,46
U014606,C000384,2026-02-28,4.72,53,3
U014607,C000966,2025-12-05,2.34,8,40
U014608,C000630,2025-12-21,4.68,201,44
U014609,C000119,2025-09-25,2.79,255,92
U014610,C000487,2026-05-24,4.43,68,11
U014611,C000070,2025-11-27,4.16,276,71
U014612,C000325,2026-08-10,4.82,63,64
U014613,C000694,2026-05-10,2.19,97,66
U014614,C000759,2025-12-20,4.74,162,55
U014615,C000287,2025-10-24,4.68,266,35
U014616,C000748,2026-08-24,3.4,56,72
U014617,C000797,2026-03-13,4.16,210,75
U014618,C000054,2026-09-06,4.2,175,96
U014619,C000672,2026-04-21,0.25,176,49
U014620,C000460,2026-03-21,1.79,113,30
U014621,C000175,2026-01-30,2.51,225,26
U014622,C000822,2026-08-18,4.5,27,18
U014623,C000532,2025-10-09,1.03,147,44
U014624,C000477,2025-09-24,2.19,271,85
U014625,C000719,2025-12-17,2.16,172,89
U014626,C000783,2026-09-15,2.01,270,2
U014627,C000164,2025-11-29,3.04,38,68
U014628,C000946,2026-07-04,1.5,247,41
U014629,C000535,2026-01-13,4.4,109,74
U014630,C000610,2026-01-03,4.07,93,64
U014631,C000390,2026-02-28,0.63,284,96
U014632,C000041,2026-04-29,1.26,195,41
U014633,C000683,2026-01-17,3.82,6,22
U014634,C000503,2026-01-12,2.93,140,37
U014635,C000297,2026-09-15,1.95,218,55
U014636,C000698,2025-12-22,1.0,62,56
U014637,C000480,2025-11-23,4.78,2,5
U014638,C000846,2026-05-22,0.14,109,40
U014639,C000167,2026-05-24,1.9,74,61
U014640,C000943,2026-06-08,2.98,238,95
U014641,C000106,2026-02-22,0.19,2,71
U014642,C000826,2026-02-17,4.44,9,47
U014643,C000866,2026-08-14,2.4,69,52
U014644,C000373,2025-12-06,2.51,139,41
U014645,C000542,2026-04-07,3.17,57,94
U014646,C000754,2026-01-25,1.82,169,95
U014647,C000958,2025-12-10,0.46,114,37
U014648,C000540,2026-06-15,2.94,228,31
U014649,C000198,2026-01-09,4.19,95,27
U014650,C000835,2026-05-18,4.87,115,65
U014651,C000380,2026-09-01,3.72,37,46
U014652,C000939,2025-11-03,2.21,294,39
U014653,C000663,2026-02-27,4.86,189,17
U014654,C000888,2026-02-19,1.02,78,69
U014655,C000120,2026-01-28,3.08,138,10
U014656,C000029,2026-05-25,3.49,35,2
U014657,C000015,2026-08-03,1.53,122,30
U014658,C000924,2026-08-08,3.12,127,53
U014659,C000482,2026-09-01,3.36,82,6
U014660,C000861,2026-02-05,4.34,60,53
U014661,C000254,2025-10-24,1.06,288,94
U014662,C000365,2026-04-20,4.38,73,78
U014663,C000145,2026-07-21,2.02,94,80
U014664,C000073,2026-04-08,3.36,258,68
U014665,C000694,2026-02-22,4.24,74,98
U014666,C000955,2026-03-22,2.32,288,43
U014667,C000013,2026-09-16,4.42,108,39
U014668,C000252,2025-10-11,1.3,84,36
U014669,C000043,2025-10-07,0.71,182,12
U014670,C000004,2026-01-17,2.73,177,90
U014671,C000015,2026-04-01,1.97,290,19
U014672,C000804,2026-09-05,1.2,123,95
U014673,C000551,2026-07-07,2.51,261,80
U014674,C000560,2026-03-10,4.46,39,62
U014675,C000288,2026-05-13,1.12,37,51
U014676,C000572,2026-01-26,3.84,31,56
U014677,C000161,2026-06-14,0.93,98,26
U014678,C000743,2026-04-09,2.1,196,35
U014679,C000506,2026-03-01,4.25,128,52
U014680,C000567,2026-03-18,3.87,113,83
U014681,C000881,2025-11-04,2.87,43,15
U014682,C000223,2025-11-16,0.71,221,53
U014683,C000455,2026-03-08,0.92,14,46
U014684,C000628,2026-02-04,4.07,113,84
U014685,C000136,2025-09-24,2.49,221,48
U014686,C000915,2026-03-10,4.44,299,21
U014687,C000121,2026-03-31,3.22,210,50
U014688,C000097,2026-05-10,3.26,109,29
U014689,C000202,2025-10-09,3.94,220,88
U014690,C000101,2026-08-19,0.25,126,59
U014691,C000226,2026-03-16,3.08,273,12
U014692,C000014,2025-11-14,4.38,214,42
U014693,C000969,2026-02-02,1.42,24,68
U014694,C000818,2026-01-21,0.87,209,75
U014695,C000023,2026-07-14,2.67,69,85
U014696,C000153,2026-01-05,0.36,72,14
U014697,C000738,2026-03-31,2.05,88,88
U014698,C000882,2026-07-25,3.19,258,67
U014699,C000479,2026-01-19,1.97,109,16
U014700,C000563,2026-03-20,1.05,38,32
U014701,C000637,2026-03-25,3.7,4,1
U014702,C000491,2026-01-14,4.56,23,45
U014703,C000750,2025-12-20,4.14,96,18
U014704,C000497,2025-10-25,2.31,50,5
U014705,C000860,2026-07-01,1.14,276,39
U014706,C000502,2026-07-21,0.65,119,46
U014707,C000107,2026-09-21,0.42,130,94
U014708,C000760,2025-10-21,0.46,67,3
U014709,C000390,2025-10-01,4.56,182,67
U014710,C000431,2026-04-25,1.18,1,48
U014711,C000281,2026-02-16,1.16,140,46
U014712,C000725,2026-01-27,3.17,230,23
U014713,C000472,2025-11-09,2.7,106,58
U014714,C000757,2026-03-21,3.11,133,39
U014715,C000535,2025-11-13,4.08,188,93
U014716,C000649,2025-12-04,1.95,27,47
U014717,C000962,2025-11-04,3.26,191,73
U014718,C000446,2026-02-16,4.61,230,77
U014719,C000228,2026-06-01,2.05,213,99
U014720,C000451,2025-10-08,0.21,22,84
U014721,C000408,2025-11-12,0.36,132,54
U014722,C000759,2025-10-18,0.37,228,76
U014723,C000960,2026-01-26,2.69,89,67
U014724,C000392,2025-10-10,0.79,159,40
U014725,C000417,2026-09-11,4.07,28,86
U014726,C000757,2025-10-24,0.22,145,38
U014727,C000365,2025-11-29,0.52,162,82
U014728,C000583,2026-02-02,4.2,19,16
U014729,C000787,2026-03-18,0.97,156,18
U014730,C000830,2026-01-02,2.6,31,14
U014731,C000122,2026-02-26,3.43,219,45
U014732,C000537,2025-12-17,2.64,93,31
U014733,C000794,2026-01-23,2.46,94,57
U014734,C000007,2025-09-28,3.95,153,87
U014735,C000340,2026-08-05,4.4,224,83
U014736,C000383,2025-09-28,3.55,195,69
U014737,C000573,2025-11-03,3.9,262,87
U014738,C000218,2026-06-07,0.88,253,7
U014739,C000679,2026-03-04,3.88,279,62
U014740,C000812,2026-01-28,1.03,272,56
U014741,C000553,2026-02-06,1.56,120,84
U014742,C000824,2026-03-31,1.69,269,79
U014743,C000992,2026-07-13,4.23,77,37
U014744,C000741,2026-04-27,0.46,143,27
U014745,C000388,2025-12-21,1.85,8,11
U014746,C000947,2026-01-22,3.59,144,3
U014747,C000505,2026-04-13,1.89,155,17
U014748,C000777,2026-05-01,4.45,252,36
U014749,C000297,2026-01-27,3.01,189,48
U014750,C000796,2026-07-31,0.44,113,38
U014751,C000353,2026-08-16,0.65,294,16
U014752,C000879,2025-10-14,0.18,138,35
U014753,C000976,2026-08-08,0.48,285,6
U014754,C000431,2026-06-01,3.73,92,33
U014755,C000708,2026-05-06,4.33,245,80
U014756,C000410,2026-07-19,3.26,192,30
U014757,C000260,2026-06-11,0.19,245,71
U014758,C000110,2026-05-28,3.82,183,12
U014759,C000825,2026-01-14,4.14,12,63
U014760,C000920,2026-08-07,3.18,245,8
U014761,C000484,2026-01-22,2.84,253,79
U014762,C000136,2026-07-08,2.25,275,34
U014763,C000541,2025-10-03,4.26,192,2
U014764,C000448,2026-03-30,0.44,112,58
U014765,C000675,2026-08-27,2.17,27,53
U014766,C000727,2025-10-24,3.43,98,52
U014767,C000426,2025-11-17,3.12,44,97
U014768,C000926,2026-05-30,2.0,114,40
U014769,C000413,2026-05-21,4.75,256,84
U014770,C000216,2025-10-05,0.69,105,48
U014771,C000194,2026-09-10,3.55,25,91
U014772,C000476,2025-12-07,0.93,104,17
U014773,C000493,2026-05-24,3.71,165,49
U014774,C000699,2026-03-25,3.98,161,62
U014775,C000676,2026-06-23,4.38,90,39
U014776,C000982,2026-08-13,2.99,274,57
U014777,C000421,2026-08-13,0.12,75,37
U014778,C000593,2026-09-19,2.94,63,87
U014779,C000834,2026-01-01,4.73,154,74
U014780,C000705,2026-04-10,4.39,276,10
U014781,C000275,2026-07-18,3.66,44,65
U014782,C000403,2026-06-23,3.36,259,80
U014783,C000036,2026-05-07,3.39,291,55
U014784,C000082,2026-01-12,3.07,60,55
U014785,C000857,2026-06-10,0.67,240,3
U014786,C000511,2026-09-08,2.53,7,15
U014787,C000269,2026-01-29,2.01,104,10
U014788,C000386,2026-01-19,2.85,285,51
U014789,C000845,2025-11-01,1.96,128,61
U014790,C000617,2026-03-31,2.19,273,46
U014791,C000943,2025-10-02,4.1,14,38
U014792,C000406,2025-11-15,3.52,191,1
U014793,C000767,2026-09-04,4.45,217,8
U014794,C000844,2025-10-23,3.76,221,31
U014795,C000026,2026-01-04,1.03,225,10
U014796,C000985,2026-01-08,2.8,168,82
U014797,C000307,2026-02-10,0.89,294,95
U014798,C000624,2026-04-08,3.22,78,88
U014799,C000814,2025-12-23,2.56,294,62
U014800,C000771,2026-05-09,0.83,57,76
U014801,C000285,2026-04-03,0.83,247,66
U014802,C000530,2025-12-17,0.86,89,6
U014803,C000405,2026-03-13,0.55,260,7
U014804,C000456,2026-02-26,4.28,235,2
U014805,C000144,2026-03-29,3.93,123,98
U014806,C000739,2026-06-28,1.15,212,99
U014807,C000363,2026-08-20,4.39,57,44
U014808,C000088,2026-03-22,0.57,256,71
U014809,C000841,2026-05-16,1.22,293,19
U014810,C000434,2026-09-09,4.23,63,8
U014811,C000951,2026-09-12,0.73,264,50
U014812,C000139,2026-06-15,3.32,11,30
U014813,C000973,2026-05-21,2.94,28,0
U014814,C000623,2026-03-31,3.13,235,11
U014815,C000079,2026-04-16,1.06,232,41
U014816,C000035,2026-03-15,2.86,45,2
U014817,C000268,2026-07-23,3.41,44,26
U014818,C000950,2026-04-16,4.41,263,6
U014819,C000671,2026-08-18,3.21,279,31
U014820,C000366,2025-12-24,4.77,86,30
U014821,C000881,2025-10-10,1.71,174,23
U014822,C000973,2026-08-24,3.88,241,36
U014823,C000300,2025-11-09,1.26,26,100
U014824,C000079,2025-12-17,1.0,183,61
U014825,C000542,2025-12-07,1.26,3,89
U014826,C000508,2026-05-15,4.64,248,70
U014827,C000403,2026-02-19,1.24,153,18
U014828,C000896,2026-06-29,1.17,84,78
U014829,C000320,2026-02-11,1.63,213,95
U014830,C000873,2025-11-22,1.7,220,16
U014831,C000835,2025-12-28,0.71,166,44
U014832,C000128,2025-12-03,2.53,84,83
U014833,C000806,2026-06-11,2.0,48,54
U014834,C000141,2026-01-02,4.06,36,62
U014835,C000446,2025-11-19,2.2,204,74
U014836,C000369,2026-05-12,1.23,201,79
U014837,C000784,2026-02-28,3.63,44,63
U014838,C000305,2025-09-24,1.85,104,80
U014839,C000522,2026-01-16,1.35,39,26
U014840,C000008,2026-08-20,4.59,152,34
U014841,C000677,2026-03-26,1.28,287,35
U014842,C000752,2026-08-13,2.6,177,93
U014843,C000780,2026-09-15,3.61,243,71
U014844,C000081,2026-04-14,3.34,54,57
U014845,C000805,2026-08-05,3.22,204,8
U014846,C000230,2025-10-29,2.5,287,74
U014847,C000531,2026-03-16,1.35,151,52
U014848,C000178,2026-07-22,3.0,47,63
U014849,C000100,2025-10-13,3.72,46,78
U014850,C000935,2026-03-12,2.71,114,21
U014851,C000206,2026-03-28,3.78,248,15
U014852,C000884,2025-12-15,0.29,211,21
U014853,C000737,2025-11-20,0.96,175,22
U014854,C000661,2026-01-29,4.85,201,75
U014855,C000344,2025-10-12,3.59,284,6
U014856,C000474,2026-07-03,0.11,96,31
U014857,C000160,2026-08-14,2.93,225,20
U014858,C000732,2026-03-03,1.51,84,3
U014859,C000425,2026-05-05,4.55,237,23
U014860,C000472,2026-05-24,1.38,107,16
U014861,C000054,2025-12-22,3.98,243,89
U014862,C000420,2026-07-19,3.35,199,41
U014863,C000744,2026-03-02,0.63,1,4
U014864,C000978,2026-09-17,4.95,109,32
U014865,C000378,2026-02-18,1.34,62,90
U014866,C000828,2026-07-07,2.28,82,96
U014867,C000420,2026-02-04,4.32,28,19
U014868,C000432,2026-05-29,4.72,266,45
U014869,C000799,2026-05-15,0.92,281,27
U014870,C000540,2025-12-20,3.7,84,48
U014871,C000481,2025-10-27,4.56,32,23
U014872,C000419,2026-01-29,3.18,254,61
U014873,C000685,2026-07-15,1.08,295,6
U014874,C000871,2026-08-22,3.08,145,36
U014875,C000705,2026-02-27,1.14,147,56
U014876,C000741,2026-02-12,4.18,221,60
U014877,C000793,2026-06-21,0.96,105,20
U014878,C000636,2026-05-31,0.92,297,36
U014879,C000124,2026-05-19,0.31,215,22
U014880,C000256,2026-08-20,4.6,126,69
U014881,C000775,2026-08-22,0.87,153,0
U014882,C000021,2026-01-03,2.5,107,5
U014883,C000180,2025-10-04,1.29,34,58
U014884,C000369,2026-08-11,0.5,252,73
U014885,C000218,2026-04-24,2.42,253,85
U014886,C000112,2026-04-08,1.28,90,86
U014887,C000566,2025-10-10,1.78,15,28
U014888,C000163,2025-12-21,3.08,290,40
U014889,C000362,2026-07-28,1.36,77,29
U014890,C000323,2026-01-07,0.87,144,7
U014891,C000021,2025-09-26,4.77,164,82
U014892,C000574,2025-12-16,2.01,285,74
U014893,C000967,2026-05-26,1.63,239,98
U014894,C000282,2026-01-31,4.15,243,67
U014895,C000257,2025-10-18,0.46,203,33
U014896,C000959,2026-07-01,1.65,212,64
U014897,C000292,2025-10-27,2.99,234,3
U014898,C000980,2025-11-26,0.21,235,75
U014899,C000675,2025-12-02,1.71,160,1
U014900,C000503,2026-02-07,1.53,69,9
U014901,C001000,2026-08-29,4.49,215,58
U014902,C000426,2026-09-12,1.81,220,49
U014903,C000661,2026-07-27,1.59,164,45
U014904,C000586,2025-11-06,2.77,60,38
U014905,C001000,2026-06-26,2.48,233,54
U014906,C000735,2025-11-02,1.9,227,98
U014907,C000269,2026-03-23,0.35,132,41
U014908,C000612,2025-11-26,4.0,133,27
U014909,C000065,2026-02-03,2.26,207,44
U014910,C000500,2025-12-11,1.5,196,27
U014911,C000678,2025-11-28,3.22,222,90
U014912,C000944,2026-02-07,3.22,198,71
U014913,C000934,2025-11-11,3.5,71,51
U014914,C000458,2026-04-18,0.77,232,8
U014915,C000467,2026-01-15,0.98,247,58
U014916,C000651,2025-12-14,3.12,73,23
U014917,C000318,2026-07-27,3.17,158,76
U014918,C000058,2026-04-29,4.01,84,46
U014919,C000587,2026-03-02,1.07,200,56
U014920,C000719,2025-12-29,4.11,88,12
U014921,C000222,2025-11-30,1.13,157,15
U014922,C000920,2025-11-13,0.13,299,63
U014923,C000119,2026-07-26,1.38,299,91
U014924,C000638,2026-03-29,1.51,207,11
U014925,C000674,2025-09-28,1.3,42,85
U014926,C000404,2025-09-29,2.03,64,76
U014927,C000318,2025-12-10,2.17,160,54
U014928,C000596,2025-12-06,1.43,171,10
U014929,C000584,2025-12-24,0.89,253,6
U014930,C000457,2026-02-10,1.75,251,79
U014931,C000739,2026-09-19,0.12,101,17
U014932,C000948,2026-03-13,3.51,181,94
U014933,C000547,2026-09-08,4.49,22,75
U014934,C000264,2025-10-25,1.4,197,20
U014935,C000216,2026-03-28,0.17,60,56
U014936,C000875,2026-01-01,0.13,227,72
U014937,C000391,2025-10-03,3.37,148,100
U014938,C000758,2026-09-06,5.0,241,72
U014939,C000794,2026-05-12,4.25,140,9
U014940,C000634,2025-10-26,1.38,180,88
U014941,C000830,2025-10-29,0.81,4,60
U014942,C000635,2025-12-28,3.62,114,51
U014943,C000245,2026-03-12,3.44,271,66
U014944,C000679,2026-06-26,0.9,208,44
U014945,C000140,2025-11-29,4.97,33,73
U014946,C000609,2026-01-22,4.14,212,12
U014947,C000462,2026-07-10,2.95,44,91
U014948,C000440,2026-09-09,4.96,234,34
U014949,C000082,2025-10-04,1.99,164,44
U014950,C000551,2026-05-13,2.05,96,84
U014951,C000709,2025-09-25,0.63,292,92
U014952,C000008,2026-02-01,4.91,245,2
U014953,C000267,2025-10-29,0.5,298,14
U014954,C000519,2025-11-17,1.96,95,16
U014955,C000533,2026-03-24,3.28,205,70
U014956,C000153,2026-02-26,1.07,219,91
U014957,C000626,2026-01-02,2.08,104,75
U014958,C000510,2026-01-08,3.41,0,22
U014959,C000051,2025-10-26,2.54,220,74
U014960,C000576,2026-08-10,2.23,65,44
U014961,C000287,2026-05-13,3.24,52,86
U014962,C000572,2025-12-02,1.12,136,42
U014963,C000373,2026-06-21,0.97,214,62
U014964,C000207,2026-09-16,3.42,255,87
U014965,C000819,2026-06-12,2.92,101,35
U014966,C000220,2026-08-14,1.3,138,47
U014967,C000945,2025-11-09,1.46,164,21
U014968,C000792,2026-06-14,2.47,253,30
U014969,C000282,2026-04-22,4.16,12,1
U014970,C000318,2025-11-19,4.97,196,17
U014971,C000179,2026-08-23,3.68,84,80
U014972,C000646,2026-09-20,0.73,238,52
U014973,C000881,2026-03-21,3.24,105,93
U014974,C000298,2026-06-02,4.6,268,50
U014975,C000718,2026-01-02,1.69,234,8
U014976,C000767,2026-06-01,3.7,294,72
U014977,C000194,2026-05-06,0.79,62,92
U014978,C000822,2026-02-01,2.92,119,75
U014979,C000823,2026-01-26,1.61,100,45
U014980,C000507,2026-09-12,4.82,254,30
U014981,C000101,2026-04-25,1.58,115,53
U014982,C000058,2026-02-21,3.34,173,30
U014983,C000842,2026-01-14,3.68,76,50
U014984,C000580,2026-04-26,4.16,66,8
U014985,C000007,2026-06-10,1.86,199,80
U014986,C000645,2025-12-13,3.35,3,73
U014987,C000050,2025-11-08,1.97,178,8
U014988,C000691,2025-11-02,3.33,20,12
U014989,C000199,2026-03-04,0.64,72,76
U014990,C000168,2026-08-10,0.89,185,77
U014991,C000844,2026-07-04,1.97,262,55
U014992,C000259,2025-11-10,4.59,91,73
U014993,C000617,2025-12-26,2.73,140,12
U014994,C000069,2025-10-14,4.85,234,74
U014995,C000043,2026-03-05,2.2,202,66
U014996,C000933,2026-04-02,2.17,23,48
U014997,C000068,2025-11-19,0.62,168,52
U014998,C000070,2026-05-25,0.73,275,43
U014999,C000414,2026-09-11,0.4,200,21
U015000,C000119,2026-05-23,2.53,119,28
U015001,C000751,2026-06-04,0.93,283,84
U015002,C000985,2025-09-26,3.78,267,86
U015003,C000388,2026-05-13,4.5,69,48
U015004,C000589,2026-06-28,0.31,219,22
U015005,C000639,2026-02-28,0.93,142,24
U015006,C000759,2026-02-17,3.82,2,36
U015007,C000732,2026-07-16,4.24,214,16
U015008,C000948,2026-03-20,3.79,42,89
U015009,C000668,2026-09-01,1.99,30,10
U015010,C000045,2025-09-27,0.28,130,85
U015011,C000171,2026-02-08,3.5,40,21
U015012,C000869,2026-03-01,4.57,220,15
U015013,C000779,2026-02-27,0.23,210,71
U015014,C000997,2026-07-23,3.25,256,5
U015015,C000360,2025-09-28,3.62,135,15
U015016,C000167,2026-07-31,0.96,263,87
U015017,C000475,2026-02-13,1.41,285,97
U015018,C000936,2026-01-05,2.44,160,67
U015019,C000410,2026-08-13,2.56,49,33
U015020,C000036,2026-07-19,2.45,79,35
U015021,C000099,2025-10-29,3.86,268,33
U015022,C000982,2026-08-15,2.57,62,88
U015023,C000975,2026-05-01,4.06,37,84
U015024,C000872,2026-01-21,1.07,139,64
U015025,C000349,2025-12-12,2.83,118,2
U015026,C000331,2026-01-19,0.77,206,97
U015027,C000590,2026-06-26,1.31,30,78
U015028,C000608,2026-08-07,2.0,20,16
U015029,C000808,2026-09-12,3.27,268,97
U015030,C000124,2026-02-11,3.81,162,38
U015031,C000414,2026-01-21,4.72,257,74
U015032,C000420,2026-09-04,0.22,138,10
U015033,C000425,2026-09-06,3.07,255,22
U015034,C000292,2025-12-19,0.84,167,57
U015035,C000468,2026-06-07,0.23,99,45
U015036,C000113,2026-07-02,1.64,121,9
U015037,C000250,2026-06-18,1.67,272,74
U015038,C000180,2026-04-11,2.62,201,30
U015039,C000020,2026-09-16,3.62,162,68
U015040,C000430,2026-02-10,4.63,9,99
U015041,C000326,2025-11-20,0.82,200,89
U015042,C000770,2025-11-02,0.88,223,38
U015043,C000302,2025-11-16,3.88,283,60
U015044,C000658,2026-02-07,3.74,79,96
U015045,C000453,2025-12-14,2.93,79,43
U015046,C000606,2026-01-04,2.33,26,67
U015047,C000631,2026-03-12,3.96,72,25
U015048,C000378,2025-10-06,2.93,142,59
U015049,C000557,2026-06-01,3.1,263,72
U015050,C000502,2026-07-25,1.97,155,91
U015051,C000224,2026-01-03,3.96,289,67
U015052,C000632,2026-03-29,4.78,117,25
U015053,C000517,2025-11-01,3.65,188,3
U015054,C000221,2025-11-02,4.66,260,65
U015055,C000610,2026-01-27,1.47,23,36
U015056,C000028,2025-10-23,3.05,254,38
U015057,C000194,2026-03-14,4.57,219,49
U015058,C000443,2026-03-20,3.96,185,66
U015059,C000192,2026-07-27,2.68,107,73
U015060,C000645,2026-07-18,1.63,276,13
U015061,C000626,2026-02-12,0.63,221,60
U015062,C000866,2026-02-08,4.54,6,51
U015063,C000888,2025-12-10,3.79,247,30
U015064,C000911,2026-06-12,3.9,65,20
U015065,C000856,2025-09-24,3.97,20,57
U015066,C000618,2026-03-07,4.82,252,86
U015067,C000957,2026-04-23,3.08,73,0
U015068,C000983,2026-07-10,3.14,227,56
U015069,C000471,2026-03-01,0.23,272,54
U015070,C000789,2026-01-23,1.58,236,40
U015071,C000752,2026-01-11,4.29,206,44
U015072,C000853,2026-09-15,3.39,58,75
U015073,C000237,2025-11-03,0.83,248,93
U015074,C000557,2026-08-16,1.37,195,52
U015075,C000078,2026-08-24,4.06,87,19
U015076,C000540,2026-07-27,0.29,254,64
U015077,C000922,2026-05-28,2.51,200,27
U015078,C000266,2026-03-07,2.47,162,52
U015079,C000896,2025-12-06,2.02,195,6
U015080,C000891,2025-10-23,1.27,90,99
U015081,C000877,2026-01-21,3.48,238,39
U015082,C000354,2026-07-22,3.21,143,44
U015083,C000376,2026-01-26,4.73,49,38
U015084,C000423,2025-11-04,3.0,83,10
U015085,C000752,2026-06-17,2.78,132,9
U015086,C000134,2026-08-30,2.3,293,18
U015087,C000201,2026-07-03,2.59,52,3
U015088,C000966,2025-12-19,0.97,279,74
U015089,C000679,2026-01-12,0.81,194,25
U015090,C000826,2026-01-26,0.31,220,75
U015091,C000329,2026-02-13,3.01,53,45
U015092,C000016,2025-12-09,3.4,57,93
U015093,C000365,2026-04-17,2.3,206,25
U015094,C000565,2025-10-03,0.51,94,22
U015095,C000750,2026-01-31,3.96,153,40
U015096,C000183,2026-08-16,3.68,218,74
U015097,C000750,2026-01-20,1.07,297,61
U015098,C000080,2026-01-20,0.81,289,24
U015099,C000963,2025-12-19,0.68,289,0
U015100,C000914,2026-03-11,3.8,143,56
U015101,C000199,2026-03-22,3.73,178,8
U015102,C000998,2025-11-04,0.68,249,29
U015103,C000693,2026-07-24,4.4,259,91
U015104,C000703,2025-12-16,2.43,153,91
U015105,C000402,2026-08-21,3.72,131,21
U015106,C000506,2026-01-03,0.94,159,95
U015107,C000867,2025-10-18,0.22,271,65
U015108,C000359,2026-09-13,3.28,189,23
U015109,C000182,2026-02-26,1.88,30,73
U015110,C000354,2026-07-27,3.64,142,20
U015111,C000199,2026-08-26,0.26,246,48
U015112,C000736,2026-05-11,3.95,182,68
U015113,C000558,2026-06-02,4.49,95,3
U015114,C000756,2026-08-28,4.87,115,33
U015115,C000100,2025-11-28,2.7,97,21
U015116,C000257,2026-09-02,1.03,140,75
U015117,C000347,2026-09-07,1.61,264,6
U015118,C000684,2026-03-28,2.39,149,35
U015119,C000335,2026-08-17,4.3,224,51
U015120,C000916,2025-10-06,2.91,137,8
U015121,C000389,2026-03-05,2.23,170,86
U015122,C000507,2026-04-19,0.82,53,8
U015123,C000642,2026-08-04,4.51,179,34
U015124,C000543,2025-12-27,4.89,16,31
U015125,C000424,2026-09-03,3.56,266,18
U015126,C000604,2025-10-26,3.98,237,12
U015127,C000131,2026-05-23,3.02,253,81
U015128,C000582,2026-02-06,2.76,150,23
U015129,C000646,2026-05-13,4.39,255,64
U015130,C000261,2026-07-24,2.77,23,21
U015131,C000505,2026-03-17,4.12,130,7
U015132,C000882,2025-10-10,0.32,231,67
U015133,C000583,2025-11-29,0.45,139,29
U015134,C000038,2026-07-16,0.98,88,98
U015135,C000152,2026-07-22,1.49,125,25
U015136,C000254,2025-12-31,1.55,289,28
U015137,C000460,2026-05-04,3.0,208,19
U015138,C000544,2026-08-28,5.0,117,4
U015139,C000826,2025-11-06,1.51,72,72
U015140,C000069,2025-11-04,0.82,82,59
U015141,C000253,2025-11-16,3.3,120,53
U015142,C000473,2026-05-09,4.49,85,16
U015143,C000306,2026-08-14,2.9,212,34
U015144,C000341,2026-03-25,1.09,179,49
U015145,C000076,2026-01-17,4.01,207,35
U015146,C000278,2025-11-27,0.95,102,86
U015147,C000948,2026-07-08,3.29,295,40
U015148,C000284,2026-08-23,3.52,21,37
U015149,C000208,2026-06-24,0.26,14,45
U015150,C000747,2025-11-27,0.98,207,28
U015151,C000843,2025-10-06,1.07,102,70
U015152,C000835,2026-07-27,1.29,181,43
U015153,C000443,2026-08-31,0.24,71,96
U015154,C000831,2026-01-06,1.02,227,56
U015155,C000778,2025-10-11,1.7,27,100
U015156,C000008,2026-08-30,2.05,138,93
U015157,C000874,2025-09-23,1.21,237,33
U015158,C000973,2026-09-22,1.84,119,65
U015159,C000322,2026-08-24,1.35,108,5
U015160,C000935,2026-03-30,2.43,133,27
U015161,C000389,2025-12-04,1.48,75,80
U015162,C000069,2025-12-09,3.5,33,16
U015163,C000100,2026-02-22,1.7,286,18
U015164,C000567,2026-09-11,3.6,252,25
U015165,C000985,2025-12-01,4.37,181,76
U015166,C000981,2026-09-19,2.91,120,45
U015167,C000125,2026-06-28,3.18,243,50
U015168,C000107,2026-02-27,1.61,102,77
U015169,C000992,2026-03-28,1.5,248,75
U015170,C000878,2026-03-13,2.1,115,84
U015171,C000906,2026-08-10,0.51,138,57
U015172,C000432,2026-09-22,3.64,209,16
U015173,C000673,2026-07-08,0.97,8,0
U015174,C000983,2025-10-21,2.6,85,80
U015175,C000354,2026-03-25,4.89,210,43
U015176,C000996,2026-04-20,3.42,121,12
U015177,C000377,2026-05-08,3.09,255,26
U015178,C000410,2026-06-01,4.07,42,69
U015179,C000376,2026-01-18,2.36,56,57
U015180,C000142,2025-12-30,4.08,20,48
U015181,C000731,2026-07-21,3.37,109,72
U015182,C000478,2026-08-16,3.5,97,98
U015183,C000686,2025-10-17,1.31,89,37
U015184,C000303,2026-02-14,2.68,201,14
U015185,C000558,2026-01-29,0.62,236,8
U015186,C000135,2026-02-19,1.04,118,88
U015187,C000158,2025-12-15,1.58,277,74
U015188,C000827,2026-07-08,3.52,270,74
U015189,C000103,2026-08-30,4.12,120,14
U015190,C000931,2026-02-24,1.05,167,79
U015191,C000563,2026-09-16,3.02,186,52
U015192,C000206,2026-03-04,3.23,240,13
U015193,C000328,2026-03-30,4.83,172,95
U015194,C000413,2025-12-17,4.73,60,96
U015195,C000974,2026-01-08,4.27,1,67
U015196,C000794,2026-08-06,4.72,182,54
U015197,C000714,2026-03-15,2.54,93,80
U015198,C000074,2026-05-10,4.19,54,33
U015199,C000859,2026-04-18,0.28,19,67
U015200,C000402,2026-04-18,4.22,17,20
U015201,C000304,2026-08-28,2.94,109,53
U015202,C000461,2025-11-15,3.71,191,65
U015203,C000760,2026-05-18,3.36,102,96
U015204,C000522,2026-04-23,2.46,289,67
U015205,C000575,2026-03-15,3.11,16,77
U015206,C000994,2026-09-19,4.59,250,39
U015207,C000505,2026-04-12,2.86,204,98
U015208,C000339,2026-06-28,3.94,247,98
U015209,C000556,2026-01-25,1.83,222,33
U015210,C000953,2025-10-22,2.8,273,94
U015211,C000609,2026-04-02,1.82,114,43
U015212,C000308,2026-02-09,3.34,238,44
U015213,C000821,2025-12-11,0.78,249,81
U015214,C000057,2026-07-07,2.01,120,55
U015215,C000982,2025-09-28,4.76,47,79
U015216,C000732,2026-03-15,0.38,187,29
U015217,C000156,2025-12-11,0.17,186,60
U015218,C000065,2026-06-09,2.49,155,55
U015219,C000052,2025-11-08,3.88,256,2
U015220,C000144,2026-06-03,1.43,49,64
U015221,C000874,2026-01-18,1.56,250,77
U015222,C000392,2026-07-09,0.67,110,61
U015223,C000603,2026-03-07,4.98,153,23
U015224,C000789,2026-09-02,0.13,24,6
U015225,C000735,2026-06-09,1.75,114,78
U015226,C000147,2025-11-13,0.94,180,31
U015227,C000032,2025-10-29,0.83,226,81
U015228,C000281,2026-09-21,0.65,216,3
U015229,C000202,2026-07-28,2.0,159,19
U015230,C000577,2026-03-22,1.28,75,40
U015231,C000967,2026-04-19,4.84,85,15
U015232,C000928,2025-12-04,2.87,118,87
U015233,C000389,2026-05-31,0.68,29,77
U015234,C000647,2026-01-12,2.74,215,57
U015235,C000082,2026-07-14,3.13,226,36
U015236,C000001,2025-12-02,4.8,134,63
U015237,C000830,2026-04-27,4.64,80,5
U015238,C000216,2026-02-07,0.3,196,4
U015239,C000623,2025-10-17,3.85,144,8
U015240,C000378,2026-09-07,3.32,215,8
U015241,C000499,2026-01-02,0.19,131,28
U015242,C000389,2026-07-14,4.58,297,42
U015243,C000582,2026-01-17,2.22,188,40
U015244,C000488,2026-07-23,0.34,120,1
U015245,C000818,2026-07-27,1.45,299,90
U015246,C000839,2026-09-10,3.92,69,78
U015247,C000787,2026-04-24,3.2,214,94
U015248,C000781,2025-10-24,3.31,105,62
U015249,C000110,2026-08-22,2.7,174,50
U015250,C000615,2026-01-01,2.03,14,92
U015251,C000430,2025-10-15,1.2,89,54
U015252,C000111,2025-11-28,2.51,77,0
U015253,C000225,2026-03-24,3.65,96,39
U015254,C000875,2025-10-23,4.62,151,93
U015255,C000771,2026-04-08,4.77,271,5
U015256,C000107,2026-05-10,3.18,12,2
U015257,C000351,2026-01-22,2.01,97,65
U015258,C000688,2026-04-25,3.26,69,12
U015259,C000803,2025-10-17,0.17,15,21
U015260,C000013,2025-11-28,4.53,123,66
U015261,C000211,2026-05-21,4.17,106,67
U015262,C000190,2026-01-10,0.15,110,18
U015263,C000227,2026-06-26,3.49,264,22
U015264,C000733,2026-09-22,4.52,258,95
U015265,C000451,2026-03-07,2.36,54,56
U015266,C000426,2026-06-30,3.42,10,90
U015267,C000610,2025-10-09,3.91,116,70
U015268,C000054,2026-02-08,2.54,281,42
U015269,C000999,2026-09-16,4.13,90,52
U015270,C000792,2026-06-24,1.76,142,20
U015271,C000170,2026-08-14,3.88,65,45
U015272,C000257,2026-02-23,4.11,34,68
U015273,C000047,2026-06-22,0.77,188,33
U015274,C000387,2026-06-30,1.08,276,26
U015275,C000591,2026-09-06,3.18,254,43
U015276,C000407,2025-11-27,4.83,191,50
U015277,C000807,2026-04-04,4.61,285,94
U015278,C000097,2026-06-26,1.75,11,95
U015279,C000051,2026-05-05,4.76,42,1
U015280,C000176,2026-03-16,3.11,174,22
U015281,C000927,2026-08-13,1.1,234,96
U015282,C000967,2026-06-03,1.14,169,22
U015283,C000297,2026-03-24,2.62,134,93
U015284,C000220,2026-09-18,3.88,74,95
U015285,C000005,2026-04-20,4.93,208,55
U015286,C000457,2025-11-18,2.58,200,7
U015287,C000642,2025-09-24,1.38,238,73
U015288,C000631,2026-08-02,3.67,61,91
U015289,C000461,2026-08-14,1.92,145,11
U015290,C000967,2026-07-22,1.11,211,32
U015291,C000357,2026-02-18,3.92,57,44
U015292,C000274,2026-02-08,4.07,55,71
U015293,C000135,2026-04-28,0.28,34,15
U015294,C000277,2025-12-03,3.55,85,15
U015295,C000512,2025-10-15,2.35,189,54
U015296,C000789,2025-12-20,4.94,166,1
U015297,C000068,2026-04-20,3.47,1,79
U015298,C000168,2026-01-10,1.31,275,84
U015299,C000775,2026-08-11,4.66,130,76
U015300,C000484,2026-09-18,2.54,209,99
U015301,C000150,2025-10-10,1.33,47,99
U015302,C000384,2026-09-10,4.38,159,49
U015303,C000252,2025-11-27,3.72,140,18
U015304,C000182,2025-11-22,1.48,11,63
U015305,C000970,2026-02-09,1.0,189,35
U015306,C000892,2026-01-07,1.61,126,43
U015307,C000890,2025-12-20,2.52,223,46
U015308,C000585,2026-07-06,0.82,233,83
U015309,C000890,2026-02-16,1.18,5,82
U015310,C000804,2026-01-11,1.69,190,77
U015311,C000632,2026-06-16,4.5,177,71
U015312,C000613,2025-11-11,2.3,219,66
U015313,C000885,2026-02-09,1.95,8,3
U015314,C000641,2026-01-09,2.13,171,44
U015315,C000325,2026-03-10,3.68,212,31
U015316,C000275,2026-08-08,4.59,243,3
U015317,C000682,2025-12-24,3.36,119,73
U015318,C000509,2026-01-19,1.5,204,17
U015319,C000966,2026-04-28,2.58,102,35
U015320,C000126,2026-09-22,1.55,290,55
U015321,C000627,2025-10-14,3.2,69,62
U015322,C000883,2026-06-16,0.12,32,57
U015323,C000223,2026-01-29,2.56,246,74
U015324,C000145,2026-05-08,1.44,78,98
U015325,C000620,2025-10-02,1.69,71,16
U015326,C000536,2026-04-28,2.8,283,44
U015327,C000375,2026-04-17,2.68,246,46
U015328,C000601,2026-05-29,3.13,217,85
U015329,C000363,2026-05-03,1.83,186,57
U015330,C000578,2026-07-25,4.95,225,72
U015331,C000458,2026-07-03,0.19,82,20
U015332,C000047,2025-10-06,1.71,83,41
U015333,C000740,2026-01-16,2.32,141,44
U015334,C000702,2026-02-21,3.7,45,21
U015335,C000873,2025-12-16,1.32,237,70
U015336,C000993,2026-03-08,1.88,88,63
U015337,C000327,2025-11-14,4.74,183,51
U015338,C000057,2026-09-16,2.5,101,61
U015339,C000168,2026-09-17,2.54,36,24
U015340,C000671,2026-09-18,4.41,42,70
U015341,C000363,2026-09-19,2.85,9,34
U015342,C000986,2026-06-25,0.48,93,75
U015343,C000349,2026-09-08,3.31,128,0
U015344,C000138,2025-12-19,4.36,44,49
U015345,C000287,2026-07-30,3.16,36,93
U015346,C000268,2026-02-05,4.85,123,84
U015347,C000694,2026-03-09,0.88,106,9
U015348,C000624,2026-04-29,1.81,6,61
U015349,C000396,2026-07-24,0.16,71,52
U015350,C000271,2026-04-08,1.84,208,13
U015351,C000973,2026-04-01,4.59,2,67
U015352,C000519,2025-12-04,4.9,127,61
U015353,C000637,2026-06-12,0.45,257,16
U015354,C000279,2025-10-05,1.79,121,92
U015355,C000531,2025-12-04,0.3,208,84
U015356,C000611,2025-12-05,2.39,267,91
U015357,C000244,2025-12-05,3.46,211,84
U015358,C000337,2026-01-10,3.93,89,84
U015359,C000212,2026-02-06,1.66,153,89
U015360,C000962,2025-09-24,1.08,255,69
U015361,C000468,2026-05-15,4.67,213,81
U015362,C000647,2026-04-10,1.33,123,22
U015363,C000364,2026-06-01,1.66,162,74
U015364,C000690,2025-12-04,0.21,91,57
U015365,C000193,2026-05-03,1.68,163,67
U015366,C000431,2026-05-06,3.58,160,32
U015367,C000226,2026-09-19,4.63,271,38
U015368,C000217,2025-11-28,4.28,166,11
U015369,C000614,2026-03-07,4.07,147,66
U015370,C000072,2025-11-28,0.25,234,43
U015371,C000505,2025-10-08,0.2,112,88
U015372,C000640,2025-11-03,0.53,57,70
U015373,C000729,2025-11-16,0.11,261,20
U015374,C000543,2026-03-29,4.4,137,33
U015375,C000642,2025-12-02,1.95,152,74
U015376,C000150,2026-02-23,4.16,66,31
U015377,C000661,2025-09-23,2.38,24,44
U015378,C000125,2025-12-18,0.92,83,80
U015379,C000720,2025-10-10,0.97,226,11
U015380,C000487,2026-03-06,4.54,300,62
U015381,C000269,2026-04-16,2.95,52,48
U015382,C000180,2026-01-11,3.47,99,40
U015383,C000071,2025-09-23,4.4,276,27
U015384,C000047,2026-02-02,0.57,74,3
U015385,C000459,2026-09-09,3.6,270,41
U015386,C000629,2026-09-14,2.09,50,97
U015387,C000867,2026-03-30,2.26,290,40
U015388,C000873,2026-03-15,3.84,92,47
U015389,C000905,2026-04-11,4.44,109,27
U015390,C000213,2026-02-22,2.37,207,82
U015391,C000570,2026-02-07,3.02,76,2
U015392,C000369,2026-03-07,0.39,252,82
U015393,C000653,2025-09-27,0.61,59,85
U015394,C000993,2026-08-04,0.61,34,20
U015395,C000027,2026-05-27,2.5,190,68
U015396,C000522,2026-03-11,4.19,176,55
U015397,C000272,2026-04-23,2.15,257,38
U015398,C000532,2025-10-30,4.39,65,51
U015399,C000818,2026-06-12,4.64,143,58
U015400,C000618,2026-08-06,4.47,69,94
U015401,C000348,2025-11-21,1.44,253,50
U015402,C000162,2025-10-14,3.18,272,74
U015403,C000099,2026-09-11,0.37,97,80
U015404,C000030,2026-07-12,3.04,27,52
U015405,C000091,2026-07-04,1.93,95,75
U015406,C000809,2026-06-26,4.75,91,90
U015407,C000998,2026-05-16,0.18,132,17
U015408,C000342,2025-11-08,2.11,39,48
U015409,C000970,2025-11-30,4.8,58,25
U015410,C000718,2026-02-26,1.85,250,42
U015411,C000260,2025-12-24,0.12,15,37
U015412,C000166,2026-05-11,2.03,148,71
U015413,C000383,2026-05-20,2.56,262,10
U015414,C000539,2025-11-24,4.07,30,47
U015415,C000321,2025-09-28,0.83,181,100
U015416,C000361,2026-07-25,3.68,70,40
U015417,C000451,2026-02-17,1.06,113,79
U015418,C000695,2025-09-29,4.11,119,85
U015419,C000153,2026-09-07,3.59,267,59
U015420,C000640,2026-01-25,4.51,172,63
U015421,C000173,2026-04-18,4.58,204,67
U015422,C000839,2026-06-02,0.56,21,10
U015423,C000222,2025-12-22,0.51,18,94
U015424,C000953,2026-08-07,2.07,42,48
U015425,C000252,2026-07-17,4.69,111,46
U015426,C000224,2026-08-01,3.58,106,16
U015427,C000493,2026-02-02,0.39,145,48
U015428,C000835,2025-11-09,1.25,232,0
U015429,C000243,2026-04-04,3.19,208,76
U015430,C000121,2026-05-05,4.29,218,75
U015431,C000186,2025-10-10,0.42,138,74
U015432,C000321,2025-10-11,0.62,290,35
U015433,C000841,2025-10-23,4.17,61,9
U015434,C000687,2026-03-23,0.86,201,87
U015435,C000875,2026-05-23,2.05,255,85
U015436,C000916,2025-09-26,0.23,38,47
U015437,C000544,2026-01-25,0.98,250,80
U015438,C000926,2025-11-24,1.27,286,58
U015439,C000021,2026-02-21,4.23,228,71
U015440,C000064,2026-06-21,4.64,291,53
U015441,C000323,2026-08-28,1.4,101,53
U015442,C000870,2026-01-18,4.09,119,97
U015443,C000342,2025-09-26,4.22,84,53
U015444,C000278,2026-01-02,3.95,250,74
U015445,C000305,2026-06-05,2.21,157,57
U015446,C000987,2026-03-17,2.37,216,29
U015447,C000534,2026-03-01,3.23,203,10
U015448,C000251,2026-05-01,1.72,98,94
U015449,C000013,2026-09-19,2.34,118,47
U015450,C000045,2025-10-23,1.59,236,98
U015451,C000794,2026-01-28,4.98,16,42
U015452,C000483,2025-10-03,1.23,221,55
U015453,C000464,2025-12-28,2.73,30,21
U015454,C000028,2026-05-21,2.13,17,62
U015455,C000684,2025-12-24,3.19,91,8
U015456,C000404,2026-05-04,3.03,260,24
U015457,C000406,2026-04-25,2.46,204,40
U015458,C000508,2026-08-20,2.75,195,59
U015459,C000644,2025-12-25,3.35,282,60
U015460,C000486,2026-09-10,2.53,289,63
U015461,C000752,2026-04-21,3.23,292,50
U015462,C000234,2026-04-10,4.15,70,68
U015463,C000283,2025-10-30,4.09,119,33
U015464,C000898,2026-09-21,0.17,177,30
U015465,C000888,2025-12-07,4.28,76,43
U015466,C000692,2026-03-30,2.65,300,64
U015467,C000632,2026-04-12,2.95,180,85
U015468,C000702,2026-05-14,4.14,221,94
U015469,C000342,2026-06-29,0.32,141,27
U015470,C000930,2026-08-25,3.38,297,73
U015471,C000625,2025-12-22,3.85,130,43
U015472,C000601,2026-09-20,2.45,9,12
U015473,C000891,2026-09-18,3.55,44,24
U015474,C000175,2025-12-06,3.35,171,93
U015475,C000318,2026-01-09,3.94,99,85
U015476,C000978,2026-01-15,4.66,287,49
U015477,C000457,2026-09-13,2.82,59,35
U015478,C000813,2025-12-07,2.4,75,1
U015479,C000074,2026-01-15,4.78,33,65
U015480,C000918,2026-04-24,4.46,7,66
U015481,C000682,2026-05-02,4.51,95,56
U015482,C000311,2026-03-29,2.97,225,4
U015483,C000799,2026-03-23,1.89,207,26
U015484,C000518,2025-11-12,1.55,111,40
U015485,C000749,2026-09-18,4.47,75,15
U015486,C000706,2025-10-07,0.58,40,83
U015487,C000908,2026-05-29,3.22,11,95
U015488,C000758,2026-01-18,1.11,145,15
U015489,C000093,2025-11-24,2.47,187,82
U015490,C000664,2026-04-30,0.19,59,87
U015491,C000380,2025-10-25,3.23,86,54
U015492,C000375,2026-01-20,2.32,179,5
U015493,C000115,2026-03-09,0.96,290,51
U015494,C000448,2026-04-02,4.39,100,9
U015495,C000830,2025-10-11,4.39,106,31
U015496,C000155,2026-02-07,2.35,115,74
U015497,C000664,2025-11-26,0.28,219,97
U015498,C000004,2026-06-27,0.6,239,79
U015499,C000686,2026-08-31,4.61,67,21
U015500,C000661,2026-03-27,4.31,259,31
U015501,C000896,2026-07-02,4.46,21,61
U015502,C000621,2025-12-12,4.98,11,46
U015503,C000341,2026-06-07,3.94,193,2
U015504,C000992,2026-02-20,3.77,277,77
U015505,C000417,2025-12-27,3.53,274,76
U015506,C000715,2026-06-09,0.36,126,15
U015507,C000312,2025-10-11,4.72,182,88
U015508,C000334,2026-03-04,1.89,277,52
U015509,C000739,2026-02-17,1.41,63,80
U015510,C000162,2026-08-11,4.63,228,7
U015511,C000779,2026-02-22,2.36,30,14
U015512,C000398,2026-01-14,2.65,165,72
U015513,C000898,2026-05-31,3.44,163,62
U015514,C000959,2025-10-21,2.77,3,82
U015515,C000993,2026-01-07,2.25,112,50
U015516,C000870,2026-09-21,2.16,249,52
U015517,C000624,2026-06-04,1.76,278,43
U015518,C000601,2026-02-22,4.53,159,30
U015519,C000501,2025-11-26,0.51,283,33
U015520,C000739,2026-03-23,2.88,98,46
U015521,C000521,2025-12-03,1.62,102,98
U015522,C000036,2026-01-23,4.14,75,12
U015523,C000179,2026-05-20,4.78,264,90
U015524,C000223,2026-01-30,0.97,25,62
U015525,C000153,2025-10-03,0.37,72,13
U015526,C000703,2025-11-14,4.99,183,62
U015527,C000873,2026-08-01,1.02,145,87
U015528,C000470,2026-05-16,4.35,65,30
U015529,C000274,2026-06-20,1.59,109,56
U015530,C000068,2025-10-25,2.93,10,62
U015531,C000923,2025-11-17,2.78,289,30
U015532,C000431,2026-07-03,4.75,100,97
U015533,C000519,2025-12-14,1.68,164,61
U015534,C000676,2026-01-24,4.03,258,71
U015535,C000168,2026-03-15,2.85,195,82
U015536,C000650,2026-08-20,1.54,34,74
U015537,C000466,2026-07-26,3.68,224,43
U015538,C000553,2026-01-21,4.3,76,76
U015539,C000061,2026-06-15,4.01,205,69
U015540,C000943,2026-08-22,1.11,252,35
U015541,C000511,2025-11-20,0.29,115,23
U015542,C000552,2025-12-29,2.17,31,94
U015543,C000834,2026-01-28,1.62,0,61
U015544,C000252,2026-01-24,0.66,24,27
U015545,C000060,2025-10-07,4.74,5,53
U015546,C000693,2026-06-21,1.37,233,37
U015547,C000979,2025-11-11,2.46,68,79
U015548,C000299,2025-10-21,2.57,197,76
U015549,C000848,2025-12-08,0.92,37,5
U015550,C000003,2025-12-27,1.09,43,31
U015551,C000721,2026-03-05,3.84,249,46
U015552,C000033,2025-11-14,3.61,291,12
U015553,C000897,2026-07-15,1.58,260,37
U015554,C000475,2025-11-24,4.36,39,2
U015555,C000113,2025-10-23,1.2,221,61
U015556,C000694,2025-10-07,4.03,188,37
U015557,C000269,2026-06-14,1.7,196,3
U015558,C000159,2026-05-13,1.3,227,39
U015559,C000175,2026-05-19,2.98,143,17
U015560,C000745,2026-03-11,4.0,77,81
U015561,C000899,2026-02-16,4.19,271,40
U015562,C000824,2025-10-28,2.22,79,3
U015563,C000410,2026-08-31,1.85,225,59
U015564,C000230,2026-03-03,3.66,196,15
U015565,C000960,2025-10-11,2.38,195,42
U015566,C000976,2026-03-28,3.54,0,64
U015567,C000073,2026-07-16,2.03,163,56
U015568,C000822,2026-09-03,3.97,123,15
U015569,C000904,2026-08-01,4.25,239,33
U015570,C000375,2026-06-15,2.43,186,14
U015571,C000441,2025-11-01,1.87,202,96
U015572,C000658,2026-07-10,3.46,152,79
U015573,C000178,2026-09-15,2.69,111,91
U015574,C000366,2025-11-06,1.2,274,58
U015575,C000114,2026-08-02,1.15,156,70
U015576,C000969,2026-02-03,2.4,60,90
U015577,C000543,2026-08-17,4.27,125,18
U015578,C000588,2026-01-08,2.85,88,85
U015579,C000242,2026-02-06,4.9,19,68
U015580,C000313,2026-09-17,4.89,256,39
U015581,C000099,2025-09-30,4.99,46,40
U015582,C000938,2026-02-15,2.74,251,65
U015583,C000576,2026-06-29,0.93,198,37
U015584,C000307,2025-10-29,3.52,123,4
U015585,C000182,2025-10-23,2.84,82,39
U015586,C000223,2025-12-15,0.17,62,9
U015587,C000219,2025-11-09,2.31,282,48
U015588,C000952,2025-11-18,2.16,145,57
U015589,C000832,2026-06-26,1.06,130,25
U015590,C000827,2025-10-31,3.26,228,88
U015591,C000370,2026-09-18,0.2,154,68
U015592,C000223,2026-05-31,0.66,85,17
U015593,C000081,2026-01-11,0.25,286,18
U015594,C000813,2026-05-07,3.96,81,43
U015595,C000812,2026-05-26,1.81,220,25
U015596,C000550,2025-12-15,2.77,147,73
U015597,C000260,2026-05-19,3.06,17,38
U015598,C000155,2026-02-14,0.5,104,61
U015599,C000021,2026-07-09,1.52,157,44
U015600,C000868,2026-03-07,2.09,119,87
U015601,C000135,2026-02-19,4.98,171,6
U015602,C000976,2026-06-10,1.48,95,60
U015603,C000845,2026-01-31,0.84,37,33
U015604,C000134,2025-11-07,2.14,100,94
U015605,C000561,2026-09-15,2.94,176,1
U015606,C000345,2026-07-09,0.85,53,3
U015607,C000558,2026-08-26,3.62,52,79
U015608,C000409,2026-07-05,4.14,34,94
U015609,C000772,2026-08-02,0.48,144,31
U015610,C000779,2026-07-26,3.71,134,20
U015611,C000450,2025-10-22,2.85,268,19
U015612,C000989,2025-12-29,2.4,283,15
U015613,C000426,2025-11-05,2.72,258,82
U015614,C000753,2025-11-19,4.09,14,80
U015615,C000735,2026-07-13,2.45,44,72
U015616,C000037,2025-09-26,4.54,34,97
U015617,C000570,2026-05-14,1.32,116,11
U015618,C000322,2026-05-22,2.73,238,69
U015619,C000408,2025-10-25,4.63,92,20
U015620,C000878,2026-02-13,0.38,35,17
U015621,C000850,2026-03-11,4.46,233,58
U015622,C000550,2025-10-13,0.45,139,38
U015623,C000536,2026-09-08,4.06,258,94
U015624,C000814,2025-10-23,3.73,118,88
U015625,C000075,2026-05-18,0.22,262,29
U015626,C000479,2026-08-18,2.24,262,78
U015627,C000573,2026-04-13,1.42,132,96
U015628,C000066,2026-08-10,1.19,207,66
U015629,C000741,2026-03-31,3.21,8,13
U015630,C000761,2025-11-26,1.24,42,13
U015631,C000748,2026-08-07,4.15,280,45
U015632,C000516,2026-02-23,0.28,299,25
U015633,C000713,2025-10-31,3.2,173,65
U015634,C000287,2026-01-22,1.2,7,13
U015635,C000813,2025-11-04,3.72,219,70
U015636,C000545,2025-10-27,2.14,178,43
U015637,C000064,2025-12-01,2.19,194,44
U015638,C000715,2026-01-22,2.63,45,73
U015639,C000757,2026-01-24,0.72,288,82
U015640,C000987,2026-02-15,4.94,238,19
U015641,C000187,2025-12-21,0.7,186,50
U015642,C000476,2025-10-08,4.03,79,57
U015643,C000297,2026-01-18,4.3,244,57
U015644,C000939,2026-02-15,1.11,286,44
U015645,C000360,2026-01-07,1.18,70,8
U015646,C000689,2026-02-26,3.62,250,87
U015647,C000952,2026-09-10,4.99,54,66
U015648,C000981,2026-02-16,2.1,125,79
U015649,C000877,2025-12-12,3.66,33,47
U015650,C000051,2026-04-19,2.22,296,39
U015651,C000101,2026-08-09,3.12,283,23
U015652,C000738,2025-12-08,1.58,284,24
U015653,C000808,2025-12-22,0.4,236,67
U015654,C000997,2026-09-21,2.24,30,63
U015655,C000748,2026-02-16,1.06,5,83
U015656,C000737,2026-09-01,3.11,88,69
U015657,C000376,2026-03-30,4.21,201,2
U015658,C000365,2026-09-01,1.13,1,56
U015659,C000140,2026-03-13,3.41,293,27
U015660,C000737,2026-09-12,2.87,113,6
U015661,C000215,2026-06-14,2.06,30,95
U015662,C000502,2025-10-26,3.33,152,17
U015663,C000467,2026-03-24,2.29,24,45
U015664,C000768,2025-10-11,4.29,72,29
U015665,C000826,2026-05-04,0.27,181,15
U015666,C000350,2026-09-02,2.52,147,61
U015667,C000209,2026-06-15,4.56,175,34
U015668,C000870,2026-07-21,0.87,192,66
U015669,C000719,2026-02-27,1.13,148,72
U015670,C000413,2025-11-25,3.07,189,51
U015671,C000464,2026-05-07,2.3,28,80
U015672,C000714,2026-02-07,1.46,276,80
U015673,C000547,2026-03-07,2.41,235,48
U015674,C000186,2026-01-08,2.41,99,62
U015675,C000115,2026-09-07,0.68,86,59
U015676,C000147,2026-03-20,1.86,136,94
U015677,C000668,2026-04-06,0.29,45,89
U015678,C000632,2026-05-28,1.74,95,17
U015679,C000578,2026-03-24,0.78,110,15
U015680,C000924,2026-08-11,1.96,42,43
U015681,C000905,2026-05-20,0.12,242,72
U015682,C000921,2025-10-16,4.81,252,40
U015683,C000927,2026-07-29,4.22,142,7
U015684,C000364,2026-06-09,1.78,120,90
U015685,C000853,2026-02-05,1.84,32,2
U015686,C000570,2026-06-03,2.29,164,94
U015687,C000355,2026-02-27,2.74,87,48
U015688,C000932,2026-06-22,1.78,248,100
U015689,C000160,2026-09-08,1.82,111,97
U015690,C000627,2026-04-10,3.04,52,14
U015691,C000080,2026-09-10,2.71,17,68
U015692,C000516,2026-08-11,2.17,196,44
U015693,C000954,2026-01-13,0.76,182,31
U015694,C000716,2026-07-22,4.57,145,47
U015695,C000839,2026-03-18,2.7,153,6
U015696,C000607,2026-09-04,1.4,112,58
U015697,C000336,2026-05-03,4.19,169,98
U015698,C000097,2026-08-25,2.0,274,86
U015699,C000754,2026-08-17,1.31,190,8
U015700,C000922,2026-02-16,3.72,287,67
U015701,C000091,2025-12-01,2.01,221,36
U015702,C000618,2026-08-12,3.68,289,90
U015703,C000806,2026-09-09,0.21,269,25
U015704,C000065,2025-12-08,4.07,267,75
U015705,C000364,2025-10-13,4.89,44,59
U015706,C000813,2026-08-30,0.56,297,10
U015707,C000666,2026-03-15,3.91,247,89
U015708,C000326,2026-04-01,4.35,112,93
U015709,C000649,2025-10-17,1.34,240,21
U015710,C000603,2025-11-26,3.61,277,71
U015711,C000456,2026-05-28,2.29,140,11
U015712,C000079,2026-03-24,2.92,225,75
U015713,C000585,2025-12-23,3.41,95,60
U015714,C000825,2026-08-18,0.12,87,8
U015715,C000437,2026-01-28,2.56,276,83
U015716,C000895,2026-01-24,3.69,96,43
U015717,C000458,2026-05-28,3.09,242,14
U015718,C000769,2026-02-11,3.35,99,9
U015719,C000381,2025-11-13,1.3,62,83
U015720,C000901,2025-10-28,2.35,31,85
U015721,C000255,2026-08-06,3.89,10,10
U015722,C000208,2026-07-05,1.58,37,56
U015723,C000500,2025-12-08,2.21,271,23
U015724,C000865,2025-10-04,1.1,43,43
U015725,C000793,2026-09-20,0.92,29,7
U015726,C000310,2026-01-04,3.41,300,82
U015727,C000472,2026-07-03,3.66,46,83
U015728,C000097,2026-09-10,3.1,140,43
U015729,C000026,2025-12-10,2.01,45,79
U015730,C000362,2026-03-09,4.77,156,73
U015731,C000204,2025-10-20,3.51,161,51
U015732,C000574,2026-02-20,0.96,107,8
U015733,C000437,2026-04-20,2.65,39,13
U015734,C000181,2025-12-13,0.76,260,14
U015735,C000007,2026-08-26,2.68,132,43
U015736,C000640,2026-04-17,1.21,267,94
U015737,C000403,2026-01-12,0.78,200,32
U015738,C000472,2026-07-28,4.37,113,3
U015739,C000182,2025-11-15,4.06,56,43
U015740,C000657,2026-02-15,3.68,9,10
U015741,C000066,2026-05-08,0.78,203,61
U015742,C000038,2026-09-04,4.72,84,29
U015743,C000724,2026-08-26,1.49,219,94
U015744,C000014,2026-01-01,4.83,262,50
U015745,C000979,2025-10-14,0.73,280,26
U015746,C000245,2025-10-04,3.57,156,78
U015747,C000261,2025-10-20,2.89,115,72
U015748,C000433,2026-07-18,2.25,100,39
U015749,C000246,2026-03-06,0.28,237,22
U015750,C000094,2026-08-15,3.33,196,68
U015751,C000601,2025-12-11,0.56,198,73
U015752,C000637,2025-10-01,2.47,161,64
U015753,C000389,2026-06-11,2.05,118,24
U015754,C000194,2025-11-16,1.77,186,99
U015755,C000037,2025-10-19,4.08,97,57
U015756,C000125,2026-08-31,4.88,154,80
U015757,C000700,2025-12-18,4.95,241,67
U015758,C000773,2025-11-21,1.99,0,62
U015759,C000185,2026-07-12,4.76,270,57
U015760,C000706,2026-09-14,2.92,165,88
U015761,C000850,2026-01-06,1.28,18,13
U015762,C000715,2026-04-16,1.77,128,52
U015763,C000673,2025-12-31,2.13,298,40
U015764,C000235,2026-07-21,1.36,69,59
U015765,C000760,2025-12-15,2.28,187,5
U015766,C000836,2025-11-21,1.98,184,35
U015767,C000944,2026-04-20,3.05,66,74
U015768,C000948,2026-01-12,2.71,171,13
U015769,C000160,2026-05-19,3.69,296,97
U015770,C000265,2026-05-13,1.3,38,99
U015771,C000331,2026-08-24,0.76,206,72
U015772,C000270,2026-07-19,3.49,2,38
U015773,C000789,2026-03-14,3.03,50,68
U015774,C000194,2026-01-10,3.82,115,2
U015775,C000459,2025-11-05,0.41,52,38
U015776,C000751,2026-01-18,0.69,182,8
U015777,C000376,2025-11-17,2.54,179,47
U015778,C000663,2026-09-08,1.56,216,43
U015779,C000720,2025-10-08,2.89,136,14
U015780,C000029,2025-11-01,2.23,91,16
U015781,C000255,2025-11-22,0.56,112,100
U015782,C000669,2026-01-24,0.51,203,1
U015783,C000083,2026-02-18,4.22,41,41
U015784,C000151,2026-03-22,4.6,285,25
U015785,C000367,2026-02-01,2.09,223,66
U015786,C000875,2026-04-24,2.39,41,73
U015787,C000539,2026-08-18,0.22,163,60
U015788,C000653,2026-09-02,0.81,130,35
U015789,C000678,2025-12-11,1.46,165,20
U015790,C000425,2026-08-19,2.84,120,73
U015791,C000379,2026-09-13,2.41,125,20
U015792,C000619,2026-07-05,4.32,276,75
U015793,C000148,2026-06-20,0.51,226,89
U015794,C000113,2026-07-27,1.73,170,33
U015795,C000831,2026-02-21,4.84,43,34
U015796,C000579,2026-05-14,4.0,250,11
U015797,C000025,2026-02-22,2.95,110,10
U015798,C000728,2025-12-09,1.03,16,68
U015799,C000769,2026-02-05,2.05,240,27
U015800,C000238,2026-06-23,4.92,95,97
U015801,C000336,2026-05-05,1.03,25,29
U015802,C000992,2026-08-28,3.77,266,74
U015803,C000581,2026-05-15,4.92,1,48
U015804,C000813,2026-04-17,0.67,37,84
U015805,C000511,2025-12-28,2.19,219,21
U015806,C000780,2026-06-19,0.14,190,58
U015807,C000782,2025-12-09,2.13,194,44
U015808,C000207,2026-08-26,1.1,288,96
U015809,C000386,2026-05-19,4.31,58,19
U015810,C000788,2026-06-14,4.9,61,8
U015811,C000198,2026-09-03,3.93,98,24
U015812,C000058,2025-11-12,2.8,108,99
U015813,C000082,2025-10-09,3.39,204,54
U015814,C000754,2025-10-25,0.25,35,48
U015815,C000168,2026-05-16,3.61,137,98
U015816,C000311,2026-07-17,2.74,69,92
U015817,C000471,2026-09-17,1.09,4,69
U015818,C000343,2025-11-14,3.82,250,29
U015819,C000643,2026-01-21,1.53,196,77
U015820,C000126,2025-10-19,0.54,213,35
U015821,C000694,2026-04-04,1.99,64,62
U015822,C000841,2026-06-10,4.66,204,43
U015823,C000168,2026-02-28,1.29,19,24
U015824,C000152,2026-03-02,0.57,264,49
U015825,C000019,2026-01-21,1.55,66,19
U015826,C000186,2026-06-04,4.33,147,30
U015827,C000914,2025-11-04,1.29,194,57
U015828,C000756,2026-05-06,2.59,191,30
U015829,C000157,2026-02-19,3.92,266,46
U015830,C000884,2025-10-01,1.56,142,17
U015831,C000647,2026-02-05,2.37,221,97
U015832,C000858,2026-01-07,0.46,49,51
U015833,C000774,2026-02-22,1.41,190,31
U015834,C000211,2026-07-23,2.72,178,67
U015835,C000208,2026-02-15,1.23,261,8
U015836,C000673,2026-01-25,4.42,189,5
U015837,C000256,2025-11-20,2.29,143,68
U015838,C000253,2026-07-23,4.04,185,90
U015839,C000283,2026-05-26,3.42,244,17
U015840,C000543,2026-07-15,1.52,293,60
U015841,C000727,2026-01-18,3.73,205,22
U015842,C000712,2026-01-08,0.66,283,80
U015843,C000423,2025-12-26,2.25,61,8
U015844,C000354,2025-12-14,1.57,199,88
U015845,C000925,2026-02-20,1.55,90,42
U015846,C000420,2025-10-11,3.29,0,35
U015847,C000686,2026-03-23,2.03,282,5
U015848,C000362,2026-09-09,1.12,136,46
U015849,C000944,2025-10-15,1.57,147,96
U015850,C000434,2026-04-25,3.51,61,3
U015851,C000082,2026-03-10,3.21,85,84
U015852,C000979,2026-07-10,4.32,39,60
U015853,C000171,2026-05-23,2.33,122,16
U015854,C000073,2025-11-17,4.54,279,100
U015855,C000760,2026-07-29,4.38,23,23
U015856,C000527,2026-08-13,2.37,8,86
U015857,C000962,2026-04-08,0.26,32,28
U015858,C000837,2026-02-15,2.76,238,62
U015859,C000781,2026-03-15,4.08,77,13
U015860,C000692,2026-02-26,2.55,35,11
U015861,C000670,2026-04-23,2.84,1,78
U015862,C000038,2025-11-11,0.5,147,77
U015863,C000131,2026-06-22,3.05,83,45
U015864,C000327,2026-06-30,4.44,74,78
U015865,C000337,2025-10-12,2.3,20,6
U015866,C000376,2025-10-06,2.26,170,42
U015867,C000148,2026-02-20,3.72,223,83
U015868,C000897,2026-05-04,1.56,287,19
U015869,C000494,2026-07-20,3.03,143,87
U015870,C000073,2026-02-25,0.93,132,66
U015871,C000334,2026-03-26,2.93,158,34
U015872,C000944,2026-01-17,0.53,122,67
U015873,C000014,2026-03-16,0.37,161,86
U015874,C000003,2026-03-01,0.18,278,26
U015875,C000946,2026-03-22,4.66,115,51
U015876,C000368,2026-07-05,3.37,290,98
U015877,C000884,2025-11-08,3.2,105,60
U015878,C000267,2025-12-26,2.5,33,74
U015879,C000811,2026-06-05,0.65,188,30
U015880,C000781,2025-09-28,1.7,167,38
U015881,C000773,2026-04-20,2.49,153,95
U015882,C000171,2026-06-15,3.02,279,24
U015883,C000909,2026-02-24,2.96,172,58
U015884,C000767,2026-06-24,3.61,4,69
U015885,C000601,2025-11-10,1.2,247,18
U015886,C000494,2025-11-13,3.35,131,64
U015887,C000306,2026-06-12,3.88,220,28
U015888,C000307,2026-06-07,0.16,112,72
U015889,C000845,2026-01-13,2.31,244,47
U015890,C000686,2025-10-01,1.34,108,98
U015891,C000128,2026-07-19,0.55,61,90
U015892,C000790,2026-04-21,1.85,65,65
U015893,C000275,2026-02-08,2.6,29,36
U015894,C000471,2026-04-20,4.18,25,86
U015895,C000161,2026-09-07,3.35,284,69
U015896,C000647,2026-07-03,2.35,86,45
U015897,C000267,2026-02-19,0.26,243,65
U015898,C000180,2026-08-03,2.55,99,61
U015899,C000531,2026-07-01,2.66,173,46
U015900,C000273,2026-06-16,1.59,158,92
U015901,C000011,2025-11-04,1.82,75,15
U015902,C000132,2025-10-08,3.85,57,92
U015903,C000196,2025-09-28,1.66,33,96
U015904,C000942,2026-07-28,1.52,47,52
U015905,C000191,2025-10-24,0.14,267,2
U015906,C000814,2025-12-31,2.82,222,4
U015907,C000402,2026-09-20,2.48,39,30
U015908,C000636,2025-12-16,3.15,285,18
U015909,C000160,2026-04-13,2.97,135,6
U015910,C000135,2026-09-21,2.6,204,39
U015911,C000713,2025-10-15,0.52,267,21
U015912,C000512,2026-09-04,1.86,94,20
U015913,C000562,2026-02-06,4.97,240,46
U015914,C000624,2025-10-17,3.67,136,56
U015915,C000009,2025-10-13,0.62,149,0
U015916,C000986,2026-01-10,1.2,116,80
U015917,C000099,2026-07-14,0.44,21,66
U015918,C000737,2025-12-16,0.39,104,81
U015919,C000469,2026-04-23,0.84,42,90
U015920,C000941,2026-01-29,2.54,241,14
U015921,C000932,2026-02-01,3.11,97,24
U015922,C000291,2025-12-30,2.32,146,44
U015923,C000208,2026-05-18,4.19,88,54
U015924,C000848,2025-10-24,0.87,6,74
U015925,C000496,2026-03-27,0.25,203,93
U015926,C000853,2026-03-15,3.87,30,100
U015927,C000010,2026-08-20,2.54,200,43
U015928,C000242,2026-01-19,2.96,143,10
U015929,C000672,2026-09-19,2.99,212,54
U015930,C000075,2025-12-02,0.14,63,79
U015931,C000755,2026-01-23,0.8,223,7
U015932,C000198,2025-12-06,1.92,186,21
U015933,C000590,2025-11-12,4.19,33,100
U015934,C000361,2025-10-18,3.7,20,55
U015935,C000265,2026-04-24,2.75,208,85
U015936,C000565,2025-09-23,2.61,47,78
U015937,C000499,2026-04-02,3.46,223,90
U015938,C000493,2026-08-27,3.74,137,22
U015939,C000951,2026-09-22,0.54,73,58
U015940,C000899,2026-06-09,0.88,89,9
U015941,C000899,2026-09-14,4.89,62,87
U015942,C000566,2026-06-30,4.23,256,14
U015943,C000255,2026-09-18,0.94,167,32
U015944,C000691,2026-03-30,0.88,236,49
U015945,C000760,2025-11-25,0.44,34,9
U015946,C000741,2025-11-27,3.36,72,36
U015947,C000467,2026-03-22,1.59,20,85
U015948,C000815,2025-09-27,3.86,89,81
U015949,C000710,2026-08-01,1.29,258,5
U015950,C000872,2026-04-15,4.3,220,84
U015951,C000868,2026-05-09,1.59,297,76
U015952,C000338,2026-06-26,3.49,142,62
U015953,C000070,2026-06-25,3.71,154,31
U015954,C000854,2026-06-16,3.4,182,25
U015955,C000227,2025-11-05,0.96,225,92
U015956,C000530,2026-03-31,2.55,127,26
U015957,C000341,2026-09-20,1.23,247,7
U015958,C000462,2026-07-22,3.6,286,99
U015959,C000155,2025-12-10,3.6,86,7
U015960,C000354,2026-03-30,1.19,232,46
U015961,C000776,2025-12-25,1.83,152,100
U015962,C000286,2026-03-03,2.07,269,26
U015963,C000837,2026-06-12,2.61,148,38
U015964,C000241,2026-07-27,3.35,54,68
U015965,C000597,2025-11-14,4.58,60,74
U015966,C000186,2025-11-27,1.69,71,67
U015967,C000537,2026-07-01,1.03,44,37
U015968,C000804,2026-01-02,2.4,38,18
U015969,C000297,2025-11-02,2.47,280,60
U015970,C000391,2026-02-16,2.17,270,40
U015971,C000731,2025-11-13,1.41,164,81
U015972,C000396,2026-03-17,4.3,238,2
U015973,C000943,2026-01-23,0.74,62,48
U015974,C000148,2026-03-09,2.31,238,35
U015975,C000531,2026-06-16,2.06,183,71
U015976,C000226,2026-05-09,4.39,275,94
U015977,C000482,2026-08-29,4.37,41,46
U015978,C000894,2026-07-05,1.28,210,49
U015979,C000208,2026-01-28,0.92,49,31
U015980,C000251,2025-12-15,1.42,198,11
U015981,C000589,2026-07-13,0.43,176,96
U015982,C000522,2026-01-11,1.75,290,10
U015983,C000039,2026-07-24,3.84,222,78
U015984,C000204,2026-01-15,0.3,129,73
U015985,C000627,2026-08-05,0.64,176,33
U015986,C000113,2026-01-02,2.76,88,90
U015987,C000024,2026-09-02,0.36,209,26
U015988,C000081,2025-11-11,4.09,255,47
U015989,C000524,2026-03-08,3.01,0,47
U015990,C000816,2026-03-02,3.31,254,5
U015991,C000921,2025-11-11,3.97,67,43
U015992,C000656,2026-04-30,2.19,4,60
U015993,C000355,2026-02-09,3.52,197,82
U015994,C000957,2026-04-29,1.97,56,83
U015995,C000796,2026-06-11,0.43,141,98
U015996,C000235,2026-04-16,1.53,235,6
U015997,C000210,2026-05-17,2.96,206,70
U015998,C000366,2026-05-14,4.97,75,42
U015999,C000536,2026-01-16,3.55,225,67
U016000,C000318,2026-03-05,0.3,96,40
U016001,C000589,2026-01-15,3.64,64,13
U016002,C000421,2026-06-22,4.42,64,87
U016003,C000186,2026-08-13,0.85,231,40
U016004,C000822,2026-01-24,4.86,287,90
U016005,C000082,2025-12-15,2.65,237,34
U016006,C000084,2026-07-31,3.81,42,42
U016007,C000620,2026-09-17,3.33,281,40
U016008,C000976,2026-09-21,0.64,128,96
U016009,C000948,2026-02-09,4.03,221,99
U016010,C000594,2025-10-16,3.23,201,57
U016011,C000967,2026-03-30,4.28,166,56
U016012,C000457,2025-09-24,1.27,69,21
U016013,C000726,2025-10-11,0.74,272,85
U016014,C000294,2026-08-26,1.02,66,10
U016015,C000626,2026-06-01,2.12,277,15
U016016,C000905,2026-03-27,1.14,115,45
U016017,C000381,2025-12-23,4.89,143,12
U016018,C000027,2026-06-21,4.18,11,49
U016019,C000728,2026-02-24,3.08,229,33
U016020,C000221,2025-11-29,0.94,169,0
U016021,C000961,2025-11-16,1.32,133,24
U016022,C000087,2026-06-04,2.48,13,20
U016023,C000805,2026-04-07,0.61,293,13
U016024,C000797,2026-03-04,1.07,4,24
U016025,C000103,2025-12-08,4.73,20,24
U016026,C000359,2026-05-13,2.89,298,53
U016027,C000274,2026-06-21,2.31,90,83
U016028,C000064,2025-09-28,2.34,43,63
U016029,C000721,2026-04-21,0.55,141,57
U016030,C000184,2026-06-02,4.5,243,16
U016031,C000480,2026-03-22,2.31,65,95
U016032,C000905,2025-11-18,0.32,115,26
U016033,C000980,2025-09-26,4.6,279,54
U016034,C000031,2026-07-22,2.03,11,72
U016035,C000160,2026-08-07,4.77,68,68
U016036,C000903,2026-01-26,0.78,293,70
U016037,C000898,2025-11-08,1.04,118,73
U016038,C000115,2026-03-24,4.08,13,74
U016039,C000869,2025-11-04,4.9,113,40
U016040,C000136,2026-05-29,4.33,185,51
U016041,C000180,2026-06-19,3.9,3,95
U016042,C000339,2025-10-04,3.9,119,23
U016043,C000522,2026-04-15,3.52,268,44
U016044,C000063,2026-02-21,2.98,36,77
U016045,C000541,2026-06-12,3.8,91,84
U016046,C000476,2025-11-13,1.87,198,43
U016047,C000998,2026-01-15,4.26,192,25
U016048,C000260,2025-11-06,4.91,243,22
U016049,C000377,2026-05-02,2.36,101,30
U016050,C000929,2026-06-26,4.95,222,47
U016051,C000016,2025-12-26,4.26,176,2
U016052,C000120,2026-01-06,1.58,289,19
U016053,C000502,2026-09-14,1.23,90,57
U016054,C000965,2026-04-17,4.89,212,26
U016055,C000947,2026-07-11,2.69,89,24
U016056,C000655,2026-01-24,2.55,29,24
U016057,C000053,2025-11-23,3.76,124,27
U016058,C000840,2026-02-20,4.39,218,43
U016059,C000469,2026-09-01,1.29,216,94
U016060,C000008,2025-12-28,4.7,213,48
U016061,C000286,2025-11-27,3.29,38,97
U016062,C000553,2026-08-08,3.39,152,50
U016063,C000244,2026-03-14,0.47,213,41
U016064,C000308,2026-08-19,2.99,236,48
U016065,C000035,2026-04-01,3.18,276,90
U016066,C000858,2026-01-30,4.28,292,7
U016067,C000920,2026-02-22,1.78,100,15
U016068,C000337,2026-05-28,4.53,31,78
U016069,C000784,2026-04-03,4.66,263,24
U016070,C000156,2025-10-16,3.89,289,11
U016071,C000419,2026-09-22,1.42,267,36
U016072,C000544,2026-02-09,4.99,200,9
U016073,C000426,2026-05-22,2.96,115,34
U016074,C000815,2025-11-22,2.55,188,8
U016075,C000554,2026-03-24,4.4,246,47
U016076,C000181,2026-06-03,2.25,140,12
U016077,C000978,2026-09-03,3.72,47,75
U016078,C000568,2026-04-22,4.35,183,66
U016079,C000684,2026-03-13,2.51,1,65
U016080,C000231,2025-10-30,1.32,208,84
U016081,C000959,2025-10-31,3.05,270,20
U016082,C000955,2025-11-05,3.03,42,38
U016083,C000072,2026-07-03,2.66,157,31
U016084,C000267,2026-05-31,4.49,7,81
U016085,C000704,2026-05-22,3.05,283,57
U016086,C000012,2025-09-26,3.06,32,77
U016087,C000926,2025-10-18,2.1,232,22
U016088,C000320,2026-03-07,1.27,265,0
U016089,C000329,2025-11-13,0.17,203,72
U016090,C000192,2026-04-27,1.71,201,35
U016091,C000570,2026-08-25,0.14,231,28
U016092,C000915,2026-06-21,3.2,260,88
U016093,C000413,2026-07-17,4.65,266,69
U016094,C000731,2025-11-01,0.87,177,95
U016095,C000198,2026-06-10,0.87,63,16
U016096,C000140,2026-04-23,3.04,21,64
U016097,C000273,2025-10-24,1.06,116,52
U016098,C000007,2026-04-24,4.12,23,90
U016099,C000711,2026-03-24,0.83,274,4
U016100,C000996,2026-03-24,4.08,228,100
U016101,C000390,2026-05-21,4.12,78,96
U016102,C000439,2025-12-08,4.05,29,44
U016103,C000710,2026-08-13,1.57,143,29
U016104,C000182,2025-10-18,2.34,88,100
U016105,C000059,2026-04-18,3.66,250,35
U016106,C000903,2025-11-22,2.57,200,49
U016107,C000660,2025-11-22,4.49,165,86
U016108,C000870,2026-08-19,2.63,158,41
U016109,C000615,2025-11-02,3.96,252,57
U016110,C000441,2025-12-19,3.6,212,44
U016111,C000715,2025-10-15,4.16,59,55
U016112,C000732,2026-02-07,1.25,204,63
U016113,C000603,2026-07-17,2.56,280,58
U016114,C000772,2026-08-23,1.83,187,88
U016115,C000729,2026-05-05,2.93,180,41
U016116,C000023,2026-06-20,0.53,170,6
U016117,C000495,2026-03-20,2.23,36,75
U016118,C000684,2025-12-08,2.37,237,42
U016119,C000956,2026-04-10,0.64,79,4
U016120,C000655,2025-12-08,1.8,274,72
U016121,C000930,2026-03-08,4.78,64,42
U016122,C000604,2025-11-04,4.95,254,60
U016123,C000926,2026-04-29,3.9,122,53
U016124,C000015,2026-04-13,3.04,272,30
U016125,C000106,2026-04-11,2.76,58,32
U016126,C000867,2026-03-15,3.76,259,90
U016127,C000764,2026-05-03,1.06,259,84
U016128,C000624,2026-09-11,0.73,67,89
U016129,C000774,2026-04-01,2.55,3,12
U016130,C000808,2026-08-29,0.91,91,61
U016131,C000947,2026-03-16,2.82,189,44
U016132,C000562,2026-07-25,0.96,248,7
U016133,C000398,2026-03-05,1.1,264,61
U016134,C000844,2026-02-12,2.36,275,12
U016135,C000542,2025-10-07,3.85,113,58
U016136,C000911,2026-03-10,0.94,209,82
U016137,C000466,2026-02-13,3.0,85,54
U016138,C000590,2026-03-07,4.52,206,9
U016139,C000037,2025-10-11,2.16,53,49
U016140,C000646,2026-03-04,2.47,300,43
U016141,C000637,2026-04-20,4.64,292,85
U016142,C000185,2026-07-13,4.44,84,25
U016143,C000047,2025-11-21,4.07,231,76
U016144,C000681,2025-10-25,1.21,34,88
U016145,C000535,2025-10-28,2.4,36,35
U016146,C000730,2026-09-21,0.14,74,61
U016147,C000217,2025-12-06,0.78,206,16
U016148,C000777,2025-10-05,0.39,27,99
U016149,C000398,2026-08-27,4.63,102,31
U016150,C000487,2026-03-25,2.85,194,69
U016151,C000698,2026-08-29,1.29,195,31
U016152,C000072,2025-10-03,2.36,76,75
U016153,C000796,2026-07-22,0.21,267,87
U016154,C000103,2026-08-03,2.24,1,45
U016155,C000662,2026-06-08,1.19,254,39
U016156,C000684,2026-06-05,3.19,240,80
U016157,C000077,2026-03-09,3.6,119,64
U016158,C000388,2026-03-15,1.59,288,53
U016159,C000409,2026-06-19,0.99,86,8
U016160,C000206,2026-03-26,2.21,101,29
U016161,C000182,2025-11-20,2.63,247,85
U016162,C000868,2026-08-24,1.6,70,37
U016163,C000702,2026-09-04,0.57,144,100
U016164,C000797,2026-04-19,0.64,210,65
U016165,C000463,2026-02-18,1.31,97,48
U016166,C000541,2025-09-30,1.86,181,19
U016167,C000948,2026-01-24,4.06,157,94
U016168,C000825,2026-02-28,3.84,166,23
U016169,C000133,2025-09-24,2.04,204,3
U016170,C000134,2025-12-31,1.71,137,20
U016171,C000200,2026-09-14,2.27,229,100
U016172,C000140,2025-10-20,2.95,57,62
U016173,C000391,2026-04-13,3.87,91,40
U016174,C000200,2026-05-06,0.42,137,26
U016175,C000765,2026-01-05,1.3,268,11
U016176,C000906,2025-11-28,1.87,108,87
U016177,C000974,2026-03-12,0.92,150,29
U016178,C000156,2025-12-26,3.88,47,48
U016179,C000986,2026-06-13,1.61,84,7
U016180,C000152,2026-06-24,3.98,1,44
U016181,C000232,2026-05-30,4.75,127,73
U016182,C000754,2025-10-20,1.5,84,21
U016183,C000741,2026-04-05,0.88,277,98
U016184,C000183,2026-08-13,4.69,47,24
U016185,C000674,2025-11-13,1.47,284,30
U016186,C000709,2025-11-16,0.11,190,94
U016187,C000934,2025-12-28,1.15,53,28
U016188,C000508,2025-10-25,1.29,87,31
U016189,C000071,2025-10-14,4.63,155,11
U016190,C000676,2026-03-05,0.28,190,0
U016191,C000642,2026-09-10,0.46,227,63
U016192,C000538,2026-04-23,0.74,45,49
U016193,C000215,2025-11-22,3.54,115,6
U016194,C000421,2025-12-11,4.65,203,30
U016195,C000075,2026-02-06,0.47,142,54
U016196,C000811,2025-12-08,2.26,108,2
U016197,C000819,2026-01-15,1.8,150,34
U016198,C000553,2025-11-09,1.83,269,36
U016199,C000180,2025-10-14,2.29,267,97
U016200,C000643,2026-01-31,0.15,48,15
U016201,C000510,2025-10-07,4.11,154,74
U016202,C000067,2025-10-08,3.52,265,6
U016203,C000336,2026-08-15,2.06,287,45
U016204,C000970,2025-11-24,4.73,134,62
U016205,C000262,2026-02-09,0.12,231,82
U016206,C000538,2025-10-25,0.59,110,17
U016207,C000590,2026-07-21,2.46,89,32
U016208,C000928,2026-01-07,0.25,199,45
U016209,C000685,2026-07-26,2.34,38,76
U016210,C000898,2026-06-12,3.5,182,6
U016211,C000970,2025-11-07,2.35,38,67
U016212,C000811,2026-09-20,2.53,30,9
U016213,C000643,2026-08-12,2.57,148,49
U016214,C000736,2025-11-29,1.64,159,25
U016215,C000559,2026-03-28,3.33,149,28
U016216,C000803,2026-03-11,1.75,182,48
U016217,C000586,2026-07-16,3.34,61,28
U016218,C000647,2025-11-28,0.57,93,69
U016219,C000763,2025-12-10,0.55,138,33
U016220,C000301,2025-12-21,0.84,198,3
U016221,C000617,2026-03-11,1.66,223,46
U016222,C000442,2026-03-18,3.69,194,48
U016223,C000239,2026-06-23,3.48,119,10
U016224,C000052,2026-04-17,4.07,88,74
U016225,C000907,2026-05-19,0.74,42,68
U016226,C000437,2025-12-25,3.84,176,6
U016227,C000419,2026-04-25,3.43,265,95
U016228,C000191,2026-04-20,3.96,13,72
U016229,C000119,2025-11-21,3.1,39,66
U016230,C000698,2026-02-01,0.7,209,77
U016231,C000261,2026-06-28,1.1,44,15
U016232,C000295,2026-04-26,0.57,7,75
U016233,C000546,2026-01-18,0.11,257,87
U016234,C000328,2025-10-19,3.68,24,81
U016235,C000559,2026-07-04,2.18,208,41
U016236,C000642,2026-08-06,4.88,174,72
U016237,C000648,2026-06-08,0.51,11,48
U016238,C000467,2026-08-22,0.44,96,42
U016239,C000648,2026-01-12,2.33,60,28
U016240,C000352,2026-08-16,1.1,33,67
U016241,C000924,2026-04-05,4.38,293,74
U016242,C000273,2025-11-26,1.61,68,6
U016243,C000846,2026-07-02,2.43,120,90
U016244,C000441,2026-03-26,3.27,234,81
U016245,C000120,2026-02-08,2.99,84,68
U016246,C000646,2026-03-10,3.72,300,70
U016247,C000849,2026-08-17,2.47,93,82
U016248,C000747,2026-07-10,0.49,24,71
U016249,C000918,2025-12-20,2.54,224,94
U016250,C000403,2025-11-03,3.81,168,35
U016251,C000637,2025-12-24,1.84,57,52
U016252,C000078,2025-09-30,2.7,179,44
U016253,C000463,2026-03-04,1.01,234,64
U016254,C000371,2025-10-13,4.97,216,24
U016255,C000142,2025-10-19,1.33,23,76
U016256,C000586,2025-11-03,1.88,189,11
U016257,C000499,2026-04-27,3.0,187,61
U016258,C000165,2025-11-18,1.15,185,38
U016259,C000944,2025-11-23,4.37,61,56
U016260,C000075,2026-07-22,0.51,239,94
U016261,C000145,2026-05-16,2.63,96,92
U016262,C000246,2026-03-04,4.48,121,79
U016263,C000581,2026-04-07,2.03,190,28
U016264,C000832,2026-01-03,2.05,29,89
U016265,C000886,2025-12-07,1.73,20,22
U016266,C000147,2026-07-11,0.4,265,89
U016267,C000220,2026-05-11,1.17,155,37
U016268,C000516,2026-05-12,2.11,155,50
U016269,C000535,2026-03-11,4.45,44,29
U016270,C000884,2025-12-30,1.93,188,7
U016271,C000541,2026-09-19,4.01,55,45
U016272,C000674,2026-07-31,4.33,291,1
U016273,C000799,2026-01-05,2.8,275,64
U016274,C000678,2026-05-09,2.09,227,55
U016275,C000474,2025-10-22,0.96,233,46
U016276,C000043,2026-09-07,1.64,226,42
U016277,C000346,2026-05-03,1.01,199,39
U016278,C000489,2026-07-22,0.25,282,75
U016279,C000137,2026-02-26,3.19,46,54
U016280,C000089,2026-03-28,1.43,161,18
U016281,C000460,2026-07-23,3.23,253,27
U016282,C000201,2025-12-21,4.2,119,63
U016283,C000178,2025-10-29,2.52,215,45
U016284,C000237,2025-09-25,1.44,61,3
U016285,C000516,2026-04-10,3.77,206,37
U016286,C000095,2025-12-29,3.15,71,69
U016287,C000219,2026-06-16,3.46,169,21
U016288,C000188,2026-06-10,1.58,112,79
U016289,C000827,2026-03-01,3.36,158,56
U016290,C000822,2025-09-30,1.35,258,73
U016291,C000845,2026-06-26,4.02,60,36
U016292,C000053,2026-07-15,1.92,31,90
U016293,C000631,2026-05-27,1.21,38,44
U016294,C000122,2026-04-15,1.25,205,3
U016295,C000176,2025-10-15,4.09,287,79
U016296,C000555,2025-12-04,4.78,287,72
U016297,C000123,2026-08-04,2.09,220,42
U016298,C000956,2025-11-09,3.91,225,23
U016299,C000320,2026-05-09,4.59,267,13
U016300,C000907,2026-04-27,0.97,261,80
U016301,C000760,2025-12-06,4.27,6,14
U016302,C000961,2025-12-13,1.34,200,37
U016303,C000872,2025-10-28,0.96,289,67
U016304,C000413,2026-01-05,3.7,270,39
U016305,C000584,2025-11-01,4.65,300,80
U016306,C000708,2026-02-06,4.81,261,6
U016307,C000263,2026-05-30,3.64,219,92
U016308,C000018,2025-12-10,3.45,52,24
U016309,C000801,2026-04-13,3.56,35,81
U016310,C000801,2025-10-13,1.26,191,0
U016311,C000782,2025-11-23,0.44,300,90
U016312,C000080,2026-06-11,3.42,25,36
U016313,C000484,2025-12-14,2.48,256,81
U016314,C000203,2025-11-15,4.17,259,32
U016315,C000747,2026-06-10,0.15,276,76
U016316,C000097,2025-12-11,3.13,250,70
U016317,C000646,2026-04-04,4.68,182,26
U016318,C000021,2026-03-24,4.79,35,17
U016319,C000698,2025-12-10,0.4,65,85
U016320,C000556,2026-08-02,4.78,100,50
U016321,C000645,2025-11-21,2.32,263,0
U016322,C000538,2025-10-27,2.69,98,28
U016323,C000269,2026-03-06,3.51,198,48
U016324,C000388,2026-01-13,2.09,194,23
U016325,C000194,2026-07-24,1.7,88,55
U016326,C000875,2026-04-25,1.3,286,10
U016327,C000146,2025-09-25,4.94,48,46
U016328,C000743,2025-11-25,2.55,95,44
U016329,C000648,2025-10-09,4.88,270,34
U016330,C000512,2026-04-26,0.52,104,35
U016331,C000393,2026-03-29,2.73,217,57
U016332,C000460,2026-06-07,3.77,61,68
U016333,C000631,2026-01-25,2.14,72,96
U016334,C000925,2026-02-26,2.2,230,28
U016335,C000701,2026-08-19,4.42,209,11
U016336,C000128,2026-01-19,2.17,173,99
U016337,C000174,2025-11-02,3.63,7,81
U016338,C000668,2026-06-18,3.31,216,13
U016339,C000931,2026-02-09,4.69,178,58
U016340,C000469,2025-12-19,1.18,35,38
U016341,C000428,2026-04-05,4.93,258,59
U016342,C000473,2026-08-21,3.65,144,57
U016343,C000762,2025-10-12,4.0,43,25
U016344,C000631,2026-05-11,1.79,251,43
U016345,C000753,2026-03-05,4.49,174,59
U016346,C000766,2025-10-15,4.86,48,58
U016347,C000005,2025-10-28,3.02,253,62
U016348,C000566,2026-05-27,0.26,222,17
U016349,C000959,2025-10-09,4.18,132,19
U016350,C000063,2025-11-27,2.1,277,14
U016351,C000063,2026-01-26,1.34,68,49
U016352,C000212,2025-10-19,1.99,11,59
U016353,C000363,2026-04-08,4.96,289,69
U016354,C000416,2026-09-14,1.39,157,74
U016355,C000156,2026-08-22,3.07,234,44
U016356,C000777,2026-03-22,4.67,237,2
U016357,C000040,2025-10-23,1.36,3,22
U016358,C000717,2026-03-12,0.42,188,85
U016359,C000699,2025-10-26,4.22,270,18
U016360,C000780,2025-12-19,0.97,284,62
U016361,C000733,2025-12-03,4.72,118,40
U016362,C000528,2026-01-20,0.42,60,60
U016363,C000934,2025-12-13,2.99,108,17
U016364,C000873,2025-10-22,3.76,146,47
U016365,C000776,2026-04-17,2.64,227,77
U016366,C000264,2026-01-29,0.5,189,46
U016367,C000757,2025-12-18,3.1,263,61
U016368,C000681,2026-09-06,3.71,59,69
U016369,C000190,2026-04-11,2.2,241,12
U016370,C000254,2026-05-02,4.29,251,45
U016371,C000878,2025-12-17,0.91,78,91
U016372,C000142,2025-11-22,4.93,133,63
U016373,C000673,2026-08-19,4.6,245,57
U016374,C000799,2026-08-30,2.8,272,2
U016375,C000945,2026-02-07,3.75,165,68
U016376,C000673,2026-03-13,1.38,257,2
U016377,C000873,2025-12-14,2.95,281,78
U016378,C000488,2026-08-31,0.17,229,89
U016379,C000846,2025-12-21,3.5,269,9
U016380,C000180,2026-05-08,4.08,21,69
U016381,C000961,2026-06-08,4.48,140,65
U016382,C000966,2026-05-03,4.83,254,28
U016383,C000648,2025-12-24,3.24,6,17
U016384,C000646,2026-09-14,0.42,237,81
U016385,C000539,2025-11-21,2.87,77,64
U016386,C000571,2026-03-19,4.02,170,0
U016387,C000229,2026-04-17,3.28,18,20
U016388,C000258,2026-02-20,1.16,23,23
U016389,C000440,2026-02-17,2.48,257,91
U016390,C000649,2025-09-26,4.23,40,61
U016391,C000645,2026-01-15,3.51,153,46
U016392,C000934,2026-05-09,2.91,252,97
U016393,C000267,2025-09-24,2.48,286,58
U016394,C000078,2026-07-13,4.7,278,59
U016395,C000786,2026-05-20,3.66,148,50
U016396,C000084,2026-08-31,4.74,110,96
U016397,C000588,2026-09-13,0.88,101,48
U016398,C000087,2026-07-30,3.63,273,48
U016399,C000924,2026-06-28,1.97,254,44
U016400,C000393,2026-04-27,3.8,159,33
U016401,C000041,2026-03-02,1.78,241,47
U016402,C000098,2026-03-17,1.37,128,12
U016403,C000677,2026-02-26,4.17,111,71
U016404,C000019,2025-11-24,0.82,118,74
U016405,C000657,2026-02-21,3.56,223,34
U016406,C000453,2026-06-20,3.67,206,13
U016407,C000991,2025-11-01,2.89,192,22
U016408,C000064,2026-05-09,4.49,83,70
U016409,C000839,2026-08-21,1.43,17,17
U016410,C000341,2025-10-06,2.82,58,6
U016411,C000083,2025-10-06,1.29,150,4
U016412,C000900,2026-03-12,0.98,216,64
U016413,C000247,2025-10-18,1.21,0,13
U016414,C000874,2026-07-29,4.19,5,34
U016415,C000697,2026-09-02,1.06,160,85
U016416,C000578,2026-05-19,3.12,101,17
U016417,C000758,2026-03-04,0.18,109,84
U016418,C000934,2026-07-16,0.98,213,43
U016419,C000091,2025-11-28,0.5,40,31
U016420,C000421,2026-03-21,4.08,38,8
U016421,C000260,2025-10-20,0.84,158,51
U016422,C000136,2025-10-26,1.79,257,39
U016423,C000963,2025-10-16,0.85,296,47
U016424,C000724,2026-09-20,0.33,181,45
U016425,C000993,2025-12-15,3.81,180,55
U016426,C000141,2026-05-25,0.56,294,86
U016427,C000322,2026-02-02,4.52,239,65
U016428,C000137,2026-02-19,3.18,271,59
U016429,C000120,2026-03-16,4.64,31,42
U016430,C000387,2026-04-05,2.77,189,82
U016431,C000049,2026-05-13,3.69,275,67
U016432,C000098,2026-03-16,4.73,31,87
U016433,C000231,2026-03-29,3.33,68,43
U016434,C000723,2026-01-06,2.18,75,4
U016435,C000418,2026-01-25,2.16,215,21
U016436,C000300,2026-05-07,3.32,226,72
U016437,C000060,2025-12-28,0.47,125,82
U016438,C000836,2026-04-17,1.37,243,66
U016439,C000708,2026-02-24,2.29,83,24
U016440,C000280,2026-04-17,0.74,288,37
U016441,C000380,2026-04-29,3.18,101,41
U016442,C000071,2025-12-05,2.76,233,19
U016443,C000409,2025-10-03,2.04,290,35
U016444,C000006,2025-12-13,0.11,243,63
U016445,C000009,2026-01-03,1.96,127,80
U016446,C000539,2026-05-23,1.52,200,9
U016447,C000901,2026-06-14,4.38,177,46
U016448,C000628,2025-10-07,3.85,47,65
U016449,C000961,2026-01-18,0.59,281,19
U016450,C000673,2026-09-12,0.91,299,18
U016451,C000825,2026-05-20,0.41,49,58
U016452,C000488,2025-10-14,1.81,70,45
U016453,C000227,2025-11-30,0.95,135,97
U016454,C000871,2026-06-27,3.21,246,11
U016455,C000088,2026-08-16,1.49,81,91
U016456,C000289,2026-08-14,3.59,94,88
U016457,C000832,2025-11-23,1.47,96,77
U016458,C000171,2025-12-30,4.47,285,10
U016459,C000187,2026-02-20,1.9,117,56
U016460,C000056,2025-09-28,2.52,263,51
U016461,C000483,2025-10-26,3.83,1,97
U016462,C000752,2026-06-15,1.3,87,9
U016463,C000880,2025-12-09,3.73,237,71
U016464,C000307,2026-09-16,0.18,163,24
U016465,C000192,2025-10-27,0.33,4,45
U016466,C000522,2025-11-04,4.85,48,72
U016467,C000817,2026-03-05,2.61,286,50
U016468,C000580,2026-03-11,1.49,120,50
U016469,C000637,2025-12-18,0.77,257,40
U016470,C001000,2025-09-23,3.98,182,60
U016471,C000034,2026-02-12,4.73,112,15
U016472,C000887,2025-12-09,3.54,143,65
U016473,C000360,2026-08-04,0.36,196,55
U016474,C000680,2026-05-24,1.12,120,10
U016475,C000295,2026-06-29,3.37,23,24
U016476,C000694,2026-01-10,0.65,271,37
U016477,C000485,2026-08-27,3.73,288,65
U016478,C000587,2026-04-30,0.7,287,77
U016479,C000437,2025-10-18,3.55,181,0
U016480,C000231,2025-10-04,3.65,195,75
U016481,C000875,2025-11-07,3.04,54,18
U016482,C000410,2025-11-25,1.2,256,46
U016483,C000339,2026-08-19,3.92,182,14
U016484,C000061,2025-10-18,0.18,116,50
U016485,C000991,2026-06-07,4.05,42,25
U016486,C000210,2026-02-11,1.63,256,96
U016487,C000237,2026-06-20,0.37,61,58
U016488,C000571,2026-04-12,3.73,188,63
U016489,C000454,2025-12-23,2.65,268,70
U016490,C000515,2025-11-20,0.93,104,35
U016491,C000753,2025-09-25,3.89,181,91
U016492,C000696,2025-12-11,2.49,110,62
U016493,C000535,2025-09-29,3.79,201,22
U016494,C000716,2025-12-17,4.4,264,43
U016495,C000165,2026-05-20,2.87,286,7
U016496,C000181,2026-01-16,2.42,29,84
U016497,C000319,2025-12-01,3.59,151,44
U016498,C000224,2026-06-12,2.77,181,61
U016499,C000656,2026-04-29,3.29,136,75
U016500,C000113,2025-12-18,2.67,208,12
U016501,C000654,2026-04-06,2.9,220,35
U016502,C000413,2026-05-26,0.13,294,33
U016503,C000250,2025-09-23,2.71,81,68
U016504,C000800,2026-07-10,1.91,285,62
U016505,C000126,2026-02-16,1.66,292,96
U016506,C000410,2025-12-11,3.35,21,19
U016507,C000158,2026-03-11,1.03,211,38
U016508,C000369,2026-06-06,4.49,72,16
U016509,C000902,2025-11-01,1.23,252,27
U016510,C000226,2026-01-03,2.91,0,27
U016511,C000772,2026-02-26,1.14,147,61
U016512,C000188,2025-12-28,1.6,273,79
U016513,C000359,2026-02-08,4.89,102,4
U016514,C000356,2026-03-04,0.31,14,60
U016515,C000003,2025-11-22,1.19,285,42
U016516,C000463,2026-08-23,1.16,20,45
U016517,C000276,2025-10-08,3.14,147,71
U016518,C000486,2026-03-31,2.53,38,15
U016519,C000707,2026-03-01,4.78,200,55
U016520,C000221,2026-07-10,4.41,6,23
U016521,C000855,2026-01-27,3.1,234,40
U016522,C000506,2025-11-01,3.04,245,72
U016523,C000978,2026-01-25,0.9,9,58
U016524,C000972,2026-09-09,4.38,167,61
U016525,C000062,2025-12-03,1.07,224,96
U016526,C000304,2025-11-15,2.61,166,93
U016527,C000248,2025-11-01,2.75,10,86
U016528,C000502,2026-05-12,3.01,196,56
U016529,C000928,2026-02-25,1.38,77,89
U016530,C000933,2026-06-09,4.77,214,49
U016531,C000532,2026-05-07,2.5,161,67
U016532,C000136,2026-05-02,2.54,26,18
U016533,C000079,2025-09-30,3.07,254,73
U016534,C000833,2026-08-31,2.14,153,50
U016535,C000204,2026-06-03,2.4,182,60
U016536,C000340,2025-10-31,3.35,116,47
U016537,C000320,2026-07-03,0.2,290,54
U016538,C000125,2026-05-09,0.44,121,7
U016539,C000965,2026-01-28,4.56,275,73
U016540,C000840,2026-03-30,2.02,67,8
U016541,C000589,2026-08-12,0.46,224,98
U016542,C000046,2026-07-22,1.0,148,91
U016543,C000405,2026-09-05,4.65,98,12
U016544,C000571,2026-01-19,1.7,23,66
U016545,C000103,2026-01-20,4.52,69,7
U016546,C000671,2026-01-12,3.37,251,92
U016547,C000070,2026-08-27,3.52,169,47
U016548,C000845,2025-11-04,1.67,216,43
U016549,C000866,2026-05-17,0.14,33,91
U016550,C000673,2026-03-20,3.48,82,0
U016551,C000396,2025-11-15,4.77,136,54
U016552,C000655,2026-09-03,1.79,231,72
U016553,C000954,2025-10-29,3.69,241,61
U016554,C000125,2025-12-27,0.19,124,10
U016555,C000627,2026-06-30,2.87,3,78
U016556,C000058,2025-11-14,4.31,281,27
U016557,C000212,2026-08-25,0.15,135,71
U016558,C000007,2026-02-22,2.52,154,92
U016559,C000987,2025-12-25,3.17,43,37
U016560,C000484,2026-04-20,0.74,294,0
U016561,C000958,2026-08-31,2.18,36,28
U016562,C000234,2026-08-16,1.07,296,15
U016563,C000057,2026-08-19,1.56,152,3
U016564,C000329,2026-01-27,4.34,244,77
U016565,C000278,2026-08-31,4.93,117,97
U016566,C000926,2026-04-05,4.91,22,70
U016567,C000476,2026-07-05,4.65,249,61
U016568,C000141,2025-10-10,4.49,140,8
U016569,C000081,2025-11-22,3.27,273,26
U016570,C000818,2026-06-08,3.48,255,54
U016571,C000634,2025-12-29,0.85,111,69
U016572,C000470,2026-03-28,3.33,219,35
U016573,C000276,2026-05-30,3.04,200,89
U016574,C000932,2026-08-03,3.47,218,74
U016575,C000707,2026-04-17,3.95,19,18
U016576,C000278,2026-08-14,1.64,292,83
U016577,C000338,2026-05-02,1.47,140,2
U016578,C000413,2026-08-12,4.36,184,21
U016579,C000273,2026-08-13,4.49,89,54
U016580,C000035,2026-03-31,1.89,125,79
U016581,C000156,2025-11-30,0.11,32,11
U016582,C000754,2026-08-06,4.23,261,86
U016583,C000178,2026-03-27,0.77,243,88
U016584,C000020,2026-05-06,4.44,23,100
U016585,C000571,2026-08-22,4.4,118,10
U016586,C000292,2026-05-07,3.55,246,55
U016587,C000709,2026-01-23,0.21,276,94
U016588,C000489,2026-05-27,2.91,112,0
U016589,C000183,2026-09-21,0.95,29,100
U016590,C000133,2025-10-18,3.18,257,55
U016591,C000288,2026-09-02,0.14,244,52
U016592,C000234,2025-11-17,2.6,75,23
U016593,C000964,2025-09-26,0.42,276,6
U016594,C000456,2026-06-11,1.76,61,16
U016595,C000601,2026-08-17,3.26,118,7
U016596,C000192,2026-01-17,1.59,57,7
U016597,C000306,2026-06-09,4.63,138,10
U016598,C000868,2026-03-20,2.66,116,55
U016599,C000573,2026-04-07,2.6,4,72
U016600,C000096,2025-12-26,0.39,101,85
U016601,C000544,2026-02-09,0.12,260,60
U016602,C000287,2026-07-14,2.67,87,87
U016603,C000201,2026-02-15,0.2,248,52
U016604,C000897,2026-06-16,1.82,291,61
U016605,C000861,2025-11-06,1.54,185,95
U016606,C000977,2026-01-22,4.37,299,1
U016607,C000853,2025-12-20,3.83,72,21
U016608,C000658,2026-05-30,0.49,285,90
U016609,C000876,2026-01-19,2.64,88,43
U016610,C000446,2026-05-11,3.55,227,27
U016611,C000800,2025-11-10,3.58,208,93
U016612,C000564,2026-03-23,2.76,286,85
U016613,C000461,2026-03-22,4.66,67,85
U016614,C000827,2026-04-09,3.55,293,42
U016615,C000867,2026-05-05,1.4,134,11
U016616,C000164,2025-11-08,0.15,280,88
U016617,C000258,2026-05-12,2.3,128,77
U016618,C000209,2025-11-18,4.4,152,73
U016619,C000676,2026-02-07,3.13,175,76
U016620,C000963,2026-05-24,3.97,217,13
U016621,C000755,2026-01-04,1.78,297,79
U016622,C000204,2026-06-13,1.95,21,85
U016623,C000945,2026-08-13,2.26,179,62
U016624,C000805,2026-04-10,4.31,13,12
U016625,C000820,2026-05-09,0.21,203,74
U016626,C000335,2026-04-29,2.91,220,80
U016627,C000258,2026-07-11,0.31,60,63
U016628,C000147,2026-05-10,0.11,89,90
U016629,C000754,2026-04-08,4.5,169,73
U016630,C000780,2026-01-30,3.56,180,57
U016631,C000252,2026-04-16,3.75,10,56
U016632,C000058,2025-11-23,1.3,120,23
U016633,C000067,2026-06-23,1.16,68,80
U016634,C000382,2025-11-19,2.96,195,97
U016635,C000140,2025-10-09,1.99,207,21
U016636,C000297,2026-05-06,2.58,233,80
U016637,C000209,2026-08-31,3.98,87,13
U016638,C000006,2026-06-27,2.87,288,53
U016639,C000628,2026-02-27,1.64,201,84
U016640,C000718,2025-10-18,0.51,147,93
U016641,C000600,2025-10-27,3.46,66,28
U016642,C000275,2025-10-07,2.81,20,11
U016643,C000087,2026-03-04,2.09,284,45
U016644,C000955,2026-07-29,1.07,270,92
U016645,C000549,2026-04-04,0.19,102,89
U016646,C000767,2026-05-28,0.55,241,36
U016647,C000481,2026-03-03,4.06,217,71
U016648,C000918,2025-11-10,1.01,181,23
U016649,C000809,2026-03-12,2.3,283,60
U016650,C000848,2026-04-16,2.51,57,62
U016651,C000849,2026-05-31,0.29,234,54
U016652,C000950,2026-07-18,0.68,17,82
U016653,C000163,2026-07-28,0.34,23,60
U016654,C000839,2026-08-28,0.18,128,12
U016655,C000056,2026-08-15,1.41,61,30
U016656,C000737,2026-03-15,1.33,55,19
U016657,C000296,2026-06-01,3.24,252,68
U016658,C000224,2026-08-18,4.85,276,78
U016659,C000190,2025-12-05,4.76,0,36
U016660,C000573,2026-08-26,3.96,169,38
U016661,C000110,2025-12-02,2.74,44,89
U016662,C000290,2026-07-13,4.89,148,29
U016663,C000743,2025-11-29,3.91,50,70
U016664,C000687,2026-03-26,4.28,34,64
U016665,C000045,2026-03-13,3.29,269,8
U016666,C000159,2026-05-31,1.88,39,37
U016667,C000560,2026-07-05,1.98,265,56
U016668,C000154,2026-01-29,2.03,63,68
U016669,C000688,2026-03-01,4.82,162,17
U016670,C000595,2026-09-17,4.1,241,62
U016671,C000798,2026-03-24,2.01,210,11
U016672,C000138,2026-03-31,0.55,260,52
U016673,C000517,2026-07-12,1.62,270,61
U016674,C000584,2025-11-28,0.78,8,95
U016675,C000447,2026-05-11,4.55,261,80
U016676,C000402,2026-05-30,4.81,282,91
U016677,C000244,2026-03-30,4.72,239,1
U016678,C000009,2025-11-30,0.55,161,37
U016679,C000450,2026-04-19,4.98,2,60
U016680,C000520,2025-10-02,4.65,5,14
U016681,C000325,2026-04-28,2.73,9,36
U016682,C000825,2026-09-10,2.32,91,43
U016683,C000003,2025-12-16,4.19,23,5
U016684,C000048,2025-11-06,3.62,149,34
U016685,C000701,2026-04-29,4.58,212,51
U016686,C000631,2026-01-04,4.32,168,11
U016687,C000310,2025-11-26,1.35,68,88
U016688,C000324,2025-12-30,2.12,43,31
U016689,C000793,2026-09-10,2.09,110,36
U016690,C000589,2025-10-03,1.23,7,57
U016691,C000371,2025-12-17,4.52,72,66
U016692,C000531,2026-04-23,1.51,282,100
U016693,C000603,2025-12-21,1.75,174,92
U016694,C000110,2026-03-29,0.32,183,19
U016695,C000523,2026-04-07,0.12,252,76
U016696,C000083,2026-09-08,0.81,172,42
U016697,C000663,2026-01-01,3.44,162,35
U016698,C000415,2025-10-07,3.62,154,87
U016699,C000542,2026-09-02,4.51,279,96
U016700,C000069,2025-10-09,3.64,80,0
U016701,C000805,2026-03-03,4.92,106,100
U016702,C000844,2026-05-26,4.34,89,39
U016703,C000821,2026-07-06,3.23,254,53
U016704,C000109,2026-05-03,1.19,231,57
U016705,C000571,2026-08-03,4.58,177,49
U016706,C000883,2025-11-04,4.93,230,34
U016707,C000447,2026-03-15,4.78,120,7
U016708,C000898,2026-06-21,2.26,77,2
U016709,C000191,2026-06-07,0.18,181,32
U016710,C000581,2025-12-14,3.49,62,83
U016711,C000209,2026-01-11,1.85,239,57
U016712,C000858,2026-05-18,4.29,255,34
U016713,C000015,2026-03-13,2.41,78,13
U016714,C000598,2026-05-08,2.48,278,25
U016715,C000396,2026-02-13,1.69,273,14
U016716,C000252,2025-12-10,2.02,28,49
U016717,C000214,2026-05-10,2.4,35,81
U016718,C000104,2026-08-10,1.58,183,33
U016719,C000881,2025-11-20,0.52,239,62
U016720,C000625,2026-01-17,2.67,158,33
U016721,C000483,2026-08-02,1.29,193,1
U016722,C000219,2026-01-21,3.23,182,80
U016723,C000132,2026-08-01,0.28,14,75
U016724,C000525,2026-02-17,4.71,56,63
U016725,C000585,2025-11-26,3.54,281,23
U016726,C000211,2026-05-08,2.9,241,45
U016727,C000453,2026-08-22,4.31,234,82
U016728,C000362,2026-03-15,2.62,134,28
U016729,C000335,2026-01-28,1.0,34,12
U016730,C000097,2025-11-02,4.62,88,26
U016731,C000446,2025-11-16,2.9,27,8
U016732,C000459,2025-10-09,0.68,159,100
U016733,C000869,2026-02-08,4.19,263,17
U016734,C000698,2025-09-23,3.86,74,42
U016735,C000600,2026-02-11,1.83,138,23
U016736,C000477,2025-11-02,1.44,220,3
U016737,C000479,2026-06-23,2.56,151,92
U016738,C000130,2025-10-08,2.73,197,42
U016739,C000961,2026-08-13,0.48,212,16
U016740,C000145,2026-08-29,2.57,111,98
U016741,C000802,2026-05-13,0.96,17,69
U016742,C000546,2025-10-06,1.45,161,48
U016743,C000033,2026-02-19,0.96,235,22
U016744,C000767,2026-03-21,0.4,210,40
U016745,C000388,2026-08-22,1.08,283,19
U016746,C000616,2025-12-22,1.73,171,24
U016747,C000303,2026-03-13,0.3,268,44
U016748,C000294,2026-07-25,0.57,244,92
U016749,C000038,2026-08-27,2.16,8,39
U016750,C000241,2026-03-15,4.26,19,73
U016751,C000205,2026-07-18,3.67,126,99
U016752,C000599,2026-08-07,4.9,74,65
U016753,C000818,2025-12-26,2.71,57,88
U016754,C000903,2026-08-05,2.99,219,16
U016755,C000608,2025-10-18,3.65,278,28
U016756,C000737,2025-12-31,3.53,95,27
U016757,C000525,2025-12-14,3.02,148,90
U016758,C000870,2025-10-16,1.51,256,89
U016759,C000456,2026-04-21,1.64,145,85
U016760,C000260,2026-07-15,1.82,245,15
U016761,C000241,2026-05-11,4.22,199,50
U016762,C000853,2025-12-06,1.75,20,13
U016763,C000118,2026-03-05,0.69,70,11
U016764,C000788,2025-11-04,0.99,177,75
U016765,C000808,2026-05-20,4.66,203,33
U016766,C000088,2026-08-05,3.7,268,67
U016767,C000980,2026-05-03,1.51,76,6
U016768,C000301,2026-01-02,4.52,14,37
U016769,C000540,2026-07-28,2.21,94,22
U016770,C000262,2026-06-07,3.61,168,90
U016771,C000547,2026-01-11,1.24,86,35
U016772,C000776,2026-08-27,2.52,56,41
U016773,C000135,2026-09-10,2.41,4,98
U016774,C000459,2026-06-09,0.71,265,26
U016775,C000164,2026-09-16,2.54,269,88
U016776,C000904,2026-01-01,4.38,23,55
U016777,C000764,2026-03-08,0.84,85,98
U016778,C000816,2026-07-04,2.73,279,81
U016779,C000040,2026-08-19,2.97,236,6
U016780,C000893,2026-09-12,3.72,225,69
U016781,C000018,2026-09-07,3.43,214,0
U016782,C000885,2026-08-22,1.59,226,100
U016783,C000142,2026-04-01,2.86,66,18
U016784,C000632,2026-03-03,1.64,10,83
U016785,C000203,2026-02-10,2.67,169,33
U016786,C000187,2026-04-22,0.77,226,17
U016787,C000657,2025-12-29,0.58,90,68
U016788,C000942,2025-11-07,3.39,235,96
U016789,C000184,2026-04-15,3.1,197,90
U016790,C000976,2026-08-16,4.25,213,99
U016791,C000191,2026-04-20,4.49,274,70
U016792,C000693,2026-05-04,3.9,207,77
U016793,C000811,2025-11-04,2.38,94,16
U016794,C000083,2026-02-09,2.97,19,86
U016795,C000195,2025-10-16,2.19,154,88
U016796,C000771,2025-10-13,3.43,239,9
U016797,C000880,2026-01-15,2.38,205,72
U016798,C000485,2025-12-17,0.3,291,21
U016799,C000606,2026-07-22,1.66,33,39
U016800,C000820,2026-04-16,4.38,223,47
U016801,C000500,2026-05-16,3.19,67,19
U016802,C000883,2026-02-16,2.6,192,47
U016803,C000757,2025-11-06,1.44,69,45
U016804,C000458,2026-06-11,1.16,118,89
U016805,C000730,2025-11-29,0.26,261,20
U016806,C000112,2026-01-08,3.59,154,66
U016807,C000801,2026-08-23,4.16,104,19
U016808,C000937,2026-09-03,1.01,228,23
U016809,C000647,2026-07-26,3.29,137,30
U016810,C000792,2026-01-01,2.52,35,76
U016811,C000211,2026-01-12,1.81,199,56
U016812,C000725,2025-12-07,2.77,30,72
U016813,C000788,2026-04-14,4.02,297,80
U016814,C000190,2026-03-10,2.47,107,76
U016815,C000564,2026-09-08,3.92,155,25
U016816,C000697,2026-04-29,4.07,136,0
U016817,C000637,2026-09-18,1.51,298,69
U016818,C000975,2025-12-09,4.68,231,24
U016819,C000291,2026-06-05,2.57,33,17
U016820,C000726,2026-03-13,3.8,275,83
U016821,C000783,2025-10-25,1.68,51,90
U016822,C000196,2026-09-01,3.23,187,25
U016823,C000665,2026-09-20,0.13,95,37
U016824,C000470,2025-11-10,1.82,214,19
U016825,C000130,2026-03-31,4.84,3,48
U016826,C000569,2026-02-24,3.84,240,49
U016827,C000959,2026-04-01,1.44,264,39
U016828,C000704,2026-05-08,4.45,23,98
U016829,C000889,2025-12-09,2.2,236,5
U016830,C000314,2025-11-09,3.79,148,42
U016831,C000537,2026-07-13,0.93,39,39
U016832,C000903,2026-09-21,2.36,157,93
U016833,C000309,2026-02-01,1.73,125,68
U016834,C000617,2026-08-25,0.5,44,22
U016835,C000829,2026-08-30,2.31,232,96
U016836,C000559,2026-06-01,0.8,178,77
U016837,C000499,2026-06-21,1.72,47,89
U016838,C000524,2026-07-27,3.56,41,29
U016839,C000555,2026-02-28,0.52,139,84
U016840,C000661,2025-12-18,0.64,57,93
U016841,C000398,2025-12-17,2.26,246,18
U016842,C000987,2026-04-17,1.5,229,74
U016843,C000143,2026-06-12,2.13,74,9
U016844,C000593,2026-05-02,2.71,25,69
U016845,C000173,2025-10-11,2.74,176,89
U016846,C000620,2026-09-13,0.63,151,58
U016847,C000154,2026-02-26,4.21,133,80
U016848,C000960,2026-06-22,0.49,17,59
U016849,C000094,2025-12-07,0.89,111,88
U016850,C000878,2025-12-23,4.13,211,70
U016851,C000094,2026-07-06,1.61,152,12
U016852,C000294,2026-04-24,1.52,128,99
U016853,C000220,2025-12-14,4.44,129,42
U016854,C000647,2026-07-20,1.92,109,9
U016855,C000703,2026-08-12,0.29,183,8
U016856,C000654,2026-08-23,4.3,159,94
U016857,C000927,2026-09-13,3.87,78,40
U016858,C000193,2026-02-01,4.81,213,49
U016859,C000500,2025-11-19,2.21,149,59
U016860,C000499,2026-01-04,2.7,193,88
U016861,C000795,2026-03-26,2.43,118,88
U016862,C000549,2026-01-29,4.37,88,13
U016863,C000615,2025-11-04,2.05,213,48
U016864,C000535,2026-06-23,4.76,135,41
U016865,C000239,2026-02-05,0.55,3,52
U016866,C000246,2026-07-04,1.5,142,91
U016867,C000629,2026-01-04,3.33,229,76
U016868,C000654,2025-10-19,3.48,285,57
U016869,C000017,2025-10-27,2.75,258,82
U016870,C000514,2026-06-20,2.88,243,96
U016871,C000956,2026-07-28,4.59,40,87
U016872,C000264,2026-05-26,3.34,164,53
U016873,C000671,2026-04-16,3.63,245,20
U016874,C000496,2026-08-19,3.31,264,77
U016875,C000965,2026-09-05,3.81,258,77
U016876,C000474,2026-07-14,0.34,225,18
U016877,C000721,2025-10-08,3.78,93,32
U016878,C000133,2026-07-20,4.01,182,96
U016879,C000059,2026-07-25,2.12,111,11
U016880,C000368,2026-08-29,2.49,81,59
U016881,C000722,2025-10-08,1.41,148,3
U016882,C000420,2026-04-29,3.73,113,74
U016883,C000736,2026-01-30,1.49,162,37
U016884,C000642,2026-04-19,2.52,5,76
U016885,C000045,2026-08-29,1.74,39,97
U016886,C000047,2026-03-19,4.65,50,3
U016887,C000379,2025-10-30,0.28,258,69
U016888,C000602,2025-11-01,0.14,93,34
U016889,C000613,2026-01-20,3.15,229,85
U016890,C000899,2026-08-17,0.86,87,47
U016891,C000588,2026-08-18,1.48,179,46
U016892,C000081,2026-06-13,3.77,183,38
U016893,C000440,2026-08-09,2.61,96,19
U016894,C000507,2026-08-19,4.55,240,59
U016895,C000877,2026-05-06,4.39,122,68
U016896,C000576,2026-06-01,1.47,150,78
U016897,C000680,2026-02-05,2.38,166,30
U016898,C000509,2026-03-12,4.79,242,27
U016899,C000012,2026-09-03,2.52,146,12
U016900,C000908,2026-08-24,1.46,167,17
U016901,C000140,2025-11-05,1.2,264,76
U016902,C000110,2026-01-28,4.04,247,1
U016903,C000792,2026-01-29,2.89,198,19
U016904,C000550,2026-04-03,4.23,210,48
U016905,C000163,2026-02-05,3.56,147,64
U016906,C000825,2026-02-15,2.67,7,86
U016907,C000324,2026-01-14,0.57,271,3
U016908,C000728,2026-05-12,3.76,64,75
U016909,C000049,2026-02-21,0.94,259,68
U016910,C000117,2026-03-09,3.61,171,52
U016911,C000775,2026-09-15,4.44,106,91
U016912,C000224,2025-12-14,1.75,221,22
U016913,C000861,2025-12-25,1.25,154,11
U016914,C000326,2025-12-09,0.89,71,39
U016915,C000965,2026-05-02,0.18,260,66
U016916,C000644,2026-03-06,1.82,1,21
U016917,C000829,2025-10-30,1.53,123,53
U016918,C000788,2026-06-14,4.45,63,37
U016919,C000720,2025-11-20,0.12,292,25
U016920,C000079,2025-11-30,3.08,144,2
U016921,C000040,2025-10-14,1.94,105,31
U016922,C000244,2025-10-21,0.5,48,32
U016923,C000691,2026-01-06,4.51,54,63
U016924,C000198,2026-01-06,1.18,273,22
U016925,C000088,2025-10-01,3.24,191,63
U016926,C000784,2026-07-02,2.38,89,72
U016927,C000447,2025-10-18,1.39,212,24
U016928,C000598,2026-01-02,2.48,81,22
U016929,C000719,2025-11-22,2.15,185,77
U016930,C000933,2025-10-10,0.55,289,28
U016931,C000967,2025-09-30,4.27,87,25
U016932,C000445,2026-08-14,4.83,280,49
U016933,C000972,2026-09-18,3.45,45,36
U016934,C000745,2025-10-18,3.77,132,3
U016935,C000816,2026-08-19,4.6,180,9
U016936,C000039,2025-10-18,0.88,230,15
U016937,C000666,2025-10-18,2.04,255,56
U016938,C000226,2026-09-18,4.74,293,68
U016939,C000151,2026-04-21,2.88,62,16
U016940,C000193,2025-09-26,1.9,243,37
U016941,C000224,2025-12-20,1.16,108,62
U016942,C000029,2026-03-01,4.33,107,41
U016943,C000118,2025-11-24,1.39,1,71
U016944,C000962,2026-01-15,2.75,54,45
U016945,C000684,2026-04-08,3.47,166,57
U016946,C000015,2025-11-22,2.57,48,5
U016947,C000657,2026-05-23,2.77,127,2
U016948,C000284,2025-11-27,2.57,113,47
U016949,C000754,2026-09-02,0.8,139,93
U016950,C000581,2026-05-27,1.21,296,75
U016951,C000556,2025-12-29,2.14,190,18
U016952,C000865,2025-10-19,1.26,138,65
U016953,C000181,2026-09-13,3.91,295,8
U016954,C000415,2025-10-02,3.73,71,72
U016955,C000451,2026-06-26,0.43,205,44
U016956,C000825,2026-04-15,3.7,37,57
U016957,C000033,2025-12-22,4.29,50,5
U016958,C000665,2026-02-10,3.9,241,73
U016959,C000930,2026-07-27,2.65,151,47
U016960,C000694,2026-09-02,4.91,202,65
U016961,C000645,2026-07-17,3.68,5,30
U016962,C000962,2026-07-22,1.29,142,39
U016963,C000803,2026-08-04,4.75,96,50
U016964,C000975,2025-12-22,4.17,167,53
U016965,C000005,2026-06-29,3.8,128,65
U016966,C000085,2026-03-02,1.43,46,87
U016967,C000343,2025-12-13,0.56,74,97
U016968,C000125,2026-05-13,2.46,269,57
U016969,C000144,2025-09-24,2.13,252,45
U016970,C000572,2026-02-19,2.38,173,94
U016971,C000600,2026-03-08,4.15,22,30
U016972,C000328,2026-03-23,0.26,108,46
U016973,C000895,2026-09-07,2.06,159,45
U016974,C000334,2026-07-26,4.6,163,16
U016975,C000919,2026-03-18,1.86,272,24
U016976,C000350,2025-11-04,3.97,214,1
U016977,C000503,2026-09-02,1.26,76,30
U016978,C000545,2025-10-25,1.5,119,83
U016979,C000383,2026-06-30,4.89,100,87
U016980,C000326,2026-01-24,3.04,271,59
U016981,C000177,2026-08-16,2.67,135,83
U016982,C000624,2026-05-30,2.88,178,33
U016983,C000069,2026-01-15,2.43,79,54
U016984,C000585,2025-11-27,3.2,119,17
U016985,C000312,2026-06-23,0.7,34,97
U016986,C000605,2026-02-05,0.91,230,100
U016987,C000435,2025-11-04,4.52,44,76
U016988,C000131,2026-09-18,0.21,140,87
U016989,C000274,2026-07-01,1.16,91,31
U016990,C000373,2026-09-13,0.77,207,37
U016991,C000600,2026-02-14,0.95,38,16
U016992,C000038,2025-12-09,4.4,180,77
U016993,C000603,2025-11-06,4.56,182,83
U016994,C000466,2025-09-30,0.66,109,78
U016995,C000190,2026-01-20,3.83,194,54
U016996,C000905,2026-08-24,4.28,224,48
U016997,C000825,2026-04-11,0.31,242,62
U016998,C000591,2026-04-29,2.94,107,20
U016999,C000993,2026-08-18,1.67,293,81
U017000,C000302,2026-05-04,4.61,251,29
U017001,C000094,2025-10-23,0.9,61,83
U017002,C000636,2026-02-25,1.38,58,50
U017003,C000070,2025-11-29,4.64,202,13
U017004,C000500,2026-09-04,4.69,31,43
U017005,C000219,2026-09-07,4.98,35,75
U017006,C000969,2026-02-09,0.55,288,97
U017007,C000848,2026-09-17,4.47,230,64
U017008,C000412,2025-10-27,4.91,143,39
U017009,C000056,2026-05-18,0.87,105,26
U017010,C000468,2026-05-13,2.5,227,77
U017011,C000466,2026-06-28,2.15,0,16
U017012,C000661,2026-01-16,3.23,71,99
U017013,C000547,2026-04-05,0.9,229,5
U017014,C000166,2026-09-20,4.85,226,42
U017015,C000088,2026-07-01,0.2,163,100
U017016,C000865,2026-05-12,0.4,295,36
U017017,C000225,2026-06-28,1.97,195,72
U017018,C000160,2026-04-03,0.52,188,16
U017019,C000401,2026-09-07,1.55,201,2
U017020,C000351,2025-12-18,1.06,109,5
U017021,C000105,2026-06-13,3.12,54,39
U017022,C000624,2026-05-07,2.26,232,87
U017023,C000317,2025-10-06,2.44,223,53
U017024,C000027,2025-12-09,2.49,210,98
U017025,C000638,2026-03-21,2.07,29,38
U017026,C000011,2026-03-06,0.13,248,83
U017027,C000494,2026-07-04,0.12,55,88
U017028,C000003,2026-07-11,2.39,295,54
U017029,C000894,2025-12-12,1.68,147,80
U017030,C000281,2026-06-02,1.91,82,46
U017031,C000131,2026-02-28,3.42,203,13
U017032,C000706,2025-12-07,1.24,263,14
U017033,C000845,2025-11-20,2.88,147,5
U017034,C000815,2026-08-26,2.58,94,40
U017035,C000032,2025-09-24,2.83,298,52
U017036,C000306,2025-11-27,1.66,178,85
U017037,C000216,2026-02-02,0.11,234,56
U017038,C000327,2025-11-24,1.95,162,78
U017039,C000363,2026-04-19,3.78,86,54
U017040,C000023,2026-01-21,3.95,255,72
U017041,C000920,2025-12-14,3.33,250,71
U017042,C000725,2025-10-01,2.8,187,64
U017043,C000315,2026-06-13,0.85,117,45
U017044,C000270,2026-08-30,0.77,114,100
U017045,C000767,2025-11-26,3.95,146,34
U017046,C000711,2026-07-27,4.33,163,15
U017047,C000695,2026-07-26,3.0,254,48
U017048,C000019,2026-05-10,2.83,158,85
U017049,C000988,2026-06-09,2.74,210,58
U017050,C000090,2026-09-10,4.28,266,84
U017051,C000231,2026-06-20,4.45,225,23
U017052,C000655,2026-01-16,3.4,196,80
U017053,C000513,2026-05-16,4.74,159,54
U017054,C000130,2025-10-06,2.89,18,55
U017055,C000304,2025-12-03,1.02,292,30
U017056,C000504,2025-10-23,1.59,300,19
U017057,C000796,2026-04-24,2.89,280,2
U017058,C000299,2025-10-14,4.95,42,55
U017059,C000751,2026-01-17,2.33,239,5
U017060,C000175,2026-09-15,0.98,296,52
U017061,C000646,2025-11-24,4.47,101,72
U017062,C000001,2026-05-14,3.58,266,45
U017063,C000575,2026-01-14,1.3,194,74
U017064,C000845,2026-06-27,3.16,30,76
U017065,C000899,2026-05-01,3.31,67,96
U017066,C000748,2026-07-29,4.6,113,15
U017067,C000335,2026-09-07,4.94,268,49
U017068,C000881,2026-04-06,0.75,33,2
U017069,C000341,2025-11-29,3.14,84,82
U017070,C000720,2026-04-03,3.63,4,23
U017071,C000624,2026-05-17,2.97,248,86
U017072,C000126,2026-06-30,2.38,95,29
U017073,C000309,2026-02-14,2.39,97,28
U017074,C000963,2026-07-13,4.49,161,28
U017075,C000957,2026-04-07,3.6,214,30
U017076,C000709,2026-07-03,0.34,295,51
U017077,C000985,2025-12-25,1.4,90,38
U017078,C000097,2025-11-08,2.12,85,91
U017079,C000529,2025-11-20,1.83,233,83
U017080,C000015,2025-10-10,4.52,266,20
U017081,C000076,2026-08-30,4.86,80,93
U017082,C000081,2025-11-10,0.23,121,79
U017083,C000464,2026-02-23,3.19,296,41
U017084,C000968,2026-05-26,2.13,90,79
U017085,C000620,2026-05-21,1.93,290,19
U017086,C000110,2026-02-09,1.51,108,95
U017087,C000998,2026-02-02,2.82,170,1
U017088,C000906,2026-03-25,3.64,86,46
U017089,C000279,2026-03-09,0.5,31,32
U017090,C000118,2026-09-04,3.82,92,1
U017091,C000943,2026-09-10,0.6,22,65
U017092,C000858,2026-02-10,3.75,208,18
U017093,C000876,2026-04-12,0.39,42,39
U017094,C000322,2026-02-20,4.73,142,1
U017095,C000936,2026-09-14,4.29,72,58
U017096,C000075,2026-07-06,2.39,119,0
U017097,C000342,2026-02-05,4.61,172,14
U017098,C000659,2025-09-30,4.44,149,20
U017099,C000727,2025-11-21,0.52,290,6
U017100,C000672,2026-05-30,0.85,117,9
U017101,C000863,2026-07-25,4.49,273,25
U017102,C000518,2025-12-31,2.27,11,75
U017103,C000669,2026-01-18,4.59,265,45
U017104,C000176,2025-10-10,4.15,262,77
U017105,C000519,2026-01-27,0.54,178,85
U017106,C000305,2026-06-26,0.85,110,57
U017107,C000604,2026-05-16,3.12,5,67
U017108,C000447,2025-10-05,0.11,188,67
U017109,C000668,2026-03-18,0.23,218,17
U017110,C000447,2026-01-09,4.09,260,24
U017111,C000149,2026-06-26,1.66,5,57
U017112,C000348,2026-02-26,1.72,146,58
U017113,C000343,2026-04-20,4.42,262,91
U017114,C000147,2025-11-09,1.21,233,27
U017115,C000673,2026-01-11,2.78,175,54
U017116,C000546,2026-07-10,0.22,111,0
U017117,C000206,2026-07-14,4.13,246,21
U017118,C000053,2026-05-24,1.02,108,60
U017119,C000847,2026-09-22,4.65,116,52
U017120,C000309,2025-11-29,3.54,10,55
U017121,C000835,2026-04-22,2.02,271,56
U017122,C000597,2025-10-10,1.46,199,24
U017123,C000225,2025-10-15,0.96,142,90
U017124,C000750,2026-03-31,2.54,49,7
U017125,C000268,2026-01-19,0.73,197,20
U017126,C000196,2026-08-21,3.26,61,59
U017127,C000314,2026-01-30,1.74,88,91
U017128,C000248,2025-10-24,0.23,237,29
U017129,C000692,2025-12-22,1.97,208,68
U017130,C000005,2025-12-29,0.63,264,19
U017131,C000382,2026-09-01,4.59,163,28
U017132,C000935,2025-12-11,1.66,218,84
U017133,C000149,2026-03-28,0.15,168,47
U017134,C000364,2026-04-07,0.49,75,16
U017135,C000766,2025-11-05,1.45,68,29
U017136,C000698,2025-12-17,0.64,59,3
U017137,C000927,2026-05-15,1.76,45,7
U017138,C000183,2025-11-05,0.62,139,39
U017139,C000422,2025-11-03,3.58,280,98
U017140,C000276,2026-06-30,3.8,218,73
U017141,C000184,2026-06-29,2.03,277,90
U017142,C000280,2025-12-16,3.7,108,1
U017143,C000023,2025-11-16,0.9,139,6
U017144,C000968,2026-02-10,1.48,216,11
U017145,C000608,2026-02-11,0.91,143,78
U017146,C000523,2026-02-19,2.76,59,32
U017147,C000365,2025-11-16,0.86,146,56
U017148,C000679,2026-04-10,4.41,60,31
U017149,C000235,2026-07-14,2.96,248,35
U017150,C000331,2026-01-27,2.95,193,92
U017151,C000746,2025-10-18,4.88,131,87
U017152,C000932,2026-08-12,0.91,261,26
U017153,C000904,2026-01-01,2.87,252,75
U017154,C000389,2026-05-17,4.54,187,47
U017155,C000479,2026-08-31,1.81,127,70
U017156,C000107,2025-12-02,0.19,178,14
U017157,C000690,2025-11-27,3.84,207,88
U017158,C000796,2026-02-26,0.24,103,1
U017159,C000147,2026-07-08,1.41,8,68
U017160,C000956,2026-07-18,4.74,122,84
U017161,C000153,2026-07-02,4.26,43,1
U017162,C000640,2026-03-22,0.38,57,15
U017163,C000941,2026-09-21,1.22,7,70
U017164,C000317,2025-10-21,1.71,117,68
U017165,C000128,2026-09-15,0.72,142,21
U017166,C000075,2025-11-27,2.17,30,99
U017167,C000704,2026-05-10,3.42,230,91
U017168,C000535,2026-01-25,0.58,75,69
U017169,C000105,2026-08-26,4.63,15,97
U017170,C000442,2026-08-05,2.96,202,78
U017171,C000741,2025-11-01,3.57,76,4
U017172,C000664,2026-04-29,3.77,24,30
U017173,C000895,2026-01-04,3.42,170,28
U017174,C000710,2026-09-18,3.7,145,36
U017175,C000032,2026-05-30,2.18,67,27
U017176,C000623,2025-12-27,0.99,185,8
U017177,C000254,2026-03-03,0.91,206,87
U017178,C000386,2026-01-26,2.74,299,44
U017179,C000062,2026-07-16,1.68,156,67
U017180,C000859,2026-03-02,3.8,4,87
U017181,C000847,2025-11-29,5.0,42,86
U017182,C000513,2025-10-17,0.47,281,22
U017183,C000855,2026-03-05,0.25,68,3
U017184,C000146,2026-06-07,3.37,9,23
U017185,C000660,2026-06-27,0.58,91,92
U017186,C000113,2026-02-04,1.05,71,7
U017187,C000638,2026-04-09,0.91,209,74
U017188,C000513,2025-11-28,0.15,1,4
U017189,C000881,2025-11-11,2.16,224,77
U017190,C000581,2026-06-06,4.4,224,100
U017191,C000163,2026-07-29,2.52,260,11
U017192,C000279,2025-12-03,3.58,56,45
U017193,C000843,2025-12-15,1.15,2,46
U017194,C000457,2026-04-14,4.22,104,86
U017195,C000356,2026-07-31,2.09,115,81
U017196,C000329,2026-03-18,3.61,106,21
U017197,C000759,2026-09-15,1.06,0,23
U017198,C000653,2026-02-04,0.55,6,30
U017199,C000053,2026-09-07,2.99,150,56
U017200,C000678,2025-12-20,1.26,57,52
U017201,C000123,2026-05-06,0.89,234,30
U017202,C000372,2025-11-29,4.59,65,17
U017203,C000714,2026-08-31,2.3,275,75
U017204,C000144,2026-02-21,0.9,63,96
U017205,C000342,2026-01-10,1.3,84,92
U017206,C000087,2025-11-03,4.02,239,52
U017207,C000482,2026-01-30,1.26,232,88
U017208,C000709,2026-08-27,1.95,23,85
U017209,C000560,2026-08-07,3.45,247,99
U017210,C000254,2025-11-11,0.83,15,86
U017211,C000183,2025-11-14,0.64,292,25
U017212,C000669,2026-05-31,3.21,8,45
U017213,C000848,2026-08-08,2.74,186,43
U017214,C000133,2026-01-26,0.55,287,18
U017215,C000341,2026-05-04,1.61,143,94
U017216,C000266,2025-12-19,4.38,172,47
U017217,C000515,2025-09-26,0.7,276,0
U017218,C000684,2026-03-16,2.31,204,71
U017219,C000875,2026-09-10,0.32,239,53
U017220,C000209,2025-10-06,4.38,215,50
U017221,C000131,2025-12-01,4.95,109,22
U017222,C000910,2026-02-23,4.35,108,25
U017223,C000695,2026-05-27,3.71,262,70
U017224,C000769,2026-06-02,0.84,135,19
U017225,C000945,2025-11-16,4.27,141,14
U017226,C000610,2026-05-03,2.24,297,37
U017227,C000196,2025-10-18,1.5,68,52
U017228,C000074,2026-08-22,1.93,85,71
U017229,C000912,2026-07-24,0.28,291,88
U017230,C000393,2026-06-01,3.04,75,34
U017231,C000002,2026-07-21,2.68,85,82
U017232,C000542,2026-07-28,3.27,211,33
U017233,C000583,2026-09-21,1.58,215,81
U017234,C000896,2025-09-24,1.13,288,44
U017235,C000589,2025-12-21,0.82,102,10
U017236,C000013,2026-09-02,1.42,236,85
U017237,C000768,2026-03-21,0.43,295,77
U017238,C000073,2026-03-24,1.17,240,91
U017239,C000013,2026-02-28,1.14,260,63
U017240,C000274,2026-03-08,1.85,171,75
U017241,C000418,2025-12-25,0.14,196,27
U017242,C000177,2025-12-24,4.65,294,55
U017243,C000898,2026-04-03,2.3,122,94
U017244,C000795,2025-11-11,1.9,103,25
U017245,C000294,2026-02-01,3.01,87,13
U017246,C000168,2026-02-17,0.67,142,36
U017247,C000863,2026-04-05,2.6,284,32
U017248,C000693,2026-08-18,1.17,44,3
U017249,C000020,2026-05-05,3.31,136,15
U017250,C000091,2026-06-16,1.12,8,34
U017251,C000100,2026-07-05,2.09,125,63
U017252,C000861,2026-01-24,0.88,198,2
U017253,C000938,2026-03-10,3.21,12,28
U017254,C000050,2025-12-09,3.22,118,87
U017255,C000964,2026-03-06,2.01,280,43
U017256,C000406,2025-10-24,4.9,59,66
U017257,C000315,2026-08-16,3.75,91,53
U017258,C000206,2026-07-31,0.86,56,14
U017259,C000452,2025-11-16,1.29,86,63
U017260,C000719,2026-06-25,4.96,195,7
U017261,C000776,2026-05-11,3.48,88,48
U017262,C000696,2026-01-07,0.46,103,3
U017263,C000202,2026-04-12,1.77,60,8
U017264,C000713,2026-04-12,4.13,203,64
U017265,C000288,2026-02-25,3.38,38,67
U017266,C000264,2026-02-14,1.45,208,46
U017267,C000129,2025-11-30,2.53,37,68
U017268,C000952,2025-11-11,0.31,149,64
U017269,C000732,2026-06-25,3.19,59,80
U017270,C000667,2025-12-01,3.5,215,48
U017271,C000452,2026-04-07,3.91,232,1
U017272,C000673,2026-04-22,3.1,64,43
U017273,C000277,2025-12-17,2.18,211,15
U017274,C000950,2026-03-02,1.0,142,28
U017275,C000751,2026-09-12,1.15,60,21
U017276,C000776,2026-07-30,4.2,94,70
U017277,C000510,2026-01-11,3.27,143,65
U017278,C000060,2026-07-23,0.41,93,82
U017279,C000404,2026-09-20,3.63,4,18
U017280,C000679,2026-05-14,4.03,101,28
U017281,C000457,2025-11-09,0.93,28,15
U017282,C000220,2025-09-29,3.62,66,81
U017283,C000605,2026-08-29,0.93,218,21
U017284,C000449,2026-07-16,0.43,182,49
U017285,C000481,2026-01-10,0.31,66,64
U017286,C000027,2026-02-25,4.09,245,49
U017287,C000206,2025-09-23,0.28,275,66
U017288,C000560,2025-12-15,3.6,58,29
U017289,C000790,2025-12-15,3.77,283,51
U017290,C000553,2026-02-25,1.62,223,17
U017291,C000582,2026-09-19,4.65,136,47
U017292,C000017,2026-08-31,1.97,113,27
U017293,C000578,2026-05-27,0.24,216,51
U017294,C000114,2026-06-08,1.14,260,53
U017295,C000200,2026-06-20,1.93,259,40
U017296,C000375,2026-07-15,2.6,295,58
U017297,C000510,2026-05-22,0.53,143,43
U017298,C000206,2026-06-22,2.7,118,25
U017299,C000509,2025-10-01,0.61,194,38
U017300,C000140,2026-08-16,4.57,41,3
U017301,C000912,2025-11-02,1.49,96,48
U017302,C000634,2026-02-21,2.85,151,5
U017303,C000717,2026-03-06,4.78,187,84
U017304,C000159,2026-09-18,1.74,167,99
U017305,C000855,2026-01-04,3.02,137,65
U017306,C000308,2026-01-21,1.92,286,15
U017307,C000766,2025-11-02,1.8,215,13
U017308,C000451,2026-07-29,3.14,189,18
U017309,C000623,2026-04-12,1.02,166,42
U017310,C000978,2026-01-07,0.72,227,91
U017311,C000490,2026-05-02,4.21,270,52
U017312,C000155,2025-11-10,0.63,147,22
U017313,C000010,2026-09-14,3.54,199,89
U017314,C000521,2026-06-16,2.04,67,24
U017315,C000353,2026-05-08,1.91,249,29
U017316,C000636,2025-10-29,3.5,207,41
U017317,C000407,2026-09-05,4.37,210,61
U017318,C000743,2026-04-15,2.02,85,68
U017319,C000828,2026-05-10,4.84,186,85
U017320,C000624,2026-02-09,3.29,227,10
U017321,C000559,2026-04-28,3.8,267,10
U017322,C000777,2026-06-02,3.38,239,62
U017323,C000786,2026-02-22,2.51,71,32
U017324,C000912,2026-01-24,2.03,8,82
U017325,C000152,2026-03-31,4.1,183,29
U017326,C000006,2026-02-23,3.38,108,10
U017327,C000568,2025-11-13,2.41,91,6
U017328,C000257,2026-08-14,0.25,171,36
U017329,C000178,2026-07-28,3.62,194,48
U017330,C000820,2025-10-01,3.8,300,75
U017331,C000858,2026-08-27,3.65,209,19
U017332,C000597,2026-05-30,3.76,130,82
U017333,C000999,2025-10-26,2.96,131,67
U017334,C000244,2026-04-28,1.91,87,24
U017335,C000640,2025-11-04,3.62,139,30
U017336,C000993,2026-01-21,0.33,12,2
U017337,C000048,2026-02-28,2.01,210,82
U017338,C000592,2026-07-18,2.24,169,15
U017339,C000797,2026-08-16,2.72,245,83
U017340,C000863,2026-04-14,1.54,102,55
U017341,C000145,2026-05-14,4.32,159,81
U017342,C000050,2026-08-08,1.35,102,12
U017343,C000695,2026-02-19,0.52,29,84
U017344,C000510,2026-01-17,4.61,257,11
U017345,C000848,2025-12-04,1.02,276,77
U017346,C000898,2026-04-04,0.99,173,41
U017347,C000695,2026-02-07,0.3,52,22
U017348,C000801,2025-11-14,4.39,250,54
U017349,C000381,2026-07-30,4.91,167,91
U017350,C000990,2025-10-23,3.73,183,47
U017351,C000547,2025-11-13,2.04,227,2
U017352,C000792,2026-08-22,4.55,239,40
U017353,C000370,2026-02-17,4.12,264,73
U017354,C000027,2025-09-30,1.56,207,19
U017355,C000427,2025-12-12,1.82,96,73
U017356,C000223,2026-05-26,4.08,290,89
U017357,C000909,2026-03-01,4.96,185,64
U017358,C000171,2026-01-03,2.16,120,13
U017359,C000178,2026-02-12,1.86,54,71
U017360,C000689,2025-12-24,2.05,208,55
U017361,C000809,2026-06-23,0.63,277,12
U017362,C000312,2026-08-04,3.42,31,68
U017363,C000376,2025-10-29,2.68,272,47
U017364,C000114,2026-09-19,1.62,38,46
U017365,C000472,2025-10-10,2.04,104,30
U017366,C000116,2025-12-25,4.02,32,77
U017367,C000267,2026-02-16,1.82,134,66
U017368,C000954,2025-12-21,4.68,175,32
U017369,C000074,2025-10-04,0.74,131,69
U017370,C000718,2026-05-02,2.4,72,60
U017371,C000006,2025-12-10,4.02,68,44
U017372,C000453,2025-10-19,2.29,166,28
U017373,C000536,2025-10-05,2.37,192,12
U017374,C000048,2026-06-01,4.12,62,45
U017375,C000093,2026-09-06,0.25,143,14
U017376,C000737,2026-03-31,0.8,232,58
U017377,C000962,2026-01-24,0.68,41,89
U017378,C000425,2026-02-19,4.36,289,58
U017379,C000528,2025-11-06,2.41,292,35
U017380,C000366,2025-12-14,2.41,83,82
U017381,C000316,2026-09-09,2.4,267,92
U017382,C000992,2026-02-08,3.36,37,24
U017383,C000710,2026-09-13,4.68,98,28
U017384,C000985,2026-04-26,2.15,220,92
U017385,C000436,2026-08-12,2.12,117,50
U017386,C000398,2026-06-05,2.33,27,3
U017387,C000736,2026-07-16,1.98,139,21
U017388,C000308,2025-11-07,4.84,21,7
U017389,C000822,2026-08-27,4.9,236,56
U017390,C000589,2026-05-30,0.69,210,87
U017391,C000051,2025-10-26,0.71,227,72
U017392,C000615,2026-08-23,3.36,258,73
U017393,C000838,2026-07-26,1.59,212,49
U017394,C000536,2026-04-10,4.88,297,81
U017395,C000162,2026-01-16,4.96,81,37
U017396,C000843,2026-06-18,0.28,180,59
U017397,C000865,2026-04-01,2.52,110,82
U017398,C000413,2026-02-06,1.8,36,84
U017399,C000303,2025-12-30,1.3,237,80
U017400,C000101,2026-03-19,0.22,143,36
U017401,C000554,2026-02-07,3.38,11,13
U017402,C000935,2026-08-02,4.84,251,35
U017403,C000534,2026-07-24,3.14,27,57
U017404,C000632,2025-10-24,1.9,133,40
U017405,C000916,2026-05-07,4.07,35,76
U017406,C000541,2025-12-06,4.25,212,26
U017407,C000921,2026-06-07,2.94,138,98
U017408,C000153,2026-02-05,2.57,87,96
U017409,C000505,2026-06-12,0.88,52,95
U017410,C000084,2026-01-19,2.01,202,92
U017411,C000190,2025-12-27,1.71,272,31
U017412,C000900,2025-10-14,0.87,99,58
U017413,C000861,2025-11-17,4.83,250,57
U017414,C000449,2025-12-19,2.98,62,44
U017415,C000185,2025-11-23,4.86,69,16
U017416,C000437,2025-09-24,4.77,27,61
U017417,C000088,2026-05-22,0.14,10,37
U017418,C000908,2026-03-13,0.15,8,97
U017419,C000647,2025-12-07,1.39,292,8
U017420,C000594,2026-09-20,0.99,136,9
U017421,C000674,2026-07-08,3.49,279,93
U017422,C000908,2025-10-09,2.52,173,9
U017423,C000710,2026-02-27,2.31,293,27
U017424,C000937,2026-06-15,4.98,74,22
U017425,C000487,2026-03-18,1.72,253,67
U017426,C000218,2026-07-01,2.59,73,28
U017427,C000152,2025-12-17,0.91,70,71
U017428,C000638,2026-03-14,3.01,121,2
U017429,C000865,2026-01-08,4.43,260,17
U017430,C000118,2026-01-30,1.36,148,13
U017431,C000426,2026-01-03,2.42,136,84
U017432,C000475,2026-07-29,4.52,41,94
U017433,C000352,2026-02-17,1.25,89,31
U017434,C000321,2026-03-06,2.18,274,32
U017435,C000474,2026-02-20,2.38,28,51
U017436,C000666,2026-04-18,2.92,278,14
U017437,C000490,2026-03-21,3.18,68,50
U017438,C000078,2026-05-14,3.27,179,43
U017439,C000654,2026-08-04,2.76,218,19
U017440,C000390,2026-06-04,1.5,24,78
U017441,C000302,2026-09-06,0.2,126,38
U017442,C000680,2025-09-26,2.87,52,7
U017443,C000027,2026-09-06,2.24,219,16
U017444,C000644,2026-02-02,4.25,26,92
U017445,C000749,2026-03-06,4.43,268,78
U017446,C000291,2025-11-26,0.31,210,36
U017447,C000574,2025-10-06,4.73,265,0
U017448,C000433,2025-11-03,0.17,9,46
U017449,C000079,2025-12-21,2.07,262,31
U017450,C000806,2026-07-09,0.57,151,63
U017451,C000089,2026-05-17,0.37,5,74
U017452,C000521,2026-05-10,0.23,57,9
U017453,C000639,2026-07-25,4.83,263,25
U017454,C000774,2026-04-02,0.78,244,33
U017455,C000723,2025-12-17,2.96,228,83
U017456,C000146,2026-08-27,2.45,29,71
U017457,C000697,2025-10-27,3.2,38,80
U017458,C000900,2025-11-18,0.66,274,3
U017459,C000098,2025-10-26,4.85,63,11
U017460,C000241,2025-10-09,2.88,2,21
U017461,C000407,2025-09-25,1.96,238,95
U017462,C000620,2026-02-08,4.42,22,40
U017463,C000987,2026-01-03,0.54,234,89
U017464,C000255,2025-09-30,2.11,300,65
U017465,C000971,2026-02-25,0.81,129,55
U017466,C000380,2026-06-06,2.04,130,65
U017467,C000624,2025-12-27,2.67,151,82
U017468,C000275,2025-10-09,0.96,27,37
U017469,C000197,2026-01-14,0.46,14,52
U017470,C000901,2026-08-19,1.26,204,16
U017471,C000812,2025-10-23,0.19,78,53
U017472,C000185,2025-11-28,0.51,109,78
U017473,C000097,2026-03-01,1.4,240,50
U017474,C000856,2026-02-24,1.74,294,62
U017475,C000841,2026-04-25,1.92,33,26
U017476,C000225,2026-02-09,0.68,232,49
U017477,C000819,2025-12-04,4.72,87,53
U017478,C000802,2026-05-30,1.69,200,78
U017479,C000164,2026-05-16,4.34,88,85
U017480,C000317,2025-12-14,1.31,217,94
U017481,C000513,2025-10-07,4.08,162,9
U017482,C000026,2026-05-24,4.64,38,6
U017483,C000142,2026-04-30,4.33,283,67
U017484,C000075,2026-02-10,0.46,2,35
U017485,C000576,2026-07-23,0.38,189,31
U017486,C000935,2025-11-28,4.19,293,14
U017487,C000165,2025-12-22,1.24,276,30
U017488,C000193,2026-05-09,3.84,252,88
U017489,C000126,2025-10-14,3.11,139,24
U017490,C000533,2026-07-22,0.92,103,93
U017491,C000158,2026-08-21,4.47,66,49
U017492,C000288,2026-05-10,0.99,113,1
U017493,C000957,2026-07-14,1.79,51,26
U017494,C000862,2026-02-18,0.71,229,86
U017495,C000974,2026-09-02,1.18,176,60
U017496,C000349,2025-12-17,1.87,299,46
U017497,C000099,2026-08-04,3.18,242,38
U017498,C000057,2026-09-17,4.39,262,12
U017499,C000002,2025-12-17,3.17,39,16
U017500,C000950,2026-01-19,0.62,20,61
U017501,C000670,2026-01-27,1.8,71,29
U017502,C000599,2026-03-14,0.93,0,17
U017503,C000280,2026-03-11,1.89,31,43
U017504,C000747,2026-02-15,2.52,31,11
U017505,C000583,2025-12-29,3.99,57,42
U017506,C000871,2025-12-27,2.7,257,36
U017507,C000587,2026-07-07,2.61,146,65
U017508,C000009,2026-01-09,3.51,59,58
U017509,C000835,2026-06-25,4.61,81,0
U017510,C000092,2025-09-24,2.92,235,85
U017511,C000044,2026-04-28,3.45,27,16
U017512,C000721,2025-09-30,1.57,117,82
U017513,C000872,2026-07-06,1.11,174,0
U017514,C000543,2026-06-05,2.4,135,16
U017515,C000797,2026-04-07,4.24,132,46
U017516,C000672,2026-06-16,1.34,240,26
U017517,C000906,2025-12-10,1.04,153,39
U017518,C000193,2026-08-31,4.4,92,91
U017519,C000088,2025-11-05,1.22,125,47
U017520,C000734,2026-05-10,3.2,48,38
U017521,C000298,2026-04-10,4.08,257,4
U017522,C000498,2026-03-04,3.53,279,85
U017523,C000729,2026-05-12,3.11,98,82
U017524,C000579,2026-06-11,0.98,179,73
U017525,C000488,2026-04-18,2.73,294,100
U017526,C000334,2026-03-14,4.08,60,85
U017527,C000461,2026-07-04,3.45,75,2
U017528,C000540,2026-04-02,3.77,178,25
U017529,C000151,2025-11-11,2.88,258,75
U017530,C000815,2026-02-11,0.85,166,10
U017531,C000153,2026-02-24,0.87,141,38
U017532,C000168,2025-10-25,1.33,168,62
U017533,C000244,2026-08-07,4.35,117,71
U017534,C000628,2025-10-27,3.3,271,98
U017535,C000588,2026-06-03,3.32,274,15
U017536,C000836,2026-04-13,1.79,288,42
U017537,C000652,2026-01-16,4.34,117,49
U017538,C000590,2026-05-11,4.72,93,17
U017539,C000835,2026-01-10,1.51,179,55
U017540,C000129,2026-04-14,0.44,283,90
U017541,C000550,2026-07-19,0.47,93,64
U017542,C000129,2025-09-26,0.17,66,62
U017543,C000674,2026-07-22,3.14,297,76
U017544,C000881,2025-11-27,1.14,265,25
U017545,C000389,2026-09-02,0.23,29,20
U017546,C000780,2026-02-26,4.56,249,97
U017547,C000084,2026-02-21,2.89,261,14
U017548,C000732,2026-05-07,4.49,167,58
U017549,C000047,2026-09-02,0.41,261,39
U017550,C000875,2026-06-19,1.55,274,66
U017551,C000322,2026-01-10,4.18,190,34
U017552,C000066,2026-01-16,2.11,157,35
U017553,C000893,2025-11-03,2.13,108,79
U017554,C000157,2026-06-03,2.76,59,10
U017555,C000868,2026-08-15,2.7,59,7
U017556,C000962,2025-10-22,2.34,256,52
U017557,C000474,2026-05-12,1.58,297,9
U017558,C000286,2026-01-23,0.86,197,55
U017559,C000509,2025-09-28,1.11,50,88
U017560,C000493,2026-04-04,3.18,58,42
U017561,C000385,2025-12-12,3.55,257,59
U017562,C000618,2026-06-14,1.96,122,5
U017563,C000488,2026-05-31,4.54,66,13
U017564,C000296,2025-10-22,4.29,80,9
U017565,C000320,2026-06-24,3.39,210,42
U017566,C000564,2026-07-19,0.16,282,86
U017567,C000301,2026-08-08,3.74,272,55
U017568,C000240,2026-04-20,1.91,277,44
U017569,C000802,2026-05-02,3.09,97,12
U017570,C000550,2026-06-29,3.87,267,87
U017571,C000381,2026-09-20,0.39,108,75
U017572,C000743,2026-01-21,3.85,83,70
U017573,C000750,2026-01-29,1.48,251,84
U017574,C000896,2025-10-11,3.36,101,98
U017575,C000999,2026-06-23,3.72,165,50
U017576,C000628,2026-05-16,3.12,298,24
U017577,C000931,2025-10-09,0.91,162,90
U017578,C000639,2025-09-23,0.37,22,51
U017579,C000475,2026-09-06,4.03,286,89
U017580,C000291,2025-11-18,1.82,121,50
U017581,C000130,2025-12-26,2.49,91,50
U017582,C000967,2026-06-13,1.49,245,60
U017583,C000631,2025-12-09,3.85,64,8
U017584,C000050,2025-09-28,2.06,278,96
U017585,C000333,2026-04-26,2.77,87,30
U017586,C000736,2026-01-29,4.13,69,75
U017587,C000528,2026-06-06,3.46,59,10
U017588,C000346,2026-09-14,1.96,200,10
U017589,C000877,2026-09-01,1.5,131,87
U017590,C000269,2025-11-07,2.59,76,4
U017591,C000105,2026-05-09,3.73,153,58
U017592,C000914,2025-11-27,4.88,69,1
U017593,C000665,2025-12-05,3.9,46,37
U017594,C000240,2026-04-13,0.2,181,49
U017595,C000972,2026-03-04,3.73,167,21
U017596,C000254,2026-02-11,4.86,30,77
U017597,C000423,2026-07-31,3.31,187,29
U017598,C000804,2026-01-30,1.29,88,66
U017599,C000073,2026-02-01,4.5,203,76
U017600,C000613,2026-07-17,2.25,281,23
U017601,C000661,2026-05-08,4.45,130,2
U017602,C000896,2025-11-07,3.36,295,57
U017603,C000806,2025-11-27,3.29,221,80
U017604,C000207,2026-07-23,2.04,227,72
U017605,C000862,2025-12-18,0.85,125,9
U017606,C000452,2026-08-24,0.32,236,63
U017607,C000746,2026-08-17,0.65,169,75
U017608,C000161,2026-01-23,2.24,245,1
U017609,C000660,2025-12-27,4.01,132,21
U017610,C000267,2025-10-22,4.34,211,8
U017611,C000030,2026-08-13,0.74,78,60
U017612,C000176,2026-03-24,1.65,84,53
U017613,C000745,2026-06-25,4.66,262,98
U017614,C000441,2026-04-01,1.41,280,5
U017615,C000297,2025-12-21,2.28,198,40
U017616,C000979,2025-11-09,2.82,83,51
U017617,C000669,2025-12-31,0.85,39,18
U017618,C000868,2026-08-03,3.28,108,59
U017619,C000454,2025-10-30,3.79,174,24
U017620,C000904,2026-01-28,4.42,227,33
U017621,C000716,2026-02-18,1.35,267,69
U017622,C000373,2025-11-20,2.23,82,8
U017623,C000167,2025-10-19,2.15,110,95
U017624,C000680,2026-05-13,4.98,293,83
U017625,C000318,2026-02-04,2.74,264,76
U017626,C000891,2026-02-25,1.11,109,56
U017627,C000633,2025-10-20,1.1,22,73
U017628,C000922,2025-09-25,1.94,122,9
U017629,C000050,2026-07-30,1.5,187,11
U017630,C000163,2026-08-27,3.91,107,78
U017631,C000384,2025-10-24,2.11,298,78
U017632,C000821,2026-09-10,3.07,7,29
U017633,C000734,2026-03-19,4.2,188,69
U017634,C000926,2026-04-26,3.44,254,0
U017635,C000431,2026-02-05,3.8,141,19
U017636,C000550,2025-11-01,4.94,294,32
U017637,C000734,2026-01-21,0.55,222,20
U017638,C000090,2026-07-16,2.51,155,66
U017639,C000180,2026-01-13,0.99,143,39
U017640,C000810,2026-04-01,1.52,262,4
U017641,C000533,2026-04-02,0.94,196,17
U017642,C000709,2026-04-02,4.78,187,56
U017643,C000529,2026-02-17,3.71,220,57
U017644,C000171,2026-06-11,0.43,293,91
U017645,C000457,2025-09-30,1.86,15,89
U017646,C000762,2025-11-09,1.06,85,20
U017647,C000082,2026-07-14,0.7,154,85
U017648,C000260,2026-07-27,3.2,96,43
U017649,C000114,2026-01-19,3.04,72,29
U017650,C000416,2026-05-08,3.02,8,94
U017651,C000085,2026-07-27,2.05,283,22
U017652,C000672,2026-07-22,4.3,33,42
U017653,C000416,2026-02-17,3.15,194,57
U017654,C000251,2026-06-14,4.23,240,54
U017655,C000113,2025-10-19,1.96,218,56
U017656,C000808,2026-05-09,2.8,285,51
U017657,C000500,2026-04-09,1.09,164,52
U017658,C000090,2025-12-18,4.03,191,71
U017659,C000459,2026-02-27,4.39,4,50
U017660,C000950,2025-09-24,1.8,150,92
U017661,C000120,2026-09-09,3.34,164,8
U017662,C000264,2026-03-20,3.58,103,20
U017663,C000438,2025-12-22,4.09,75,8
U017664,C000609,2026-07-17,4.41,14,30
U017665,C000602,2026-06-09,3.82,58,33
U017666,C000075,2025-10-02,4.48,85,24
U017667,C000206,2026-03-19,4.99,167,56
U017668,C000131,2025-10-01,0.1,148,16
U017669,C000302,2025-12-29,2.97,281,32
U017670,C000291,2025-12-20,2.92,135,68
U017671,C000290,2026-06-09,3.52,56,29
U017672,C000675,2026-09-06,0.55,217,70
U017673,C000575,2025-10-19,2.86,4,45
U017674,C000235,2026-03-31,4.51,282,95
U017675,C000962,2026-03-14,4.76,111,25
U017676,C000418,2026-05-05,1.92,162,95
U017677,C000348,2026-02-16,2.98,159,93
U017678,C000223,2026-02-25,3.84,154,37
U017679,C000079,2026-05-20,4.29,9,47
U017680,C000304,2026-01-30,1.89,220,19
U017681,C000803,2026-02-04,1.87,52,81
U017682,C000292,2026-02-04,2.85,279,94
U017683,C000047,2025-12-11,3.94,45,99
U017684,C000709,2025-12-03,1.86,279,93
U017685,C000903,2026-03-05,3.49,130,89
U017686,C000886,2026-02-23,4.09,138,85
U017687,C000973,2025-09-27,3.46,282,42
U017688,C000823,2025-12-07,1.61,289,27
U017689,C000592,2025-11-07,1.85,263,76
U017690,C000468,2026-07-30,2.12,81,82
U017691,C000286,2026-08-03,3.96,251,45
U017692,C000742,2026-03-25,4.28,125,42
U017693,C000295,2026-01-08,1.8,196,46
U017694,C000408,2026-08-05,3.36,278,38
U017695,C000212,2026-07-01,2.04,161,3
U017696,C000443,2025-10-12,1.97,215,9
U017697,C000810,2026-05-24,3.26,297,95
U017698,C000200,2025-11-08,1.54,87,4
U017699,C000713,2026-08-10,4.51,148,88
U017700,C000923,2025-11-11,2.34,71,88
U017701,C000588,2025-10-28,1.08,217,30
U017702,C000705,2026-02-10,2.78,146,89
U017703,C000168,2026-06-03,3.08,43,69
U017704,C000434,2026-08-22,1.46,237,6
U017705,C000927,2026-01-13,3.46,156,52
U017706,C000279,2025-12-19,2.76,139,40
U017707,C000887,2026-02-05,2.36,207,57
U017708,C000759,2025-11-22,2.26,128,48
U017709,C000383,2025-12-14,0.12,266,100
U017710,C000618,2026-05-30,1.45,36,67
U017711,C000218,2026-08-09,1.07,165,48
U017712,C000378,2026-01-27,1.75,189,31
U017713,C000793,2026-08-04,4.7,146,62
U017714,C000252,2026-01-13,2.95,136,39
U017715,C000674,2025-10-15,0.44,245,22
U017716,C000055,2025-12-22,0.45,176,96
U017717,C000709,2026-01-23,2.27,103,69
U017718,C000406,2026-03-09,3.99,268,49
U017719,C000160,2025-10-25,4.02,199,74
U017720,C000298,2025-12-20,1.8,15,41
U017721,C000674,2025-10-06,1.12,283,16
U017722,C000517,2025-11-19,1.48,58,73
U017723,C000023,2026-07-05,3.61,252,99
U017724,C000498,2026-05-09,3.05,65,12
U017725,C000009,2026-09-16,2.93,242,28
U017726,C000050,2026-03-20,0.74,118,54
U017727,C000269,2026-07-13,0.87,199,57
U017728,C000847,2026-07-20,3.08,262,80
U017729,C000819,2026-01-23,4.51,298,25
U017730,C000072,2026-03-06,3.4,79,33
U017731,C000882,2025-12-03,3.91,57,94
U017732,C000313,2025-10-24,1.25,42,19
U017733,C000095,2026-06-25,1.52,121,14
U017734,C000549,2026-09-10,0.46,201,62
U017735,C000957,2026-05-29,3.1,168,87
U017736,C000961,2026-03-21,4.74,113,89
U017737,C000535,2026-09-10,4.92,192,5
U017738,C000091,2026-02-22,4.87,201,69
U017739,C000090,2026-03-24,3.78,44,60
U017740,C000810,2025-12-19,1.17,47,33
U017741,C000106,2026-08-08,3.85,151,27
U017742,C000594,2025-12-18,3.13,86,86
U017743,C000218,2026-09-02,0.22,209,0
U017744,C000112,2026-05-19,1.71,227,69
U017745,C000954,2026-06-10,1.39,156,96
U017746,C000488,2026-03-01,1.6,153,98
U017747,C000596,2026-07-13,4.62,13,64
U017748,C000982,2026-01-24,4.44,195,72
U017749,C000824,2026-09-13,0.55,42,27
U017750,C000794,2025-10-01,0.69,26,58
U017751,C000672,2026-04-07,0.75,263,60
U017752,C000016,2026-02-24,0.15,283,50
U017753,C000495,2025-11-21,1.25,62,0
U017754,C000289,2026-05-05,3.99,275,29
U017755,C000639,2026-05-18,2.47,33,64
U017756,C000611,2026-06-20,3.97,114,19
U017757,C000768,2025-10-24,0.79,86,25
U017758,C000827,2026-04-17,0.15,210,27
U017759,C000274,2026-02-09,3.06,206,48
U017760,C000822,2026-01-19,0.29,73,6
U017761,C000414,2026-06-02,3.28,137,67
U017762,C000290,2026-09-12,3.19,94,84
U017763,C000931,2026-01-22,1.46,225,23
U017764,C000789,2026-06-15,1.54,146,46
U017765,C000264,2026-03-29,3.01,16,12
U017766,C000704,2025-11-21,4.01,156,14
U017767,C000081,2025-12-09,2.4,238,15
U017768,C000972,2026-08-31,2.29,47,76
U017769,C000830,2026-04-21,0.71,237,90
U017770,C000233,2026-04-15,2.02,93,4
U017771,C000667,2026-07-06,3.96,238,52
U017772,C000977,2026-07-13,0.95,283,71
U017773,C000992,2026-05-24,3.93,291,96
U017774,C000673,2025-10-15,4.93,259,81
U017775,C000680,2026-04-21,4.24,85,15
U017776,C000506,2026-06-25,1.96,101,30
U017777,C000073,2026-05-17,0.88,193,1
U017778,C000530,2026-06-19,4.31,283,85
U017779,C000372,2026-06-15,0.48,20,11
U017780,C000655,2026-02-11,0.97,118,25
U017781,C000602,2026-07-21,1.96,27,72
U017782,C000466,2026-06-28,3.96,137,42
U017783,C000386,2026-06-10,4.2,289,84
U017784,C000772,2026-09-02,0.24,24,38
U017785,C000576,2026-06-16,1.8,16,53
U017786,C000095,2026-05-21,0.15,98,71
U017787,C000129,2025-12-31,3.16,225,16
U017788,C000563,2026-06-30,4.43,223,25
U017789,C000077,2026-07-14,4.02,24,51
U017790,C000334,2025-12-11,2.38,235,48
U017791,C000787,2025-09-25,0.95,114,60
U017792,C000649,2025-12-06,1.72,168,36
U017793,C000993,2026-07-23,2.44,250,72
U017794,C000036,2026-09-03,2.13,235,39
U017795,C000720,2026-07-07,1.93,261,71
U017796,C000873,2026-02-27,4.6,68,42
U017797,C000367,2026-06-06,1.98,10,70
U017798,C000297,2026-02-10,4.57,171,4
U017799,C000438,2025-12-10,1.34,78,16
U017800,C000062,2025-10-22,1.33,8,60
U017801,C000959,2026-03-14,0.18,153,73
U017802,C000721,2025-11-06,3.7,27,1
U017803,C000644,2025-11-15,3.4,145,69
U017804,C000768,2026-06-03,0.7,16,92
U017805,C000207,2025-12-01,1.26,139,24
U017806,C000093,2026-03-11,2.94,286,36
U017807,C000438,2026-05-02,0.95,29,51
U017808,C000696,2026-08-29,2.35,8,34
U017809,C000671,2026-01-30,2.16,292,37
U017810,C000754,2025-10-30,1.17,221,38
U017811,C000194,2026-03-15,0.37,20,79
U017812,C000223,2026-03-30,4.16,261,82
U017813,C000639,2026-08-22,0.17,215,38
U017814,C000440,2026-06-04,1.71,153,68
U017815,C000525,2026-09-05,1.22,12,69
U017816,C000877,2026-02-08,1.74,73,37
U017817,C000135,2026-08-31,2.63,254,22
U017818,C000117,2026-04-10,2.53,248,11
U017819,C000633,2026-09-12,2.76,223,75
U017820,C000828,2026-05-06,3.53,231,75
U017821,C000225,2026-03-18,3.6,199,17
U017822,C000243,2026-05-22,1.75,110,48
U017823,C000423,2026-03-02,2.06,17,35
U017824,C000389,2025-10-09,1.69,128,62
U017825,C000159,2025-10-25,4.28,246,94
U017826,C000340,2025-12-07,0.42,144,56
U017827,C000237,2026-08-09,0.97,289,22
U017828,C000687,2026-08-26,4.26,57,33
U017829,C000775,2026-02-19,0.13,237,53
U017830,C000795,2026-09-20,4.43,269,71
U017831,C000188,2026-02-10,3.52,183,87
U017832,C000676,2025-11-27,3.71,108,12
U017833,C000717,2025-10-09,1.71,56,94
U017834,C000163,2025-11-12,0.23,83,47
U017835,C000056,2026-05-21,0.12,215,84
U017836,C000390,2026-07-26,3.83,130,62
U017837,C000255,2026-08-20,0.38,12,78
U017838,C000093,2026-03-01,0.77,90,69
U017839,C000535,2026-09-21,1.42,210,49
U017840,C000009,2026-03-05,2.8,40,7
U017841,C000626,2025-12-08,0.88,77,74
U017842,C000258,2026-03-21,1.94,160,69
U017843,C000895,2026-01-08,2.58,113,98
U017844,C000870,2026-01-26,3.35,34,57
U017845,C000082,2026-04-12,1.59,129,41
U017846,C000391,2025-11-13,3.4,112,61
U017847,C000118,2026-03-21,1.98,65,31
U017848,C000976,2025-10-16,0.71,252,10
U017849,C000043,2026-08-01,1.55,233,94
U017850,C000615,2025-12-13,3.83,111,42
U017851,C000556,2026-07-23,3.61,168,92
U017852,C000216,2026-01-18,0.51,68,97
U017853,C000405,2026-01-28,3.87,86,68
U017854,C000482,2025-10-01,4.76,34,23
U017855,C000307,2026-06-30,4.77,282,84
U017856,C000401,2025-09-30,1.29,239,83
U017857,C000616,2026-06-16,4.21,154,14
U017858,C000233,2026-06-02,0.92,138,56
U017859,C000999,2026-08-16,1.73,171,20
U017860,C000488,2025-09-25,3.44,19,57
U017861,C000754,2026-01-24,1.12,19,35
U017862,C000775,2026-02-24,4.7,31,66
U017863,C000824,2026-05-22,3.16,0,58
U017864,C000507,2026-04-06,1.57,62,90
U017865,C000055,2025-11-07,3.45,50,39
U017866,C000568,2025-11-22,3.98,50,18
U017867,C000753,2026-05-06,4.7,167,41
U017868,C000022,2026-04-19,1.72,82,22
U017869,C000014,2026-03-02,1.12,152,100
U017870,C000201,2025-11-30,4.24,184,19
U017871,C000659,2025-12-03,0.39,261,95
U017872,C000016,2026-06-01,3.32,5,10
U017873,C000830,2026-03-05,3.74,33,75
U017874,C000008,2026-08-28,3.82,293,67
U017875,C000111,2025-11-20,4.49,22,47
U017876,C000419,2026-04-22,2.06,255,31
U017877,C000345,2026-04-02,2.82,126,97
U017878,C000003,2026-03-31,0.29,167,58
U017879,C000643,2026-07-29,3.33,122,36
U017880,C000173,2026-09-20,4.03,87,94
U017881,C000885,2026-06-26,2.01,13,81
U017882,C000145,2026-06-12,2.24,180,85
U017883,C000777,2026-02-18,1.89,270,36
U017884,C000646,2026-07-20,1.35,258,38
U017885,C000357,2026-01-10,1.27,65,48
U017886,C000328,2026-06-23,1.46,297,39
U017887,C000242,2026-03-24,1.24,140,95
U017888,C000430,2026-06-24,0.22,223,84
U017889,C000966,2026-03-01,4.88,24,57
U017890,C000168,2026-03-21,2.01,21,73
U017891,C000349,2026-08-10,2.32,140,1
U017892,C000219,2026-08-25,4.16,247,14
U017893,C000709,2026-04-14,3.97,227,32
U017894,C000103,2025-11-05,1.56,283,59
U017895,C000447,2026-09-10,4.31,206,16
U017896,C000645,2025-10-26,4.87,159,30
U017897,C000685,2026-08-19,0.49,214,69
U017898,C000637,2026-01-01,1.56,210,36
U017899,C000396,2025-11-19,4.58,224,86
U017900,C000611,2026-08-13,2.99,35,38
U017901,C000321,2026-09-03,3.12,48,85
U017902,C000594,2026-07-19,3.48,113,89
U017903,C000900,2026-05-29,4.44,236,58
U017904,C000253,2026-01-27,1.61,74,7
U017905,C000480,2025-10-27,4.15,298,26
U017906,C000021,2026-02-07,2.32,233,58
U017907,C000416,2026-02-15,0.46,62,67
U017908,C000540,2026-02-22,4.88,48,95
U017909,C000700,2025-12-03,2.13,118,94
U017910,C000476,2026-08-15,4.94,68,35
U017911,C000583,2026-05-01,3.8,233,51
U017912,C000631,2026-01-29,0.77,10,3
U017913,C000611,2026-07-27,4.7,283,84
U017914,C000082,2026-04-26,1.1,157,43
U017915,C000938,2026-02-27,3.03,69,72
U017916,C000433,2025-09-27,2.99,184,55
U017917,C000659,2026-01-19,1.67,86,4
U017918,C000725,2025-11-19,1.24,242,27
U017919,C000016,2025-11-07,0.46,275,22
U017920,C000768,2025-12-09,1.38,265,28
U017921,C000814,2026-09-17,4.06,101,43
U017922,C000845,2025-12-03,2.19,183,82
U017923,C000901,2026-08-31,0.91,14,60
U017924,C000587,2026-05-06,2.2,97,44
U017925,C000268,2026-07-28,3.6,58,76
U017926,C000019,2026-09-12,4.5,142,59
U017927,C000654,2026-01-17,4.11,227,61
U017928,C000949,2026-08-21,1.76,76,51
U017929,C000685,2026-01-17,2.84,150,32
U017930,C000103,2026-07-01,4.28,217,28
U017931,C000318,2025-11-27,0.51,153,59
U017932,C000908,2025-12-24,1.82,290,59
U017933,C000146,2025-11-12,3.19,245,80
U017934,C000464,2025-10-26,4.02,23,43
U017935,C000311,2026-07-12,1.18,94,100
U017936,C000937,2025-12-17,4.41,130,98
U017937,C000442,2026-05-30,3.04,293,21
U017938,C000728,2026-08-27,2.0,43,48
U017939,C000433,2025-10-16,1.77,194,41
U017940,C000115,2026-09-20,2.08,176,87
U017941,C000562,2026-03-24,4.68,265,34
U017942,C000944,2026-08-13,4.79,134,40
U017943,C000768,2025-11-20,0.31,5,75
U017944,C000449,2026-06-15,3.63,245,39
U017945,C000397,2025-12-20,2.77,165,76
U017946,C000971,2026-04-23,1.17,269,49
U017947,C000002,2025-12-20,3.88,173,84
U017948,C000413,2026-04-11,2.46,165,34
U017949,C000979,2026-09-05,3.44,259,53
U017950,C000915,2026-08-21,1.21,258,21
U017951,C000359,2025-11-11,0.4,141,6
U017952,C000912,2026-05-06,4.72,188,57
U017953,C000999,2026-06-20,1.72,33,46
U017954,C000151,2026-09-06,1.65,207,48
U017955,C000162,2025-11-30,3.44,263,93
U017956,C000709,2026-07-06,1.22,290,13
U017957,C000464,2026-06-02,4.3,69,91
U017958,C000190,2026-09-09,2.2,1,92
U017959,C000440,2026-07-17,0.42,14,28
U017960,C001000,2026-07-20,0.91,69,20
U017961,C000886,2026-01-07,4.22,276,2
U017962,C000846,2026-04-29,3.57,82,51
U017963,C000339,2026-09-10,1.04,154,61
U017964,C000097,2026-07-21,4.41,101,89
U017965,C000927,2026-02-21,0.39,61,50
U017966,C000059,2025-12-02,1.72,233,3
U017967,C000513,2026-07-04,1.39,169,43
U017968,C000636,2026-02-08,2.8,46,80
U017969,C000770,2026-08-21,3.17,5,98
U017970,C000654,2026-06-28,0.87,219,0
U017971,C000471,2025-12-06,0.93,8,52
U017972,C000440,2026-07-14,2.49,127,99
U017973,C000760,2026-02-27,3.99,103,22
U017974,C000825,2026-03-12,1.7,83,48
U017975,C000834,2026-03-03,4.55,252,59
U017976,C000636,2026-05-29,4.73,237,66
U017977,C000609,2026-06-22,0.23,228,19
U017978,C000463,2026-09-07,2.03,215,57
U017979,C000763,2026-03-21,2.22,99,10
U017980,C000666,2026-05-10,4.61,154,8
U017981,C000699,2025-12-22,1.8,41,39
U017982,C000118,2026-07-04,2.44,92,9
U017983,C000992,2026-02-22,0.57,52,4
U017984,C000665,2026-06-28,3.06,212,95
U017985,C001000,2026-06-16,3.75,108,19
U017986,C000889,2026-07-28,3.84,128,3
U017987,C000317,2025-12-14,0.75,209,92
U017988,C000076,2025-10-23,1.61,83,49
U017989,C000045,2025-11-30,4.52,297,84
U017990,C000008,2025-10-22,0.2,157,22
U017991,C000314,2025-11-05,2.01,37,74
U017992,C000764,2026-07-18,0.77,265,64
U017993,C000735,2026-01-01,2.97,225,59
U017994,C000574,2026-05-20,2.79,125,85
U017995,C000073,2025-10-20,2.56,214,54
U017996,C000102,2025-11-08,0.19,148,87
U017997,C000575,2026-01-18,4.53,102,16
U017998,C000447,2025-12-09,3.77,46,75
U017999,C000687,2025-10-08,4.98,146,74
U018000,C000648,2026-05-05,4.47,205,91
U018001,C000342,2026-06-19,0.33,15,93
U018002,C000603,2026-09-05,4.78,50,19
U018003,C000836,2026-09-14,1.72,246,85
U018004,C000213,2026-02-06,3.58,21,55
U018005,C000483,2026-02-11,2.03,116,87
U018006,C000168,2025-11-01,2.14,144,51
U018007,C000715,2026-03-05,3.74,238,59
U018008,C000359,2026-03-27,3.38,90,91
U018009,C000802,2026-03-25,3.64,228,49
U018010,C000771,2025-11-17,2.72,57,42
U018011,C000751,2026-06-13,3.36,227,38
U018012,C000012,2026-04-10,2.89,46,9
U018013,C000258,2026-06-28,2.48,67,99
U018014,C000774,2025-12-19,3.45,80,53
U018015,C000092,2026-07-18,2.79,49,23
U018016,C000367,2026-04-12,0.12,127,54
U018017,C000396,2025-12-08,0.39,130,27
U018018,C000144,2026-05-09,3.91,54,51
U018019,C000103,2026-06-17,4.27,92,23
U018020,C000481,2026-03-05,2.53,180,71
U018021,C000627,2026-08-29,4.64,5,94
U018022,C000776,2026-03-11,1.3,96,9
U018023,C000243,2026-04-22,1.56,276,49
U018024,C000092,2026-08-26,3.24,175,79
U018025,C000052,2025-12-31,0.95,199,44
U018026,C000093,2026-09-05,2.43,236,36
U018027,C000774,2026-09-14,2.11,59,25
U018028,C000786,2026-05-01,1.49,208,80
U018029,C000055,2025-10-29,2.16,100,85
U018030,C000972,2026-03-09,1.33,153,53
U018031,C000325,2026-06-27,0.34,285,50
U018032,C000550,2026-08-03,3.76,82,52
U018033,C000553,2026-01-12,4.23,187,55
U018034,C000350,2026-08-01,4.88,94,29
U018035,C000741,2026-07-15,3.8,120,85
U018036,C000238,2026-07-28,4.39,158,45
U018037,C000421,2025-09-26,4.18,78,24
U018038,C000609,2025-10-18,3.53,192,45
U018039,C000168,2026-05-08,3.91,43,43
U018040,C000689,2026-08-15,2.5,176,100
U018041,C000927,2026-06-29,2.28,220,59
U018042,C000317,2025-09-30,2.61,138,4
U018043,C000104,2026-04-03,2.93,103,84
U018044,C000915,2025-12-17,0.18,96,78
U018045,C000671,2025-11-04,0.21,91,89
U018046,C000310,2025-12-25,1.29,211,44
U018047,C000867,2026-08-24,4.36,92,36
U018048,C000413,2026-08-08,2.52,239,49
U018049,C000837,2026-03-19,4.37,187,28
U018050,C000701,2026-06-18,0.37,168,11
U018051,C000014,2026-07-04,0.87,171,10
U018052,C000470,2026-03-18,2.35,32,85
U018053,C000560,2026-05-01,3.97,25,63
U018054,C000032,2026-03-22,0.59,122,82
U018055,C000684,2026-03-29,0.74,50,21
U018056,C000616,2025-11-16,0.97,204,12
U018057,C000821,2026-03-06,3.11,116,42
U018058,C000983,2025-11-05,4.88,235,31
U018059,C000710,2026-05-05,1.64,215,43
U018060,C000198,2025-10-24,0.69,36,67
U018061,C000593,2026-01-07,2.77,202,47
U018062,C000138,2026-06-05,2.94,168,96
U018063,C000490,2026-03-02,0.72,194,70
U018064,C000136,2026-07-17,4.71,282,81
U018065,C000974,2026-09-01,0.24,155,78
U018066,C000449,2026-07-25,1.06,12,45
U018067,C000663,2026-04-24,1.16,30,30
U018068,C000068,2026-02-11,4.19,198,96
U018069,C000572,2026-01-20,4.61,59,12
U018070,C000290,2026-02-24,2.16,236,40
U018071,C000973,2026-02-25,0.72,59,62
U018072,C000715,2026-07-22,4.84,173,20
U018073,C000239,2026-05-04,3.86,111,22
U018074,C000964,2026-03-12,2.18,179,87
U018075,C000285,2026-05-25,2.2,245,86
U018076,C000285,2026-02-28,3.27,24,15
U018077,C000988,2026-03-05,3.01,25,73
U018078,C000877,2026-08-29,4.83,47,22
U018079,C000822,2026-03-02,0.14,29,30
U018080,C000973,2026-05-19,2.77,217,33
U018081,C000789,2026-04-07,1.91,237,84
U018082,C000560,2026-04-18,1.78,158,88
U018083,C000878,2025-12-11,0.79,90,4
U018084,C000896,2026-06-16,1.96,224,98
U018085,C000911,2026-07-20,4.23,126,72
U018086,C000242,2026-04-22,4.27,256,55
U018087,C000812,2026-02-16,2.72,191,64
U018088,C000519,2026-01-20,4.75,130,65
U018089,C000521,2026-02-24,1.05,206,47
U018090,C000492,2026-08-28,4.82,164,2
U018091,C000073,2026-08-18,2.93,266,83
U018092,C000008,2026-03-26,2.44,114,70
U018093,C000812,2026-01-05,1.87,276,10
U018094,C000128,2026-06-17,1.08,77,15
U018095,C000173,2026-08-09,2.03,152,38
U018096,C000960,2026-05-17,1.52,27,58
U018097,C000120,2026-05-03,1.24,192,35
U018098,C000235,2025-11-26,1.23,257,44
U018099,C000685,2026-05-12,1.91,286,85
U018100,C000128,2026-05-11,2.42,121,47
U018101,C000059,2025-11-25,0.57,39,89
U018102,C000080,2026-05-24,1.34,91,37
U018103,C000811,2025-12-11,1.6,287,27
U018104,C000710,2026-08-30,0.88,189,82
U018105,C000944,2026-05-08,0.52,99,38
U018106,C000039,2026-09-20,3.65,31,94
U018107,C000053,2025-11-20,4.1,242,43
U018108,C000189,2026-01-02,4.32,254,30
U018109,C000611,2026-03-21,4.33,26,13
U018110,C000937,2025-09-23,0.95,47,80
U018111,C000044,2026-03-29,2.46,164,75
U018112,C000661,2025-11-08,2.16,97,68
U018113,C000748,2026-02-12,4.51,65,31
U018114,C000364,2026-09-20,3.5,126,30
U018115,C000907,2026-09-10,4.0,211,77
U018116,C000708,2025-10-28,3.87,125,45
U018117,C000960,2026-02-06,3.92,72,82
U018118,C000446,2025-12-22,4.13,250,10
U018119,C000948,2026-06-09,4.72,245,95
U018120,C000703,2026-04-22,1.58,70,86
U018121,C000104,2026-05-17,4.97,285,34
U018122,C000851,2026-09-02,3.64,172,41
U018123,C000009,2026-04-30,3.82,78,53
U018124,C000706,2026-03-16,2.84,233,83
U018125,C000821,2026-03-23,1.37,261,23
U018126,C000278,2025-10-01,1.36,38,29
U018127,C000893,2025-11-16,3.73,108,80
U018128,C000618,2025-11-09,4.23,258,81
U018129,C000852,2026-06-22,1.11,235,29
U018130,C000962,2026-07-12,1.53,91,50
U018131,C000824,2026-01-04,1.21,163,87
U018132,C000113,2026-05-06,0.46,234,88
U018133,C000749,2026-05-25,1.34,36,84
U018134,C000244,2026-02-20,1.39,288,24
U018135,C000481,2025-10-10,3.49,127,54
U018136,C000567,2026-03-07,0.54,144,64
U018137,C000880,2026-06-27,3.83,8,39
U018138,C000070,2026-06-27,0.47,174,61
U018139,C000564,2026-05-13,3.46,11,63
U018140,C000924,2026-03-29,1.11,138,33
U018141,C000878,2026-03-08,1.72,290,67
U018142,C000293,2026-03-11,4.94,259,77
U018143,C000354,2026-01-20,1.67,216,6
U018144,C000393,2025-11-25,3.32,251,7
U018145,C000116,2026-08-23,4.88,106,55
U018146,C000666,2025-11-09,2.9,281,66
U018147,C000823,2025-10-11,1.51,2,94
U018148,C000548,2026-07-25,1.78,78,59
U018149,C000091,2025-12-26,3.48,297,91
U018150,C000607,2026-01-26,0.36,186,40
U018151,C000196,2026-03-05,3.51,149,92
U018152,C000805,2026-08-03,3.26,20,92
U018153,C000492,2026-04-23,4.55,219,9
U018154,C000794,2026-08-05,2.79,131,66
U018155,C000955,2026-07-16,2.54,75,47
U018156,C000912,2026-05-13,1.03,266,34
U018157,C000451,2026-01-25,4.77,187,70
U018158,C000022,2025-11-08,0.29,294,7
U018159,C000194,2026-06-05,3.79,65,97
U018160,C000403,2026-09-05,0.24,219,72
U018161,C000424,2025-12-29,2.95,62,81
U018162,C000837,2025-09-28,3.73,217,86
U018163,C000359,2025-09-27,3.75,193,78
U018164,C000096,2026-08-25,2.32,270,26
U018165,C000243,2025-10-10,3.48,298,59
U018166,C000571,2026-06-29,1.44,297,30
U018167,C000367,2025-12-17,4.02,115,48
U018168,C000383,2026-08-25,4.55,275,8
U018169,C000814,2026-02-28,0.43,68,100
U018170,C000422,2025-12-08,4.53,35,76
U018171,C000316,2025-11-22,0.5,211,84
U018172,C000334,2026-03-15,1.83,35,99
U018173,C000176,2026-01-25,1.49,192,27
U018174,C000399,2026-02-22,0.29,8,96
U018175,C000292,2026-09-20,1.71,159,39
U018176,C000323,2026-07-03,1.45,251,9
U018177,C000896,2025-11-24,3.01,48,98
U018178,C000606,2026-02-14,3.21,67,100
U018179,C000918,2026-06-25,2.48,78,61
U018180,C000923,2026-03-29,3.48,270,72
U018181,C000090,2026-01-14,4.71,29,94
U018182,C000137,2026-02-26,0.72,104,74
U018183,C000880,2026-03-12,1.75,50,81
U018184,C000169,2026-08-01,0.3,107,8
U018185,C000663,2025-10-18,3.0,197,76
U018186,C000261,2026-08-10,2.46,182,79
U018187,C000950,2026-05-19,3.75,125,88
U018188,C000746,2026-07-01,2.91,165,100
U018189,C000738,2025-12-04,0.93,107,14
U018190,C000661,2026-07-16,2.21,141,32
U018191,C000858,2025-12-31,1.74,157,81
U018192,C000092,2025-12-08,2.33,35,47
U018193,C000208,2025-10-11,2.13,135,46
U018194,C000929,2026-05-04,3.73,190,18
U018195,C000141,2026-09-13,3.66,184,40
U018196,C000051,2026-09-14,3.25,31,74
U018197,C000991,2026-04-15,0.21,187,35
U018198,C000100,2026-06-30,0.33,125,99
U018199,C000012,2026-07-26,1.36,139,3
U018200,C000063,2026-03-03,3.7,268,57
U018201,C000028,2026-02-07,0.35,252,14
U018202,C000898,2026-05-05,2.33,281,45
U018203,C000110,2026-02-20,2.71,231,23
U018204,C000747,2025-10-16,0.93,71,56
U018205,C000002,2025-12-18,4.6,53,15
U018206,C000181,2026-07-06,3.17,127,25
U018207,C000960,2025-09-23,1.01,235,75
U018208,C000145,2026-02-26,0.25,80,58
U018209,C000285,2026-03-20,3.39,125,66
U018210,C000235,2025-12-07,2.22,138,83
U018211,C000831,2026-09-17,4.73,132,1
U018212,C000720,2025-11-20,4.71,277,30
U018213,C000709,2026-06-13,3.3,245,26
U018214,C000761,2026-06-04,0.28,82,37
U018215,C000562,2026-01-27,1.02,219,88
U018216,C000480,2026-01-09,0.78,196,91
U018217,C000996,2025-11-18,4.52,232,12
U018218,C000747,2025-12-05,4.93,272,79
U018219,C000219,2026-05-10,4.19,91,71
U018220,C000138,2026-04-20,3.9,175,7
U018221,C000952,2026-01-31,0.1,5,53
U018222,C000718,2025-12-22,2.93,97,66
U018223,C000392,2026-08-18,1.13,171,82
U018224,C000176,2025-11-27,2.47,94,58
U018225,C000501,2025-10-29,2.36,251,33
U018226,C000349,2026-04-22,0.7,300,29
U018227,C000576,2026-07-06,3.53,284,25
U018228,C000584,2026-01-03,3.37,81,8
U018229,C000743,2026-06-02,4.79,30,4
U018230,C000596,2025-12-16,4.93,229,7
U018231,C000104,2026-06-25,0.24,141,97
U018232,C000355,2026-09-20,2.87,10,39
U018233,C000585,2025-12-13,3.64,193,60
U018234,C000093,2026-03-25,0.78,213,52
U018235,C000410,2026-06-23,4.2,80,72
U018236,C000620,2026-04-27,3.5,26,43
U018237,C000377,2026-07-16,2.13,234,81
U018238,C000495,2026-07-27,4.9,22,0
U018239,C000375,2026-05-04,0.75,125,1
U018240,C000317,2026-08-08,3.46,42,17
U018241,C000058,2026-07-19,3.0,41,35
U018242,C000921,2026-01-30,0.48,252,92
U018243,C000351,2026-07-16,0.51,203,84
U018244,C000078,2026-07-04,4.83,49,60
U018245,C000771,2026-08-04,3.3,27,89
U018246,C000746,2026-07-12,0.5,7,50
U018247,C000176,2026-07-16,2.19,87,31
U018248,C000357,2026-06-08,0.64,17,13
U018249,C000956,2026-08-09,1.22,167,27
U018250,C000411,2026-01-16,3.79,65,31
U018251,C000371,2026-01-27,3.27,232,96
U018252,C000631,2026-04-19,4.22,9,78
U018253,C000190,2026-03-12,3.44,294,80
U018254,C000738,2026-08-29,4.23,288,55
U018255,C000486,2026-05-10,1.93,172,28
U018256,C000980,2026-06-14,0.47,146,68
U018257,C000694,2026-01-04,4.52,170,0
U018258,C000847,2026-02-25,2.36,91,23
U018259,C000014,2026-04-03,1.36,68,26
U018260,C000164,2025-10-21,0.61,196,57
U018261,C000082,2026-06-19,3.08,5,70
U018262,C000180,2026-04-16,2.7,158,4
U018263,C000672,2026-01-31,4.66,112,95
U018264,C000323,2026-04-23,2.29,264,8
U018265,C000726,2025-11-01,4.51,118,52
U018266,C000155,2026-09-06,1.81,179,94
U018267,C000231,2026-09-20,1.74,254,79
U018268,C000415,2026-01-28,0.34,221,87
U018269,C000686,2025-11-29,0.41,14,72
U018270,C000990,2026-04-08,4.15,200,79
U018271,C000290,2025-10-09,4.94,37,50
U018272,C000546,2025-10-04,2.0,98,16
U018273,C000491,2026-08-03,3.33,50,5
U018274,C000460,2026-09-07,1.81,229,59
U018275,C000195,2026-06-06,4.54,77,43
U018276,C000690,2025-10-31,3.59,119,99
U018277,C000310,2026-08-01,4.98,155,90
U018278,C000537,2026-08-23,0.56,53,0
U018279,C000346,2025-10-20,2.3,152,52
U018280,C000798,2025-10-19,4.76,90,47
U018281,C000693,2026-09-08,3.27,43,96
U018282,C000291,2025-11-28,0.26,204,87
U018283,C000529,2025-12-13,1.68,222,77
U018284,C000668,2025-11-22,3.26,95,16
U018285,C000686,2026-01-01,3.78,84,92
U018286,C000018,2026-03-15,0.39,218,93
U018287,C000703,2025-12-05,2.38,271,17
U018288,C000164,2026-05-24,3.16,277,9
U018289,C000051,2025-09-25,4.18,83,65
U018290,C000811,2026-08-08,1.17,157,39
U018291,C000654,2026-08-01,2.18,210,81
U018292,C000929,2026-09-11,4.52,260,52
U018293,C000845,2026-02-01,2.42,218,51
U018294,C000819,2026-03-07,3.18,17,19
U018295,C000667,2026-08-08,0.18,225,41
U018296,C000464,2026-05-31,4.63,93,59
U018297,C000124,2025-11-12,1.95,76,87
U018298,C000159,2026-03-30,4.54,258,57
U018299,C000510,2026-04-08,0.16,180,40
U018300,C000414,2025-10-18,1.05,22,22
U018301,C000949,2025-12-06,0.97,127,13
U018302,C000360,2026-03-24,0.56,20,35
U018303,C000526,2026-03-10,3.39,63,77
U018304,C000032,2025-12-08,3.21,17,67
U018305,C000904,2026-05-25,0.85,141,65
U018306,C000325,2026-02-10,3.75,188,25
U018307,C000608,2025-11-18,3.21,220,72
U018308,C000521,2026-05-24,2.08,235,70
U018309,C000664,2026-03-30,0.54,34,81
U018310,C000885,2025-11-16,4.48,106,93
U018311,C000300,2026-01-23,2.95,188,96
U018312,C000139,2026-08-23,1.5,152,61
U018313,C000151,2026-01-26,1.92,7,15
U018314,C000003,2026-04-29,0.45,199,7
U018315,C000058,2026-08-26,1.55,137,36
U018316,C000787,2026-08-23,3.7,109,57
U018317,C000525,2026-02-14,0.69,126,88
U018318,C000024,2026-05-14,4.62,67,47
U018319,C000772,2025-11-05,3.67,151,81
U018320,C000654,2026-09-10,2.18,183,48
U018321,C000597,2025-12-31,2.22,190,96
U018322,C000177,2026-09-07,0.21,272,9
U018323,C000244,2026-01-15,3.03,286,0
U018324,C000354,2026-08-12,2.48,28,72
U018325,C000798,2026-04-16,2.03,51,41
U018326,C000034,2025-09-28,4.51,2,34
U018327,C000374,2026-04-20,1.67,105,8
U018328,C000690,2026-05-22,3.17,191,17
U018329,C000554,2026-05-08,4.16,295,64
U018330,C000466,2026-03-25,2.43,275,27
U018331,C000332,2026-05-04,4.47,116,96
U018332,C000422,2025-10-05,2.57,185,86
U018333,C000720,2026-07-29,1.11,135,96
U018334,C000053,2026-01-28,0.88,247,88
U018335,C000974,2026-06-08,0.17,225,2
U018336,C000763,2025-12-31,0.36,203,17
U018337,C000575,2026-01-23,2.39,130,0
U018338,C000884,2025-12-13,0.46,59,96
U018339,C000596,2026-05-04,2.12,170,89
U018340,C000356,2026-07-20,3.79,239,28
U018341,C000131,2026-05-22,3.2,206,98
U018342,C000175,2026-07-05,3.79,85,17
U018343,C000887,2026-06-08,4.78,217,40
U018344,C000314,2026-04-20,1.56,105,0
U018345,C000484,2025-11-13,0.75,26,20
U018346,C000109,2026-01-20,4.36,95,49
U018347,C000062,2026-03-11,3.8,268,71
U018348,C000968,2026-06-29,1.63,103,29
U018349,C000126,2025-11-13,4.71,77,5
U018350,C000772,2025-12-09,1.45,51,84
U018351,C000318,2026-05-07,1.75,4,44
U018352,C000404,2026-08-05,2.04,1,6
U018353,C000585,2026-03-10,3.72,125,64
U018354,C000988,2026-02-23,1.74,211,51
U018355,C000492,2026-08-05,1.31,281,88
U018356,C000230,2026-01-18,3.21,296,41
U018357,C000276,2026-04-16,2.17,67,84
U018358,C000563,2026-07-18,2.78,4,63
U018359,C000449,2026-04-18,0.48,161,64
U018360,C000954,2026-04-27,1.33,42,9
U018361,C000646,2026-06-21,2.94,191,0
U018362,C000660,2026-07-11,4.32,136,91
U018363,C000261,2026-07-07,2.41,112,57
U018364,C000453,2026-03-08,4.67,189,54
U018365,C000478,2025-12-22,3.4,165,62
U018366,C000779,2026-01-13,2.27,241,5
U018367,C000876,2026-06-28,3.82,31,79
U018368,C000582,2026-08-15,3.31,229,59
U018369,C000319,2026-04-09,2.42,159,12
U018370,C000513,2026-03-30,0.34,100,59
U018371,C000597,2026-04-18,2.62,85,9
U018372,C000103,2026-01-21,0.98,137,99
U018373,C000819,2026-08-31,2.48,33,9
U018374,C000768,2025-11-26,2.79,193,34
U018375,C000360,2026-07-24,4.59,107,95
U018376,C000382,2026-04-26,1.09,198,49
U018377,C000195,2026-02-22,0.36,53,90
U018378,C000488,2025-12-16,1.43,298,34
U018379,C000428,2025-11-14,0.74,96,34
U018380,C000466,2026-05-12,3.75,126,41
U018381,C000330,2025-10-30,1.33,130,10
U018382,C000968,2026-07-22,4.72,133,8
U018383,C000679,2026-02-09,2.27,33,95
U018384,C000143,2026-02-28,0.26,125,78
U018385,C000969,2025-10-16,0.98,274,26
U018386,C000265,2026-03-30,0.55,280,59
U018387,C000096,2026-04-22,2.83,15,87
U018388,C000633,2026-05-07,1.98,184,9
U018389,C000349,2026-03-12,0.94,117,55
U018390,C000059,2025-11-29,0.23,261,34
U018391,C000851,2025-12-12,3.08,205,14
U018392,C000295,2026-09-01,0.93,9,28
U018393,C000544,2025-09-28,3.9,211,51
U018394,C000880,2026-07-18,4.84,170,14
U018395,C000079,2026-03-10,3.12,166,23
U018396,C000099,2025-12-14,0.2,92,9
U018397,C000706,2026-06-22,2.28,227,0
U018398,C000267,2026-08-16,3.01,164,10
U018399,C000706,2026-06-10,4.45,270,51
U018400,C000561,2026-03-21,3.93,113,70
U018401,C000687,2025-11-25,4.05,291,31
U018402,C000040,2026-06-30,1.75,186,42
U018403,C000070,2026-01-10,0.15,150,52
U018404,C000283,2026-07-07,0.24,63,53
U018405,C000315,2026-03-12,2.2,52,73
U018406,C000914,2025-11-24,3.69,235,79
U018407,C000208,2026-05-22,3.36,40,59
U018408,C000747,2025-09-28,3.63,274,50
U018409,C000286,2026-07-31,2.3,244,63
U018410,C000816,2026-01-03,1.17,4,68
U018411,C000718,2026-07-24,3.51,33,58
U018412,C000314,2026-07-03,1.31,173,21
U018413,C000833,2026-02-03,2.3,212,75
U018414,C000335,2026-06-09,3.49,167,61
U018415,C000434,2026-05-12,3.23,228,66
U018416,C000417,2026-06-14,3.57,108,72
U018417,C000816,2026-02-19,4.52,220,78
U018418,C000347,2026-01-21,1.12,83,28
U018419,C000848,2026-07-01,1.51,229,50
U018420,C000444,2026-04-27,0.85,191,88
U018421,C000705,2026-05-29,4.91,29,46
U018422,C000508,2026-01-29,2.68,60,85
U018423,C000762,2026-06-30,4.76,129,72
U018424,C000738,2026-06-05,0.69,35,73
U018425,C000540,2025-12-24,4.34,122,35
U018426,C000959,2025-10-10,1.71,194,24
U018427,C000491,2026-05-13,2.99,40,40
U018428,C000034,2026-05-02,2.79,42,8
U018429,C000738,2025-09-24,4.97,156,35
U018430,C000571,2026-07-16,0.85,25,52
U018431,C000444,2026-01-09,4.14,63,67
U018432,C000885,2026-03-02,1.49,264,63
U018433,C000173,2025-11-12,0.19,10,35
U018434,C000212,2026-02-16,1.04,229,19
U018435,C000826,2026-03-22,2.3,263,38
U018436,C000083,2026-03-05,0.62,72,92
U018437,C000519,2026-09-18,4.03,30,85
U018438,C000460,2026-01-26,3.11,189,89
U018439,C000268,2026-01-26,1.6,144,18
U018440,C000083,2026-02-07,2.26,78,3
U018441,C000925,2026-09-16,2.71,243,26
U018442,C000467,2025-09-28,3.89,114,92
U018443,C000697,2025-11-21,1.4,76,57
U018444,C000964,2025-10-11,4.43,220,98
U018445,C000161,2025-11-06,4.65,261,61
U018446,C000014,2026-07-22,0.86,233,83
U018447,C000233,2025-09-25,3.01,279,40
U018448,C000355,2026-03-26,0.9,249,73
U018449,C000648,2026-03-17,4.58,78,45
U018450,C000119,2026-03-20,4.98,195,44
U018451,C000769,2026-06-23,4.61,3,91
U018452,C000365,2026-06-13,3.06,187,96
U018453,C000500,2026-06-01,1.14,234,59
U018454,C000726,2026-03-30,2.43,180,31
U018455,C000463,2026-02-13,1.35,109,62
U018456,C000354,2026-04-15,3.78,51,87
U018457,C000544,2025-12-02,4.94,270,24
U018458,C000793,2025-11-12,4.19,44,61
U018459,C000222,2025-12-16,4.66,151,68
U018460,C000472,2026-01-13,4.93,63,38
U018461,C000380,2026-07-16,0.89,16,1
U018462,C000638,2026-03-29,2.81,84,14
U018463,C000016,2026-01-19,2.73,133,48
U018464,C000461,2026-07-21,2.54,235,93
U018465,C000453,2026-07-12,2.49,73,45
U018466,C000139,2025-11-03,0.59,77,23
U018467,C000790,2026-02-04,3.86,17,3
U018468,C000196,2025-11-16,1.28,94,42
U018469,C000415,2025-12-31,1.8,115,32
U018470,C000533,2026-04-03,3.91,60,29
U018471,C000440,2026-01-03,4.17,39,81
U018472,C000061,2026-05-07,1.11,187,24
U018473,C000287,2025-11-14,0.77,35,25
U018474,C000654,2025-10-07,1.3,166,17
U018475,C000454,2026-06-04,2.84,166,85
U018476,C000632,2026-03-31,0.9,56,24
U018477,C000607,2025-12-09,3.9,120,72
U018478,C000541,2025-10-08,1.48,56,82
U018479,C000650,2026-03-09,2.54,251,56
U018480,C000743,2026-03-09,4.62,114,98
U018481,C000675,2025-12-18,3.02,248,29
U018482,C000573,2025-12-23,1.25,111,87
U018483,C000933,2026-04-05,2.75,271,27
U018484,C000823,2025-11-23,2.67,162,32
U018485,C000020,2026-01-16,2.36,70,2
U018486,C000624,2026-03-17,2.32,167,29
U018487,C000244,2025-10-15,1.0,103,18
U018488,C000127,2025-10-23,3.37,101,68
U018489,C000125,2025-10-21,3.17,122,76
U018490,C000268,2026-08-14,1.5,129,40
U018491,C000892,2025-10-23,1.66,35,72
U018492,C000062,2026-03-26,4.47,161,99
U018493,C000343,2026-09-18,3.73,54,66
U018494,C000903,2026-02-27,2.91,114,4
U018495,C000491,2025-12-10,2.97,227,42
U018496,C000959,2026-02-21,4.24,1,80
U018497,C000156,2026-09-22,4.07,279,10
U018498,C000735,2026-08-04,3.07,125,99
U018499,C000805,2026-09-21,1.14,281,81
U018500,C000422,2025-11-11,1.08,171,46
U018501,C000765,2026-06-01,2.22,47,46
U018502,C000454,2026-06-05,2.75,211,38
U018503,C000892,2026-01-09,4.29,87,37
U018504,C000682,2026-04-04,4.23,113,72
U018505,C000036,2026-04-07,3.37,207,32
U018506,C000911,2025-12-22,1.06,209,59
U018507,C000801,2026-01-21,1.31,287,86
U018508,C000362,2026-08-08,2.78,121,93
U018509,C000141,2026-06-11,4.92,116,94
U018510,C000715,2026-04-28,0.15,252,31
U018511,C000328,2026-03-27,1.83,103,59
U018512,C000702,2026-09-16,0.82,268,86
U018513,C000404,2026-09-11,3.82,266,63
U018514,C000006,2026-09-18,1.0,18,92
U018515,C000871,2026-02-23,2.62,140,6
U018516,C000398,2025-12-27,2.31,115,62
U018517,C000445,2026-04-20,1.69,82,30
U018518,C000369,2026-08-02,2.26,174,44
U018519,C000339,2026-04-14,2.87,210,96
U018520,C000172,2026-02-27,4.58,2,8
U018521,C000012,2026-06-10,3.65,4,85
U018522,C000553,2026-05-27,0.77,22,87
U018523,C000770,2025-12-08,1.19,40,45
U018524,C000982,2025-12-29,2.95,70,75
U018525,C000766,2026-09-17,2.17,169,5
U018526,C000813,2026-06-11,2.47,137,68
U018527,C000484,2026-07-27,0.49,299,66
U018528,C000424,2026-01-23,3.83,30,100
U018529,C000804,2026-04-09,2.33,85,27
U018530,C000747,2026-05-11,1.48,192,19
U018531,C000660,2026-08-24,2.4,247,89
U018532,C000281,2026-09-22,3.67,148,40
U018533,C000575,2026-02-23,1.99,171,77
U018534,C000263,2026-05-01,0.99,43,57
U018535,C000261,2026-09-13,3.5,168,6
U018536,C000805,2025-11-07,1.12,227,27
U018537,C000606,2026-04-30,4.64,95,53
U018538,C000457,2026-04-03,1.0,172,43
U018539,C000954,2025-10-21,1.69,111,18
U018540,C000316,2026-09-22,0.15,82,13
U018541,C000762,2025-11-02,4.55,252,40
U018542,C000509,2026-02-12,3.87,172,52
U018543,C000259,2026-05-17,1.49,94,8
U018544,C000034,2025-11-17,1.55,194,24
U018545,C000784,2026-06-29,2.12,63,82
U018546,C000731,2026-06-30,2.4,96,1
U018547,C000004,2025-10-06,1.33,7,49
U018548,C000084,2026-05-30,1.42,115,34
U018549,C000253,2025-10-20,2.35,78,33
U018550,C000015,2025-12-18,1.12,265,77
U018551,C000676,2026-08-17,2.28,95,22
U018552,C000389,2026-01-30,3.7,140,26
U018553,C000016,2026-07-24,1.4,121,20
U018554,C000277,2025-12-28,1.57,179,89
U018555,C000885,2026-01-27,2.38,266,59
U018556,C000021,2026-06-23,3.85,1,4
U018557,C000846,2026-06-07,4.55,4,75
U018558,C000049,2026-03-11,4.99,271,38
U018559,C000672,2026-03-24,3.78,261,54
U018560,C000391,2026-04-30,0.46,3,78
U018561,C000157,2026-03-16,2.78,277,3
U018562,C000396,2026-04-06,4.95,212,77
U018563,C000377,2025-10-07,1.14,207,2
U018564,C000736,2025-11-16,3.81,138,74
U018565,C000243,2025-09-30,2.22,295,15
U018566,C000136,2025-09-23,1.53,244,83
U018567,C000247,2026-01-14,4.67,140,1
U018568,C000269,2026-06-30,3.98,289,85
U018569,C000937,2026-03-28,3.83,11,94
U018570,C000356,2026-08-29,0.25,33,81
U018571,C000280,2026-08-01,4.74,83,54
U018572,C000604,2026-03-08,3.93,230,80
U018573,C000953,2026-03-08,1.16,112,48
U018574,C000079,2026-04-26,3.23,196,5
U018575,C000675,2026-04-29,2.53,122,42
U018576,C000854,2026-03-02,4.97,167,48
U018577,C000787,2026-08-04,0.97,153,25
U018578,C000291,2026-09-05,4.05,203,22
U018579,C000428,2026-09-20,4.13,143,40
U018580,C000383,2026-05-01,1.63,30,25
U018581,C000135,2026-03-16,4.44,154,22
U018582,C000296,2026-04-28,4.37,130,87
U018583,C000072,2025-11-01,3.44,152,65
U018584,C000420,2026-05-23,2.54,146,46
U018585,C000033,2025-11-09,2.99,112,78
U018586,C000024,2026-08-01,3.44,168,82
U018587,C000093,2026-08-19,3.64,252,68
U018588,C000049,2025-10-26,1.82,172,42
U018589,C000284,2026-07-15,1.23,239,66
U018590,C000289,2026-01-18,0.31,125,16
U018591,C000568,2025-11-13,3.76,194,39
U018592,C000336,2025-11-12,0.8,140,3
U018593,C000687,2026-03-14,1.99,9,95
U018594,C000452,2026-09-21,4.21,102,77
U018595,C000671,2026-04-19,3.79,197,74
U018596,C000232,2026-01-13,0.9,181,6
U018597,C000210,2026-09-04,0.79,297,25
U018598,C000236,2025-12-12,1.96,138,70
U018599,C000950,2026-08-15,3.17,287,86
U018600,C000388,2025-11-10,1.34,181,39
U018601,C000810,2026-03-22,0.63,259,97
U018602,C000110,2026-05-22,2.08,178,74
U018603,C000135,2026-08-19,2.73,24,39
U018604,C000782,2025-12-12,1.13,267,49
U018605,C000016,2025-09-30,4.06,17,100
U018606,C000564,2026-09-22,3.35,249,8
U018607,C000001,2025-10-27,2.16,252,22
U018608,C000380,2026-08-10,0.9,61,38
U018609,C000368,2025-11-05,3.58,222,43
U018610,C000062,2026-05-23,2.13,24,39
U018611,C000863,2026-02-20,0.84,273,11
U018612,C000897,2026-03-07,4.23,254,93
U018613,C000529,2026-02-07,4.87,117,84
U018614,C000881,2026-05-03,1.51,60,23
U018615,C000036,2025-09-29,0.17,220,8
U018616,C000123,2025-12-23,1.38,28,84
U018617,C000179,2026-05-17,1.89,174,90
U018618,C000087,2025-11-29,0.5,131,67
U018619,C000634,2026-07-19,2.05,271,85
U018620,C000851,2025-09-29,1.63,61,27
U018621,C000265,2026-03-07,0.4,300,20
U018622,C000866,2026-05-13,3.29,174,58
U018623,C000931,2026-09-20,4.88,188,27
U018624,C000009,2026-08-11,2.21,164,17
U018625,C000896,2026-09-16,2.82,134,22
U018626,C000274,2026-07-11,2.82,52,45
U018627,C000593,2026-02-06,2.47,83,68
U018628,C000258,2026-02-24,2.23,84,70
U018629,C000906,2025-12-26,2.09,111,90
U018630,C000481,2026-02-04,2.44,155,73
U018631,C000212,2025-11-06,4.7,239,68
U018632,C000966,2025-10-26,0.5,291,38
U018633,C000429,2025-10-15,3.9,218,57
U018634,C000021,2026-06-20,4.55,226,78
U018635,C000694,2026-07-21,0.72,42,44
U018636,C000056,2026-07-03,0.2,152,4
U018637,C000969,2026-06-19,2.07,115,25
U018638,C000602,2026-03-18,4.48,96,65
U018639,C000403,2026-08-01,3.91,224,26
U018640,C000630,2026-02-27,0.46,170,96
U018641,C000917,2025-12-02,1.11,98,38
U018642,C000724,2025-10-06,0.38,141,27
U018643,C000656,2026-04-25,4.26,131,92
U018644,C000709,2026-06-21,2.79,288,100
U018645,C000386,2026-05-30,0.58,209,7
U018646,C000774,2025-11-11,1.77,298,55
U018647,C000948,2026-06-09,3.22,47,5
U018648,C000076,2026-04-01,0.15,11,1
U018649,C000230,2026-02-10,0.92,202,95
U018650,C000970,2025-10-11,0.14,93,14
U018651,C000315,2026-04-07,4.89,111,81
U018652,C000096,2026-03-25,1.55,106,46
U018653,C000427,2026-06-24,3.54,172,14
U018654,C000266,2026-04-01,3.12,102,56
U018655,C000656,2026-03-20,0.65,117,82
U018656,C000788,2025-11-14,4.83,25,6
U018657,C000579,2026-03-14,2.59,191,63
U018658,C000635,2026-08-20,0.67,92,55
U018659,C000026,2026-08-22,1.46,256,18
U018660,C000946,2026-08-06,0.43,59,45
U018661,C000873,2026-01-11,0.2,206,77
U018662,C000235,2026-08-31,4.9,32,31
U018663,C000467,2025-10-24,3.48,42,62
U018664,C000330,2026-08-28,2.32,216,47
U018665,C000913,2025-12-14,4.89,71,42
U018666,C000739,2026-01-22,1.65,166,1
U018667,C000162,2026-04-11,3.46,289,74
U018668,C000367,2026-03-14,4.13,97,97
U018669,C000326,2025-12-01,2.35,178,49
U018670,C000053,2026-03-22,4.44,90,57
U018671,C000651,2026-08-31,1.57,23,65
U018672,C000305,2026-05-17,2.76,193,29
U018673,C000091,2026-06-13,0.92,138,34
U018674,C000726,2026-07-08,1.84,85,88
U018675,C000044,2025-10-25,4.21,284,10
U018676,C000948,2026-02-28,3.11,70,62
U018677,C000577,2026-05-03,4.18,100,95
U018678,C000826,2025-11-06,3.78,122,35
U018679,C000248,2026-02-27,1.21,27,12
U018680,C000505,2026-06-26,2.84,117,23
U018681,C000594,2026-08-11,4.12,98,3
U018682,C000328,2026-06-22,3.31,223,40
U018683,C000584,2026-06-25,3.21,130,1
U018684,C000344,2026-02-05,3.08,95,53
U018685,C000240,2025-12-08,2.15,252,26
U018686,C000591,2026-03-30,4.74,113,34
U018687,C000158,2026-03-03,3.42,94,49
U018688,C000331,2026-02-04,3.41,120,97
U018689,C000776,2026-08-26,2.88,10,40
U018690,C000623,2026-06-23,0.55,95,73
U018691,C000217,2026-06-11,2.91,44,33
U018692,C000686,2025-12-28,1.39,112,75
U018693,C000134,2025-10-27,3.22,77,6
U018694,C000346,2025-10-11,2.57,269,49
U018695,C000417,2026-04-16,2.72,20,7
U018696,C000607,2026-03-24,4.12,209,60
U018697,C000260,2026-06-22,3.17,268,48
U018698,C000845,2026-02-03,0.81,12,78
U018699,C000364,2026-01-01,0.29,45,83
U018700,C000900,2026-01-01,4.82,19,48
U018701,C000263,2025-12-01,2.13,173,32
U018702,C000496,2025-10-21,2.97,189,64
U018703,C000187,2026-08-15,4.88,52,98
U018704,C000281,2026-02-20,3.59,294,44
U018705,C000426,2026-04-27,4.99,33,40
U018706,C000095,2025-10-26,3.92,94,0
U018707,C000755,2026-03-12,0.12,34,17
U018708,C000213,2026-01-28,4.11,11,27
U018709,C000698,2026-02-18,3.14,298,56
U018710,C000627,2026-04-23,3.23,263,25
U018711,C000006,2026-06-07,0.34,150,63
U018712,C000686,2025-09-26,2.69,194,44
U018713,C000689,2026-09-08,4.33,234,88
U018714,C000429,2025-09-24,2.81,191,73
U018715,C000366,2026-07-09,2.1,56,21
U018716,C000582,2025-10-22,4.52,280,60
U018717,C000575,2026-04-22,2.42,68,18
U018718,C000818,2026-06-17,3.8,277,87
U018719,C000631,2026-08-05,0.63,15,58
U018720,C000653,2026-05-12,4.4,58,46
U018721,C000750,2025-10-19,3.35,193,43
U018722,C000213,2026-05-16,1.68,103,31
U018723,C000021,2026-05-05,0.55,212,64
U018724,C000576,2026-08-21,1.05,109,84
U018725,C000900,2026-06-30,3.53,136,87
U018726,C000178,2026-03-17,0.49,41,84
U018727,C000933,2026-04-02,2.28,162,93
U018728,C000514,2026-02-08,4.35,219,38
U018729,C000624,2026-01-20,3.57,79,16
U018730,C000766,2026-06-07,0.51,120,71
U018731,C000422,2025-12-30,1.55,148,65
U018732,C000866,2026-05-27,2.19,6,69
U018733,C000288,2026-04-24,4.92,171,47
U018734,C000062,2026-07-01,1.54,72,64
U018735,C000438,2026-08-28,2.19,49,17
U018736,C000801,2025-11-08,2.66,117,57
U018737,C000310,2026-03-18,0.75,182,8
U018738,C000476,2025-12-28,1.86,11,9
U018739,C000128,2026-07-30,4.76,21,94
U018740,C000253,2026-08-15,4.89,95,8
U018741,C000323,2026-06-24,1.27,92,37
U018742,C000498,2026-01-06,2.49,276,77
U018743,C000958,2026-03-07,4.39,36,24
U018744,C000144,2025-10-02,1.19,58,70
U018745,C000738,2026-04-23,3.2,212,1
U018746,C000061,2026-05-02,1.7,123,15
U018747,C000268,2025-12-16,3.43,239,71
U018748,C000200,2026-04-14,1.71,204,76
U018749,C000821,2025-11-29,4.81,177,42
U018750,C000069,2026-09-06,1.37,223,42
U018751,C000173,2026-03-08,2.74,294,16
U018752,C000923,2026-07-11,3.88,45,39
U018753,C000467,2026-09-22,1.86,7,33
U018754,C000043,2026-01-13,0.16,215,44
U018755,C000101,2026-05-25,2.09,299,26
U018756,C000871,2025-10-13,0.85,250,84
U018757,C000093,2026-01-03,1.72,221,58
U018758,C000988,2026-06-23,2.56,10,17
U018759,C000773,2026-04-08,2.39,178,78
U018760,C000049,2026-04-25,3.85,186,44
U018761,C000630,2026-04-14,0.95,23,41
U018762,C000813,2026-05-12,3.05,70,89
U018763,C000869,2026-08-23,2.35,41,45
U018764,C000952,2026-02-28,1.88,187,77
U018765,C000339,2026-03-20,1.01,187,99
U018766,C000952,2025-09-28,3.72,254,40
U018767,C000603,2026-01-04,4.39,16,14
U018768,C000871,2026-03-27,1.09,207,45
U018769,C000020,2026-09-22,3.71,40,50
U018770,C000198,2025-10-14,2.11,77,74
U018771,C000721,2026-02-05,0.72,5,22
U018772,C000893,2026-08-26,4.83,84,97
U018773,C000556,2025-10-09,0.16,283,64
U018774,C000072,2026-01-28,3.01,151,80
U018775,C000845,2026-07-01,1.83,43,3
U018776,C000214,2026-08-10,0.41,107,85
U018777,C000162,2026-02-11,1.89,137,89
U018778,C000297,2026-08-12,4.76,126,59
U018779,C000327,2026-01-05,4.97,281,92
U018780,C000440,2025-10-16,3.55,25,60
U018781,C000645,2026-06-23,4.82,124,55
U018782,C000005,2026-05-03,0.75,74,96
U018783,C000488,2026-09-19,2.48,201,98
U018784,C000446,2026-02-11,3.77,183,23
U018785,C000236,2026-04-13,2.11,76,17
U018786,C000285,2026-05-27,2.15,288,84
U018787,C000989,2026-07-05,1.78,162,80
U018788,C000567,2026-04-07,4.68,179,23
U018789,C000380,2026-06-27,0.87,116,76
U018790,C000165,2026-06-24,2.67,114,79
U018791,C000334,2026-09-19,2.92,125,0
U018792,C000590,2026-04-16,0.74,278,13
U018793,C000411,2026-04-21,4.48,249,64
U018794,C000574,2026-06-08,3.48,0,62
U018795,C000525,2026-03-07,4.02,126,91
U018796,C000831,2026-06-20,3.2,221,27
U018797,C000652,2026-03-28,3.67,230,5
U018798,C000512,2026-07-31,3.55,31,1
U018799,C000933,2025-11-06,3.2,14,16
U018800,C000602,2026-01-07,4.08,73,78
U018801,C000729,2025-11-19,2.57,129,44
U018802,C000020,2026-03-23,3.38,91,6
U018803,C000369,2026-02-12,4.34,203,7
U018804,C000070,2025-10-23,2.38,272,67
U018805,C000836,2026-01-28,0.42,113,83
U018806,C000165,2025-11-09,4.91,75,70
U018807,C000619,2026-05-18,0.87,170,0
U018808,C000640,2026-01-21,4.32,28,83
U018809,C000937,2025-10-26,1.06,19,12
U018810,C000556,2026-03-16,2.39,243,53
U018811,C000209,2026-09-07,3.63,92,49
U018812,C000254,2026-04-17,4.79,257,96
U018813,C000552,2026-02-06,4.47,48,88
U018814,C000464,2026-08-13,3.85,143,8
U018815,C000790,2025-11-16,3.98,286,86
U018816,C000571,2026-01-12,4.93,107,84
U018817,C000963,2026-08-15,1.97,1,77
U018818,C000732,2025-11-23,3.15,281,40
U018819,C000288,2025-12-30,4.41,199,36
U018820,C000269,2025-11-26,0.7,61,40
U018821,C000724,2025-10-29,1.82,242,25
U018822,C000205,2026-02-12,4.57,181,38
U018823,C000391,2026-08-09,0.83,215,12
U018824,C000313,2025-12-23,0.54,178,84
U018825,C000225,2025-09-28,0.22,84,98
U018826,C000459,2026-05-16,4.7,119,42
U018827,C000433,2025-10-18,3.29,10,63
U018828,C000339,2026-07-12,3.53,182,27
U018829,C000738,2026-06-08,1.6,168,20
U018830,C000060,2026-06-27,3.86,241,30
U018831,C000185,2025-11-19,4.56,160,45
U018832,C000762,2026-08-19,2.49,73,64
U018833,C000866,2026-07-02,2.02,263,53
U018834,C000940,2026-08-21,2.03,77,79
U018835,C000678,2025-10-12,1.2,223,19
U018836,C000865,2026-08-05,4.85,11,17
U018837,C000698,2026-09-16,3.98,255,84
U018838,C000463,2026-02-12,3.0,35,43
U018839,C000773,2026-05-24,1.02,34,92
U018840,C000392,2026-07-11,4.86,234,99
U018841,C000536,2026-04-06,1.74,227,37
U018842,C000808,2026-06-08,0.15,157,12
U018843,C000355,2026-09-07,4.28,60,96
U018844,C000145,2026-08-05,0.36,227,43
U018845,C000132,2025-11-29,1.47,128,35
U018846,C000365,2025-12-25,1.43,48,59
U018847,C000472,2025-10-24,4.65,148,42
U018848,C000974,2025-09-27,4.45,176,26
U018849,C000638,2026-02-22,4.23,240,30
U018850,C000901,2026-07-07,0.25,137,5
U018851,C000529,2025-10-21,1.78,239,7
U018852,C000444,2026-02-27,4.21,241,18
U018853,C000749,2025-12-01,0.93,235,76
U018854,C000448,2026-08-15,4.42,166,94
U018855,C000157,2026-03-07,3.52,118,52
U018856,C000751,2026-08-07,3.36,76,65
U018857,C000989,2026-02-05,4.39,13,69
U018858,C000835,2026-06-07,4.66,214,95
U018859,C000860,2025-09-30,4.58,96,78
U018860,C000225,2026-04-11,0.61,131,67
U018861,C000374,2026-01-08,3.65,224,77
U018862,C000188,2025-10-11,2.75,45,92
U018863,C000854,2026-07-04,4.86,94,21
U018864,C000447,2026-03-12,0.16,148,28
U018865,C000275,2026-02-11,4.56,285,44
U018866,C000804,2026-09-10,1.02,37,62
U018867,C000132,2025-12-24,4.29,188,25
U018868,C000942,2026-07-06,4.07,64,8
U018869,C000517,2026-03-02,2.31,285,15
U018870,C000707,2026-02-19,1.88,55,70
U018871,C000009,2026-02-27,3.36,202,58
U018872,C000216,2026-03-08,2.08,27,55
U018873,C000433,2026-09-05,0.33,43,60
U018874,C000349,2026-07-21,4.87,272,62
U018875,C000839,2026-06-10,3.31,33,83
U018876,C000068,2026-05-20,1.18,238,51
U018877,C000897,2026-06-28,3.38,238,79
U018878,C000451,2026-03-18,3.34,237,60
U018879,C000568,2026-02-17,1.35,28,56
U018880,C000279,2026-02-19,0.17,295,78
U018881,C000750,2026-02-09,2.24,18,89
U018882,C000824,2025-11-10,1.13,242,81
U018883,C000241,2026-01-20,4.46,89,43
U018884,C000235,2025-12-14,3.34,36,90
U018885,C000633,2026-04-20,0.78,142,0
U018886,C000269,2025-11-22,2.53,110,52
U018887,C000125,2025-12-25,1.3,118,46
U018888,C000928,2026-02-08,0.89,14,66
U018889,C000771,2026-02-18,2.3,79,33
U018890,C000542,2025-12-08,0.77,110,20
U018891,C000751,2025-12-11,1.55,78,38
U018892,C000521,2025-09-29,3.66,38,44
U018893,C000340,2026-03-05,0.41,242,72
U018894,C000759,2026-08-16,4.81,182,24
U018895,C000289,2025-09-26,2.68,53,49
U018896,C000505,2026-05-02,1.31,45,51
U018897,C000528,2026-05-09,0.19,152,75
U018898,C000260,2025-12-13,2.2,182,20
U018899,C000304,2025-11-11,0.76,196,16
U018900,C000273,2026-05-09,3.75,128,23
U018901,C000694,2025-11-28,4.05,131,86
U018902,C000697,2026-06-14,4.72,285,15
U018903,C000670,2026-01-21,3.9,95,0
U018904,C000384,2026-01-16,0.74,90,35
U018905,C000322,2026-07-31,2.88,14,4
U018906,C000933,2026-05-13,3.02,76,55
U018907,C000217,2026-03-20,4.32,275,95
U018908,C000787,2025-12-30,4.64,90,61
U018909,C000291,2026-09-07,0.26,232,21
U018910,C000383,2026-08-30,3.24,203,85
U018911,C000868,2025-11-02,4.37,91,92
U018912,C000692,2026-01-08,3.74,248,81
U018913,C000464,2026-04-13,3.33,197,70
U018914,C000918,2025-09-23,2.79,300,79
U018915,C000382,2026-02-01,0.15,169,14
U018916,C000967,2026-04-21,3.14,223,27
U018917,C000641,2026-07-29,0.39,184,80
U018918,C000284,2026-07-04,4.4,149,83
U018919,C000001,2025-12-11,4.19,132,2
U018920,C000060,2025-12-09,1.6,76,27
U018921,C000809,2026-08-02,0.98,102,63
U018922,C000741,2026-02-12,3.49,100,40
U018923,C000233,2026-03-04,3.95,15,34
U018924,C000355,2026-05-15,4.36,282,18
U018925,C000769,2026-02-11,0.95,7,35
U018926,C000843,2026-09-07,4.93,169,93
U018927,C000015,2026-05-28,0.76,2,81
U018928,C000659,2025-12-13,4.07,175,6
U018929,C000419,2026-04-21,4.8,174,15
U018930,C000953,2025-12-12,2.97,191,39
U018931,C000333,2025-12-16,2.5,217,91
U018932,C000840,2025-12-12,1.01,247,18
U018933,C000465,2026-09-10,2.77,106,41
U018934,C000524,2026-01-20,0.66,185,32
U018935,C000067,2026-07-09,1.01,34,85
U018936,C000234,2026-08-21,3.78,162,3
U018937,C000844,2026-04-29,0.45,123,67
U018938,C000858,2026-09-08,3.06,80,17
U018939,C000089,2026-01-26,4.19,116,6
U018940,C000933,2026-08-02,0.3,14,73
U018941,C000539,2026-03-24,2.48,164,15
U018942,C000114,2026-01-20,1.61,182,16
U018943,C000675,2026-06-06,3.67,28,55
U018944,C000333,2026-09-09,3.29,6,12
U018945,C000535,2026-01-01,0.4,287,67
U018946,C000304,2026-08-04,4.2,3,82
U018947,C000048,2026-01-21,1.54,284,2
U018948,C000249,2026-04-06,4.15,221,27
U018949,C000192,2026-05-01,1.18,237,16
U018950,C000630,2025-12-23,0.26,256,6
U018951,C000578,2025-12-10,4.71,299,85
U018952,C000718,2026-02-22,3.06,128,76
U018953,C000317,2026-08-07,2.86,241,77
U018954,C000813,2026-09-08,2.26,105,43
U018955,C000656,2026-04-17,4.0,105,99
U018956,C000693,2026-01-22,1.17,115,38
U018957,C000464,2025-12-04,4.45,204,4
U018958,C000315,2025-12-19,1.46,195,88
U018959,C000762,2026-09-06,3.34,25,40
U018960,C000577,2026-05-05,2.93,267,10
U018961,C000508,2025-12-16,3.69,255,90
U018962,C000046,2026-04-16,2.6,173,32
U018963,C000888,2025-12-04,2.45,144,8
U018964,C000857,2026-09-08,4.12,255,54
U018965,C000371,2026-09-04,4.24,63,32
U018966,C000744,2026-06-05,0.56,24,51
U018967,C000506,2025-11-02,4.12,199,3
U018968,C000812,2026-07-02,3.29,172,42
U018969,C000548,2026-08-05,1.23,285,12
U018970,C000331,2025-10-18,0.74,69,88
U018971,C000176,2025-11-21,3.0,140,13
U018972,C000882,2026-02-12,4.68,15,20
U018973,C000939,2025-11-14,4.68,114,69
U018974,C000893,2026-08-03,4.45,132,60
U018975,C000695,2026-02-12,4.49,177,87
U018976,C000182,2026-08-29,4.2,242,27
U018977,C000371,2026-01-30,4.01,177,26
U018978,C000814,2025-12-10,2.1,94,27
U018979,C000519,2025-11-13,4.72,136,35
U018980,C000315,2026-06-21,2.59,262,16
U018981,C000109,2025-10-23,0.26,192,7
U018982,C000298,2026-02-25,3.36,239,8
U018983,C000392,2025-12-23,2.17,172,75
U018984,C000363,2026-03-24,2.0,274,85
U018985,C000236,2026-01-13,4.83,9,14
U018986,C000994,2026-06-07,1.92,85,79
U018987,C000106,2026-08-12,1.34,225,35
U018988,C000988,2026-02-03,0.98,257,77
U018989,C000535,2025-11-16,2.31,282,12
U018990,C000635,2026-03-03,2.89,227,86
U018991,C000758,2026-02-16,4.58,68,63
U018992,C000789,2025-11-23,2.01,141,61
U018993,C000026,2025-12-21,4.97,82,69
U018994,C000896,2026-08-29,4.37,293,45
U018995,C000452,2026-03-15,3.73,203,22
U018996,C000831,2025-11-20,3.07,234,46
U018997,C000313,2026-02-19,2.91,295,29
U018998,C000465,2026-05-14,1.53,56,71
U018999,C000292,2025-12-26,4.36,230,42
U019000,C000177,2026-04-26,0.67,137,22
U019001,C000622,2026-09-21,0.69,99,35
U019002,C000251,2026-02-26,1.6,233,4
U019003,C000803,2026-04-11,4.15,27,80
U019004,C000684,2026-07-19,2.71,151,61
U019005,C000724,2026-05-25,1.39,208,41
U019006,C000301,2026-07-14,4.51,139,31
U019007,C000065,2026-03-07,3.87,39,73
U019008,C000579,2026-02-12,2.53,231,96
U019009,C000439,2025-09-30,4.65,17,77
U019010,C000663,2026-08-01,4.54,257,77
U019011,C000497,2025-12-29,2.84,37,27
U019012,C000857,2026-01-04,4.36,228,1
U019013,C000941,2026-03-03,4.47,179,15
U019014,C000750,2026-07-14,1.49,227,8
U019015,C000878,2026-09-08,0.14,90,44
U019016,C000289,2026-04-17,2.83,125,25
U019017,C000872,2026-03-03,0.73,205,44
U019018,C000987,2026-07-07,2.49,282,91
U019019,C000329,2025-10-06,0.25,253,40
U019020,C000250,2025-11-20,1.27,13,68
U019021,C000372,2025-11-19,4.26,113,1
U019022,C000409,2026-02-14,0.93,99,19
U019023,C000393,2026-04-01,3.26,265,38
U019024,C000025,2026-05-20,2.82,214,59
U019025,C000452,2025-09-25,1.84,48,59
U019026,C000262,2026-03-02,3.05,170,40
U019027,C000323,2026-08-25,1.9,79,94
U019028,C000879,2026-09-04,4.34,257,81
U019029,C000941,2026-06-01,4.67,45,42
U019030,C000867,2026-09-13,4.2,164,100
U019031,C000447,2026-02-08,0.9,264,40
U019032,C000086,2026-04-20,1.67,179,78
U019033,C000948,2026-04-23,0.51,131,2
U019034,C000870,2025-10-14,1.43,31,86
U019035,C000850,2026-04-05,1.45,168,97
U019036,C000104,2026-01-12,2.41,117,30
U019037,C000874,2025-10-09,3.94,153,87
U019038,C000887,2026-04-27,4.76,18,31
U019039,C000617,2025-12-01,4.57,25,14
U019040,C000430,2026-08-07,2.16,187,76
U019041,C000915,2026-08-08,4.09,169,83
U019042,C000372,2025-11-19,0.3,132,91
U019043,C000332,2026-02-25,2.33,93,33
U019044,C000108,2026-08-12,1.18,32,80
U019045,C000009,2026-02-07,0.49,54,80
U019046,C000704,2026-08-21,2.67,208,85
U019047,C000505,2026-02-08,4.45,145,9
U019048,C000507,2026-04-27,0.54,227,27
U019049,C000007,2026-01-16,2.93,106,11
U019050,C000792,2025-11-02,1.83,88,59
U019051,C000857,2026-03-16,0.27,295,98
U019052,C000375,2025-12-25,2.1,156,15
U019053,C000299,2026-09-19,1.74,120,42
U019054,C000368,2026-09-16,4.47,85,71
U019055,C000740,2026-04-28,1.57,177,5
U019056,C000653,2026-04-18,3.37,166,68
U019057,C000478,2026-05-30,2.64,124,95
U019058,C000777,2025-12-15,0.6,134,8
U019059,C000815,2026-02-28,2.19,280,5
U019060,C000289,2026-04-23,1.26,256,60
U019061,C000984,2026-09-03,1.28,281,17
U019062,C000035,2026-08-16,3.42,229,31
U019063,C000606,2026-04-02,3.5,45,13
U019064,C000822,2026-06-25,4.94,152,55
U019065,C000270,2026-05-15,5.0,143,18
U019066,C000450,2025-12-01,4.78,99,22
U019067,C000039,2026-09-15,0.81,114,51
U019068,C000388,2025-10-22,3.82,238,83
U019069,C000147,2026-09-10,0.63,226,41
U019070,C000895,2026-07-08,0.46,42,16
U019071,C000916,2026-03-24,3.76,123,2
U019072,C000202,2026-04-09,4.05,240,100
U019073,C000982,2026-04-27,2.89,61,58
U019074,C000536,2026-07-04,3.42,36,71
U019075,C000846,2026-06-06,3.38,299,63
U019076,C000370,2026-03-19,3.35,224,18
U019077,C000875,2026-08-20,3.37,112,22
U019078,C000079,2026-09-19,1.52,229,31
U019079,C000713,2026-04-22,1.2,127,13
U019080,C000260,2026-07-02,1.42,238,57
U019081,C000857,2026-06-12,4.53,166,35
U019082,C000332,2026-09-04,2.25,77,61
U019083,C000379,2026-05-23,0.76,39,17
U019084,C000812,2025-11-08,1.66,14,92
U019085,C000230,2026-07-19,1.65,91,89
U019086,C000036,2025-12-17,4.45,225,30
U019087,C000499,2026-06-15,1.32,0,71
U019088,C000271,2026-08-04,3.66,275,19
U019089,C000730,2026-03-24,1.55,255,2
U019090,C000959,2026-02-25,4.46,31,5
U019091,C000518,2026-04-25,1.82,199,76
U019092,C000808,2026-02-03,2.19,147,43
U019093,C000261,2026-01-17,4.41,265,84
U019094,C000784,2026-04-25,2.12,12,79
U019095,C000922,2026-08-26,4.28,212,16
U019096,C000983,2026-02-02,4.88,50,5
U019097,C000920,2026-02-25,2.47,198,60
U019098,C000068,2026-04-14,2.93,15,11
U019099,C000181,2026-08-05,1.05,201,82
U019100,C000406,2025-09-29,1.69,98,67
U019101,C000238,2025-10-30,2.04,124,32
U019102,C000759,2026-02-25,3.0,274,5
U019103,C000990,2026-04-27,1.12,45,35
U019104,C000554,2026-07-17,0.26,59,29
U019105,C000325,2026-05-08,4.67,29,19
U019106,C000150,2026-05-10,0.94,12,39
U019107,C000189,2026-01-01,3.82,259,55
U019108,C000614,2026-02-12,1.74,101,99
U019109,C000923,2026-08-13,4.87,138,1
U019110,C000844,2026-05-16,1.88,279,40
U019111,C000816,2026-08-02,0.36,107,17
U019112,C000584,2026-01-06,1.83,233,24
U019113,C000870,2025-12-17,0.88,75,45
U019114,C000898,2025-10-24,2.85,101,6
U019115,C000939,2026-01-18,2.87,114,54
U019116,C000722,2026-09-02,2.2,264,28
U019117,C000471,2026-03-14,2.92,123,2
U019118,C000080,2026-05-03,3.07,140,3
U019119,C000169,2026-02-08,2.15,174,15
U019120,C000629,2026-01-13,4.84,279,55
U019121,C000713,2026-05-18,3.53,121,19
U019122,C000923,2025-11-19,1.22,114,49
U019123,C000171,2025-09-29,1.58,35,22
U019124,C000674,2026-07-08,1.5,30,83
U019125,C000259,2025-12-09,1.38,131,74
U019126,C000348,2025-10-05,3.59,284,60
U019127,C000206,2026-05-10,1.44,24,15
U019128,C000391,2025-10-10,3.98,0,88
U019129,C000474,2026-07-15,4.39,50,25
U019130,C000732,2026-03-12,2.32,83,68
U019131,C000191,2026-04-03,1.04,164,48
U019132,C000486,2026-02-09,3.34,245,57
U019133,C000488,2026-02-18,1.72,283,4
U019134,C000628,2026-05-27,1.43,155,39
U019135,C000717,2025-10-04,4.37,249,11
U019136,C000682,2026-07-15,0.81,269,23
U019137,C000510,2026-01-11,0.71,2,7
U019138,C000496,2025-11-24,0.58,196,0
U019139,C000346,2026-03-21,0.26,58,96
U019140,C000525,2026-02-20,2.52,186,70
U019141,C000740,2026-06-12,2.9,104,79
U019142,C000545,2025-11-29,2.7,205,11
U019143,C000136,2026-07-04,1.59,37,9
U019144,C000800,2026-09-16,0.74,19,100
U019145,C000986,2025-12-24,1.41,130,62
U019146,C000373,2026-06-06,2.48,96,18
U019147,C000416,2026-01-30,3.14,118,82
U019148,C000086,2025-11-07,1.36,131,79
U019149,C000859,2026-05-26,2.52,272,87
U019150,C000557,2025-11-13,1.8,91,53
U019151,C000527,2026-02-27,0.12,175,76
U019152,C000625,2026-04-08,3.97,74,44
U019153,C000304,2025-12-06,4.26,202,37
U019154,C000672,2025-11-26,2.56,109,91
U019155,C000888,2025-12-04,1.13,63,84
U019156,C000948,2026-05-28,2.42,67,63
U019157,C000145,2025-11-10,0.35,10,36
U019158,C000437,2026-06-24,0.75,122,98
U019159,C000449,2026-08-04,1.04,194,13
U019160,C000345,2026-04-25,3.65,220,33
U019161,C000062,2026-08-30,3.86,112,74
U019162,C000782,2026-04-24,1.93,39,17
U019163,C000671,2025-11-23,0.77,36,26
U019164,C000435,2026-09-18,4.95,93,36
U019165,C000468,2026-08-02,3.18,192,12
U019166,C000434,2026-07-14,4.87,169,23
U019167,C000522,2026-04-21,2.0,101,69
U019168,C000403,2026-05-27,4.37,75,10
U019169,C000841,2025-11-27,0.5,237,25
U019170,C000362,2026-05-06,0.55,89,5
U019171,C000400,2026-05-04,1.92,161,87
U019172,C000145,2026-05-05,3.76,232,32
U019173,C000160,2026-05-17,3.1,289,90
U019174,C000410,2026-01-24,3.48,165,27
U019175,C000231,2025-12-28,1.11,245,75
U019176,C000026,2026-06-12,3.7,27,47
U019177,C000309,2026-04-23,4.97,56,23
U019178,C000731,2025-10-25,4.66,33,76
U019179,C000642,2026-05-30,3.79,200,62
U019180,C000779,2026-08-02,2.86,18,18
U019181,C000687,2025-12-25,3.02,88,20
U019182,C000824,2026-03-09,2.95,213,20
U019183,C000285,2026-01-19,4.9,100,86
U019184,C000218,2026-05-21,4.78,198,9
U019185,C000378,2026-05-05,0.95,265,51
U019186,C000312,2025-12-21,1.59,109,91
U019187,C000635,2026-01-25,3.14,84,48
U019188,C000586,2025-12-19,0.31,124,24
U019189,C000838,2026-08-06,2.4,33,41
U019190,C000247,2026-03-08,1.24,117,0
U019191,C000684,2026-05-16,1.49,281,41
U019192,C000272,2026-01-12,3.17,52,30
U019193,C000584,2026-07-31,1.55,151,99
U019194,C000359,2025-11-27,0.46,282,27
U019195,C000949,2026-01-21,4.51,50,92
U019196,C000101,2025-10-02,0.56,285,6
U019197,C000471,2026-05-03,1.01,253,42
U019198,C000250,2026-03-25,2.04,50,55
U019199,C000359,2025-10-16,3.84,126,71
U019200,C000335,2026-09-21,1.24,251,24
U019201,C000564,2026-09-09,3.73,286,61
U019202,C000939,2025-11-10,1.41,8,73
U019203,C000882,2026-07-03,3.87,229,0
U019204,C000661,2026-07-23,4.02,39,14
U019205,C000034,2025-10-27,2.55,264,49
U019206,C000637,2026-01-21,3.18,206,46
U019207,C000964,2026-07-19,1.63,284,29
U019208,C000960,2025-11-09,0.56,59,11
U019209,C000824,2026-01-14,0.52,270,38
U019210,C000912,2026-06-09,1.4,148,44
U019211,C000058,2026-06-11,3.93,226,2
U019212,C000577,2026-06-09,2.95,198,45
U019213,C000576,2025-10-16,0.4,246,73
U019214,C000007,2025-11-28,0.43,285,16
U019215,C000599,2026-05-20,3.03,16,25
U019216,C000078,2026-09-22,1.29,281,72
U019217,C000073,2026-03-04,1.79,192,22
U019218,C000988,2026-03-31,1.78,39,68
U019219,C000512,2026-04-21,2.58,185,76
U019220,C000660,2026-06-12,3.94,97,44
U019221,C000855,2026-03-10,2.54,187,94
U019222,C000005,2026-08-02,0.17,251,56
U019223,C000560,2025-09-23,2.34,196,25
U019224,C000456,2026-09-20,3.14,186,36
U019225,C000854,2025-11-26,2.34,234,6
U019226,C000592,2026-01-01,4.75,147,37
U019227,C000910,2026-05-07,2.21,52,77
U019228,C000396,2025-12-10,0.65,15,61
U019229,C000119,2026-02-01,3.94,222,66
U019230,C000685,2026-05-18,4.39,11,82
U019231,C000388,2026-03-09,3.21,100,30
U019232,C000948,2026-06-30,3.95,213,14
U019233,C000948,2026-03-12,1.97,293,93
U019234,C000890,2025-10-12,2.2,163,98
U019235,C000952,2026-08-12,2.05,223,12
U019236,C000109,2026-08-03,0.12,140,22
U019237,C000461,2026-01-27,2.63,264,40
U019238,C000015,2025-12-02,3.42,28,27
U019239,C000300,2026-03-01,2.79,63,32
U019240,C000195,2026-04-07,0.88,287,88
U019241,C000817,2026-09-15,3.3,283,29
U019242,C000224,2026-07-10,3.73,164,15
U019243,C000655,2026-07-15,2.95,97,12
U019244,C000399,2026-03-24,0.75,112,89
U019245,C000238,2025-10-17,4.22,30,80
U019246,C000731,2025-11-17,3.1,212,47
U019247,C000168,2025-12-20,1.76,296,55
U019248,C000921,2026-05-19,3.82,182,42
U019249,C000574,2026-08-23,3.85,284,93
U019250,C000028,2026-08-12,3.19,232,94
U019251,C000785,2025-11-08,2.17,244,15
U019252,C000934,2026-01-11,1.92,158,82
U019253,C000805,2026-06-20,2.92,53,90
U019254,C000769,2025-11-12,0.52,66,84
U019255,C000580,2026-04-14,0.87,279,95
U019256,C000452,2026-05-10,2.87,234,40
U019257,C000274,2025-12-22,1.1,103,85
U019258,C000338,2026-05-23,3.01,150,37
U019259,C000328,2026-07-20,3.05,81,60
U019260,C000604,2026-07-21,1.37,65,11
U019261,C000277,2025-11-29,2.4,4,19
U019262,C000453,2025-11-08,2.64,240,82
U019263,C000025,2026-07-30,3.71,74,56
U019264,C000779,2026-03-30,0.26,99,46
U019265,C000697,2026-08-15,1.52,116,42
U019266,C000606,2026-05-02,0.85,192,34
U019267,C000876,2026-04-14,0.89,43,70
U019268,C000039,2026-01-04,2.64,231,99
U019269,C000386,2026-08-03,3.94,63,13
U019270,C000471,2026-01-02,3.26,55,66
U019271,C000952,2026-07-19,4.94,97,57
U019272,C000541,2025-11-16,2.42,93,27
U019273,C000493,2026-04-18,4.59,234,59
U019274,C000943,2026-08-11,0.74,288,98
U019275,C000143,2025-12-28,3.19,79,58
U019276,C000513,2025-09-30,3.01,272,59
U019277,C000919,2025-11-09,2.01,183,39
U019278,C000925,2025-12-28,4.43,280,39
U019279,C000243,2026-06-09,3.62,5,23
U019280,C000571,2025-11-08,2.89,230,75
U019281,C000835,2025-10-19,2.01,278,55
U019282,C000631,2026-02-10,4.32,231,12
U019283,C000824,2026-02-13,4.85,44,35
U019284,C000850,2025-12-07,3.64,202,37
U019285,C000306,2026-08-14,2.68,211,62
U019286,C000889,2026-07-26,0.51,175,94
U019287,C000730,2026-07-26,1.57,91,16
U019288,C000654,2026-03-18,4.65,290,19
U019289,C000750,2025-12-09,3.72,187,79
U019290,C000004,2025-10-14,1.97,144,25
U019291,C000906,2026-01-17,2.35,116,53
U019292,C000882,2025-10-04,3.02,13,97
U019293,C000343,2026-04-19,0.27,47,42
U019294,C000705,2026-09-17,3.56,222,61
U019295,C000308,2026-02-23,1.74,74,71
U019296,C000630,2026-05-17,2.79,100,98
U019297,C000788,2025-12-05,0.15,250,86
U019298,C000346,2025-12-07,3.19,133,16
U019299,C000877,2026-01-11,1.96,288,13
U019300,C000619,2026-03-15,3.41,217,64
U019301,C000503,2026-04-10,2.06,243,99
U019302,C000813,2026-06-23,2.03,290,95
U019303,C000441,2026-03-26,0.35,246,84
U019304,C000166,2025-09-23,2.74,87,20
U019305,C000801,2026-06-28,1.48,36,61
U019306,C000725,2026-03-29,3.24,218,92
U019307,C000543,2026-01-28,1.94,276,90
U019308,C000776,2026-07-09,1.72,7,64
U019309,C000649,2025-12-13,3.11,16,5
U019310,C000065,2025-11-25,1.83,279,69
U019311,C000799,2026-05-04,2.1,268,60
U019312,C000042,2026-07-10,3.18,53,38
U019313,C000531,2026-09-06,0.71,247,61
U019314,C000887,2025-09-27,3.02,295,24
U019315,C000507,2026-03-24,1.52,300,33
U019316,C000633,2025-12-07,3.99,63,74
U019317,C000300,2026-06-16,1.31,86,36
U019318,C000810,2026-07-08,3.22,106,73
U019319,C000725,2026-08-31,0.18,7,89
U019320,C000544,2026-02-25,2.51,27,29
U019321,C000927,2026-02-08,3.49,140,0
U019322,C000478,2026-02-18,0.72,229,73
U019323,C000279,2026-06-18,1.68,52,72
U019324,C000805,2026-03-22,2.72,269,40
U019325,C000447,2026-08-08,1.38,191,42
U019326,C001000,2026-02-28,3.36,280,53
U019327,C000675,2026-06-20,1.09,53,76
U019328,C000358,2025-12-15,4.15,73,40
U019329,C000898,2026-01-06,1.6,187,89
U019330,C000002,2025-10-02,2.26,148,26
U019331,C000841,2026-09-12,1.47,86,54
U019332,C000913,2026-01-12,3.8,197,55
U019333,C000036,2026-07-15,0.21,10,40
U019334,C000789,2025-10-01,0.21,98,21
U019335,C000391,2026-07-19,2.49,285,87
U019336,C000138,2025-10-26,4.71,212,84
U019337,C000159,2026-08-18,3.69,25,53
U019338,C000541,2025-11-02,2.48,81,29
U019339,C000436,2026-07-26,4.54,91,21
U019340,C000862,2025-12-20,2.92,10,80
U019341,C000023,2026-02-06,1.11,29,52
U019342,C000741,2026-05-26,0.35,228,51
U019343,C000029,2026-01-27,4.05,30,27
U019344,C000037,2026-06-26,4.37,7,46
U019345,C000181,2026-06-17,2.43,162,38
U019346,C000838,2025-12-06,0.58,229,82
U019347,C000804,2025-09-30,0.89,197,39
U019348,C000032,2026-01-10,1.59,140,100
U019349,C000720,2026-05-09,3.68,60,71
U019350,C000551,2026-01-13,3.38,91,24
U019351,C000682,2026-03-28,2.09,147,50
U019352,C000021,2025-11-04,2.48,118,29
U019353,C000539,2026-04-17,0.52,2,0
U019354,C000124,2025-11-01,0.11,196,94
U019355,C000024,2026-06-19,2.56,202,81
U019356,C000394,2026-07-21,0.15,3,24
U019357,C000234,2026-07-10,3.73,194,14
U019358,C000987,2026-06-27,4.39,106,58
U019359,C000548,2026-03-03,2.09,162,59
U019360,C000078,2026-05-24,0.28,223,2
U019361,C000197,2025-09-28,1.67,17,56
U019362,C000432,2026-01-13,2.07,202,84
U019363,C000621,2026-01-24,1.02,31,64
U019364,C000538,2026-02-11,1.55,187,52
U019365,C000309,2025-10-01,3.97,288,1
U019366,C000343,2026-06-07,2.81,57,76
U019367,C000750,2026-05-24,1.86,69,70
U019368,C000482,2025-11-04,3.17,155,82
U019369,C000772,2026-05-05,4.31,270,73
U019370,C000473,2026-02-04,0.16,152,41
U019371,C000963,2025-10-18,4.11,99,2
U019372,C000203,2026-01-27,4.72,65,86
U019373,C000022,2025-11-07,3.67,21,97
U019374,C000341,2026-05-22,3.52,225,45
U019375,C000286,2026-07-13,1.7,269,75
U019376,C000040,2025-11-17,2.25,16,11
U019377,C000522,2026-02-09,4.13,173,9
U019378,C000637,2026-05-23,2.33,217,11
U019379,C000616,2025-11-10,4.02,148,8
U019380,C000182,2025-10-07,4.2,170,74
U019381,C000583,2026-03-01,1.2,201,36
U019382,C000322,2026-07-26,4.54,243,36
U019383,C000329,2025-10-27,4.22,176,100
U019384,C000626,2026-04-20,0.79,50,73
U019385,C000500,2025-11-26,1.56,69,40
U019386,C000348,2025-09-23,4.55,67,3
U019387,C000129,2026-02-10,2.59,184,79
U019388,C000777,2026-02-12,2.57,295,27
U019389,C000367,2025-10-19,2.02,99,59
U019390,C000044,2026-04-18,3.47,106,68
U019391,C000540,2025-12-01,1.56,283,20
U019392,C000907,2026-06-25,3.75,9,93
U019393,C000264,2025-11-25,4.02,118,68
U019394,C000634,2026-01-19,3.21,250,16
U019395,C000750,2026-08-23,4.75,45,15
U019396,C000417,2026-06-18,3.71,210,63
U019397,C000671,2026-07-04,2.61,232,96
U019398,C000580,2025-10-07,1.26,52,98
U019399,C000013,2025-10-22,3.71,14,12
U019400,C000611,2026-08-26,4.65,132,3
U019401,C000300,2025-10-14,0.97,109,88
U019402,C000344,2026-05-14,3.14,22,33
U019403,C000397,2026-07-17,0.94,297,14
U019404,C000821,2026-08-29,2.57,98,13
U019405,C000822,2026-03-13,4.07,172,36
U019406,C000027,2026-06-28,1.74,203,13
U019407,C000926,2025-12-25,4.22,29,53
U019408,C000718,2026-07-26,1.63,180,95
U019409,C000180,2026-08-16,1.99,196,42
U019410,C000750,2025-12-18,3.48,35,12
U019411,C000507,2026-04-24,4.79,296,34
U019412,C000327,2026-04-19,2.36,156,49
U019413,C000358,2026-01-09,0.78,138,48
U019414,C000357,2026-02-14,2.18,202,41
U019415,C000043,2026-09-17,1.34,54,75
U019416,C000751,2025-12-03,2.77,173,14
U019417,C000450,2026-07-30,4.44,185,90
U019418,C000489,2026-01-31,3.97,281,28
U019419,C000242,2026-04-26,3.45,206,43
U019420,C000960,2026-03-31,3.06,111,0
U019421,C000172,2026-01-28,3.23,35,5
U019422,C000493,2026-01-12,0.15,71,11
U019423,C000598,2025-10-02,1.69,126,76
U019424,C000020,2025-10-31,0.29,13,100
U019425,C000912,2026-08-10,3.29,121,18
U019426,C000977,2025-12-18,1.15,124,94
U019427,C000783,2026-02-24,1.6,162,21
U019428,C000401,2026-06-10,3.2,268,49
U019429,C000433,2026-01-03,4.37,170,41
U019430,C000282,2026-06-02,1.64,7,86
U019431,C000379,2026-09-17,2.74,52,27
U019432,C000564,2026-07-31,0.36,289,97
U019433,C000030,2026-09-02,0.36,254,93
U019434,C000035,2025-11-20,2.21,68,27
U019435,C000539,2025-12-26,4.6,111,68
U019436,C000717,2026-06-17,4.52,86,67
U019437,C000925,2025-12-22,3.14,272,66
U019438,C000307,2026-08-05,4.67,227,79
U019439,C000276,2025-10-26,3.62,262,15
U019440,C000661,2025-12-22,4.15,238,45
U019441,C000394,2026-05-24,3.87,90,34
U019442,C000834,2025-10-26,4.42,13,96
U019443,C000058,2026-07-24,0.87,114,82
U019444,C000365,2026-06-28,2.98,218,94
U019445,C000528,2025-12-15,0.33,8,90
U019446,C000685,2025-10-27,0.8,228,71
U019447,C000261,2026-01-13,0.99,117,31
U019448,C000842,2026-01-16,2.07,231,51
U019449,C000039,2026-07-26,4.57,292,8
U019450,C000044,2026-07-24,2.06,260,4
U019451,C000136,2025-12-16,1.63,80,52
U019452,C000580,2025-11-26,1.86,245,36
U019453,C000369,2026-07-29,0.47,162,89
U019454,C000601,2026-07-10,3.83,15,93
U019455,C000852,2025-10-31,2.32,296,56
U019456,C000271,2026-05-24,3.82,245,95
U019457,C000927,2025-11-13,4.08,7,65
U019458,C000384,2026-02-12,4.0,86,85
U019459,C000915,2026-04-08,3.85,283,36
U019460,C000375,2026-02-10,1.14,191,69
U019461,C000630,2026-01-19,2.43,43,37
U019462,C000172,2025-12-11,3.69,178,91
U019463,C000213,2026-07-25,1.85,220,77
U019464,C000632,2026-04-09,2.02,273,74
U019465,C000331,2025-11-07,1.92,209,60
U019466,C000439,2026-06-24,2.86,228,46
U019467,C000238,2026-09-04,0.71,143,36
U019468,C000115,2025-12-08,3.73,32,53
U019469,C000314,2025-10-25,3.36,272,11
U019470,C000974,2025-12-07,2.26,200,99
U019471,C000397,2025-10-29,3.73,5,52
U019472,C000670,2026-09-09,1.81,88,29
U019473,C000197,2025-11-02,4.79,190,21
U019474,C000973,2026-08-29,3.9,207,46
U019475,C000868,2026-04-28,2.03,64,30
U019476,C000317,2026-05-29,4.55,252,2
U019477,C000444,2026-02-06,3.2,50,11
U019478,C000191,2026-09-13,3.21,147,3
U019479,C000484,2025-10-10,3.47,234,22
U019480,C000954,2026-02-28,0.69,123,20
U019481,C000294,2026-05-09,2.37,202,93
U019482,C000177,2026-07-17,1.33,135,49
U019483,C000155,2026-01-10,3.79,242,49
U019484,C000760,2026-04-30,1.83,176,46
U019485,C000768,2025-12-09,0.41,51,16
U019486,C000955,2025-12-25,3.68,218,70
U019487,C000331,2026-03-28,4.77,221,42
U019488,C000670,2025-10-15,2.72,236,69
U019489,C000049,2026-07-06,4.26,143,51
U019490,C000397,2026-03-09,2.22,171,98
U019491,C000933,2026-04-19,0.31,36,97
U019492,C000829,2026-07-15,3.21,151,68
U019493,C000123,2026-05-16,3.2,124,91
U019494,C000542,2026-02-20,4.52,143,80
U019495,C000925,2026-01-17,2.0,282,81
U019496,C000958,2026-03-15,3.25,133,21
U019497,C000760,2026-02-23,3.23,11,6
U019498,C000566,2025-12-14,1.32,230,57
U019499,C000518,2026-07-11,1.23,175,83
U019500,C000241,2026-06-24,4.61,278,84
U019501,C000034,2025-10-21,2.59,198,87
U019502,C000203,2025-12-27,3.03,129,44
U019503,C000223,2026-06-01,3.65,295,45
U019504,C000640,2025-12-09,3.16,283,37
U019505,C000016,2025-11-28,2.77,162,60
U019506,C000974,2026-03-28,3.75,42,15
U019507,C000089,2025-11-04,2.79,149,31
U019508,C000801,2025-11-21,3.4,50,39
U019509,C000448,2025-11-24,2.23,220,57
U019510,C000907,2026-07-24,4.1,156,1
U019511,C000492,2026-08-11,0.64,120,80
U019512,C000879,2026-04-22,1.14,22,46
U019513,C000842,2026-02-15,3.76,275,10
U019514,C000609,2026-04-08,0.5,220,54
U019515,C000126,2025-11-03,1.48,143,79
U019516,C000140,2026-06-03,2.49,277,45
U019517,C000441,2026-05-15,3.12,269,31
U019518,C000804,2025-11-11,4.78,94,23
U019519,C000745,2026-01-31,1.47,60,17
U019520,C000099,2026-02-16,3.15,225,6
U019521,C000376,2026-05-08,3.25,167,79
U019522,C000976,2026-05-04,3.04,113,34
U019523,C000588,2025-11-24,0.67,63,35
U019524,C000865,2026-09-03,3.76,70,13
U019525,C000620,2025-12-22,2.24,124,81
U019526,C000646,2026-07-17,0.49,120,99
U019527,C000866,2026-06-08,2.47,239,14
U019528,C000592,2026-02-12,0.73,253,49
U019529,C000943,2026-04-22,2.55,255,10
U019530,C000829,2026-06-04,0.51,122,52
U019531,C000357,2026-08-19,3.69,246,38
U019532,C000527,2026-03-21,3.27,132,8
U019533,C000962,2026-05-04,1.76,29,28
U019534,C000709,2026-08-21,2.11,208,25
U019535,C000713,2026-09-21,1.15,168,18
U019536,C000302,2026-08-18,2.19,243,88
U019537,C000526,2026-02-11,1.28,75,46
U019538,C000070,2026-07-10,2.31,125,94
U019539,C000957,2026-06-03,0.48,277,58
U019540,C000337,2026-01-10,0.29,42,15
U019541,C000530,2025-12-18,3.16,225,53
U019542,C000550,2026-09-02,0.25,28,40
U019543,C000832,2025-12-03,2.73,13,63
U019544,C000819,2025-11-05,3.43,188,45
U019545,C000978,2025-10-12,0.74,35,3
U019546,C000509,2026-03-07,2.73,6,26
U019547,C000591,2025-11-06,4.3,102,77
U019548,C000657,2026-09-10,3.19,294,86
U019549,C000276,2026-03-06,0.3,59,84
U019550,C000800,2026-09-05,1.5,14,39
U019551,C000401,2026-04-22,3.95,131,21
U019552,C000895,2025-11-19,1.67,71,85
U019553,C000607,2025-10-23,4.01,232,27
U019554,C000385,2025-11-22,1.36,137,89
U019555,C000207,2026-02-14,0.69,117,51
U019556,C000728,2025-12-06,3.44,53,23
U019557,C000946,2025-11-07,3.18,205,17
U019558,C000815,2026-08-05,0.57,62,77
U019559,C000549,2025-10-11,0.4,49,18
U019560,C000831,2025-11-10,3.8,258,41
U019561,C000675,2025-10-16,0.17,145,66
U019562,C000955,2025-09-23,2.42,61,40
U019563,C000119,2026-05-31,4.78,300,55
U019564,C000947,2026-01-09,4.72,204,53
U019565,C000213,2026-06-26,2.95,169,65
U019566,C000674,2025-11-10,1.69,296,32
U019567,C000111,2025-11-27,1.84,212,99
U019568,C000248,2026-04-21,4.45,229,3
U019569,C000411,2026-09-15,2.95,240,14
U019570,C000603,2026-05-08,2.88,68,81
U019571,C000997,2025-11-29,4.91,264,98
U019572,C000606,2026-08-31,4.18,291,17
U019573,C000308,2025-09-26,1.91,201,52
U019574,C000510,2026-03-03,4.23,137,5
U019575,C000281,2026-07-21,1.75,37,52
U019576,C000020,2026-09-20,4.37,226,42
U019577,C000335,2025-10-04,0.56,292,65
U019578,C000675,2026-02-24,4.29,185,31
U019579,C000752,2025-12-10,1.23,182,74
U019580,C000916,2026-04-17,3.25,8,58
U019581,C000332,2026-03-25,4.67,108,11
U019582,C000111,2026-07-29,0.46,103,31
U019583,C000779,2025-10-06,3.41,261,56
U019584,C000942,2026-06-22,2.93,182,64
U019585,C000986,2026-05-04,0.61,1,19
U019586,C000940,2025-10-18,1.99,169,42
U019587,C000901,2025-11-04,0.26,237,87
U019588,C000138,2026-07-30,2.91,300,11
U019589,C000402,2025-12-25,4.05,289,100
U019590,C000905,2026-09-17,3.67,11,71
U019591,C000346,2026-03-25,4.54,88,25
U019592,C000793,2025-10-07,0.39,37,46
U019593,C000621,2026-02-18,4.68,109,35
U019594,C000824,2026-05-24,0.38,77,13
U019595,C000189,2025-11-23,2.86,154,31
U019596,C000720,2026-03-03,0.35,77,32
U019597,C000667,2025-10-19,0.35,249,74
U019598,C000824,2025-12-23,0.33,37,28
U019599,C000136,2026-06-30,0.95,12,64
U019600,C000219,2026-02-22,0.27,61,18
U019601,C000682,2025-09-23,0.55,52,82
U019602,C000882,2026-07-11,3.76,80,0
U019603,C000681,2025-12-25,2.87,1,72
U019604,C000396,2026-07-15,1.16,172,93
U019605,C000609,2025-12-01,2.51,232,25
U019606,C000850,2025-12-23,2.68,148,27
U019607,C000792,2026-05-20,4.46,249,89
U019608,C000181,2026-03-29,2.79,11,22
U019609,C000494,2025-12-13,3.34,158,32
U019610,C000068,2026-07-26,0.37,184,19
U019611,C000299,2026-05-05,4.83,232,89
U019612,C000488,2026-07-04,1.86,227,77
U019613,C000389,2026-08-12,1.68,176,19
U019614,C000180,2026-05-20,1.84,261,26
U019615,C000278,2026-04-19,2.41,217,20
U019616,C000088,2026-03-06,4.52,39,22
U019617,C000754,2026-02-25,1.28,128,71
U019618,C000978,2026-05-28,4.09,163,67
U019619,C000510,2026-07-15,1.96,181,13
U019620,C000578,2026-07-20,3.49,238,20
U019621,C000428,2025-10-24,4.58,294,39
U019622,C000962,2026-09-09,2.04,158,25
U019623,C000151,2025-11-19,4.35,87,43
U019624,C000960,2026-01-23,2.5,185,82
U019625,C000626,2025-10-25,0.56,219,90
U019626,C000915,2026-01-09,3.55,201,23
U019627,C000973,2026-01-14,1.35,215,63
U019628,C000424,2025-11-29,3.37,184,58
U019629,C000520,2026-01-09,0.13,248,65
U019630,C000563,2026-06-28,4.95,186,90
U019631,C000482,2026-04-16,3.03,187,6
U019632,C000423,2025-12-29,3.38,21,1
U019633,C000325,2026-07-25,1.86,267,94
U019634,C000840,2026-07-14,3.35,231,55
U019635,C000586,2026-07-29,3.43,269,62
U019636,C000806,2026-03-29,3.17,236,24
U019637,C000160,2025-12-04,2.86,170,29
U019638,C000411,2026-05-10,2.28,21,46
U019639,C000436,2025-10-19,3.75,218,98
U019640,C000625,2025-11-10,4.81,96,100
U019641,C000500,2026-05-31,0.78,2,45
U019642,C000927,2026-04-28,1.91,82,94
U019643,C000632,2026-03-23,1.78,144,49
U019644,C000775,2026-07-09,3.31,31,43
U019645,C000104,2026-08-05,2.86,139,65
U019646,C000103,2026-04-10,2.83,36,60
U019647,C000944,2026-07-25,0.57,99,33
U019648,C000963,2026-04-24,4.92,66,47
U019649,C000936,2025-11-11,2.25,22,97
U019650,C000499,2026-02-13,3.49,253,19
U019651,C000966,2026-09-11,2.63,124,43
U019652,C000838,2025-10-20,3.21,256,71
U019653,C000728,2026-02-02,2.06,73,76
U019654,C000575,2026-09-10,1.62,134,67
U019655,C000112,2026-02-18,0.5,154,56
U019656,C000226,2026-09-16,4.2,123,42
U019657,C000918,2026-02-04,4.87,160,24
U019658,C000251,2026-06-05,3.1,256,19
U019659,C000994,2026-02-25,1.86,10,98
U019660,C000705,2025-12-03,3.64,167,72
U019661,C000445,2026-05-01,2.45,51,58
U019662,C000108,2026-03-10,1.64,159,39
U019663,C000033,2026-06-03,4.83,142,80
U019664,C000881,2025-12-15,2.53,178,45
U019665,C000447,2026-06-13,2.63,103,15
U019666,C000356,2026-07-23,0.13,116,79
U019667,C000370,2025-10-24,2.54,261,97
U019668,C000865,2026-07-31,1.54,172,0
U019669,C000946,2026-02-13,4.6,18,41
U019670,C000454,2026-06-18,1.65,268,55
U019671,C000079,2025-11-30,2.7,267,27
U019672,C000503,2026-08-22,2.42,12,92
U019673,C000112,2026-02-19,4.55,249,77
U019674,C000794,2025-11-08,2.24,214,81
U019675,C000711,2025-10-05,2.94,144,100
U019676,C000500,2025-12-23,0.95,25,78
U019677,C000047,2025-12-16,1.95,20,58
U019678,C000915,2026-04-07,0.77,253,27
U019679,C000624,2025-11-12,0.51,167,78
U019680,C000314,2026-05-29,2.63,229,89
U019681,C000449,2026-04-24,2.48,262,94
U019682,C000349,2025-11-12,0.75,100,85
U019683,C000617,2025-11-12,0.48,98,63
U019684,C000060,2026-05-08,4.17,285,36
U019685,C000700,2026-04-25,4.05,62,46
U019686,C000587,2026-04-21,3.41,128,17
U019687,C000390,2026-02-13,1.98,267,98
U019688,C000571,2026-01-29,0.16,198,89
U019689,C000781,2026-08-03,2.49,17,29
U019690,C000837,2025-12-04,1.74,192,27
U019691,C000633,2025-12-31,0.24,236,96
U019692,C000554,2026-07-02,0.19,1,68
U019693,C000973,2026-01-16,2.75,50,97
U019694,C000493,2025-10-27,1.96,236,24
U019695,C000780,2026-02-28,1.29,171,10
U019696,C000967,2026-04-03,1.65,122,55
U019697,C000413,2026-08-23,1.93,85,68
U019698,C000127,2025-10-15,3.36,295,76
U019699,C000070,2026-06-30,3.24,101,81
U019700,C000437,2025-11-07,0.74,3,77
U019701,C000825,2025-10-23,0.77,106,83
U019702,C000978,2026-03-22,2.01,215,13
U019703,C000044,2026-07-01,4.07,247,34
U019704,C000180,2026-04-26,4.16,0,100
U019705,C000397,2026-08-11,4.65,276,9
U019706,C000943,2026-07-09,3.42,244,73
U019707,C000610,2026-08-16,0.38,271,30
U019708,C000894,2026-06-02,3.61,58,62
U019709,C000654,2025-10-14,3.73,141,42
U019710,C000543,2026-03-06,2.29,280,8
U019711,C000269,2026-08-20,0.19,173,19
U019712,C000498,2025-10-22,4.12,163,58
U019713,C000671,2025-11-01,3.47,149,87
U019714,C000513,2026-07-31,4.66,237,13
U019715,C000419,2026-08-09,0.74,216,83
U019716,C000448,2026-06-19,3.54,127,7
U019717,C000443,2026-06-17,3.09,99,34
U019718,C000849,2026-04-20,4.89,93,22
U019719,C000984,2026-07-08,3.91,90,53
U019720,C000564,2025-12-13,1.84,207,51
U019721,C000831,2025-11-09,2.77,201,66
U019722,C000977,2026-04-14,4.17,116,90
U019723,C000972,2026-04-04,3.23,294,22
U019724,C000755,2026-06-11,3.61,279,69
U019725,C000042,2026-08-06,1.24,102,21
U019726,C000904,2026-02-02,3.72,45,21
U019727,C000425,2026-06-07,4.23,277,52
U019728,C000630,2025-10-12,1.6,176,16
U019729,C000074,2026-09-13,2.9,94,80
U019730,C000577,2026-01-31,1.67,215,67
U019731,C000968,2026-08-11,2.47,235,75
U019732,C000911,2026-06-01,1.48,68,0
U019733,C000037,2026-01-12,4.88,211,4
U019734,C000722,2026-04-27,4.72,261,32
U019735,C000562,2026-06-11,2.82,294,98
U019736,C000417,2025-10-14,4.05,142,0
U019737,C000416,2026-07-04,4.84,56,5
U019738,C000148,2026-08-19,4.74,216,8
U019739,C000496,2026-06-26,4.33,283,60
U019740,C000405,2025-12-12,1.53,29,43
U019741,C000791,2026-01-03,3.23,225,39
U019742,C000685,2026-08-19,3.8,266,25
U019743,C000080,2025-12-25,2.16,181,93
U019744,C000636,2026-04-27,2.53,208,29
U019745,C000212,2026-01-02,3.76,189,100
U019746,C000792,2026-08-31,2.85,168,28
U019747,C000005,2026-05-15,1.28,178,18
U019748,C000526,2026-05-29,4.43,270,89
U019749,C000083,2025-11-17,1.02,154,5
U019750,C000003,2025-11-03,2.37,30,3
U019751,C000952,2025-11-14,0.49,188,94
U019752,C000132,2026-08-15,1.9,27,21
U019753,C000088,2026-01-14,0.43,31,21
U019754,C000759,2026-02-18,3.76,7,63
U019755,C000810,2026-09-13,4.23,83,71
U019756,C000678,2025-12-06,2.43,97,63
U019757,C000487,2025-10-06,1.43,7,21
U019758,C000274,2026-01-30,1.57,136,76
U019759,C000461,2026-05-29,3.24,4,50
U019760,C000939,2026-05-27,1.01,244,94
U019761,C000586,2025-10-29,1.24,284,0
U019762,C000773,2026-01-23,0.93,282,9
U019763,C000207,2026-02-20,0.62,249,6
U019764,C000757,2025-12-03,2.51,33,71
U019765,C000857,2025-11-19,0.41,177,84
U019766,C000849,2026-09-20,1.45,243,61
U019767,C000943,2025-10-17,1.2,182,74
U019768,C000181,2026-02-08,2.62,277,67
U019769,C000423,2026-03-18,0.17,183,53
U019770,C000272,2025-10-01,4.55,27,75
U019771,C000096,2026-06-15,4.57,204,70
U019772,C000966,2026-01-29,3.49,195,84
U019773,C000289,2026-01-10,2.69,173,97
U019774,C000967,2026-03-29,4.69,292,11
U019775,C000409,2026-03-23,3.79,210,79
U019776,C000185,2026-05-05,1.95,200,88
U019777,C000407,2025-12-27,3.99,119,45
U019778,C000025,2026-02-28,0.57,255,56
U019779,C000132,2025-10-19,0.27,37,59
U019780,C000149,2025-09-26,0.51,87,22
U019781,C000586,2026-01-22,3.46,7,86
U019782,C000790,2026-03-17,1.23,296,65
U019783,C000782,2026-03-01,0.48,192,7
U019784,C000968,2026-06-05,0.38,155,17
U019785,C000532,2026-02-26,1.42,291,88
U019786,C000369,2025-10-29,3.82,93,87
U019787,C000362,2026-02-11,0.55,162,34
U019788,C000594,2026-05-05,4.52,190,40
U019789,C000171,2026-07-12,1.24,117,96
U019790,C000102,2026-03-05,3.62,156,9
U019791,C000997,2026-02-14,0.26,85,15
U019792,C000561,2026-02-22,3.04,170,67
U019793,C000901,2026-05-02,4.97,205,53
U019794,C000895,2026-06-02,3.1,35,65
U019795,C000894,2026-07-12,1.4,295,90
U019796,C000749,2026-08-07,0.49,11,10
U019797,C000741,2026-08-25,3.06,52,23
U019798,C000507,2025-12-10,0.7,205,29
U019799,C000798,2026-04-01,0.39,147,88
U019800,C000589,2026-02-19,0.19,206,73
U019801,C000181,2026-09-14,0.53,94,44
U019802,C000900,2025-09-25,2.0,23,34
U019803,C000125,2025-11-22,3.16,89,63
U019804,C000410,2025-09-27,4.47,290,16
U019805,C000468,2026-01-30,4.47,9,1
U019806,C000896,2026-06-28,3.0,154,6
U019807,C000194,2026-05-13,2.17,51,87
U019808,C000415,2025-12-23,1.85,101,97
U019809,C000193,2026-06-18,1.4,122,73
U019810,C000900,2026-04-18,2.47,100,60
U019811,C000657,2026-09-18,4.44,22,56
U019812,C000683,2026-06-25,1.44,22,31
U019813,C000485,2026-04-09,4.34,258,70
U019814,C000064,2026-09-15,3.82,182,87
U019815,C000860,2025-12-09,3.01,119,27
U019816,C000031,2025-12-29,2.69,28,46
U019817,C000099,2025-10-20,4.29,119,3
U019818,C000492,2026-04-26,3.29,48,18
U019819,C000268,2026-05-12,4.46,111,89
U019820,C000285,2026-01-22,0.41,158,90
U019821,C000755,2026-01-05,2.24,285,66
U019822,C000303,2026-01-13,1.65,41,77
U019823,C000681,2025-11-11,0.91,32,86
U019824,C000666,2026-07-25,3.58,28,27
U019825,C000347,2025-11-14,1.99,38,72
U019826,C000076,2025-10-10,4.12,215,0
U019827,C000803,2026-07-11,3.42,85,76
U019828,C000386,2025-10-27,4.83,263,44
U019829,C000685,2026-07-17,2.81,77,50
U019830,C000067,2025-12-21,1.61,222,47
U019831,C000359,2025-10-07,0.28,144,86
U019832,C000527,2026-07-17,4.81,125,63
U019833,C000672,2025-11-12,2.36,294,88
U019834,C000235,2026-06-26,1.87,173,71
U019835,C000474,2026-03-16,0.61,211,68
U019836,C000738,2026-02-02,3.36,92,14
U019837,C000886,2026-06-07,1.86,264,58
U019838,C000125,2025-11-17,2.92,95,16
U019839,C000760,2025-09-23,2.03,27,43
U019840,C000853,2026-04-28,1.09,173,96
U019841,C000134,2025-12-22,4.44,235,9
U019842,C000281,2026-05-22,3.21,111,43
U019843,C000328,2026-01-26,2.35,96,91
U019844,C000461,2026-07-29,0.29,16,94
U019845,C000540,2026-03-17,4.6,272,77
U019846,C000978,2026-02-21,3.6,291,70
U019847,C000060,2025-10-29,1.88,200,74
U019848,C000340,2026-06-07,4.53,157,2
U019849,C000386,2026-03-16,2.12,187,17
U019850,C000246,2026-04-27,3.88,40,55
U019851,C000553,2026-01-25,0.39,46,77
U019852,C000884,2025-12-29,1.21,280,60
U019853,C000098,2026-05-18,3.09,49,67
U019854,C000230,2025-09-24,0.26,67,33
U019855,C000126,2026-03-11,3.86,129,88
U019856,C000161,2026-02-04,1.71,67,91
U019857,C000270,2026-08-22,4.17,137,5
U019858,C000374,2026-01-08,2.09,9,100
U019859,C000574,2026-05-03,2.21,172,17
U019860,C000433,2025-12-23,4.48,26,77
U019861,C000160,2026-07-17,0.53,56,48
U019862,C000001,2026-02-13,2.78,56,59
U019863,C000563,2026-05-17,0.33,21,72
U019864,C000988,2025-11-10,0.82,135,12
U019865,C000658,2025-10-27,0.79,179,92
U019866,C000712,2026-02-26,0.66,240,12
U019867,C000417,2026-03-27,4.37,145,75
U019868,C000299,2026-05-29,0.9,242,37
U019869,C000903,2026-07-28,1.26,173,65
U019870,C000426,2026-03-24,2.48,21,38
U019871,C000757,2026-01-29,4.91,249,41
U019872,C000400,2025-11-30,3.39,95,4
U019873,C000961,2025-10-14,1.23,297,48
U019874,C000563,2026-01-14,4.78,62,40
U019875,C000351,2026-04-07,3.92,163,95
U019876,C000541,2025-10-27,0.66,262,76
U019877,C000388,2025-11-25,4.42,137,74
U019878,C000099,2025-12-09,3.97,125,67
U019879,C000972,2026-05-22,2.84,194,31
U019880,C000151,2026-04-05,0.18,300,4
U019881,C000892,2026-08-21,1.13,118,19
U019882,C000513,2025-10-03,0.55,25,99
U019883,C000932,2026-07-24,1.84,159,1
U019884,C000804,2026-05-27,2.14,63,80
U019885,C000383,2026-04-10,0.74,39,68
U019886,C000667,2026-05-09,2.36,289,49
U019887,C000137,2026-01-10,3.29,43,21
U019888,C000116,2026-09-02,1.82,106,60
U019889,C000932,2025-09-26,4.72,125,59
U019890,C000511,2026-08-12,1.93,152,49
U019891,C000344,2025-12-25,4.17,201,29
U019892,C000706,2026-02-03,0.14,124,58
U019893,C000364,2026-03-17,2.87,147,17
U019894,C000464,2026-03-31,4.92,85,58
U019895,C000162,2026-01-27,2.38,141,45
U019896,C000097,2026-01-30,2.6,11,7
U019897,C000082,2025-10-24,0.16,136,12
U019898,C000134,2026-07-18,0.77,136,50
U019899,C000245,2026-06-08,0.88,99,24
U019900,C000748,2026-07-05,1.85,274,97
U019901,C000436,2026-08-18,3.8,180,96
U019902,C000511,2026-08-19,4.7,22,62
U019903,C000818,2026-07-21,0.48,46,53
U019904,C000821,2026-07-28,0.57,18,21
U019905,C000815,2026-01-23,1.69,49,77
U019906,C000309,2025-11-05,3.53,232,46
U019907,C000402,2026-05-08,1.93,93,72
U019908,C000835,2026-01-07,4.17,146,16
U019909,C000252,2026-04-11,4.46,182,58
U019910,C000661,2025-12-10,3.09,186,77
U019911,C000342,2026-07-22,2.04,172,6
U019912,C000663,2025-10-14,3.69,26,69
U019913,C000422,2026-08-11,4.72,270,90
U019914,C000216,2026-08-15,0.13,35,32
U019915,C000039,2026-05-01,1.15,135,58
U019916,C000200,2025-11-14,1.02,3,12
U019917,C000269,2026-07-01,1.92,53,81
U019918,C000442,2026-07-15,4.03,217,83
U019919,C000042,2025-12-01,4.88,161,70
U019920,C000162,2026-05-21,0.16,118,28
U019921,C000034,2026-07-22,3.93,8,20
U019922,C000594,2025-12-20,4.78,138,85
U019923,C000605,2026-03-09,4.86,134,60
U019924,C000990,2026-03-23,2.21,292,88
U019925,C000364,2025-11-29,4.04,161,0
U019926,C000794,2026-07-26,1.62,182,24
U019927,C000364,2026-08-01,2.94,101,59
U019928,C000036,2025-11-11,4.58,171,65
U019929,C000287,2025-09-26,3.56,279,45
U019930,C000531,2026-08-31,0.79,91,50
U019931,C000822,2026-06-06,4.14,107,49
U019932,C000314,2026-03-13,3.02,36,96
U019933,C000035,2026-06-01,1.27,61,68
U019934,C000514,2026-08-25,3.23,264,75
U019935,C000047,2025-10-22,2.58,8,15
U019936,C000403,2026-09-12,2.08,228,97
U019937,C000802,2025-11-21,1.7,262,74
U019938,C000391,2025-10-10,3.76,217,75
U019939,C000812,2025-09-28,1.67,47,38
U019940,C000486,2026-04-13,2.78,266,95
U019941,C000746,2025-11-02,0.64,57,67
U019942,C000037,2026-09-19,1.71,171,49
U019943,C000289,2026-01-15,0.25,236,75
U019944,C000405,2026-02-15,1.58,107,67
U019945,C000527,2026-01-09,4.19,21,27
U019946,C000996,2026-04-17,1.38,7,83
U019947,C000344,2026-06-15,0.36,172,93
U019948,C000135,2026-04-24,3.01,121,83
U019949,C000844,2025-11-19,4.03,211,60
U019950,C000601,2026-09-13,1.05,169,11
U019951,C000696,2025-12-07,2.24,166,20
U019952,C000229,2026-02-11,2.23,3,88
U019953,C000495,2026-09-03,3.77,147,67
U019954,C000853,2026-07-06,4.36,260,88
U019955,C000169,2026-03-25,3.88,76,28
U019956,C000512,2026-05-04,1.98,31,90
U019957,C000129,2026-05-08,4.83,202,9
U019958,C000867,2026-03-19,2.66,57,52
U019959,C000550,2025-12-20,2.83,300,44
U019960,C000242,2025-10-21,4.82,120,79
U019961,C000535,2026-05-10,4.67,71,59
U019962,C000458,2025-12-02,3.05,213,41
U019963,C000835,2026-03-12,4.83,68,82
U019964,C000330,2025-11-20,0.59,33,24
U019965,C000763,2026-02-05,3.89,14,51
U019966,C000633,2026-08-06,2.78,88,17
U019967,C000920,2026-04-14,2.09,35,5
U019968,C000087,2026-02-11,4.34,200,33
U019969,C000178,2026-01-17,2.51,286,15
U019970,C000499,2026-06-18,1.29,128,23
U019971,C000268,2026-05-07,4.37,216,44
U019972,C000740,2026-02-13,2.51,98,66
U019973,C000384,2026-09-04,2.47,229,35
U019974,C000381,2026-09-08,3.33,177,12
U019975,C000166,2026-08-13,2.92,265,16
U019976,C000548,2025-11-23,1.34,237,79
U019977,C000941,2025-11-03,0.19,296,16
U019978,C000869,2026-03-14,3.61,261,44
U019979,C000083,2025-10-07,4.52,207,16
U019980,C000379,2026-03-04,2.98,245,33
U019981,C000806,2026-04-28,3.01,166,55
U019982,C000860,2026-04-08,2.58,178,10
U019983,C000171,2026-02-01,4.56,213,73
U019984,C000412,2026-03-08,1.41,221,88
U019985,C000670,2026-06-22,3.28,279,41
U019986,C000489,2025-12-02,4.37,94,29
U019987,C000340,2026-04-03,3.38,263,17
U019988,C000900,2025-12-12,4.47,1,44
U019989,C000310,2025-09-23,4.54,91,96
U019990,C000093,2025-10-10,4.36,163,99
U019991,C000700,2026-07-30,2.7,296,38
U019992,C000864,2025-12-31,1.59,2,35
U019993,C000927,2025-12-21,1.69,216,98
U019994,C000041,2025-11-16,2.28,245,29
U019995,C000743,2026-01-13,1.3,197,68
U019996,C000659,2026-08-28,2.1,266,52
U019997,C000857,2026-04-13,2.34,153,16
U019998,C000415,2026-04-17,3.91,101,73
U019999,C000881,2026-01-09,2.3,256,30
U020000,C000980,2026-06-05,3.64,43,21
